Generate the report at 2026-07-05T18:59:54, GitVersion: aa25008b3778a76ae1975c839d4cc459f7f7b3b7.
+--------------------------------------------------------------------------------------------------------------------------+--------------------------+------------+------------+---------------+-------+-------+-----------+
| Endpoint                                                                                                                 | Clock Group              | Delay Type | Path Delay | Path Required | CPPR  | Slack | Freq(MHz) |
+--------------------------------------------------------------------------------------------------------------------------+--------------------------+------------+------------+---------------+-------+-------+-----------+
| reg_mod.regs[23]_11__reg_p:D                                                                                             | core_clock               | max        | 1.719f     | 3.285         | 0.000 | 1.565 | 565.737   |
| reg_mod.regs[6]_11__reg_p:D                                                                                              | core_clock               | max        | 1.719f     | 3.285         | 0.000 | 1.565 | 565.753   |
| reg_mod.regs[1]_11__reg_p:D                                                                                              | core_clock               | max        | 1.719f     | 3.285         | 0.000 | 1.565 | 565.753   |
| reg_mod.regs[15]_11__reg_p:D                                                                                             | core_clock               | max        | 1.719f     | 3.285         | 0.000 | 1.565 | 565.753   |
| reg_mod.regs[14]_11__reg_p:D                                                                                             | core_clock               | max        | 1.719f     | 3.285         | 0.000 | 1.565 | 565.753   |
| csr_mod.regs[4]_9__reg_p_D_NOR2X0P5H7L_Y_A_NAND2X0P5H7L_B_Y_ICGX0P5H7L_E:E                                               | **clock_gating_default** | max        | 1.447f     | 3.294         | 0.000 | 1.848 | NA        |
| ifu_mod.ifu_1__NAND2X1H7L_B_A_NAND2X0P5H7L_A_13_Y_ICGX0P5H7L_E:E                                                         | **clock_gating_default** | max        | 1.446f     | 3.294         | 0.000 | 1.848 | NA        |
| csr_mod.regs[4]_9__reg_p_D_NOR2X0P5H7L_Y_A_NAND2X0P5H7L_B_Y_ICGX0P5H7L_E:E                                               | **clock_gating_default** | max        | 1.394r     | 3.279         | 0.000 | 1.885 | NA        |
| ifu_mod.ifu_1__NAND2X1H7L_B_A_NAND2X0P5H7L_A_13_Y_ICGX0P5H7L_E:E                                                         | **clock_gating_default** | max        | 1.394r     | 3.279         | 0.000 | 1.885 | NA        |
| ifu_mod.ifu_1__NAND2X1H7L_B_A_NAND2X0P5H7L_A_7_Y_ICGX0P5H7L_E:E                                                          | **clock_gating_default** | max        | 1.207f     | 3.294         | 0.000 | 2.087 | NA        |
| lsu_mod.lsu_w_2__reg_p:D                                                                                                 | core_clock               | min        | 0.107f     | -0.008        | 0.000 | 0.115 | NA        |
| ifu_mod.ifu_0__reg_p:D                                                                                                   | core_clock               | min        | 0.107f     | -0.008        | 0.000 | 0.115 | NA        |
| lsu_mod.done_wdata_reg_p:D                                                                                               | core_clock               | min        | 0.108f     | -0.008        | 0.000 | 0.116 | NA        |
| lsu_mod.lsu_r_2__reg_p:D                                                                                                 | core_clock               | min        | 0.109f     | -0.008        | 0.000 | 0.117 | NA        |
| lsu_mod.done_aw_reg_p:D                                                                                                  | core_clock               | min        | 0.109f     | -0.008        | 0.000 | 0.117 | NA        |
| reg_mod.regs[5]_13__OAI211X0P7H7L_A0_Y_AND2X1H7L_B_Y_NOR3X0P5H7L_B_Y_OAI211X1P4H7L_A0_C0_NAND3X0P5H7L_C_Y_ICGX0P5H7L_E:E | **clock_gating_default** | min        | 0.256f     | -0.010        | 0.000 | 0.266 | NA        |
| reg_mod.regs[10]_26__reg_p_D_NOR2X3H7L_Y_A_NAND2X0P5H7L_B_Y_ICGX0P5H7L_E:E                                               | **clock_gating_default** | min        | 0.310f     | -0.010        | 0.000 | 0.320 | NA        |
| reg_mod.regs[9]_26__reg_p_D_NOR2X3H7L_Y_A_NAND2X0P5H7L_B_Y_ICGX0P5H7L_E:E                                                | **clock_gating_default** | min        | 0.310f     | -0.010        | 0.000 | 0.320 | NA        |
| reg_mod.regs[5]_13__OAI211X0P7H7L_A0_Y_AND2X1H7L_B_Y_NOR3X0P5H7L_B_Y_OAI211X1P4H7L_A0_C0_NAND3X0P5H7L_C_Y_ICGX0P5H7L_E:E | **clock_gating_default** | min        | 0.308r     | -0.014        | 0.000 | 0.322 | NA        |
| reg_mod.regs[31]_26__reg_p_D_NOR2X3H7L_Y_A_NAND2X0P5H7L_B_Y_ICGX0P5H7L_E:E                                               | **clock_gating_default** | min        | 0.315f     | -0.010        | 0.000 | 0.325 | NA        |
+--------------------------------------------------------------------------------------------------------------------------+--------------------------+------------+------------+---------------+-------+-------+-----------+
+------------+------------+-------+
| Clock      | Delay Type | TNS   |
+------------+------------+-------+
| core_clock | max        | 0.000 |
| core_clock | min        | 0.000 |
+------------+------------+-------+
+------------------------------------------------------------------------------------------------------------------------------------------------------------------------------------+--------+-------------+------------+------------+-------------+--------+-----------------+
| Point                                                                                                                                                                              | Fanout | Capacitance | Resistance | Transition | Delta Delay | Incr   | Path            |
+------------------------------------------------------------------------------------------------------------------------------------------------------------------------------------+--------+-------------+------------+------------+-------------+--------+-----------------+
| clock (port)                                                                                                                                                                       |        | 0.147       | 0.000      | 0.000      |             | 0.000  | 0.000r          |
| clock (clock net)                                                                                                                                                                  | 116    |             |            |            | NA          |        |                 |
| decode_mod.bus_in_opcode_5__reg_p:CK (DFFQX1H7L)                                                                                                                                   |        | 0.001       | 0.000      | 0.000      |             | 0.000  | 0.000r          |
| clock core_clock (rise edge)                                                                                                                                                       |        |             |            |            |             | 0      | 0               |
| clock network delay (ideal)                                                                                                                                                        |        |             |            |            |             | 0.000  | 0.000           |
| decode_mod.bus_in_opcode_5__reg_p:CK (DFFQX1H7L)                                                                                                                                   |        | 0.001       | 0.000      | 0.000      |             | 0.000  | 0.000r          |
| decode_mod.bus_in_opcode_5__reg_p:Q (DFFQX1H7L)                                                                                                                                    |        | 0.002       | 0.000      | 0.030      |             | 0.088  | 0.088r          |
| decode_mod.bus_in_opcode_5_ (net)                                                                                                                                                  | 1      |             |            |            | 0.000       |        |                 |
| decode_mod.bus_in_opcode_5__BUFX7H7L_A:A (BUFX7H7L)                                                                                                                                |        | 0.002       | 0.000      | 0.030      |             | 0.000  | 0.088r          |
| decode_mod.bus_in_opcode_5__BUFX7H7L_A:Y (BUFX7H7L)                                                                                                                                |        | 0.020       | 0.000      | 0.058      |             | 0.055  | 0.143r          |
| decode_mod.bus_in_opcode_5__BUFX7H7L_A_Y (net)                                                                                                                                     | 24     |             |            |            | 0.000       |        |                 |
| decode_mod.bus_in_opcode_4__NAND4BX3H7L_AN:B (NAND4BX3H7L)                                                                                                                         |        | 0.002       | 0.000      | 0.058      |             | 0.000  | 0.143r          |
| decode_mod.bus_in_opcode_4__NAND4BX3H7L_AN:Y (NAND4BX3H7L)                                                                                                                         |        | 0.008       | 0.000      | 0.113      |             | 0.086  | 0.229f          |
| decode_mod.bus_in_opcode_4__NAND4BX3H7L_AN_Y (net)                                                                                                                                 | 9      |             |            |            | 0.000       |        |                 |
| decode_mod.bus_in_opcode_22__reg_p_D_OAOI211X0P5H7L_Y_A0_OAI33X2H7L_B2:A2 (OAI33X2H7L)                                                                                             |        | 0.001       | 0.000      | 0.113      |             | 0.000  | 0.229f          |
| decode_mod.bus_in_opcode_22__reg_p_D_OAOI211X0P5H7L_Y_A0_OAI33X2H7L_B2:Y (OAI33X2H7L)                                                                                              |        | 0.002       | 0.000      | 0.117      |             | 0.101  | 0.330r          |
| decode_mod.bus_in_opcode_22__reg_p_D_OAOI211X0P5H7L_Y_A0_OAI33X2H7L_B2_Y (net)                                                                                                     | 1      |             |            |            | 0.000       |        |                 |
| decode_mod.bus_in_opcode_22__reg_p_D_OAOI211X0P5H7L_Y_A0_OAI33X2H7L_B2_Y_BUFX8H7L_A:A (BUFX8H7L)                                                                                   |        | 0.002       | 0.000      | 0.117      |             | 0.000  | 0.330r          |
| decode_mod.bus_in_opcode_22__reg_p_D_OAOI211X0P5H7L_Y_A0_OAI33X2H7L_B2_Y_BUFX8H7L_A:Y (BUFX8H7L)                                                                                   |        | 0.032       | 0.000      | 0.080      |             | 0.079  | 0.409r          |
| reg_mod.regs[24]_2__NOR2BX1H7L_AN_B (net)                                                                                                                                          | 19     |             |            |            | 0.000       |        |                 |
| reg_mod.regs[24]_2__NOR2BX1H7L_AN_B_BUFX16H7L_A_1:A (BUFX16H7L)                                                                                                                    |        | 0.003       | 0.000      | 0.080      |             | 0.000  | 0.409r          |
| reg_mod.regs[24]_2__NOR2BX1H7L_AN_B_BUFX16H7L_A_1:Y (BUFX16H7L)                                                                                                                    |        | 0.039       | 0.000      | 0.052      |             | 0.061  | 0.470r          |
| reg_mod.regs[8]_0__NOR2BX1H7L_AN_B (net)                                                                                                                                           | 24     |             |            |            | 0.000       |        |                 |
| reg_mod.regs[8]_0__NOR2BX1H7L_AN_B_BUFX16H7L_A:A (BUFX16H7L)                                                                                                                       |        | 0.003       | 0.000      | 0.052      |             | 0.000  | 0.470r          |
| reg_mod.regs[8]_0__NOR2BX1H7L_AN_B_BUFX16H7L_A:Y (BUFX16H7L)                                                                                                                       |        | 0.031       | 0.000      | 0.042      |             | 0.052  | 0.523r          |
| reg_mod.regs[3]_7__MUX4X1P4H7L_A_S1 (net)                                                                                                                                          | 24     |             |            |            | 0.000       |        |                 |
| reg_mod.regs[3]_7__MUX4X1P4H7L_A_S1_BUFX10H7L_A:A (BUFX10H7L)                                                                                                                      |        | 0.002       | 0.000      | 0.042      |             | 0.000  | 0.523r          |
| reg_mod.regs[3]_7__MUX4X1P4H7L_A_S1_BUFX10H7L_A:Y (BUFX10H7L)                                                                                                                      |        | 0.025       | 0.000      | 0.051      |             | 0.055  | 0.577r          |
| reg_mod.regs[10]_27__NOR2BX1H7L_AN_B (net)                                                                                                                                         | 24     |             |            |            | 0.000       |        |                 |
| reg_mod.regs[31]_21__AOI211X0P5H7L_A0:A1 (AOI211X0P5H7L)                                                                                                                           |        | 0.001       | 0.000      | 0.051      |             | 0.000  | 0.577r          |
| reg_mod.regs[31]_21__AOI211X0P5H7L_A0:Y (AOI211X0P5H7L)                                                                                                                            |        | 0.001       | 0.000      | 0.039      |             | 0.036  | 0.613f          |
| reg_mod.regs[31]_21__AOI211X0P5H7L_A0_Y (net)                                                                                                                                      | 1      |             |            |            | 0.000       |        |                 |
| reg_mod.regs[31]_21__AOI211X0P5H7L_A0_Y_NOR4X0P5H7L_C:C (NOR4X0P5H7L)                                                                                                              |        | 0.001       | 0.000      | 0.039      |             | 0.000  | 0.613f          |
| reg_mod.regs[31]_21__AOI211X0P5H7L_A0_Y_NOR4X0P5H7L_C:Y (NOR4X0P5H7L)                                                                                                              |        | 0.001       | 0.000      | 0.100      |             | 0.077  | 0.689r          |
| reg_mod.regs[31]_21__AOI211X0P5H7L_A0_Y_NOR4X0P5H7L_C_Y (net)                                                                                                                      | 1      |             |            |            | 0.000       |        |                 |
| reg_mod.regs[8]_21__MUX2X0P5H7L_A_Y_OAI211X0P7H7L_A1_Y_OAI2BB2X0P5H7L_A1N:B0 (OAI2BB2X0P5H7L)                                                                                      |        | 0.001       | 0.000      | 0.100      |             | 0.000  | 0.689r          |
| reg_mod.regs[8]_21__MUX2X0P5H7L_A_Y_OAI211X0P7H7L_A1_Y_OAI2BB2X0P5H7L_A1N:Y (OAI2BB2X0P5H7L)                                                                                       |        | 0.002       | 0.000      | 0.050      |             | 0.049  | 0.739f          |
| reg_mod.regs[8]_21__MUX2X0P5H7L_A_Y_OAI211X0P7H7L_A1_Y_OAI2BB2X0P5H7L_A1N_Y (net)                                                                                                  | 2      |             |            |            | 0.000       |        |                 |
| reg_mod.regs[20]_21__MUX4X1P4H7L_A_Y_NAND2X0P5H7L_B_Y_AOA211X1P4H7L_A0_Y_AO31X0P5H7L_A1:A2 (AO31X0P5H7L)                                                                           |        | 0.001       | 0.000      | 0.050      |             | 0.000  | 0.739f          |
| reg_mod.regs[20]_21__MUX4X1P4H7L_A_Y_NAND2X0P5H7L_B_Y_AOA211X1P4H7L_A0_Y_AO31X0P5H7L_A1:Y (AO31X0P5H7L)                                                                            |        | 0.005       | 0.000      | 0.056      |             | 0.086  | 0.825f          |
| reg_mod.regs[20]_21__MUX4X1P4H7L_A_Y_NAND2X0P5H7L_B_Y_AOA211X1P4H7L_A0_Y_AO31X0P5H7L_A1_Y (net)                                                                                    | 4      |             |            |            | 0.000       |        |                 |
| pc_mod.pc_21__reg_p_D_AOAI211X0P5H7L_Y_A0_NAND2X0P5H7L_Y_B_AOI22X0P5H7L_Y_B1_OAOI211X0P5H7L_Y_A1_XOR2X0P5H7L_Y_A_XNOR2X3H7L_Y:A (XNOR2X3H7L)                                       |        | 0.002       | 0.000      | 0.056      |             | 0.000  | 0.825f          |
| pc_mod.pc_21__reg_p_D_AOAI211X0P5H7L_Y_A0_NAND2X0P5H7L_Y_B_AOI22X0P5H7L_Y_B1_OAOI211X0P5H7L_Y_A1_XOR2X0P5H7L_Y_A_XNOR2X3H7L_Y:Y (XNOR2X3H7L)                                       |        | 0.005       | 0.000      | 0.039      |             | 0.073  | 0.898f          |
| pc_mod.pc_21__reg_p_D_AOAI211X0P5H7L_Y_A0_NAND2X0P5H7L_Y_B_AOI22X0P5H7L_Y_B1_OAOI211X0P5H7L_Y_A1_XOR2X0P5H7L_Y_A (net)                                                             | 2      |             |            |            | 0.000       |        |                 |
| pc_mod.pc_21__reg_p_D_AOAI211X0P5H7L_Y_A0_NAND2X0P5H7L_Y_B_AOI22X0P5H7L_Y_B1_OAOI211X0P5H7L_Y_A1_XOR2X0P5H7L_Y_A_NOR3X6H7L_A:A (NOR3X6H7L)                                         |        | 0.003       | 0.000      | 0.039      |             | 0.000  | 0.898f          |
| pc_mod.pc_21__reg_p_D_AOAI211X0P5H7L_Y_A0_NAND2X0P5H7L_Y_B_AOI22X0P5H7L_Y_B1_OAOI211X0P5H7L_Y_A1_XOR2X0P5H7L_Y_A_NOR3X6H7L_A:Y (NOR3X6H7L)                                         |        | 0.002       | 0.000      | 0.054      |             | 0.047  | 0.944r          |
| reg_mod.regs[24]_22__OAI211X0P7H7L_A0_Y_OAI211X1P4H7L_B0_Y_AO21X1H7L_B0_Y_XOR2X0P5H7L_B_Y_AND4X0P5H7L_C_D (net)                                                                    | 3      |             |            |            | 0.000       |        |                 |
| reg_mod.regs[24]_22__OAI211X0P7H7L_A0_Y_OAI211X1P4H7L_B0_Y_AO21X1H7L_B0_Y_XOR2X0P5H7L_B_Y_AND4X0P5H7L_C:D (AND4X0P5H7L)                                                            |        | 0.001       | 0.000      | 0.054      |             | 0.000  | 0.944r          |
| reg_mod.regs[24]_22__OAI211X0P7H7L_A0_Y_OAI211X1P4H7L_B0_Y_AO21X1H7L_B0_Y_XOR2X0P5H7L_B_Y_AND4X0P5H7L_C:Y (AND4X0P5H7L)                                                            |        | 0.004       | 0.000      | 0.075      |             | 0.099  | 1.043r          |
| reg_mod.regs[24]_22__OAI211X0P7H7L_A0_Y_OAI211X1P4H7L_B0_Y_AO21X1H7L_B0_Y_XOR2X0P5H7L_B_Y_AND4X0P5H7L_C_Y (net)                                                                    | 3      |             |            |            | 0.000       |        |                 |
| reg_mod.regs[24]_22__OAI211X0P7H7L_A0_Y_OAI211X1P4H7L_B0_Y_AO21X1H7L_B0_Y_XOR2X0P5H7L_B_Y_AND4X0P5H7L_C_Y_NOR2BX3H7L_AN:AN (NOR2BX3H7L)                                            |        | 0.001       | 0.000      | 0.075      |             | 0.000  | 1.043r          |
| reg_mod.regs[24]_22__OAI211X0P7H7L_A0_Y_OAI211X1P4H7L_B0_Y_AO21X1H7L_B0_Y_XOR2X0P5H7L_B_Y_AND4X0P5H7L_C_Y_NOR2BX3H7L_AN:Z (NOR2BX3H7L)                                             |        | 0.004       | 0.000      | 0.058      |             | 0.067  | 1.111r          |
| reg_mod.regs[24]_22__OAI211X0P7H7L_A0_Y_OAI211X1P4H7L_B0_Y_AO21X1H7L_B0_Y_XOR2X0P5H7L_B_Y_AND4X0P5H7L_C_Y_NOR2BX3H7L_AN_Z (net)                                                    | 3      |             |            |            | 0.000       |        |                 |
| reg_mod.regs[24]_22__OAI211X0P7H7L_A0_Y_OAI211X1P4H7L_B0_Y_AO21X1H7L_B0_Y_XOR2X0P5H7L_B_Y_AND4X0P5H7L_C_Y_AOI221X3H7L_A0:B1 (AOI221X3H7L)                                          |        | 0.002       | 0.000      | 0.058      |             | 0.000  | 1.111r          |
| reg_mod.regs[24]_22__OAI211X0P7H7L_A0_Y_OAI211X1P4H7L_B0_Y_AO21X1H7L_B0_Y_XOR2X0P5H7L_B_Y_AND4X0P5H7L_C_Y_AOI221X3H7L_A0:Y (AOI221X3H7L)                                           |        | 0.008       | 0.000      | 0.072      |             | 0.053  | 1.164f          |
| pc_mod.pc_27__reg_p_D_OAI221X0P5H7L_Y_B1_OAI21X0P5H7L_Y_A0_AOA211X1P4H7L_Y_A1_OAI211X0P7H7L_Y_A0 (net)                                                                             | 10     |             |            |            | 0.000       |        |                 |
| pc_mod.pc_30__reg_p_D_AOAI211X0P5H7L_Y_A1_NOR3X0P5H7L_Y_C_AOI21X0P5H7L_Y_A1_NAND3X0P5H7L_Y_A_OAI2BB1X0P5H7L_Y_B0_OAI32X0P7H7L_B0_B1_INVX0P5H7L_A_Y_AOA211X3H7L_A0:C0 (AOA211X3H7L) |        | 0.001       | 0.000      | 0.072      |             | 0.000  | 1.164f          |
| pc_mod.pc_30__reg_p_D_AOAI211X0P5H7L_Y_A1_NOR3X0P5H7L_Y_C_AOI21X0P5H7L_Y_A1_NAND3X0P5H7L_Y_A_OAI2BB1X0P5H7L_Y_B0_OAI32X0P7H7L_B0_B1_INVX0P5H7L_A_Y_AOA211X3H7L_A0:Y (AOA211X3H7L)  |        | 0.003       | 0.000      | 0.030      |             | 0.054  | 1.218f          |
| pc_mod.pc_30__reg_p_D_AOAI211X0P5H7L_Y_A1_NOR3X0P5H7L_Y_C_AOI21X0P5H7L_Y_A1_NAND3X0P5H7L_Y_A_OAI2BB1X0P5H7L_Y_B0_OAI32X0P7H7L_B0_Y_OR4X1H7L_D_Y_OA31X4H7L_A0_A1 (net)              | 2      |             |            |            | 0.000       |        |                 |
| pc_mod.pc_30__reg_p_D_AOAI211X0P5H7L_Y_A1_NOR3X0P5H7L_Y_C_AOI21X0P5H7L_Y_A1_NAND3X0P5H7L_Y_A_OAI2BB1X0P5H7L_Y_B0_OAI32X0P7H7L_B0_Y_OR4X1H7L_D_Y_OA31X4H7L_A0:A1 (OA31X4H7L)        |        | 0.001       | 0.000      | 0.030      |             | 0.000  | 1.218f          |
| pc_mod.pc_30__reg_p_D_AOAI211X0P5H7L_Y_A1_NOR3X0P5H7L_Y_C_AOI21X0P5H7L_Y_A1_NAND3X0P5H7L_Y_A_OAI2BB1X0P5H7L_Y_B0_OAI32X0P7H7L_B0_Y_OR4X1H7L_D_Y_OA31X4H7L_A0:Y (OA31X4H7L)         |        | 0.009       | 0.000      | 0.052      |             | 0.113  | 1.330f          |
| decode_mod.bus_in_opcode_23__reg_p_D_OAOI211X0P5H7L_Y_A0_NOR2X3H7L_A_Y_NOR4X0P5H7L_B_C (net)                                                                                       | 6      |             |            |            | 0.000       |        |                 |
| decode_mod.bus_in_opcode_23__reg_p_D_OAOI211X0P5H7L_Y_A0_NOR2X3H7L_A_Y_OAI21BX0P7H7L_A1_B0N_NOR2X0P5H7L_B_Y_OAI21X1P4H7L_B0:A0 (OAI21X1P4H7L)                                      |        | 0.001       | 0.000      | 0.052      |             | 0.000  | 1.330f          |
| decode_mod.bus_in_opcode_23__reg_p_D_OAOI211X0P5H7L_Y_A0_NOR2X3H7L_A_Y_OAI21BX0P7H7L_A1_B0N_NOR2X0P5H7L_B_Y_OAI21X1P4H7L_B0:Y (OAI21X1P4H7L)                                       |        | 0.007       | 0.000      | 0.163      |             | 0.111  | 1.441r          |
| pc_mod.pc_11__reg_p_D_OAI31X0P5H7L_Y_A1_NOR2X0P5H7L_Y_B_AOI211X3H7L_A1_C0_AOI31X0P5H7L_Y_A1 (net)                                                                                  | 8      |             |            |            | 0.000       |        |                 |
| pc_mod.pc_11__reg_p_D_OAI31X0P5H7L_Y_A1_NOR2X0P5H7L_Y_B_AOI211X3H7L_A1_C0_AOI31X0P5H7L_Y:A1 (AOI31X0P5H7L)                                                                         |        | 0.001       | 0.000      | 0.163      |             | 0.000  | 1.441r          |
| pc_mod.pc_11__reg_p_D_OAI31X0P5H7L_Y_A1_NOR2X0P5H7L_Y_B_AOI211X3H7L_A1_C0_AOI31X0P5H7L_Y:Y (AOI31X0P5H7L)                                                                          |        | 0.002       | 0.000      | 0.086      |             | 0.074  | 1.515f          |
| pc_mod.pc_11__reg_p_D_OAI31X0P5H7L_Y_A1_NOR2X0P5H7L_Y_B_AOI211X3H7L_A1_C0 (net)                                                                                                    | 1      |             |            |            | 0.000       |        |                 |
| pc_mod.pc_11__reg_p_D_OAI31X0P5H7L_Y_A1_NOR2X0P5H7L_Y_B_AOI211X3H7L_A1:C0 (AOI211X3H7L)                                                                                            |        | 0.002       | 0.000      | 0.086      |             | 0.000  | 1.515f          |
| pc_mod.pc_11__reg_p_D_OAI31X0P5H7L_Y_A1_NOR2X0P5H7L_Y_B_AOI211X3H7L_A1:Y (AOI211X3H7L)                                                                                             |        | 0.008       | 0.000      | 0.156      |             | 0.113  | 1.629r          |
| reg_mod.regs[30]_11__reg_p_D_NOR2X0P5H7L_Y_B (net)                                                                                                                                 | 8      |             |            |            | 0.000       |        |                 |
| reg_mod.regs[30]_11__reg_p_D_NOR2X0P5H7L_Y_B_BUFX7H7L_A:A (BUFX7H7L)                                                                                                               |        | 0.002       | 0.000      | 0.156      |             | 0.000  | 1.629r          |
| reg_mod.regs[30]_11__reg_p_D_NOR2X0P5H7L_Y_B_BUFX7H7L_A:Y (BUFX7H7L)                                                                                                               |        | 0.020       | 0.000      | 0.059      |             | 0.071  | 1.700r          |
| reg_mod.regs[9]_11__reg_p_D_NOR2X0P5H7L_Y_B (net)                                                                                                                                  | 24     |             |            |            | 0.000       |        |                 |
| reg_mod.regs[23]_11__reg_p_D_NOR2X0P5H7L_Y:B (NOR2X0P5H7L)                                                                                                                         |        | 0.001       | 0.000      | 0.059      |             | 0.000  | 1.700r          |
| reg_mod.regs[23]_11__reg_p_D_NOR2X0P5H7L_Y:Y (NOR2X0P5H7L)                                                                                                                         |        | 0.001       | 0.000      | 0.043      |             | 0.020  | 1.719f          |
| reg_mod.regs[23]_11__reg_p_D (net)                                                                                                                                                 | 1      |             |            |            | 0.000       |        |                 |
| reg_mod.regs[23]_11__reg_p:D (DFFQX1H7L)                                                                                                                                           |        | 0.001       | 0.000      | 0.043      |             | 0.000  | 1.719f          |
|                                                                                                                                                                                    |        |             |            |            |             |        |                 |
| clock (port)                                                                                                                                                                       |        | 0.111       | 0.000      | 0.000      |             | 0.000  | 0.000r          |
| clock (clock net)                                                                                                                                                                  | 116    |             |            |            | NA          |        |                 |
| reg_mod.regs[23]_26__reg_p_D_NOR2X3H7L_Y_A_NAND2X0P5H7L_B_Y_ICGX0P5H7L_E:CK (ICGX0P5H7L)                                                                                           |        | 0.002       | 0.000      | 0.000      |             | 0.000  | 0.000r          |
| reg_mod.regs[23]_26__reg_p_D_NOR2X3H7L_Y_A_NAND2X0P5H7L_B_Y_ICGX0P5H7L_E:ECK (ICGX0P5H7L)                                                                                          |        | 0.025       | 0.000      | 0.000      |             | 0.000  | 0.000r          |
| reg_mod.regs[23]_0__reg_p_CK (clock net)                                                                                                                                           | 32     |             |            |            | NA          |        |                 |
| reg_mod.regs[23]_11__reg_p:CK (DFFQX1H7L)                                                                                                                                          |        | 0.001       | 0.000      | 0.000      |             | 0.000  | 0.000r          |
| clock core_clock (rise edge)                                                                                                                                                       |        |             |            |            |             | 3.333  | 3.333           |
| clock network delay (ideal)                                                                                                                                                        |        |             |            |            |             | 0.000  | 3.333           |
| reg_mod.regs[23]_11__reg_p:CK (DFFQX1H7L)                                                                                                                                          |        |             |            |            |             |        | 3.333r          |
| library setup time                                                                                                                                                                 |        |             |            |            |             | -0.048 | 3.285           |
| clock reconvergence pessimism                                                                                                                                                      |        |             |            |            |             | 0.000  | 3.285           |
|                                                                                                                                                                                    |        |             |            |            |             |        |                 |
| path cell delay                                                                                                                                                                    |        |             |            |            |             |        | 1.719(100.000%) |
| path net delay                                                                                                                                                                     |        |             |            |            |             |        | 0.000(0.000%)   |
|                                                                                                                                                                                    |        |             |            |            |             |        |                 |
| data require time                                                                                                                                                                  |        |             |            |            |             |        | 3.285           |
| data arrival time                                                                                                                                                                  |        |             |            |            |             |        | 1.719           |
| slack (MET)                                                                                                                                                                        |        |             |            |            |             |        | 1.565           |
+------------------------------------------------------------------------------------------------------------------------------------------------------------------------------------+--------+-------------+------------+------------+-------------+--------+-----------------+
+------------------------------------------------------------------------------------------------------------------------------------------------------------------------------------+--------+-------------+------------+------------+-------------+--------+-----------------+
| Point                                                                                                                                                                              | Fanout | Capacitance | Resistance | Transition | Delta Delay | Incr   | Path            |
+------------------------------------------------------------------------------------------------------------------------------------------------------------------------------------+--------+-------------+------------+------------+-------------+--------+-----------------+
| clock (port)                                                                                                                                                                       |        | 0.147       | 0.000      | 0.000      |             | 0.000  | 0.000r          |
| clock (clock net)                                                                                                                                                                  | 116    |             |            |            | NA          |        |                 |
| decode_mod.bus_in_opcode_5__reg_p:CK (DFFQX1H7L)                                                                                                                                   |        | 0.001       | 0.000      | 0.000      |             | 0.000  | 0.000r          |
| clock core_clock (rise edge)                                                                                                                                                       |        |             |            |            |             | 0      | 0               |
| clock network delay (ideal)                                                                                                                                                        |        |             |            |            |             | 0.000  | 0.000           |
| decode_mod.bus_in_opcode_5__reg_p:CK (DFFQX1H7L)                                                                                                                                   |        | 0.001       | 0.000      | 0.000      |             | 0.000  | 0.000r          |
| decode_mod.bus_in_opcode_5__reg_p:Q (DFFQX1H7L)                                                                                                                                    |        | 0.002       | 0.000      | 0.030      |             | 0.088  | 0.088r          |
| decode_mod.bus_in_opcode_5_ (net)                                                                                                                                                  | 1      |             |            |            | 0.000       |        |                 |
| decode_mod.bus_in_opcode_5__BUFX7H7L_A:A (BUFX7H7L)                                                                                                                                |        | 0.002       | 0.000      | 0.030      |             | 0.000  | 0.088r          |
| decode_mod.bus_in_opcode_5__BUFX7H7L_A:Y (BUFX7H7L)                                                                                                                                |        | 0.020       | 0.000      | 0.058      |             | 0.055  | 0.143r          |
| decode_mod.bus_in_opcode_5__BUFX7H7L_A_Y (net)                                                                                                                                     | 24     |             |            |            | 0.000       |        |                 |
| decode_mod.bus_in_opcode_4__NAND4BX3H7L_AN:B (NAND4BX3H7L)                                                                                                                         |        | 0.002       | 0.000      | 0.058      |             | 0.000  | 0.143r          |
| decode_mod.bus_in_opcode_4__NAND4BX3H7L_AN:Y (NAND4BX3H7L)                                                                                                                         |        | 0.008       | 0.000      | 0.113      |             | 0.086  | 0.229f          |
| decode_mod.bus_in_opcode_4__NAND4BX3H7L_AN_Y (net)                                                                                                                                 | 9      |             |            |            | 0.000       |        |                 |
| decode_mod.bus_in_opcode_22__reg_p_D_OAOI211X0P5H7L_Y_A0_OAI33X2H7L_B2:A2 (OAI33X2H7L)                                                                                             |        | 0.001       | 0.000      | 0.113      |             | 0.000  | 0.229f          |
| decode_mod.bus_in_opcode_22__reg_p_D_OAOI211X0P5H7L_Y_A0_OAI33X2H7L_B2:Y (OAI33X2H7L)                                                                                              |        | 0.002       | 0.000      | 0.117      |             | 0.101  | 0.330r          |
| decode_mod.bus_in_opcode_22__reg_p_D_OAOI211X0P5H7L_Y_A0_OAI33X2H7L_B2_Y (net)                                                                                                     | 1      |             |            |            | 0.000       |        |                 |
| decode_mod.bus_in_opcode_22__reg_p_D_OAOI211X0P5H7L_Y_A0_OAI33X2H7L_B2_Y_BUFX8H7L_A:A (BUFX8H7L)                                                                                   |        | 0.002       | 0.000      | 0.117      |             | 0.000  | 0.330r          |
| decode_mod.bus_in_opcode_22__reg_p_D_OAOI211X0P5H7L_Y_A0_OAI33X2H7L_B2_Y_BUFX8H7L_A:Y (BUFX8H7L)                                                                                   |        | 0.032       | 0.000      | 0.080      |             | 0.079  | 0.409r          |
| reg_mod.regs[24]_2__NOR2BX1H7L_AN_B (net)                                                                                                                                          | 19     |             |            |            | 0.000       |        |                 |
| reg_mod.regs[24]_2__NOR2BX1H7L_AN_B_BUFX16H7L_A_1:A (BUFX16H7L)                                                                                                                    |        | 0.003       | 0.000      | 0.080      |             | 0.000  | 0.409r          |
| reg_mod.regs[24]_2__NOR2BX1H7L_AN_B_BUFX16H7L_A_1:Y (BUFX16H7L)                                                                                                                    |        | 0.039       | 0.000      | 0.052      |             | 0.061  | 0.470r          |
| reg_mod.regs[8]_0__NOR2BX1H7L_AN_B (net)                                                                                                                                           | 24     |             |            |            | 0.000       |        |                 |
| reg_mod.regs[8]_0__NOR2BX1H7L_AN_B_BUFX16H7L_A:A (BUFX16H7L)                                                                                                                       |        | 0.003       | 0.000      | 0.052      |             | 0.000  | 0.470r          |
| reg_mod.regs[8]_0__NOR2BX1H7L_AN_B_BUFX16H7L_A:Y (BUFX16H7L)                                                                                                                       |        | 0.031       | 0.000      | 0.042      |             | 0.052  | 0.523r          |
| reg_mod.regs[3]_7__MUX4X1P4H7L_A_S1 (net)                                                                                                                                          | 24     |             |            |            | 0.000       |        |                 |
| reg_mod.regs[3]_7__MUX4X1P4H7L_A_S1_BUFX10H7L_A:A (BUFX10H7L)                                                                                                                      |        | 0.002       | 0.000      | 0.042      |             | 0.000  | 0.523r          |
| reg_mod.regs[3]_7__MUX4X1P4H7L_A_S1_BUFX10H7L_A:Y (BUFX10H7L)                                                                                                                      |        | 0.025       | 0.000      | 0.051      |             | 0.055  | 0.577r          |
| reg_mod.regs[10]_27__NOR2BX1H7L_AN_B (net)                                                                                                                                         | 24     |             |            |            | 0.000       |        |                 |
| reg_mod.regs[31]_21__AOI211X0P5H7L_A0:A1 (AOI211X0P5H7L)                                                                                                                           |        | 0.001       | 0.000      | 0.051      |             | 0.000  | 0.577r          |
| reg_mod.regs[31]_21__AOI211X0P5H7L_A0:Y (AOI211X0P5H7L)                                                                                                                            |        | 0.001       | 0.000      | 0.039      |             | 0.036  | 0.613f          |
| reg_mod.regs[31]_21__AOI211X0P5H7L_A0_Y (net)                                                                                                                                      | 1      |             |            |            | 0.000       |        |                 |
| reg_mod.regs[31]_21__AOI211X0P5H7L_A0_Y_NOR4X0P5H7L_C:C (NOR4X0P5H7L)                                                                                                              |        | 0.001       | 0.000      | 0.039      |             | 0.000  | 0.613f          |
| reg_mod.regs[31]_21__AOI211X0P5H7L_A0_Y_NOR4X0P5H7L_C:Y (NOR4X0P5H7L)                                                                                                              |        | 0.001       | 0.000      | 0.100      |             | 0.077  | 0.689r          |
| reg_mod.regs[31]_21__AOI211X0P5H7L_A0_Y_NOR4X0P5H7L_C_Y (net)                                                                                                                      | 1      |             |            |            | 0.000       |        |                 |
| reg_mod.regs[8]_21__MUX2X0P5H7L_A_Y_OAI211X0P7H7L_A1_Y_OAI2BB2X0P5H7L_A1N:B0 (OAI2BB2X0P5H7L)                                                                                      |        | 0.001       | 0.000      | 0.100      |             | 0.000  | 0.689r          |
| reg_mod.regs[8]_21__MUX2X0P5H7L_A_Y_OAI211X0P7H7L_A1_Y_OAI2BB2X0P5H7L_A1N:Y (OAI2BB2X0P5H7L)                                                                                       |        | 0.002       | 0.000      | 0.050      |             | 0.049  | 0.739f          |
| reg_mod.regs[8]_21__MUX2X0P5H7L_A_Y_OAI211X0P7H7L_A1_Y_OAI2BB2X0P5H7L_A1N_Y (net)                                                                                                  | 2      |             |            |            | 0.000       |        |                 |
| reg_mod.regs[20]_21__MUX4X1P4H7L_A_Y_NAND2X0P5H7L_B_Y_AOA211X1P4H7L_A0_Y_AO31X0P5H7L_A1:A2 (AO31X0P5H7L)                                                                           |        | 0.001       | 0.000      | 0.050      |             | 0.000  | 0.739f          |
| reg_mod.regs[20]_21__MUX4X1P4H7L_A_Y_NAND2X0P5H7L_B_Y_AOA211X1P4H7L_A0_Y_AO31X0P5H7L_A1:Y (AO31X0P5H7L)                                                                            |        | 0.005       | 0.000      | 0.056      |             | 0.086  | 0.825f          |
| reg_mod.regs[20]_21__MUX4X1P4H7L_A_Y_NAND2X0P5H7L_B_Y_AOA211X1P4H7L_A0_Y_AO31X0P5H7L_A1_Y (net)                                                                                    | 4      |             |            |            | 0.000       |        |                 |
| pc_mod.pc_21__reg_p_D_AOAI211X0P5H7L_Y_A0_NAND2X0P5H7L_Y_B_AOI22X0P5H7L_Y_B1_OAOI211X0P5H7L_Y_A1_XOR2X0P5H7L_Y_A_XNOR2X3H7L_Y:A (XNOR2X3H7L)                                       |        | 0.002       | 0.000      | 0.056      |             | 0.000  | 0.825f          |
| pc_mod.pc_21__reg_p_D_AOAI211X0P5H7L_Y_A0_NAND2X0P5H7L_Y_B_AOI22X0P5H7L_Y_B1_OAOI211X0P5H7L_Y_A1_XOR2X0P5H7L_Y_A_XNOR2X3H7L_Y:Y (XNOR2X3H7L)                                       |        | 0.005       | 0.000      | 0.039      |             | 0.073  | 0.898f          |
| pc_mod.pc_21__reg_p_D_AOAI211X0P5H7L_Y_A0_NAND2X0P5H7L_Y_B_AOI22X0P5H7L_Y_B1_OAOI211X0P5H7L_Y_A1_XOR2X0P5H7L_Y_A (net)                                                             | 2      |             |            |            | 0.000       |        |                 |
| pc_mod.pc_21__reg_p_D_AOAI211X0P5H7L_Y_A0_NAND2X0P5H7L_Y_B_AOI22X0P5H7L_Y_B1_OAOI211X0P5H7L_Y_A1_XOR2X0P5H7L_Y_A_NOR3X6H7L_A:A (NOR3X6H7L)                                         |        | 0.003       | 0.000      | 0.039      |             | 0.000  | 0.898f          |
| pc_mod.pc_21__reg_p_D_AOAI211X0P5H7L_Y_A0_NAND2X0P5H7L_Y_B_AOI22X0P5H7L_Y_B1_OAOI211X0P5H7L_Y_A1_XOR2X0P5H7L_Y_A_NOR3X6H7L_A:Y (NOR3X6H7L)                                         |        | 0.002       | 0.000      | 0.054      |             | 0.047  | 0.944r          |
| reg_mod.regs[24]_22__OAI211X0P7H7L_A0_Y_OAI211X1P4H7L_B0_Y_AO21X1H7L_B0_Y_XOR2X0P5H7L_B_Y_AND4X0P5H7L_C_D (net)                                                                    | 3      |             |            |            | 0.000       |        |                 |
| reg_mod.regs[24]_22__OAI211X0P7H7L_A0_Y_OAI211X1P4H7L_B0_Y_AO21X1H7L_B0_Y_XOR2X0P5H7L_B_Y_AND4X0P5H7L_C:D (AND4X0P5H7L)                                                            |        | 0.001       | 0.000      | 0.054      |             | 0.000  | 0.944r          |
| reg_mod.regs[24]_22__OAI211X0P7H7L_A0_Y_OAI211X1P4H7L_B0_Y_AO21X1H7L_B0_Y_XOR2X0P5H7L_B_Y_AND4X0P5H7L_C:Y (AND4X0P5H7L)                                                            |        | 0.004       | 0.000      | 0.075      |             | 0.099  | 1.043r          |
| reg_mod.regs[24]_22__OAI211X0P7H7L_A0_Y_OAI211X1P4H7L_B0_Y_AO21X1H7L_B0_Y_XOR2X0P5H7L_B_Y_AND4X0P5H7L_C_Y (net)                                                                    | 3      |             |            |            | 0.000       |        |                 |
| reg_mod.regs[24]_22__OAI211X0P7H7L_A0_Y_OAI211X1P4H7L_B0_Y_AO21X1H7L_B0_Y_XOR2X0P5H7L_B_Y_AND4X0P5H7L_C_Y_NOR2BX3H7L_AN:AN (NOR2BX3H7L)                                            |        | 0.001       | 0.000      | 0.075      |             | 0.000  | 1.043r          |
| reg_mod.regs[24]_22__OAI211X0P7H7L_A0_Y_OAI211X1P4H7L_B0_Y_AO21X1H7L_B0_Y_XOR2X0P5H7L_B_Y_AND4X0P5H7L_C_Y_NOR2BX3H7L_AN:Z (NOR2BX3H7L)                                             |        | 0.004       | 0.000      | 0.058      |             | 0.067  | 1.111r          |
| reg_mod.regs[24]_22__OAI211X0P7H7L_A0_Y_OAI211X1P4H7L_B0_Y_AO21X1H7L_B0_Y_XOR2X0P5H7L_B_Y_AND4X0P5H7L_C_Y_NOR2BX3H7L_AN_Z (net)                                                    | 3      |             |            |            | 0.000       |        |                 |
| reg_mod.regs[24]_22__OAI211X0P7H7L_A0_Y_OAI211X1P4H7L_B0_Y_AO21X1H7L_B0_Y_XOR2X0P5H7L_B_Y_AND4X0P5H7L_C_Y_AOI221X3H7L_A0:B1 (AOI221X3H7L)                                          |        | 0.002       | 0.000      | 0.058      |             | 0.000  | 1.111r          |
| reg_mod.regs[24]_22__OAI211X0P7H7L_A0_Y_OAI211X1P4H7L_B0_Y_AO21X1H7L_B0_Y_XOR2X0P5H7L_B_Y_AND4X0P5H7L_C_Y_AOI221X3H7L_A0:Y (AOI221X3H7L)                                           |        | 0.008       | 0.000      | 0.072      |             | 0.053  | 1.164f          |
| pc_mod.pc_27__reg_p_D_OAI221X0P5H7L_Y_B1_OAI21X0P5H7L_Y_A0_AOA211X1P4H7L_Y_A1_OAI211X0P7H7L_Y_A0 (net)                                                                             | 10     |             |            |            | 0.000       |        |                 |
| pc_mod.pc_30__reg_p_D_AOAI211X0P5H7L_Y_A1_NOR3X0P5H7L_Y_C_AOI21X0P5H7L_Y_A1_NAND3X0P5H7L_Y_A_OAI2BB1X0P5H7L_Y_B0_OAI32X0P7H7L_B0_B1_INVX0P5H7L_A_Y_AOA211X3H7L_A0:C0 (AOA211X3H7L) |        | 0.001       | 0.000      | 0.072      |             | 0.000  | 1.164f          |
| pc_mod.pc_30__reg_p_D_AOAI211X0P5H7L_Y_A1_NOR3X0P5H7L_Y_C_AOI21X0P5H7L_Y_A1_NAND3X0P5H7L_Y_A_OAI2BB1X0P5H7L_Y_B0_OAI32X0P7H7L_B0_B1_INVX0P5H7L_A_Y_AOA211X3H7L_A0:Y (AOA211X3H7L)  |        | 0.003       | 0.000      | 0.030      |             | 0.054  | 1.218f          |
| pc_mod.pc_30__reg_p_D_AOAI211X0P5H7L_Y_A1_NOR3X0P5H7L_Y_C_AOI21X0P5H7L_Y_A1_NAND3X0P5H7L_Y_A_OAI2BB1X0P5H7L_Y_B0_OAI32X0P7H7L_B0_Y_OR4X1H7L_D_Y_OA31X4H7L_A0_A1 (net)              | 2      |             |            |            | 0.000       |        |                 |
| pc_mod.pc_30__reg_p_D_AOAI211X0P5H7L_Y_A1_NOR3X0P5H7L_Y_C_AOI21X0P5H7L_Y_A1_NAND3X0P5H7L_Y_A_OAI2BB1X0P5H7L_Y_B0_OAI32X0P7H7L_B0_Y_OR4X1H7L_D_Y_OA31X4H7L_A0:A1 (OA31X4H7L)        |        | 0.001       | 0.000      | 0.030      |             | 0.000  | 1.218f          |
| pc_mod.pc_30__reg_p_D_AOAI211X0P5H7L_Y_A1_NOR3X0P5H7L_Y_C_AOI21X0P5H7L_Y_A1_NAND3X0P5H7L_Y_A_OAI2BB1X0P5H7L_Y_B0_OAI32X0P7H7L_B0_Y_OR4X1H7L_D_Y_OA31X4H7L_A0:Y (OA31X4H7L)         |        | 0.009       | 0.000      | 0.052      |             | 0.113  | 1.330f          |
| decode_mod.bus_in_opcode_23__reg_p_D_OAOI211X0P5H7L_Y_A0_NOR2X3H7L_A_Y_NOR4X0P5H7L_B_C (net)                                                                                       | 6      |             |            |            | 0.000       |        |                 |
| decode_mod.bus_in_opcode_23__reg_p_D_OAOI211X0P5H7L_Y_A0_NOR2X3H7L_A_Y_OAI21BX0P7H7L_A1_B0N_NOR2X0P5H7L_B_Y_OAI21X1P4H7L_B0:A0 (OAI21X1P4H7L)                                      |        | 0.001       | 0.000      | 0.052      |             | 0.000  | 1.330f          |
| decode_mod.bus_in_opcode_23__reg_p_D_OAOI211X0P5H7L_Y_A0_NOR2X3H7L_A_Y_OAI21BX0P7H7L_A1_B0N_NOR2X0P5H7L_B_Y_OAI21X1P4H7L_B0:Y (OAI21X1P4H7L)                                       |        | 0.007       | 0.000      | 0.163      |             | 0.111  | 1.441r          |
| pc_mod.pc_11__reg_p_D_OAI31X0P5H7L_Y_A1_NOR2X0P5H7L_Y_B_AOI211X3H7L_A1_C0_AOI31X0P5H7L_Y_A1 (net)                                                                                  | 8      |             |            |            | 0.000       |        |                 |
| pc_mod.pc_11__reg_p_D_OAI31X0P5H7L_Y_A1_NOR2X0P5H7L_Y_B_AOI211X3H7L_A1_C0_AOI31X0P5H7L_Y:A1 (AOI31X0P5H7L)                                                                         |        | 0.001       | 0.000      | 0.163      |             | 0.000  | 1.441r          |
| pc_mod.pc_11__reg_p_D_OAI31X0P5H7L_Y_A1_NOR2X0P5H7L_Y_B_AOI211X3H7L_A1_C0_AOI31X0P5H7L_Y:Y (AOI31X0P5H7L)                                                                          |        | 0.002       | 0.000      | 0.086      |             | 0.074  | 1.515f          |
| pc_mod.pc_11__reg_p_D_OAI31X0P5H7L_Y_A1_NOR2X0P5H7L_Y_B_AOI211X3H7L_A1_C0 (net)                                                                                                    | 1      |             |            |            | 0.000       |        |                 |
| pc_mod.pc_11__reg_p_D_OAI31X0P5H7L_Y_A1_NOR2X0P5H7L_Y_B_AOI211X3H7L_A1:C0 (AOI211X3H7L)                                                                                            |        | 0.002       | 0.000      | 0.086      |             | 0.000  | 1.515f          |
| pc_mod.pc_11__reg_p_D_OAI31X0P5H7L_Y_A1_NOR2X0P5H7L_Y_B_AOI211X3H7L_A1:Y (AOI211X3H7L)                                                                                             |        | 0.008       | 0.000      | 0.156      |             | 0.113  | 1.629r          |
| reg_mod.regs[30]_11__reg_p_D_NOR2X0P5H7L_Y_B (net)                                                                                                                                 | 8      |             |            |            | 0.000       |        |                 |
| reg_mod.regs[30]_11__reg_p_D_NOR2X0P5H7L_Y_B_BUFX7H7L_A:A (BUFX7H7L)                                                                                                               |        | 0.002       | 0.000      | 0.156      |             | 0.000  | 1.629r          |
| reg_mod.regs[30]_11__reg_p_D_NOR2X0P5H7L_Y_B_BUFX7H7L_A:Y (BUFX7H7L)                                                                                                               |        | 0.020       | 0.000      | 0.059      |             | 0.071  | 1.700r          |
| reg_mod.regs[9]_11__reg_p_D_NOR2X0P5H7L_Y_B (net)                                                                                                                                  | 24     |             |            |            | 0.000       |        |                 |
| reg_mod.regs[6]_11__reg_p_D_NOR2X0P5H7L_Y:B (NOR2X0P5H7L)                                                                                                                          |        | 0.001       | 0.000      | 0.059      |             | 0.000  | 1.700r          |
| reg_mod.regs[6]_11__reg_p_D_NOR2X0P5H7L_Y:Y (NOR2X0P5H7L)                                                                                                                          |        | 0.001       | 0.000      | 0.043      |             | 0.020  | 1.719f          |
| reg_mod.regs[6]_11__reg_p_D (net)                                                                                                                                                  | 1      |             |            |            | 0.000       |        |                 |
| reg_mod.regs[6]_11__reg_p:D (DFFQX1H7L)                                                                                                                                            |        | 0.001       | 0.000      | 0.043      |             | 0.000  | 1.719f          |
|                                                                                                                                                                                    |        |             |            |            |             |        |                 |
| clock (port)                                                                                                                                                                       |        | 0.111       | 0.000      | 0.000      |             | 0.000  | 0.000r          |
| clock (clock net)                                                                                                                                                                  | 116    |             |            |            | NA          |        |                 |
| reg_mod.regs[6]_26__reg_p_D_NOR2X3H7L_Y_A_NAND2X0P5H7L_B_Y_ICGX0P5H7L_E:CK (ICGX0P5H7L)                                                                                            |        | 0.002       | 0.000      | 0.000      |             | 0.000  | 0.000r          |
| reg_mod.regs[6]_26__reg_p_D_NOR2X3H7L_Y_A_NAND2X0P5H7L_B_Y_ICGX0P5H7L_E:ECK (ICGX0P5H7L)                                                                                           |        | 0.025       | 0.000      | 0.000      |             | 0.000  | 0.000r          |
| reg_mod.regs[6]_0__reg_p_CK (clock net)                                                                                                                                            | 32     |             |            |            | NA          |        |                 |
| reg_mod.regs[6]_11__reg_p:CK (DFFQX1H7L)                                                                                                                                           |        | 0.001       | 0.000      | 0.000      |             | 0.000  | 0.000r          |
| clock core_clock (rise edge)                                                                                                                                                       |        |             |            |            |             | 3.333  | 3.333           |
| clock network delay (ideal)                                                                                                                                                        |        |             |            |            |             | 0.000  | 3.333           |
| reg_mod.regs[6]_11__reg_p:CK (DFFQX1H7L)                                                                                                                                           |        |             |            |            |             |        | 3.333r          |
| library setup time                                                                                                                                                                 |        |             |            |            |             | -0.048 | 3.285           |
| clock reconvergence pessimism                                                                                                                                                      |        |             |            |            |             | 0.000  | 3.285           |
|                                                                                                                                                                                    |        |             |            |            |             |        |                 |
| path cell delay                                                                                                                                                                    |        |             |            |            |             |        | 1.719(100.000%) |
| path net delay                                                                                                                                                                     |        |             |            |            |             |        | 0.000(0.000%)   |
|                                                                                                                                                                                    |        |             |            |            |             |        |                 |
| data require time                                                                                                                                                                  |        |             |            |            |             |        | 3.285           |
| data arrival time                                                                                                                                                                  |        |             |            |            |             |        | 1.719           |
| slack (MET)                                                                                                                                                                        |        |             |            |            |             |        | 1.565           |
+------------------------------------------------------------------------------------------------------------------------------------------------------------------------------------+--------+-------------+------------+------------+-------------+--------+-----------------+
+------------------------------------------------------------------------------------------------------------------------------------------------------------------------------------+--------+-------------+------------+------------+-------------+--------+-----------------+
| Point                                                                                                                                                                              | Fanout | Capacitance | Resistance | Transition | Delta Delay | Incr   | Path            |
+------------------------------------------------------------------------------------------------------------------------------------------------------------------------------------+--------+-------------+------------+------------+-------------+--------+-----------------+
| clock (port)                                                                                                                                                                       |        | 0.147       | 0.000      | 0.000      |             | 0.000  | 0.000r          |
| clock (clock net)                                                                                                                                                                  | 116    |             |            |            | NA          |        |                 |
| decode_mod.bus_in_opcode_5__reg_p:CK (DFFQX1H7L)                                                                                                                                   |        | 0.001       | 0.000      | 0.000      |             | 0.000  | 0.000r          |
| clock core_clock (rise edge)                                                                                                                                                       |        |             |            |            |             | 0      | 0               |
| clock network delay (ideal)                                                                                                                                                        |        |             |            |            |             | 0.000  | 0.000           |
| decode_mod.bus_in_opcode_5__reg_p:CK (DFFQX1H7L)                                                                                                                                   |        | 0.001       | 0.000      | 0.000      |             | 0.000  | 0.000r          |
| decode_mod.bus_in_opcode_5__reg_p:Q (DFFQX1H7L)                                                                                                                                    |        | 0.002       | 0.000      | 0.030      |             | 0.088  | 0.088r          |
| decode_mod.bus_in_opcode_5_ (net)                                                                                                                                                  | 1      |             |            |            | 0.000       |        |                 |
| decode_mod.bus_in_opcode_5__BUFX7H7L_A:A (BUFX7H7L)                                                                                                                                |        | 0.002       | 0.000      | 0.030      |             | 0.000  | 0.088r          |
| decode_mod.bus_in_opcode_5__BUFX7H7L_A:Y (BUFX7H7L)                                                                                                                                |        | 0.020       | 0.000      | 0.058      |             | 0.055  | 0.143r          |
| decode_mod.bus_in_opcode_5__BUFX7H7L_A_Y (net)                                                                                                                                     | 24     |             |            |            | 0.000       |        |                 |
| decode_mod.bus_in_opcode_4__NAND4BX3H7L_AN:B (NAND4BX3H7L)                                                                                                                         |        | 0.002       | 0.000      | 0.058      |             | 0.000  | 0.143r          |
| decode_mod.bus_in_opcode_4__NAND4BX3H7L_AN:Y (NAND4BX3H7L)                                                                                                                         |        | 0.008       | 0.000      | 0.113      |             | 0.086  | 0.229f          |
| decode_mod.bus_in_opcode_4__NAND4BX3H7L_AN_Y (net)                                                                                                                                 | 9      |             |            |            | 0.000       |        |                 |
| decode_mod.bus_in_opcode_22__reg_p_D_OAOI211X0P5H7L_Y_A0_OAI33X2H7L_B2:A2 (OAI33X2H7L)                                                                                             |        | 0.001       | 0.000      | 0.113      |             | 0.000  | 0.229f          |
| decode_mod.bus_in_opcode_22__reg_p_D_OAOI211X0P5H7L_Y_A0_OAI33X2H7L_B2:Y (OAI33X2H7L)                                                                                              |        | 0.002       | 0.000      | 0.117      |             | 0.101  | 0.330r          |
| decode_mod.bus_in_opcode_22__reg_p_D_OAOI211X0P5H7L_Y_A0_OAI33X2H7L_B2_Y (net)                                                                                                     | 1      |             |            |            | 0.000       |        |                 |
| decode_mod.bus_in_opcode_22__reg_p_D_OAOI211X0P5H7L_Y_A0_OAI33X2H7L_B2_Y_BUFX8H7L_A:A (BUFX8H7L)                                                                                   |        | 0.002       | 0.000      | 0.117      |             | 0.000  | 0.330r          |
| decode_mod.bus_in_opcode_22__reg_p_D_OAOI211X0P5H7L_Y_A0_OAI33X2H7L_B2_Y_BUFX8H7L_A:Y (BUFX8H7L)                                                                                   |        | 0.032       | 0.000      | 0.080      |             | 0.079  | 0.409r          |
| reg_mod.regs[24]_2__NOR2BX1H7L_AN_B (net)                                                                                                                                          | 19     |             |            |            | 0.000       |        |                 |
| reg_mod.regs[24]_2__NOR2BX1H7L_AN_B_BUFX16H7L_A_1:A (BUFX16H7L)                                                                                                                    |        | 0.003       | 0.000      | 0.080      |             | 0.000  | 0.409r          |
| reg_mod.regs[24]_2__NOR2BX1H7L_AN_B_BUFX16H7L_A_1:Y (BUFX16H7L)                                                                                                                    |        | 0.039       | 0.000      | 0.052      |             | 0.061  | 0.470r          |
| reg_mod.regs[8]_0__NOR2BX1H7L_AN_B (net)                                                                                                                                           | 24     |             |            |            | 0.000       |        |                 |
| reg_mod.regs[8]_0__NOR2BX1H7L_AN_B_BUFX16H7L_A:A (BUFX16H7L)                                                                                                                       |        | 0.003       | 0.000      | 0.052      |             | 0.000  | 0.470r          |
| reg_mod.regs[8]_0__NOR2BX1H7L_AN_B_BUFX16H7L_A:Y (BUFX16H7L)                                                                                                                       |        | 0.031       | 0.000      | 0.042      |             | 0.052  | 0.523r          |
| reg_mod.regs[3]_7__MUX4X1P4H7L_A_S1 (net)                                                                                                                                          | 24     |             |            |            | 0.000       |        |                 |
| reg_mod.regs[3]_7__MUX4X1P4H7L_A_S1_BUFX10H7L_A:A (BUFX10H7L)                                                                                                                      |        | 0.002       | 0.000      | 0.042      |             | 0.000  | 0.523r          |
| reg_mod.regs[3]_7__MUX4X1P4H7L_A_S1_BUFX10H7L_A:Y (BUFX10H7L)                                                                                                                      |        | 0.025       | 0.000      | 0.051      |             | 0.055  | 0.577r          |
| reg_mod.regs[10]_27__NOR2BX1H7L_AN_B (net)                                                                                                                                         | 24     |             |            |            | 0.000       |        |                 |
| reg_mod.regs[31]_21__AOI211X0P5H7L_A0:A1 (AOI211X0P5H7L)                                                                                                                           |        | 0.001       | 0.000      | 0.051      |             | 0.000  | 0.577r          |
| reg_mod.regs[31]_21__AOI211X0P5H7L_A0:Y (AOI211X0P5H7L)                                                                                                                            |        | 0.001       | 0.000      | 0.039      |             | 0.036  | 0.613f          |
| reg_mod.regs[31]_21__AOI211X0P5H7L_A0_Y (net)                                                                                                                                      | 1      |             |            |            | 0.000       |        |                 |
| reg_mod.regs[31]_21__AOI211X0P5H7L_A0_Y_NOR4X0P5H7L_C:C (NOR4X0P5H7L)                                                                                                              |        | 0.001       | 0.000      | 0.039      |             | 0.000  | 0.613f          |
| reg_mod.regs[31]_21__AOI211X0P5H7L_A0_Y_NOR4X0P5H7L_C:Y (NOR4X0P5H7L)                                                                                                              |        | 0.001       | 0.000      | 0.100      |             | 0.077  | 0.689r          |
| reg_mod.regs[31]_21__AOI211X0P5H7L_A0_Y_NOR4X0P5H7L_C_Y (net)                                                                                                                      | 1      |             |            |            | 0.000       |        |                 |
| reg_mod.regs[8]_21__MUX2X0P5H7L_A_Y_OAI211X0P7H7L_A1_Y_OAI2BB2X0P5H7L_A1N:B0 (OAI2BB2X0P5H7L)                                                                                      |        | 0.001       | 0.000      | 0.100      |             | 0.000  | 0.689r          |
| reg_mod.regs[8]_21__MUX2X0P5H7L_A_Y_OAI211X0P7H7L_A1_Y_OAI2BB2X0P5H7L_A1N:Y (OAI2BB2X0P5H7L)                                                                                       |        | 0.002       | 0.000      | 0.050      |             | 0.049  | 0.739f          |
| reg_mod.regs[8]_21__MUX2X0P5H7L_A_Y_OAI211X0P7H7L_A1_Y_OAI2BB2X0P5H7L_A1N_Y (net)                                                                                                  | 2      |             |            |            | 0.000       |        |                 |
| reg_mod.regs[20]_21__MUX4X1P4H7L_A_Y_NAND2X0P5H7L_B_Y_AOA211X1P4H7L_A0_Y_AO31X0P5H7L_A1:A2 (AO31X0P5H7L)                                                                           |        | 0.001       | 0.000      | 0.050      |             | 0.000  | 0.739f          |
| reg_mod.regs[20]_21__MUX4X1P4H7L_A_Y_NAND2X0P5H7L_B_Y_AOA211X1P4H7L_A0_Y_AO31X0P5H7L_A1:Y (AO31X0P5H7L)                                                                            |        | 0.005       | 0.000      | 0.056      |             | 0.086  | 0.825f          |
| reg_mod.regs[20]_21__MUX4X1P4H7L_A_Y_NAND2X0P5H7L_B_Y_AOA211X1P4H7L_A0_Y_AO31X0P5H7L_A1_Y (net)                                                                                    | 4      |             |            |            | 0.000       |        |                 |
| pc_mod.pc_21__reg_p_D_AOAI211X0P5H7L_Y_A0_NAND2X0P5H7L_Y_B_AOI22X0P5H7L_Y_B1_OAOI211X0P5H7L_Y_A1_XOR2X0P5H7L_Y_A_XNOR2X3H7L_Y:A (XNOR2X3H7L)                                       |        | 0.002       | 0.000      | 0.056      |             | 0.000  | 0.825f          |
| pc_mod.pc_21__reg_p_D_AOAI211X0P5H7L_Y_A0_NAND2X0P5H7L_Y_B_AOI22X0P5H7L_Y_B1_OAOI211X0P5H7L_Y_A1_XOR2X0P5H7L_Y_A_XNOR2X3H7L_Y:Y (XNOR2X3H7L)                                       |        | 0.005       | 0.000      | 0.039      |             | 0.073  | 0.898f          |
| pc_mod.pc_21__reg_p_D_AOAI211X0P5H7L_Y_A0_NAND2X0P5H7L_Y_B_AOI22X0P5H7L_Y_B1_OAOI211X0P5H7L_Y_A1_XOR2X0P5H7L_Y_A (net)                                                             | 2      |             |            |            | 0.000       |        |                 |
| pc_mod.pc_21__reg_p_D_AOAI211X0P5H7L_Y_A0_NAND2X0P5H7L_Y_B_AOI22X0P5H7L_Y_B1_OAOI211X0P5H7L_Y_A1_XOR2X0P5H7L_Y_A_NOR3X6H7L_A:A (NOR3X6H7L)                                         |        | 0.003       | 0.000      | 0.039      |             | 0.000  | 0.898f          |
| pc_mod.pc_21__reg_p_D_AOAI211X0P5H7L_Y_A0_NAND2X0P5H7L_Y_B_AOI22X0P5H7L_Y_B1_OAOI211X0P5H7L_Y_A1_XOR2X0P5H7L_Y_A_NOR3X6H7L_A:Y (NOR3X6H7L)                                         |        | 0.002       | 0.000      | 0.054      |             | 0.047  | 0.944r          |
| reg_mod.regs[24]_22__OAI211X0P7H7L_A0_Y_OAI211X1P4H7L_B0_Y_AO21X1H7L_B0_Y_XOR2X0P5H7L_B_Y_AND4X0P5H7L_C_D (net)                                                                    | 3      |             |            |            | 0.000       |        |                 |
| reg_mod.regs[24]_22__OAI211X0P7H7L_A0_Y_OAI211X1P4H7L_B0_Y_AO21X1H7L_B0_Y_XOR2X0P5H7L_B_Y_AND4X0P5H7L_C:D (AND4X0P5H7L)                                                            |        | 0.001       | 0.000      | 0.054      |             | 0.000  | 0.944r          |
| reg_mod.regs[24]_22__OAI211X0P7H7L_A0_Y_OAI211X1P4H7L_B0_Y_AO21X1H7L_B0_Y_XOR2X0P5H7L_B_Y_AND4X0P5H7L_C:Y (AND4X0P5H7L)                                                            |        | 0.004       | 0.000      | 0.075      |             | 0.099  | 1.043r          |
| reg_mod.regs[24]_22__OAI211X0P7H7L_A0_Y_OAI211X1P4H7L_B0_Y_AO21X1H7L_B0_Y_XOR2X0P5H7L_B_Y_AND4X0P5H7L_C_Y (net)                                                                    | 3      |             |            |            | 0.000       |        |                 |
| reg_mod.regs[24]_22__OAI211X0P7H7L_A0_Y_OAI211X1P4H7L_B0_Y_AO21X1H7L_B0_Y_XOR2X0P5H7L_B_Y_AND4X0P5H7L_C_Y_NOR2BX3H7L_AN:AN (NOR2BX3H7L)                                            |        | 0.001       | 0.000      | 0.075      |             | 0.000  | 1.043r          |
| reg_mod.regs[24]_22__OAI211X0P7H7L_A0_Y_OAI211X1P4H7L_B0_Y_AO21X1H7L_B0_Y_XOR2X0P5H7L_B_Y_AND4X0P5H7L_C_Y_NOR2BX3H7L_AN:Z (NOR2BX3H7L)                                             |        | 0.004       | 0.000      | 0.058      |             | 0.067  | 1.111r          |
| reg_mod.regs[24]_22__OAI211X0P7H7L_A0_Y_OAI211X1P4H7L_B0_Y_AO21X1H7L_B0_Y_XOR2X0P5H7L_B_Y_AND4X0P5H7L_C_Y_NOR2BX3H7L_AN_Z (net)                                                    | 3      |             |            |            | 0.000       |        |                 |
| reg_mod.regs[24]_22__OAI211X0P7H7L_A0_Y_OAI211X1P4H7L_B0_Y_AO21X1H7L_B0_Y_XOR2X0P5H7L_B_Y_AND4X0P5H7L_C_Y_AOI221X3H7L_A0:B1 (AOI221X3H7L)                                          |        | 0.002       | 0.000      | 0.058      |             | 0.000  | 1.111r          |
| reg_mod.regs[24]_22__OAI211X0P7H7L_A0_Y_OAI211X1P4H7L_B0_Y_AO21X1H7L_B0_Y_XOR2X0P5H7L_B_Y_AND4X0P5H7L_C_Y_AOI221X3H7L_A0:Y (AOI221X3H7L)                                           |        | 0.008       | 0.000      | 0.072      |             | 0.053  | 1.164f          |
| pc_mod.pc_27__reg_p_D_OAI221X0P5H7L_Y_B1_OAI21X0P5H7L_Y_A0_AOA211X1P4H7L_Y_A1_OAI211X0P7H7L_Y_A0 (net)                                                                             | 10     |             |            |            | 0.000       |        |                 |
| pc_mod.pc_30__reg_p_D_AOAI211X0P5H7L_Y_A1_NOR3X0P5H7L_Y_C_AOI21X0P5H7L_Y_A1_NAND3X0P5H7L_Y_A_OAI2BB1X0P5H7L_Y_B0_OAI32X0P7H7L_B0_B1_INVX0P5H7L_A_Y_AOA211X3H7L_A0:C0 (AOA211X3H7L) |        | 0.001       | 0.000      | 0.072      |             | 0.000  | 1.164f          |
| pc_mod.pc_30__reg_p_D_AOAI211X0P5H7L_Y_A1_NOR3X0P5H7L_Y_C_AOI21X0P5H7L_Y_A1_NAND3X0P5H7L_Y_A_OAI2BB1X0P5H7L_Y_B0_OAI32X0P7H7L_B0_B1_INVX0P5H7L_A_Y_AOA211X3H7L_A0:Y (AOA211X3H7L)  |        | 0.003       | 0.000      | 0.030      |             | 0.054  | 1.218f          |
| pc_mod.pc_30__reg_p_D_AOAI211X0P5H7L_Y_A1_NOR3X0P5H7L_Y_C_AOI21X0P5H7L_Y_A1_NAND3X0P5H7L_Y_A_OAI2BB1X0P5H7L_Y_B0_OAI32X0P7H7L_B0_Y_OR4X1H7L_D_Y_OA31X4H7L_A0_A1 (net)              | 2      |             |            |            | 0.000       |        |                 |
| pc_mod.pc_30__reg_p_D_AOAI211X0P5H7L_Y_A1_NOR3X0P5H7L_Y_C_AOI21X0P5H7L_Y_A1_NAND3X0P5H7L_Y_A_OAI2BB1X0P5H7L_Y_B0_OAI32X0P7H7L_B0_Y_OR4X1H7L_D_Y_OA31X4H7L_A0:A1 (OA31X4H7L)        |        | 0.001       | 0.000      | 0.030      |             | 0.000  | 1.218f          |
| pc_mod.pc_30__reg_p_D_AOAI211X0P5H7L_Y_A1_NOR3X0P5H7L_Y_C_AOI21X0P5H7L_Y_A1_NAND3X0P5H7L_Y_A_OAI2BB1X0P5H7L_Y_B0_OAI32X0P7H7L_B0_Y_OR4X1H7L_D_Y_OA31X4H7L_A0:Y (OA31X4H7L)         |        | 0.009       | 0.000      | 0.052      |             | 0.113  | 1.330f          |
| decode_mod.bus_in_opcode_23__reg_p_D_OAOI211X0P5H7L_Y_A0_NOR2X3H7L_A_Y_NOR4X0P5H7L_B_C (net)                                                                                       | 6      |             |            |            | 0.000       |        |                 |
| decode_mod.bus_in_opcode_23__reg_p_D_OAOI211X0P5H7L_Y_A0_NOR2X3H7L_A_Y_OAI21BX0P7H7L_A1_B0N_NOR2X0P5H7L_B_Y_OAI21X1P4H7L_B0:A0 (OAI21X1P4H7L)                                      |        | 0.001       | 0.000      | 0.052      |             | 0.000  | 1.330f          |
| decode_mod.bus_in_opcode_23__reg_p_D_OAOI211X0P5H7L_Y_A0_NOR2X3H7L_A_Y_OAI21BX0P7H7L_A1_B0N_NOR2X0P5H7L_B_Y_OAI21X1P4H7L_B0:Y (OAI21X1P4H7L)                                       |        | 0.007       | 0.000      | 0.163      |             | 0.111  | 1.441r          |
| pc_mod.pc_11__reg_p_D_OAI31X0P5H7L_Y_A1_NOR2X0P5H7L_Y_B_AOI211X3H7L_A1_C0_AOI31X0P5H7L_Y_A1 (net)                                                                                  | 8      |             |            |            | 0.000       |        |                 |
| pc_mod.pc_11__reg_p_D_OAI31X0P5H7L_Y_A1_NOR2X0P5H7L_Y_B_AOI211X3H7L_A1_C0_AOI31X0P5H7L_Y:A1 (AOI31X0P5H7L)                                                                         |        | 0.001       | 0.000      | 0.163      |             | 0.000  | 1.441r          |
| pc_mod.pc_11__reg_p_D_OAI31X0P5H7L_Y_A1_NOR2X0P5H7L_Y_B_AOI211X3H7L_A1_C0_AOI31X0P5H7L_Y:Y (AOI31X0P5H7L)                                                                          |        | 0.002       | 0.000      | 0.086      |             | 0.074  | 1.515f          |
| pc_mod.pc_11__reg_p_D_OAI31X0P5H7L_Y_A1_NOR2X0P5H7L_Y_B_AOI211X3H7L_A1_C0 (net)                                                                                                    | 1      |             |            |            | 0.000       |        |                 |
| pc_mod.pc_11__reg_p_D_OAI31X0P5H7L_Y_A1_NOR2X0P5H7L_Y_B_AOI211X3H7L_A1:C0 (AOI211X3H7L)                                                                                            |        | 0.002       | 0.000      | 0.086      |             | 0.000  | 1.515f          |
| pc_mod.pc_11__reg_p_D_OAI31X0P5H7L_Y_A1_NOR2X0P5H7L_Y_B_AOI211X3H7L_A1:Y (AOI211X3H7L)                                                                                             |        | 0.008       | 0.000      | 0.156      |             | 0.113  | 1.629r          |
| reg_mod.regs[30]_11__reg_p_D_NOR2X0P5H7L_Y_B (net)                                                                                                                                 | 8      |             |            |            | 0.000       |        |                 |
| reg_mod.regs[30]_11__reg_p_D_NOR2X0P5H7L_Y_B_BUFX7H7L_A:A (BUFX7H7L)                                                                                                               |        | 0.002       | 0.000      | 0.156      |             | 0.000  | 1.629r          |
| reg_mod.regs[30]_11__reg_p_D_NOR2X0P5H7L_Y_B_BUFX7H7L_A:Y (BUFX7H7L)                                                                                                               |        | 0.020       | 0.000      | 0.059      |             | 0.071  | 1.700r          |
| reg_mod.regs[9]_11__reg_p_D_NOR2X0P5H7L_Y_B (net)                                                                                                                                  | 24     |             |            |            | 0.000       |        |                 |
| reg_mod.regs[1]_11__reg_p_D_NOR2X0P5H7L_Y:B (NOR2X0P5H7L)                                                                                                                          |        | 0.001       | 0.000      | 0.059      |             | 0.000  | 1.700r          |
| reg_mod.regs[1]_11__reg_p_D_NOR2X0P5H7L_Y:Y (NOR2X0P5H7L)                                                                                                                          |        | 0.001       | 0.000      | 0.043      |             | 0.020  | 1.719f          |
| reg_mod.regs[1]_11__reg_p_D (net)                                                                                                                                                  | 1      |             |            |            | 0.000       |        |                 |
| reg_mod.regs[1]_11__reg_p:D (DFFQX1H7L)                                                                                                                                            |        | 0.001       | 0.000      | 0.043      |             | 0.000  | 1.719f          |
|                                                                                                                                                                                    |        |             |            |            |             |        |                 |
| clock (port)                                                                                                                                                                       |        | 0.111       | 0.000      | 0.000      |             | 0.000  | 0.000r          |
| clock (clock net)                                                                                                                                                                  | 116    |             |            |            | NA          |        |                 |
| ifu_mod.ifu_1__NAND2X1H7L_B_A_NAND2X0P5H7L_A_11_Y_ICGX0P5H7L_E:CK (ICGX0P5H7L)                                                                                                     |        | 0.002       | 0.000      | 0.000      |             | 0.000  | 0.000r          |
| ifu_mod.ifu_1__NAND2X1H7L_B_A_NAND2X0P5H7L_A_11_Y_ICGX0P5H7L_E:ECK (ICGX0P5H7L)                                                                                                    |        | 0.025       | 0.000      | 0.000      |             | 0.000  | 0.000r          |
| reg_mod.regs[1]_0__reg_p_CK (clock net)                                                                                                                                            | 32     |             |            |            | NA          |        |                 |
| reg_mod.regs[1]_11__reg_p:CK (DFFQX1H7L)                                                                                                                                           |        | 0.001       | 0.000      | 0.000      |             | 0.000  | 0.000r          |
| clock core_clock (rise edge)                                                                                                                                                       |        |             |            |            |             | 3.333  | 3.333           |
| clock network delay (ideal)                                                                                                                                                        |        |             |            |            |             | 0.000  | 3.333           |
| reg_mod.regs[1]_11__reg_p:CK (DFFQX1H7L)                                                                                                                                           |        |             |            |            |             |        | 3.333r          |
| library setup time                                                                                                                                                                 |        |             |            |            |             | -0.048 | 3.285           |
| clock reconvergence pessimism                                                                                                                                                      |        |             |            |            |             | 0.000  | 3.285           |
|                                                                                                                                                                                    |        |             |            |            |             |        |                 |
| path cell delay                                                                                                                                                                    |        |             |            |            |             |        | 1.719(100.000%) |
| path net delay                                                                                                                                                                     |        |             |            |            |             |        | 0.000(0.000%)   |
|                                                                                                                                                                                    |        |             |            |            |             |        |                 |
| data require time                                                                                                                                                                  |        |             |            |            |             |        | 3.285           |
| data arrival time                                                                                                                                                                  |        |             |            |            |             |        | 1.719           |
| slack (MET)                                                                                                                                                                        |        |             |            |            |             |        | 1.565           |
+------------------------------------------------------------------------------------------------------------------------------------------------------------------------------------+--------+-------------+------------+------------+-------------+--------+-----------------+
+------------------------------------------------------------------------------------------------------------------------------------------------------------------------------------+--------+-------------+------------+------------+-------------+--------+-----------------+
| Point                                                                                                                                                                              | Fanout | Capacitance | Resistance | Transition | Delta Delay | Incr   | Path            |
+------------------------------------------------------------------------------------------------------------------------------------------------------------------------------------+--------+-------------+------------+------------+-------------+--------+-----------------+
| clock (port)                                                                                                                                                                       |        | 0.147       | 0.000      | 0.000      |             | 0.000  | 0.000r          |
| clock (clock net)                                                                                                                                                                  | 116    |             |            |            | NA          |        |                 |
| decode_mod.bus_in_opcode_5__reg_p:CK (DFFQX1H7L)                                                                                                                                   |        | 0.001       | 0.000      | 0.000      |             | 0.000  | 0.000r          |
| clock core_clock (rise edge)                                                                                                                                                       |        |             |            |            |             | 0      | 0               |
| clock network delay (ideal)                                                                                                                                                        |        |             |            |            |             | 0.000  | 0.000           |
| decode_mod.bus_in_opcode_5__reg_p:CK (DFFQX1H7L)                                                                                                                                   |        | 0.001       | 0.000      | 0.000      |             | 0.000  | 0.000r          |
| decode_mod.bus_in_opcode_5__reg_p:Q (DFFQX1H7L)                                                                                                                                    |        | 0.002       | 0.000      | 0.030      |             | 0.088  | 0.088r          |
| decode_mod.bus_in_opcode_5_ (net)                                                                                                                                                  | 1      |             |            |            | 0.000       |        |                 |
| decode_mod.bus_in_opcode_5__BUFX7H7L_A:A (BUFX7H7L)                                                                                                                                |        | 0.002       | 0.000      | 0.030      |             | 0.000  | 0.088r          |
| decode_mod.bus_in_opcode_5__BUFX7H7L_A:Y (BUFX7H7L)                                                                                                                                |        | 0.020       | 0.000      | 0.058      |             | 0.055  | 0.143r          |
| decode_mod.bus_in_opcode_5__BUFX7H7L_A_Y (net)                                                                                                                                     | 24     |             |            |            | 0.000       |        |                 |
| decode_mod.bus_in_opcode_4__NAND4BX3H7L_AN:B (NAND4BX3H7L)                                                                                                                         |        | 0.002       | 0.000      | 0.058      |             | 0.000  | 0.143r          |
| decode_mod.bus_in_opcode_4__NAND4BX3H7L_AN:Y (NAND4BX3H7L)                                                                                                                         |        | 0.008       | 0.000      | 0.113      |             | 0.086  | 0.229f          |
| decode_mod.bus_in_opcode_4__NAND4BX3H7L_AN_Y (net)                                                                                                                                 | 9      |             |            |            | 0.000       |        |                 |
| decode_mod.bus_in_opcode_22__reg_p_D_OAOI211X0P5H7L_Y_A0_OAI33X2H7L_B2:A2 (OAI33X2H7L)                                                                                             |        | 0.001       | 0.000      | 0.113      |             | 0.000  | 0.229f          |
| decode_mod.bus_in_opcode_22__reg_p_D_OAOI211X0P5H7L_Y_A0_OAI33X2H7L_B2:Y (OAI33X2H7L)                                                                                              |        | 0.002       | 0.000      | 0.117      |             | 0.101  | 0.330r          |
| decode_mod.bus_in_opcode_22__reg_p_D_OAOI211X0P5H7L_Y_A0_OAI33X2H7L_B2_Y (net)                                                                                                     | 1      |             |            |            | 0.000       |        |                 |
| decode_mod.bus_in_opcode_22__reg_p_D_OAOI211X0P5H7L_Y_A0_OAI33X2H7L_B2_Y_BUFX8H7L_A:A (BUFX8H7L)                                                                                   |        | 0.002       | 0.000      | 0.117      |             | 0.000  | 0.330r          |
| decode_mod.bus_in_opcode_22__reg_p_D_OAOI211X0P5H7L_Y_A0_OAI33X2H7L_B2_Y_BUFX8H7L_A:Y (BUFX8H7L)                                                                                   |        | 0.032       | 0.000      | 0.080      |             | 0.079  | 0.409r          |
| reg_mod.regs[24]_2__NOR2BX1H7L_AN_B (net)                                                                                                                                          | 19     |             |            |            | 0.000       |        |                 |
| reg_mod.regs[24]_2__NOR2BX1H7L_AN_B_BUFX16H7L_A_1:A (BUFX16H7L)                                                                                                                    |        | 0.003       | 0.000      | 0.080      |             | 0.000  | 0.409r          |
| reg_mod.regs[24]_2__NOR2BX1H7L_AN_B_BUFX16H7L_A_1:Y (BUFX16H7L)                                                                                                                    |        | 0.039       | 0.000      | 0.052      |             | 0.061  | 0.470r          |
| reg_mod.regs[8]_0__NOR2BX1H7L_AN_B (net)                                                                                                                                           | 24     |             |            |            | 0.000       |        |                 |
| reg_mod.regs[8]_0__NOR2BX1H7L_AN_B_BUFX16H7L_A:A (BUFX16H7L)                                                                                                                       |        | 0.003       | 0.000      | 0.052      |             | 0.000  | 0.470r          |
| reg_mod.regs[8]_0__NOR2BX1H7L_AN_B_BUFX16H7L_A:Y (BUFX16H7L)                                                                                                                       |        | 0.031       | 0.000      | 0.042      |             | 0.052  | 0.523r          |
| reg_mod.regs[3]_7__MUX4X1P4H7L_A_S1 (net)                                                                                                                                          | 24     |             |            |            | 0.000       |        |                 |
| reg_mod.regs[3]_7__MUX4X1P4H7L_A_S1_BUFX10H7L_A:A (BUFX10H7L)                                                                                                                      |        | 0.002       | 0.000      | 0.042      |             | 0.000  | 0.523r          |
| reg_mod.regs[3]_7__MUX4X1P4H7L_A_S1_BUFX10H7L_A:Y (BUFX10H7L)                                                                                                                      |        | 0.025       | 0.000      | 0.051      |             | 0.055  | 0.577r          |
| reg_mod.regs[10]_27__NOR2BX1H7L_AN_B (net)                                                                                                                                         | 24     |             |            |            | 0.000       |        |                 |
| reg_mod.regs[31]_21__AOI211X0P5H7L_A0:A1 (AOI211X0P5H7L)                                                                                                                           |        | 0.001       | 0.000      | 0.051      |             | 0.000  | 0.577r          |
| reg_mod.regs[31]_21__AOI211X0P5H7L_A0:Y (AOI211X0P5H7L)                                                                                                                            |        | 0.001       | 0.000      | 0.039      |             | 0.036  | 0.613f          |
| reg_mod.regs[31]_21__AOI211X0P5H7L_A0_Y (net)                                                                                                                                      | 1      |             |            |            | 0.000       |        |                 |
| reg_mod.regs[31]_21__AOI211X0P5H7L_A0_Y_NOR4X0P5H7L_C:C (NOR4X0P5H7L)                                                                                                              |        | 0.001       | 0.000      | 0.039      |             | 0.000  | 0.613f          |
| reg_mod.regs[31]_21__AOI211X0P5H7L_A0_Y_NOR4X0P5H7L_C:Y (NOR4X0P5H7L)                                                                                                              |        | 0.001       | 0.000      | 0.100      |             | 0.077  | 0.689r          |
| reg_mod.regs[31]_21__AOI211X0P5H7L_A0_Y_NOR4X0P5H7L_C_Y (net)                                                                                                                      | 1      |             |            |            | 0.000       |        |                 |
| reg_mod.regs[8]_21__MUX2X0P5H7L_A_Y_OAI211X0P7H7L_A1_Y_OAI2BB2X0P5H7L_A1N:B0 (OAI2BB2X0P5H7L)                                                                                      |        | 0.001       | 0.000      | 0.100      |             | 0.000  | 0.689r          |
| reg_mod.regs[8]_21__MUX2X0P5H7L_A_Y_OAI211X0P7H7L_A1_Y_OAI2BB2X0P5H7L_A1N:Y (OAI2BB2X0P5H7L)                                                                                       |        | 0.002       | 0.000      | 0.050      |             | 0.049  | 0.739f          |
| reg_mod.regs[8]_21__MUX2X0P5H7L_A_Y_OAI211X0P7H7L_A1_Y_OAI2BB2X0P5H7L_A1N_Y (net)                                                                                                  | 2      |             |            |            | 0.000       |        |                 |
| reg_mod.regs[20]_21__MUX4X1P4H7L_A_Y_NAND2X0P5H7L_B_Y_AOA211X1P4H7L_A0_Y_AO31X0P5H7L_A1:A2 (AO31X0P5H7L)                                                                           |        | 0.001       | 0.000      | 0.050      |             | 0.000  | 0.739f          |
| reg_mod.regs[20]_21__MUX4X1P4H7L_A_Y_NAND2X0P5H7L_B_Y_AOA211X1P4H7L_A0_Y_AO31X0P5H7L_A1:Y (AO31X0P5H7L)                                                                            |        | 0.005       | 0.000      | 0.056      |             | 0.086  | 0.825f          |
| reg_mod.regs[20]_21__MUX4X1P4H7L_A_Y_NAND2X0P5H7L_B_Y_AOA211X1P4H7L_A0_Y_AO31X0P5H7L_A1_Y (net)                                                                                    | 4      |             |            |            | 0.000       |        |                 |
| pc_mod.pc_21__reg_p_D_AOAI211X0P5H7L_Y_A0_NAND2X0P5H7L_Y_B_AOI22X0P5H7L_Y_B1_OAOI211X0P5H7L_Y_A1_XOR2X0P5H7L_Y_A_XNOR2X3H7L_Y:A (XNOR2X3H7L)                                       |        | 0.002       | 0.000      | 0.056      |             | 0.000  | 0.825f          |
| pc_mod.pc_21__reg_p_D_AOAI211X0P5H7L_Y_A0_NAND2X0P5H7L_Y_B_AOI22X0P5H7L_Y_B1_OAOI211X0P5H7L_Y_A1_XOR2X0P5H7L_Y_A_XNOR2X3H7L_Y:Y (XNOR2X3H7L)                                       |        | 0.005       | 0.000      | 0.039      |             | 0.073  | 0.898f          |
| pc_mod.pc_21__reg_p_D_AOAI211X0P5H7L_Y_A0_NAND2X0P5H7L_Y_B_AOI22X0P5H7L_Y_B1_OAOI211X0P5H7L_Y_A1_XOR2X0P5H7L_Y_A (net)                                                             | 2      |             |            |            | 0.000       |        |                 |
| pc_mod.pc_21__reg_p_D_AOAI211X0P5H7L_Y_A0_NAND2X0P5H7L_Y_B_AOI22X0P5H7L_Y_B1_OAOI211X0P5H7L_Y_A1_XOR2X0P5H7L_Y_A_NOR3X6H7L_A:A (NOR3X6H7L)                                         |        | 0.003       | 0.000      | 0.039      |             | 0.000  | 0.898f          |
| pc_mod.pc_21__reg_p_D_AOAI211X0P5H7L_Y_A0_NAND2X0P5H7L_Y_B_AOI22X0P5H7L_Y_B1_OAOI211X0P5H7L_Y_A1_XOR2X0P5H7L_Y_A_NOR3X6H7L_A:Y (NOR3X6H7L)                                         |        | 0.002       | 0.000      | 0.054      |             | 0.047  | 0.944r          |
| reg_mod.regs[24]_22__OAI211X0P7H7L_A0_Y_OAI211X1P4H7L_B0_Y_AO21X1H7L_B0_Y_XOR2X0P5H7L_B_Y_AND4X0P5H7L_C_D (net)                                                                    | 3      |             |            |            | 0.000       |        |                 |
| reg_mod.regs[24]_22__OAI211X0P7H7L_A0_Y_OAI211X1P4H7L_B0_Y_AO21X1H7L_B0_Y_XOR2X0P5H7L_B_Y_AND4X0P5H7L_C:D (AND4X0P5H7L)                                                            |        | 0.001       | 0.000      | 0.054      |             | 0.000  | 0.944r          |
| reg_mod.regs[24]_22__OAI211X0P7H7L_A0_Y_OAI211X1P4H7L_B0_Y_AO21X1H7L_B0_Y_XOR2X0P5H7L_B_Y_AND4X0P5H7L_C:Y (AND4X0P5H7L)                                                            |        | 0.004       | 0.000      | 0.075      |             | 0.099  | 1.043r          |
| reg_mod.regs[24]_22__OAI211X0P7H7L_A0_Y_OAI211X1P4H7L_B0_Y_AO21X1H7L_B0_Y_XOR2X0P5H7L_B_Y_AND4X0P5H7L_C_Y (net)                                                                    | 3      |             |            |            | 0.000       |        |                 |
| reg_mod.regs[24]_22__OAI211X0P7H7L_A0_Y_OAI211X1P4H7L_B0_Y_AO21X1H7L_B0_Y_XOR2X0P5H7L_B_Y_AND4X0P5H7L_C_Y_NOR2BX3H7L_AN:AN (NOR2BX3H7L)                                            |        | 0.001       | 0.000      | 0.075      |             | 0.000  | 1.043r          |
| reg_mod.regs[24]_22__OAI211X0P7H7L_A0_Y_OAI211X1P4H7L_B0_Y_AO21X1H7L_B0_Y_XOR2X0P5H7L_B_Y_AND4X0P5H7L_C_Y_NOR2BX3H7L_AN:Z (NOR2BX3H7L)                                             |        | 0.004       | 0.000      | 0.058      |             | 0.067  | 1.111r          |
| reg_mod.regs[24]_22__OAI211X0P7H7L_A0_Y_OAI211X1P4H7L_B0_Y_AO21X1H7L_B0_Y_XOR2X0P5H7L_B_Y_AND4X0P5H7L_C_Y_NOR2BX3H7L_AN_Z (net)                                                    | 3      |             |            |            | 0.000       |        |                 |
| reg_mod.regs[24]_22__OAI211X0P7H7L_A0_Y_OAI211X1P4H7L_B0_Y_AO21X1H7L_B0_Y_XOR2X0P5H7L_B_Y_AND4X0P5H7L_C_Y_AOI221X3H7L_A0:B1 (AOI221X3H7L)                                          |        | 0.002       | 0.000      | 0.058      |             | 0.000  | 1.111r          |
| reg_mod.regs[24]_22__OAI211X0P7H7L_A0_Y_OAI211X1P4H7L_B0_Y_AO21X1H7L_B0_Y_XOR2X0P5H7L_B_Y_AND4X0P5H7L_C_Y_AOI221X3H7L_A0:Y (AOI221X3H7L)                                           |        | 0.008       | 0.000      | 0.072      |             | 0.053  | 1.164f          |
| pc_mod.pc_27__reg_p_D_OAI221X0P5H7L_Y_B1_OAI21X0P5H7L_Y_A0_AOA211X1P4H7L_Y_A1_OAI211X0P7H7L_Y_A0 (net)                                                                             | 10     |             |            |            | 0.000       |        |                 |
| pc_mod.pc_30__reg_p_D_AOAI211X0P5H7L_Y_A1_NOR3X0P5H7L_Y_C_AOI21X0P5H7L_Y_A1_NAND3X0P5H7L_Y_A_OAI2BB1X0P5H7L_Y_B0_OAI32X0P7H7L_B0_B1_INVX0P5H7L_A_Y_AOA211X3H7L_A0:C0 (AOA211X3H7L) |        | 0.001       | 0.000      | 0.072      |             | 0.000  | 1.164f          |
| pc_mod.pc_30__reg_p_D_AOAI211X0P5H7L_Y_A1_NOR3X0P5H7L_Y_C_AOI21X0P5H7L_Y_A1_NAND3X0P5H7L_Y_A_OAI2BB1X0P5H7L_Y_B0_OAI32X0P7H7L_B0_B1_INVX0P5H7L_A_Y_AOA211X3H7L_A0:Y (AOA211X3H7L)  |        | 0.003       | 0.000      | 0.030      |             | 0.054  | 1.218f          |
| pc_mod.pc_30__reg_p_D_AOAI211X0P5H7L_Y_A1_NOR3X0P5H7L_Y_C_AOI21X0P5H7L_Y_A1_NAND3X0P5H7L_Y_A_OAI2BB1X0P5H7L_Y_B0_OAI32X0P7H7L_B0_Y_OR4X1H7L_D_Y_OA31X4H7L_A0_A1 (net)              | 2      |             |            |            | 0.000       |        |                 |
| pc_mod.pc_30__reg_p_D_AOAI211X0P5H7L_Y_A1_NOR3X0P5H7L_Y_C_AOI21X0P5H7L_Y_A1_NAND3X0P5H7L_Y_A_OAI2BB1X0P5H7L_Y_B0_OAI32X0P7H7L_B0_Y_OR4X1H7L_D_Y_OA31X4H7L_A0:A1 (OA31X4H7L)        |        | 0.001       | 0.000      | 0.030      |             | 0.000  | 1.218f          |
| pc_mod.pc_30__reg_p_D_AOAI211X0P5H7L_Y_A1_NOR3X0P5H7L_Y_C_AOI21X0P5H7L_Y_A1_NAND3X0P5H7L_Y_A_OAI2BB1X0P5H7L_Y_B0_OAI32X0P7H7L_B0_Y_OR4X1H7L_D_Y_OA31X4H7L_A0:Y (OA31X4H7L)         |        | 0.009       | 0.000      | 0.052      |             | 0.113  | 1.330f          |
| decode_mod.bus_in_opcode_23__reg_p_D_OAOI211X0P5H7L_Y_A0_NOR2X3H7L_A_Y_NOR4X0P5H7L_B_C (net)                                                                                       | 6      |             |            |            | 0.000       |        |                 |
| decode_mod.bus_in_opcode_23__reg_p_D_OAOI211X0P5H7L_Y_A0_NOR2X3H7L_A_Y_OAI21BX0P7H7L_A1_B0N_NOR2X0P5H7L_B_Y_OAI21X1P4H7L_B0:A0 (OAI21X1P4H7L)                                      |        | 0.001       | 0.000      | 0.052      |             | 0.000  | 1.330f          |
| decode_mod.bus_in_opcode_23__reg_p_D_OAOI211X0P5H7L_Y_A0_NOR2X3H7L_A_Y_OAI21BX0P7H7L_A1_B0N_NOR2X0P5H7L_B_Y_OAI21X1P4H7L_B0:Y (OAI21X1P4H7L)                                       |        | 0.007       | 0.000      | 0.163      |             | 0.111  | 1.441r          |
| pc_mod.pc_11__reg_p_D_OAI31X0P5H7L_Y_A1_NOR2X0P5H7L_Y_B_AOI211X3H7L_A1_C0_AOI31X0P5H7L_Y_A1 (net)                                                                                  | 8      |             |            |            | 0.000       |        |                 |
| pc_mod.pc_11__reg_p_D_OAI31X0P5H7L_Y_A1_NOR2X0P5H7L_Y_B_AOI211X3H7L_A1_C0_AOI31X0P5H7L_Y:A1 (AOI31X0P5H7L)                                                                         |        | 0.001       | 0.000      | 0.163      |             | 0.000  | 1.441r          |
| pc_mod.pc_11__reg_p_D_OAI31X0P5H7L_Y_A1_NOR2X0P5H7L_Y_B_AOI211X3H7L_A1_C0_AOI31X0P5H7L_Y:Y (AOI31X0P5H7L)                                                                          |        | 0.002       | 0.000      | 0.086      |             | 0.074  | 1.515f          |
| pc_mod.pc_11__reg_p_D_OAI31X0P5H7L_Y_A1_NOR2X0P5H7L_Y_B_AOI211X3H7L_A1_C0 (net)                                                                                                    | 1      |             |            |            | 0.000       |        |                 |
| pc_mod.pc_11__reg_p_D_OAI31X0P5H7L_Y_A1_NOR2X0P5H7L_Y_B_AOI211X3H7L_A1:C0 (AOI211X3H7L)                                                                                            |        | 0.002       | 0.000      | 0.086      |             | 0.000  | 1.515f          |
| pc_mod.pc_11__reg_p_D_OAI31X0P5H7L_Y_A1_NOR2X0P5H7L_Y_B_AOI211X3H7L_A1:Y (AOI211X3H7L)                                                                                             |        | 0.008       | 0.000      | 0.156      |             | 0.113  | 1.629r          |
| reg_mod.regs[30]_11__reg_p_D_NOR2X0P5H7L_Y_B (net)                                                                                                                                 | 8      |             |            |            | 0.000       |        |                 |
| reg_mod.regs[30]_11__reg_p_D_NOR2X0P5H7L_Y_B_BUFX7H7L_A:A (BUFX7H7L)                                                                                                               |        | 0.002       | 0.000      | 0.156      |             | 0.000  | 1.629r          |
| reg_mod.regs[30]_11__reg_p_D_NOR2X0P5H7L_Y_B_BUFX7H7L_A:Y (BUFX7H7L)                                                                                                               |        | 0.020       | 0.000      | 0.059      |             | 0.071  | 1.700r          |
| reg_mod.regs[9]_11__reg_p_D_NOR2X0P5H7L_Y_B (net)                                                                                                                                  | 24     |             |            |            | 0.000       |        |                 |
| reg_mod.regs[15]_11__reg_p_D_NOR2X0P5H7L_Y:B (NOR2X0P5H7L)                                                                                                                         |        | 0.001       | 0.000      | 0.059      |             | 0.000  | 1.700r          |
| reg_mod.regs[15]_11__reg_p_D_NOR2X0P5H7L_Y:Y (NOR2X0P5H7L)                                                                                                                         |        | 0.001       | 0.000      | 0.043      |             | 0.020  | 1.719f          |
| reg_mod.regs[15]_11__reg_p_D (net)                                                                                                                                                 | 1      |             |            |            | 0.000       |        |                 |
| reg_mod.regs[15]_11__reg_p:D (DFFQX1H7L)                                                                                                                                           |        | 0.001       | 0.000      | 0.043      |             | 0.000  | 1.719f          |
|                                                                                                                                                                                    |        |             |            |            |             |        |                 |
| clock (port)                                                                                                                                                                       |        | 0.111       | 0.000      | 0.000      |             | 0.000  | 0.000r          |
| clock (clock net)                                                                                                                                                                  | 116    |             |            |            | NA          |        |                 |
| reg_mod.regs[15]_26__reg_p_D_NOR2X3H7L_Y_A_NAND2X0P5H7L_B_Y_ICGX0P5H7L_E:CK (ICGX0P5H7L)                                                                                           |        | 0.002       | 0.000      | 0.000      |             | 0.000  | 0.000r          |
| reg_mod.regs[15]_26__reg_p_D_NOR2X3H7L_Y_A_NAND2X0P5H7L_B_Y_ICGX0P5H7L_E:ECK (ICGX0P5H7L)                                                                                          |        | 0.025       | 0.000      | 0.000      |             | 0.000  | 0.000r          |
| reg_mod.regs[15]_0__reg_p_CK (clock net)                                                                                                                                           | 32     |             |            |            | NA          |        |                 |
| reg_mod.regs[15]_11__reg_p:CK (DFFQX1H7L)                                                                                                                                          |        | 0.001       | 0.000      | 0.000      |             | 0.000  | 0.000r          |
| clock core_clock (rise edge)                                                                                                                                                       |        |             |            |            |             | 3.333  | 3.333           |
| clock network delay (ideal)                                                                                                                                                        |        |             |            |            |             | 0.000  | 3.333           |
| reg_mod.regs[15]_11__reg_p:CK (DFFQX1H7L)                                                                                                                                          |        |             |            |            |             |        | 3.333r          |
| library setup time                                                                                                                                                                 |        |             |            |            |             | -0.048 | 3.285           |
| clock reconvergence pessimism                                                                                                                                                      |        |             |            |            |             | 0.000  | 3.285           |
|                                                                                                                                                                                    |        |             |            |            |             |        |                 |
| path cell delay                                                                                                                                                                    |        |             |            |            |             |        | 1.719(100.000%) |
| path net delay                                                                                                                                                                     |        |             |            |            |             |        | 0.000(0.000%)   |
|                                                                                                                                                                                    |        |             |            |            |             |        |                 |
| data require time                                                                                                                                                                  |        |             |            |            |             |        | 3.285           |
| data arrival time                                                                                                                                                                  |        |             |            |            |             |        | 1.719           |
| slack (MET)                                                                                                                                                                        |        |             |            |            |             |        | 1.565           |
+------------------------------------------------------------------------------------------------------------------------------------------------------------------------------------+--------+-------------+------------+------------+-------------+--------+-----------------+
+------------------------------------------------------------------------------------------------------------------------------------------------------------------------------------+--------+-------------+------------+------------+-------------+--------+-----------------+
| Point                                                                                                                                                                              | Fanout | Capacitance | Resistance | Transition | Delta Delay | Incr   | Path            |
+------------------------------------------------------------------------------------------------------------------------------------------------------------------------------------+--------+-------------+------------+------------+-------------+--------+-----------------+
| clock (port)                                                                                                                                                                       |        | 0.147       | 0.000      | 0.000      |             | 0.000  | 0.000r          |
| clock (clock net)                                                                                                                                                                  | 116    |             |            |            | NA          |        |                 |
| decode_mod.bus_in_opcode_5__reg_p:CK (DFFQX1H7L)                                                                                                                                   |        | 0.001       | 0.000      | 0.000      |             | 0.000  | 0.000r          |
| clock core_clock (rise edge)                                                                                                                                                       |        |             |            |            |             | 0      | 0               |
| clock network delay (ideal)                                                                                                                                                        |        |             |            |            |             | 0.000  | 0.000           |
| decode_mod.bus_in_opcode_5__reg_p:CK (DFFQX1H7L)                                                                                                                                   |        | 0.001       | 0.000      | 0.000      |             | 0.000  | 0.000r          |
| decode_mod.bus_in_opcode_5__reg_p:Q (DFFQX1H7L)                                                                                                                                    |        | 0.002       | 0.000      | 0.030      |             | 0.088  | 0.088r          |
| decode_mod.bus_in_opcode_5_ (net)                                                                                                                                                  | 1      |             |            |            | 0.000       |        |                 |
| decode_mod.bus_in_opcode_5__BUFX7H7L_A:A (BUFX7H7L)                                                                                                                                |        | 0.002       | 0.000      | 0.030      |             | 0.000  | 0.088r          |
| decode_mod.bus_in_opcode_5__BUFX7H7L_A:Y (BUFX7H7L)                                                                                                                                |        | 0.020       | 0.000      | 0.058      |             | 0.055  | 0.143r          |
| decode_mod.bus_in_opcode_5__BUFX7H7L_A_Y (net)                                                                                                                                     | 24     |             |            |            | 0.000       |        |                 |
| decode_mod.bus_in_opcode_4__NAND4BX3H7L_AN:B (NAND4BX3H7L)                                                                                                                         |        | 0.002       | 0.000      | 0.058      |             | 0.000  | 0.143r          |
| decode_mod.bus_in_opcode_4__NAND4BX3H7L_AN:Y (NAND4BX3H7L)                                                                                                                         |        | 0.008       | 0.000      | 0.113      |             | 0.086  | 0.229f          |
| decode_mod.bus_in_opcode_4__NAND4BX3H7L_AN_Y (net)                                                                                                                                 | 9      |             |            |            | 0.000       |        |                 |
| decode_mod.bus_in_opcode_22__reg_p_D_OAOI211X0P5H7L_Y_A0_OAI33X2H7L_B2:A2 (OAI33X2H7L)                                                                                             |        | 0.001       | 0.000      | 0.113      |             | 0.000  | 0.229f          |
| decode_mod.bus_in_opcode_22__reg_p_D_OAOI211X0P5H7L_Y_A0_OAI33X2H7L_B2:Y (OAI33X2H7L)                                                                                              |        | 0.002       | 0.000      | 0.117      |             | 0.101  | 0.330r          |
| decode_mod.bus_in_opcode_22__reg_p_D_OAOI211X0P5H7L_Y_A0_OAI33X2H7L_B2_Y (net)                                                                                                     | 1      |             |            |            | 0.000       |        |                 |
| decode_mod.bus_in_opcode_22__reg_p_D_OAOI211X0P5H7L_Y_A0_OAI33X2H7L_B2_Y_BUFX8H7L_A:A (BUFX8H7L)                                                                                   |        | 0.002       | 0.000      | 0.117      |             | 0.000  | 0.330r          |
| decode_mod.bus_in_opcode_22__reg_p_D_OAOI211X0P5H7L_Y_A0_OAI33X2H7L_B2_Y_BUFX8H7L_A:Y (BUFX8H7L)                                                                                   |        | 0.032       | 0.000      | 0.080      |             | 0.079  | 0.409r          |
| reg_mod.regs[24]_2__NOR2BX1H7L_AN_B (net)                                                                                                                                          | 19     |             |            |            | 0.000       |        |                 |
| reg_mod.regs[24]_2__NOR2BX1H7L_AN_B_BUFX16H7L_A_1:A (BUFX16H7L)                                                                                                                    |        | 0.003       | 0.000      | 0.080      |             | 0.000  | 0.409r          |
| reg_mod.regs[24]_2__NOR2BX1H7L_AN_B_BUFX16H7L_A_1:Y (BUFX16H7L)                                                                                                                    |        | 0.039       | 0.000      | 0.052      |             | 0.061  | 0.470r          |
| reg_mod.regs[8]_0__NOR2BX1H7L_AN_B (net)                                                                                                                                           | 24     |             |            |            | 0.000       |        |                 |
| reg_mod.regs[8]_0__NOR2BX1H7L_AN_B_BUFX16H7L_A:A (BUFX16H7L)                                                                                                                       |        | 0.003       | 0.000      | 0.052      |             | 0.000  | 0.470r          |
| reg_mod.regs[8]_0__NOR2BX1H7L_AN_B_BUFX16H7L_A:Y (BUFX16H7L)                                                                                                                       |        | 0.031       | 0.000      | 0.042      |             | 0.052  | 0.523r          |
| reg_mod.regs[3]_7__MUX4X1P4H7L_A_S1 (net)                                                                                                                                          | 24     |             |            |            | 0.000       |        |                 |
| reg_mod.regs[3]_7__MUX4X1P4H7L_A_S1_BUFX10H7L_A:A (BUFX10H7L)                                                                                                                      |        | 0.002       | 0.000      | 0.042      |             | 0.000  | 0.523r          |
| reg_mod.regs[3]_7__MUX4X1P4H7L_A_S1_BUFX10H7L_A:Y (BUFX10H7L)                                                                                                                      |        | 0.025       | 0.000      | 0.051      |             | 0.055  | 0.577r          |
| reg_mod.regs[10]_27__NOR2BX1H7L_AN_B (net)                                                                                                                                         | 24     |             |            |            | 0.000       |        |                 |
| reg_mod.regs[31]_21__AOI211X0P5H7L_A0:A1 (AOI211X0P5H7L)                                                                                                                           |        | 0.001       | 0.000      | 0.051      |             | 0.000  | 0.577r          |
| reg_mod.regs[31]_21__AOI211X0P5H7L_A0:Y (AOI211X0P5H7L)                                                                                                                            |        | 0.001       | 0.000      | 0.039      |             | 0.036  | 0.613f          |
| reg_mod.regs[31]_21__AOI211X0P5H7L_A0_Y (net)                                                                                                                                      | 1      |             |            |            | 0.000       |        |                 |
| reg_mod.regs[31]_21__AOI211X0P5H7L_A0_Y_NOR4X0P5H7L_C:C (NOR4X0P5H7L)                                                                                                              |        | 0.001       | 0.000      | 0.039      |             | 0.000  | 0.613f          |
| reg_mod.regs[31]_21__AOI211X0P5H7L_A0_Y_NOR4X0P5H7L_C:Y (NOR4X0P5H7L)                                                                                                              |        | 0.001       | 0.000      | 0.100      |             | 0.077  | 0.689r          |
| reg_mod.regs[31]_21__AOI211X0P5H7L_A0_Y_NOR4X0P5H7L_C_Y (net)                                                                                                                      | 1      |             |            |            | 0.000       |        |                 |
| reg_mod.regs[8]_21__MUX2X0P5H7L_A_Y_OAI211X0P7H7L_A1_Y_OAI2BB2X0P5H7L_A1N:B0 (OAI2BB2X0P5H7L)                                                                                      |        | 0.001       | 0.000      | 0.100      |             | 0.000  | 0.689r          |
| reg_mod.regs[8]_21__MUX2X0P5H7L_A_Y_OAI211X0P7H7L_A1_Y_OAI2BB2X0P5H7L_A1N:Y (OAI2BB2X0P5H7L)                                                                                       |        | 0.002       | 0.000      | 0.050      |             | 0.049  | 0.739f          |
| reg_mod.regs[8]_21__MUX2X0P5H7L_A_Y_OAI211X0P7H7L_A1_Y_OAI2BB2X0P5H7L_A1N_Y (net)                                                                                                  | 2      |             |            |            | 0.000       |        |                 |
| reg_mod.regs[20]_21__MUX4X1P4H7L_A_Y_NAND2X0P5H7L_B_Y_AOA211X1P4H7L_A0_Y_AO31X0P5H7L_A1:A2 (AO31X0P5H7L)                                                                           |        | 0.001       | 0.000      | 0.050      |             | 0.000  | 0.739f          |
| reg_mod.regs[20]_21__MUX4X1P4H7L_A_Y_NAND2X0P5H7L_B_Y_AOA211X1P4H7L_A0_Y_AO31X0P5H7L_A1:Y (AO31X0P5H7L)                                                                            |        | 0.005       | 0.000      | 0.056      |             | 0.086  | 0.825f          |
| reg_mod.regs[20]_21__MUX4X1P4H7L_A_Y_NAND2X0P5H7L_B_Y_AOA211X1P4H7L_A0_Y_AO31X0P5H7L_A1_Y (net)                                                                                    | 4      |             |            |            | 0.000       |        |                 |
| pc_mod.pc_21__reg_p_D_AOAI211X0P5H7L_Y_A0_NAND2X0P5H7L_Y_B_AOI22X0P5H7L_Y_B1_OAOI211X0P5H7L_Y_A1_XOR2X0P5H7L_Y_A_XNOR2X3H7L_Y:A (XNOR2X3H7L)                                       |        | 0.002       | 0.000      | 0.056      |             | 0.000  | 0.825f          |
| pc_mod.pc_21__reg_p_D_AOAI211X0P5H7L_Y_A0_NAND2X0P5H7L_Y_B_AOI22X0P5H7L_Y_B1_OAOI211X0P5H7L_Y_A1_XOR2X0P5H7L_Y_A_XNOR2X3H7L_Y:Y (XNOR2X3H7L)                                       |        | 0.005       | 0.000      | 0.039      |             | 0.073  | 0.898f          |
| pc_mod.pc_21__reg_p_D_AOAI211X0P5H7L_Y_A0_NAND2X0P5H7L_Y_B_AOI22X0P5H7L_Y_B1_OAOI211X0P5H7L_Y_A1_XOR2X0P5H7L_Y_A (net)                                                             | 2      |             |            |            | 0.000       |        |                 |
| pc_mod.pc_21__reg_p_D_AOAI211X0P5H7L_Y_A0_NAND2X0P5H7L_Y_B_AOI22X0P5H7L_Y_B1_OAOI211X0P5H7L_Y_A1_XOR2X0P5H7L_Y_A_NOR3X6H7L_A:A (NOR3X6H7L)                                         |        | 0.003       | 0.000      | 0.039      |             | 0.000  | 0.898f          |
| pc_mod.pc_21__reg_p_D_AOAI211X0P5H7L_Y_A0_NAND2X0P5H7L_Y_B_AOI22X0P5H7L_Y_B1_OAOI211X0P5H7L_Y_A1_XOR2X0P5H7L_Y_A_NOR3X6H7L_A:Y (NOR3X6H7L)                                         |        | 0.002       | 0.000      | 0.054      |             | 0.047  | 0.944r          |
| reg_mod.regs[24]_22__OAI211X0P7H7L_A0_Y_OAI211X1P4H7L_B0_Y_AO21X1H7L_B0_Y_XOR2X0P5H7L_B_Y_AND4X0P5H7L_C_D (net)                                                                    | 3      |             |            |            | 0.000       |        |                 |
| reg_mod.regs[24]_22__OAI211X0P7H7L_A0_Y_OAI211X1P4H7L_B0_Y_AO21X1H7L_B0_Y_XOR2X0P5H7L_B_Y_AND4X0P5H7L_C:D (AND4X0P5H7L)                                                            |        | 0.001       | 0.000      | 0.054      |             | 0.000  | 0.944r          |
| reg_mod.regs[24]_22__OAI211X0P7H7L_A0_Y_OAI211X1P4H7L_B0_Y_AO21X1H7L_B0_Y_XOR2X0P5H7L_B_Y_AND4X0P5H7L_C:Y (AND4X0P5H7L)                                                            |        | 0.004       | 0.000      | 0.075      |             | 0.099  | 1.043r          |
| reg_mod.regs[24]_22__OAI211X0P7H7L_A0_Y_OAI211X1P4H7L_B0_Y_AO21X1H7L_B0_Y_XOR2X0P5H7L_B_Y_AND4X0P5H7L_C_Y (net)                                                                    | 3      |             |            |            | 0.000       |        |                 |
| reg_mod.regs[24]_22__OAI211X0P7H7L_A0_Y_OAI211X1P4H7L_B0_Y_AO21X1H7L_B0_Y_XOR2X0P5H7L_B_Y_AND4X0P5H7L_C_Y_NOR2BX3H7L_AN:AN (NOR2BX3H7L)                                            |        | 0.001       | 0.000      | 0.075      |             | 0.000  | 1.043r          |
| reg_mod.regs[24]_22__OAI211X0P7H7L_A0_Y_OAI211X1P4H7L_B0_Y_AO21X1H7L_B0_Y_XOR2X0P5H7L_B_Y_AND4X0P5H7L_C_Y_NOR2BX3H7L_AN:Z (NOR2BX3H7L)                                             |        | 0.004       | 0.000      | 0.058      |             | 0.067  | 1.111r          |
| reg_mod.regs[24]_22__OAI211X0P7H7L_A0_Y_OAI211X1P4H7L_B0_Y_AO21X1H7L_B0_Y_XOR2X0P5H7L_B_Y_AND4X0P5H7L_C_Y_NOR2BX3H7L_AN_Z (net)                                                    | 3      |             |            |            | 0.000       |        |                 |
| reg_mod.regs[24]_22__OAI211X0P7H7L_A0_Y_OAI211X1P4H7L_B0_Y_AO21X1H7L_B0_Y_XOR2X0P5H7L_B_Y_AND4X0P5H7L_C_Y_AOI221X3H7L_A0:B1 (AOI221X3H7L)                                          |        | 0.002       | 0.000      | 0.058      |             | 0.000  | 1.111r          |
| reg_mod.regs[24]_22__OAI211X0P7H7L_A0_Y_OAI211X1P4H7L_B0_Y_AO21X1H7L_B0_Y_XOR2X0P5H7L_B_Y_AND4X0P5H7L_C_Y_AOI221X3H7L_A0:Y (AOI221X3H7L)                                           |        | 0.008       | 0.000      | 0.072      |             | 0.053  | 1.164f          |
| pc_mod.pc_27__reg_p_D_OAI221X0P5H7L_Y_B1_OAI21X0P5H7L_Y_A0_AOA211X1P4H7L_Y_A1_OAI211X0P7H7L_Y_A0 (net)                                                                             | 10     |             |            |            | 0.000       |        |                 |
| pc_mod.pc_30__reg_p_D_AOAI211X0P5H7L_Y_A1_NOR3X0P5H7L_Y_C_AOI21X0P5H7L_Y_A1_NAND3X0P5H7L_Y_A_OAI2BB1X0P5H7L_Y_B0_OAI32X0P7H7L_B0_B1_INVX0P5H7L_A_Y_AOA211X3H7L_A0:C0 (AOA211X3H7L) |        | 0.001       | 0.000      | 0.072      |             | 0.000  | 1.164f          |
| pc_mod.pc_30__reg_p_D_AOAI211X0P5H7L_Y_A1_NOR3X0P5H7L_Y_C_AOI21X0P5H7L_Y_A1_NAND3X0P5H7L_Y_A_OAI2BB1X0P5H7L_Y_B0_OAI32X0P7H7L_B0_B1_INVX0P5H7L_A_Y_AOA211X3H7L_A0:Y (AOA211X3H7L)  |        | 0.003       | 0.000      | 0.030      |             | 0.054  | 1.218f          |
| pc_mod.pc_30__reg_p_D_AOAI211X0P5H7L_Y_A1_NOR3X0P5H7L_Y_C_AOI21X0P5H7L_Y_A1_NAND3X0P5H7L_Y_A_OAI2BB1X0P5H7L_Y_B0_OAI32X0P7H7L_B0_Y_OR4X1H7L_D_Y_OA31X4H7L_A0_A1 (net)              | 2      |             |            |            | 0.000       |        |                 |
| pc_mod.pc_30__reg_p_D_AOAI211X0P5H7L_Y_A1_NOR3X0P5H7L_Y_C_AOI21X0P5H7L_Y_A1_NAND3X0P5H7L_Y_A_OAI2BB1X0P5H7L_Y_B0_OAI32X0P7H7L_B0_Y_OR4X1H7L_D_Y_OA31X4H7L_A0:A1 (OA31X4H7L)        |        | 0.001       | 0.000      | 0.030      |             | 0.000  | 1.218f          |
| pc_mod.pc_30__reg_p_D_AOAI211X0P5H7L_Y_A1_NOR3X0P5H7L_Y_C_AOI21X0P5H7L_Y_A1_NAND3X0P5H7L_Y_A_OAI2BB1X0P5H7L_Y_B0_OAI32X0P7H7L_B0_Y_OR4X1H7L_D_Y_OA31X4H7L_A0:Y (OA31X4H7L)         |        | 0.009       | 0.000      | 0.052      |             | 0.113  | 1.330f          |
| decode_mod.bus_in_opcode_23__reg_p_D_OAOI211X0P5H7L_Y_A0_NOR2X3H7L_A_Y_NOR4X0P5H7L_B_C (net)                                                                                       | 6      |             |            |            | 0.000       |        |                 |
| decode_mod.bus_in_opcode_23__reg_p_D_OAOI211X0P5H7L_Y_A0_NOR2X3H7L_A_Y_OAI21BX0P7H7L_A1_B0N_NOR2X0P5H7L_B_Y_OAI21X1P4H7L_B0:A0 (OAI21X1P4H7L)                                      |        | 0.001       | 0.000      | 0.052      |             | 0.000  | 1.330f          |
| decode_mod.bus_in_opcode_23__reg_p_D_OAOI211X0P5H7L_Y_A0_NOR2X3H7L_A_Y_OAI21BX0P7H7L_A1_B0N_NOR2X0P5H7L_B_Y_OAI21X1P4H7L_B0:Y (OAI21X1P4H7L)                                       |        | 0.007       | 0.000      | 0.163      |             | 0.111  | 1.441r          |
| pc_mod.pc_11__reg_p_D_OAI31X0P5H7L_Y_A1_NOR2X0P5H7L_Y_B_AOI211X3H7L_A1_C0_AOI31X0P5H7L_Y_A1 (net)                                                                                  | 8      |             |            |            | 0.000       |        |                 |
| pc_mod.pc_11__reg_p_D_OAI31X0P5H7L_Y_A1_NOR2X0P5H7L_Y_B_AOI211X3H7L_A1_C0_AOI31X0P5H7L_Y:A1 (AOI31X0P5H7L)                                                                         |        | 0.001       | 0.000      | 0.163      |             | 0.000  | 1.441r          |
| pc_mod.pc_11__reg_p_D_OAI31X0P5H7L_Y_A1_NOR2X0P5H7L_Y_B_AOI211X3H7L_A1_C0_AOI31X0P5H7L_Y:Y (AOI31X0P5H7L)                                                                          |        | 0.002       | 0.000      | 0.086      |             | 0.074  | 1.515f          |
| pc_mod.pc_11__reg_p_D_OAI31X0P5H7L_Y_A1_NOR2X0P5H7L_Y_B_AOI211X3H7L_A1_C0 (net)                                                                                                    | 1      |             |            |            | 0.000       |        |                 |
| pc_mod.pc_11__reg_p_D_OAI31X0P5H7L_Y_A1_NOR2X0P5H7L_Y_B_AOI211X3H7L_A1:C0 (AOI211X3H7L)                                                                                            |        | 0.002       | 0.000      | 0.086      |             | 0.000  | 1.515f          |
| pc_mod.pc_11__reg_p_D_OAI31X0P5H7L_Y_A1_NOR2X0P5H7L_Y_B_AOI211X3H7L_A1:Y (AOI211X3H7L)                                                                                             |        | 0.008       | 0.000      | 0.156      |             | 0.113  | 1.629r          |
| reg_mod.regs[30]_11__reg_p_D_NOR2X0P5H7L_Y_B (net)                                                                                                                                 | 8      |             |            |            | 0.000       |        |                 |
| reg_mod.regs[30]_11__reg_p_D_NOR2X0P5H7L_Y_B_BUFX7H7L_A:A (BUFX7H7L)                                                                                                               |        | 0.002       | 0.000      | 0.156      |             | 0.000  | 1.629r          |
| reg_mod.regs[30]_11__reg_p_D_NOR2X0P5H7L_Y_B_BUFX7H7L_A:Y (BUFX7H7L)                                                                                                               |        | 0.020       | 0.000      | 0.059      |             | 0.071  | 1.700r          |
| reg_mod.regs[9]_11__reg_p_D_NOR2X0P5H7L_Y_B (net)                                                                                                                                  | 24     |             |            |            | 0.000       |        |                 |
| reg_mod.regs[14]_11__reg_p_D_NOR2X0P5H7L_Y:B (NOR2X0P5H7L)                                                                                                                         |        | 0.001       | 0.000      | 0.059      |             | 0.000  | 1.700r          |
| reg_mod.regs[14]_11__reg_p_D_NOR2X0P5H7L_Y:Y (NOR2X0P5H7L)                                                                                                                         |        | 0.001       | 0.000      | 0.043      |             | 0.020  | 1.719f          |
| reg_mod.regs[14]_11__reg_p_D (net)                                                                                                                                                 | 1      |             |            |            | 0.000       |        |                 |
| reg_mod.regs[14]_11__reg_p:D (DFFQX1H7L)                                                                                                                                           |        | 0.001       | 0.000      | 0.043      |             | 0.000  | 1.719f          |
|                                                                                                                                                                                    |        |             |            |            |             |        |                 |
| clock (port)                                                                                                                                                                       |        | 0.111       | 0.000      | 0.000      |             | 0.000  | 0.000r          |
| clock (clock net)                                                                                                                                                                  | 116    |             |            |            | NA          |        |                 |
| ifu_mod.ifu_1__NAND2X1H7L_B_A_NAND2X0P5H7L_A_1_Y_ICGX0P5H7L_E:CK (ICGX0P5H7L)                                                                                                      |        | 0.002       | 0.000      | 0.000      |             | 0.000  | 0.000r          |
| ifu_mod.ifu_1__NAND2X1H7L_B_A_NAND2X0P5H7L_A_1_Y_ICGX0P5H7L_E:ECK (ICGX0P5H7L)                                                                                                     |        | 0.025       | 0.000      | 0.000      |             | 0.000  | 0.000r          |
| reg_mod.regs[14]_0__reg_p_CK (clock net)                                                                                                                                           | 32     |             |            |            | NA          |        |                 |
| reg_mod.regs[14]_11__reg_p:CK (DFFQX1H7L)                                                                                                                                          |        | 0.001       | 0.000      | 0.000      |             | 0.000  | 0.000r          |
| clock core_clock (rise edge)                                                                                                                                                       |        |             |            |            |             | 3.333  | 3.333           |
| clock network delay (ideal)                                                                                                                                                        |        |             |            |            |             | 0.000  | 3.333           |
| reg_mod.regs[14]_11__reg_p:CK (DFFQX1H7L)                                                                                                                                          |        |             |            |            |             |        | 3.333r          |
| library setup time                                                                                                                                                                 |        |             |            |            |             | -0.048 | 3.285           |
| clock reconvergence pessimism                                                                                                                                                      |        |             |            |            |             | 0.000  | 3.285           |
|                                                                                                                                                                                    |        |             |            |            |             |        |                 |
| path cell delay                                                                                                                                                                    |        |             |            |            |             |        | 1.719(100.000%) |
| path net delay                                                                                                                                                                     |        |             |            |            |             |        | 0.000(0.000%)   |
|                                                                                                                                                                                    |        |             |            |            |             |        |                 |
| data require time                                                                                                                                                                  |        |             |            |            |             |        | 3.285           |
| data arrival time                                                                                                                                                                  |        |             |            |            |             |        | 1.719           |
| slack (MET)                                                                                                                                                                        |        |             |            |            |             |        | 1.565           |
+------------------------------------------------------------------------------------------------------------------------------------------------------------------------------------+--------+-------------+------------+------------+-------------+--------+-----------------+
+----------------------------------------------------------------------------------------------------------------------------------------------------------------------------------------------------------------------------+--------+-------------+------------+------------+-------------+--------+-----------------+
| Point                                                                                                                                                                                                                      | Fanout | Capacitance | Resistance | Transition | Delta Delay | Incr   | Path            |
+----------------------------------------------------------------------------------------------------------------------------------------------------------------------------------------------------------------------------+--------+-------------+------------+------------+-------------+--------+-----------------+
| clock (port)                                                                                                                                                                                                               |        | 0.147       | 0.000      | 0.000      |             | 0.000  | 0.000r          |
| clock (clock net)                                                                                                                                                                                                          | 116    |             |            |            | NA          |        |                 |
| decode_mod.bus_in_opcode_5__reg_p:CK (DFFQX1H7L)                                                                                                                                                                           |        | 0.001       | 0.000      | 0.000      |             | 0.000  | 0.000r          |
| clock core_clock (rise edge)                                                                                                                                                                                               |        |             |            |            |             | 0      | 0               |
| clock network delay (ideal)                                                                                                                                                                                                |        |             |            |            |             | 0.000  | 0.000           |
| decode_mod.bus_in_opcode_5__reg_p:CK (DFFQX1H7L)                                                                                                                                                                           |        | 0.001       | 0.000      | 0.000      |             | 0.000  | 0.000r          |
| decode_mod.bus_in_opcode_5__reg_p:Q (DFFQX1H7L)                                                                                                                                                                            |        | 0.002       | 0.000      | 0.030      |             | 0.088  | 0.088r          |
| decode_mod.bus_in_opcode_5_ (net)                                                                                                                                                                                          | 1      |             |            |            | 0.000       |        |                 |
| decode_mod.bus_in_opcode_5__BUFX7H7L_A:A (BUFX7H7L)                                                                                                                                                                        |        | 0.002       | 0.000      | 0.030      |             | 0.000  | 0.088r          |
| decode_mod.bus_in_opcode_5__BUFX7H7L_A:Y (BUFX7H7L)                                                                                                                                                                        |        | 0.020       | 0.000      | 0.058      |             | 0.055  | 0.143r          |
| decode_mod.bus_in_opcode_5__BUFX7H7L_A_Y (net)                                                                                                                                                                             | 24     |             |            |            | 0.000       |        |                 |
| decode_mod.bus_in_opcode_4__NAND4BX3H7L_AN:B (NAND4BX3H7L)                                                                                                                                                                 |        | 0.002       | 0.000      | 0.058      |             | 0.000  | 0.143r          |
| decode_mod.bus_in_opcode_4__NAND4BX3H7L_AN:Y (NAND4BX3H7L)                                                                                                                                                                 |        | 0.008       | 0.000      | 0.113      |             | 0.086  | 0.229f          |
| decode_mod.bus_in_opcode_4__NAND4BX3H7L_AN_Y (net)                                                                                                                                                                         | 9      |             |            |            | 0.000       |        |                 |
| reg_mod.regs[11]_11__MUXI2X0P5H7L_A_Y_OA222X1H7L_A1_Y_OAI22X1P4H7L_B0_Y_NOR3X0P5H7L_C_Y_AOI31X0P5H7L_B0_A0_AOI32X0P5H7L_Y_B0_NOR3BX0P5H7L_Y:C (NOR3BX0P5H7L)                                                               |        | 0.001       | 0.000      | 0.113      |             | 0.000  | 0.229f          |
| reg_mod.regs[11]_11__MUXI2X0P5H7L_A_Y_OA222X1H7L_A1_Y_OAI22X1P4H7L_B0_Y_NOR3X0P5H7L_C_Y_AOI31X0P5H7L_B0_A0_AOI32X0P5H7L_Y_B0_NOR3BX0P5H7L_Y:Y (NOR3BX0P5H7L)                                                               |        | 0.004       | 0.000      | 0.213      |             | 0.153  | 0.382r          |
| reg_mod.regs[11]_11__MUXI2X0P5H7L_A_Y_OA222X1H7L_A1_Y_OAI22X1P4H7L_B0_Y_NOR3X0P5H7L_C_Y_AOI31X0P5H7L_B0_A0_AOI32X0P5H7L_Y_B0 (net)                                                                                         | 5      |             |            |            | 0.000       |        |                 |
| reg_mod.regs[8]_21__NOR2BX1H7L_AN_Z_AOI221X0P5H7L_C0_B1_OAI211X1P4H7L_C0_Y_AOAI211X0P5H7L_A1_A0_OAI211X1P4H7L_A1_C0_AOI2XB1X0P5H7L_Y_A0_OAI2XB1X0P5H7L_Y_A1N_OAI211X1P4H7L_C0_Y_AO21X1H7L_A1:B0 (AO21X1H7L)                |        | 0.001       | 0.000      | 0.213      |             | 0.000  | 0.382r          |
| reg_mod.regs[8]_21__NOR2BX1H7L_AN_Z_AOI221X0P5H7L_C0_B1_OAI211X1P4H7L_C0_Y_AOAI211X0P5H7L_A1_A0_OAI211X1P4H7L_A1_C0_AOI2XB1X0P5H7L_Y_A0_OAI2XB1X0P5H7L_Y_A1N_OAI211X1P4H7L_C0_Y_AO21X1H7L_A1:Y (AO21X1H7L)                 |        | 0.001       | 0.000      | 0.026      |             | 0.045  | 0.427r          |
| reg_mod.regs[8]_21__NOR2BX1H7L_AN_Z_AOI221X0P5H7L_C0_B1_OAI211X1P4H7L_C0_Y_AOAI211X0P5H7L_A1_A0_OAI211X1P4H7L_A1_C0_AOI2XB1X0P5H7L_Y_A0_OAI2XB1X0P5H7L_Y_A1N_OAI211X1P4H7L_C0_Y_AO21X1H7L_A1_Y (net)                       | 1      |             |            |            | 0.000       |        |                 |
| reg_mod.regs[8]_21__NOR2BX1H7L_AN_Z_AOI221X0P5H7L_C0_B1_OAI211X1P4H7L_C0_Y_AOAI211X0P5H7L_A1_A0_OAI211X1P4H7L_A1_C0_AOI2XB1X0P5H7L_Y_A0_OAI2XB1X0P5H7L_Y_A1N_OAI211X1P4H7L_C0_Y_AO21X1H7L_A1_Y_BUFX1P4H7L_A:A (BUFX1P4H7L) |        | 0.001       | 0.000      | 0.026      |             | 0.000  | 0.427r          |
| reg_mod.regs[8]_21__NOR2BX1H7L_AN_Z_AOI221X0P5H7L_C0_B1_OAI211X1P4H7L_C0_Y_AOAI211X0P5H7L_A1_A0_OAI211X1P4H7L_A1_C0_AOI2XB1X0P5H7L_Y_A0_OAI2XB1X0P5H7L_Y_A1N_OAI211X1P4H7L_C0_Y_AO21X1H7L_A1_Y_BUFX1P4H7L_A:Y (BUFX1P4H7L) |        | 0.010       | 0.000      | 0.114      |             | 0.084  | 0.511r          |
| decode_mod.bus_in_opcode_31__AND2X1H7L_A_B (net)                                                                                                                                                                           | 13     |             |            |            | 0.000       |        |                 |
| decode_mod.bus_in_opcode_28__NAND3X0P5H7L_A:C (NAND3X0P5H7L)                                                                                                                                                               |        | 0.001       | 0.000      | 0.114      |             | 0.000  | 0.511r          |
| decode_mod.bus_in_opcode_28__NAND3X0P5H7L_A:Y (NAND3X0P5H7L)                                                                                                                                                               |        | 0.004       | 0.000      | 0.130      |             | 0.099  | 0.610f          |
| reg_mod.regs[11]_11__MUXI2X0P5H7L_A_Y_OA222X1H7L_A1_Y_OAI22X1P4H7L_B0_Y_NOR3X0P5H7L_C_Y_AOI31X0P5H7L_B0_A0_AOI21X0P5H7L_A0_Y_NOR4BBX2H7L_BN_D (net)                                                                        | 5      |             |            |            | 0.000       |        |                 |
| reg_mod.regs[11]_11__MUXI2X0P5H7L_A_Y_OA222X1H7L_A1_Y_OAI22X1P4H7L_B0_Y_NOR3X0P5H7L_C_Y_AOI31X0P5H7L_B0_A0_AOI21X0P5H7L_A0_Y_NAND4BBX0P5H7L_D:BN (NAND4BBX0P5H7L)                                                          |        | 0.001       | 0.000      | 0.130      |             | 0.000  | 0.610f          |
| reg_mod.regs[11]_11__MUXI2X0P5H7L_A_Y_OA222X1H7L_A1_Y_OAI22X1P4H7L_B0_Y_NOR3X0P5H7L_C_Y_AOI31X0P5H7L_B0_A0_AOI21X0P5H7L_A0_Y_NAND4BBX0P5H7L_D:Y (NAND4BBX0P5H7L)                                                           |        | 0.003       | 0.000      | 0.125      |             | 0.128  | 0.738f          |
| reg_mod.regs[11]_11__MUXI2X0P5H7L_A_Y_OA222X1H7L_A1_Y_OAI22X1P4H7L_B0_Y_NOR3X0P5H7L_C_Y_AOI31X0P5H7L_B0_A0_AOI21X0P5H7L_A0_Y_NAND4BBX0P5H7L_D_Y (net)                                                                      | 4      |             |            |            | 0.000       |        |                 |
| reg_mod.regs[25]_6__MUX4X1P4H7L_A_Y_AOI21X0P5H7L_A1_Y_AOI211X1P4H7L_A1_Y_AO211X1P4H7L_B0_Y_AOAI211X1H7L_C0_B0_NOR2X0P5H7L_Y_A_NAND4X0P5H7L_C_Y_OAO211X0P5H7L_A0_B0_OR3X1H7L_Y:C (OR3X1H7L)                                 |        | 0.001       | 0.000      | 0.125      |             | 0.000  | 0.738f          |
| reg_mod.regs[25]_6__MUX4X1P4H7L_A_Y_AOI21X0P5H7L_A1_Y_AOI211X1P4H7L_A1_Y_AO211X1P4H7L_B0_Y_AOAI211X1H7L_C0_B0_NOR2X0P5H7L_Y_A_NAND4X0P5H7L_C_Y_OAO211X0P5H7L_A0_B0_OR3X1H7L_Y:Y (OR3X1H7L)                                 |        | 0.002       | 0.000      | 0.035      |             | 0.097  | 0.835f          |
| reg_mod.regs[25]_6__MUX4X1P4H7L_A_Y_AOI21X0P5H7L_A1_Y_AOI211X1P4H7L_A1_Y_AO211X1P4H7L_B0_Y_AOAI211X1H7L_C0_B0_NOR2X0P5H7L_Y_A_NAND4X0P5H7L_C_Y_OAO211X0P5H7L_A0_B0 (net)                                                   | 2      |             |            |            | 0.000       |        |                 |
| reg_mod.regs[25]_6__MUX4X1P4H7L_A_Y_AOI21X0P5H7L_A1_Y_AOI211X1P4H7L_A1_Y_AO211X1P4H7L_B0_Y_AOAI211X1H7L_C0_B0_NOR2X0P5H7L_Y_A_NAND4X0P5H7L_C_Y_OAO211X0P5H7L_A0:B0 (OAO211X0P5H7L)                                         |        | 0.001       | 0.000      | 0.035      |             | 0.000  | 0.835f          |
| reg_mod.regs[25]_6__MUX4X1P4H7L_A_Y_AOI21X0P5H7L_A1_Y_AOI211X1P4H7L_A1_Y_AO211X1P4H7L_B0_Y_AOAI211X1H7L_C0_B0_NOR2X0P5H7L_Y_A_NAND4X0P5H7L_C_Y_OAO211X0P5H7L_A0:Y (OAO211X0P5H7L)                                          |        | 0.001       | 0.000      | 0.032      |             | 0.056  | 0.891f          |
| reg_mod.regs[25]_6__MUX4X1P4H7L_A_Y_AOI21X0P5H7L_A1_Y_AOI211X1P4H7L_A1_Y_AO211X1P4H7L_B0_Y_AOAI211X1H7L_C0_B0_NOR2X0P5H7L_Y_A_NAND4X0P5H7L_C_Y_OAO211X0P5H7L_A0_Y (net)                                                    | 1      |             |            |            | 0.000       |        |                 |
| reg_mod.regs[25]_6__MUX4X1P4H7L_A_Y_AOI21X0P5H7L_A1_Y_AOI211X1P4H7L_A1_Y_AO211X1P4H7L_B0_Y_AOAI211X1H7L_C0_B0_NOR2X0P5H7L_Y_A_NAND4X0P5H7L_C_Y_OAO211X0P5H7L_A0_Y_BUFX1H7L_A:A (BUFX1H7L)                                  |        | 0.001       | 0.000      | 0.032      |             | 0.000  | 0.891f          |
| reg_mod.regs[25]_6__MUX4X1P4H7L_A_Y_AOI21X0P5H7L_A1_Y_AOI211X1P4H7L_A1_Y_AO211X1P4H7L_B0_Y_AOAI211X1H7L_C0_B0_NOR2X0P5H7L_Y_A_NAND4X0P5H7L_C_Y_OAO211X0P5H7L_A0_Y_BUFX1H7L_A:Y (BUFX1H7L)                                  |        | 0.008       | 0.000      | 0.060      |             | 0.063  | 0.954f          |
| csr_mod.regs[3]_9__AOI221X0P5H7L_A0_C0 (net)                                                                                                                                                                               | 8      |             |            |            | 0.000       |        |                 |
| csr_mod.regs[3]_9__AOI221X0P5H7L_A0_C0_BUFX3H7L_A:A (BUFX3H7L)                                                                                                                                                             |        | 0.001       | 0.000      | 0.060      |             | 0.000  | 0.954f          |
| csr_mod.regs[3]_9__AOI221X0P5H7L_A0_C0_BUFX3H7L_A:Y (BUFX3H7L)                                                                                                                                                             |        | 0.023       | 0.000      | 0.085      |             | 0.097  | 1.051f          |
| csr_mod.regs[3]_7__AOI221X0P5H7L_A0_C0 (net)                                                                                                                                                                               | 24     |             |            |            | 0.000       |        |                 |
| csr_mod.regs[3]_7__AOI221X0P5H7L_A0_C0_BUFX3H7L_A:A (BUFX3H7L)                                                                                                                                                             |        | 0.001       | 0.000      | 0.085      |             | 0.000  | 1.051f          |
| csr_mod.regs[3]_7__AOI221X0P5H7L_A0_C0_BUFX3H7L_A:Y (BUFX3H7L)                                                                                                                                                             |        | 0.023       | 0.000      | 0.084      |             | 0.104  | 1.155f          |
| csr_mod.regs[3]_8__AOI221X0P5H7L_A0_C0 (net)                                                                                                                                                                               | 24     |             |            |            | 0.000       |        |                 |
| reg_mod.regs[24]_11__OA211X0P7H7L_A0_Y_OAI211X0P7H7L_A0_Y_OAI211X1H7L_A0_Y_NAND3X0P5H7L_C_Y_OAI21X0P5H7L_B0_A1_OR2X1P4H7L_Y_B_NAND4BX0P5H7L_B_Y_NAND2X1H7L_A_B_AND3X1P4H7L_Y:B (AND3X1P4H7L)                               |        | 0.001       | 0.000      | 0.084      |             | 0.000  | 1.155f          |
| reg_mod.regs[24]_11__OA211X0P7H7L_A0_Y_OAI211X0P7H7L_A0_Y_OAI211X1H7L_A0_Y_NAND3X0P5H7L_C_Y_OAI21X0P5H7L_B0_A1_OR2X1P4H7L_Y_B_NAND4BX0P5H7L_B_Y_NAND2X1H7L_A_B_AND3X1P4H7L_Y:Y (AND3X1P4H7L)                               |        | 0.002       | 0.000      | 0.027      |             | 0.066  | 1.222f          |
| reg_mod.regs[24]_11__OA211X0P7H7L_A0_Y_OAI211X0P7H7L_A0_Y_OAI211X1H7L_A0_Y_NAND3X0P5H7L_C_Y_OAI21X0P5H7L_B0_A1_OR2X1P4H7L_Y_B_NAND4BX0P5H7L_B_Y_NAND2X1H7L_A_B (net)                                                       | 2      |             |            |            | 0.000       |        |                 |
| reg_mod.regs[24]_11__OA211X0P7H7L_A0_Y_OAI211X0P7H7L_A0_Y_OAI211X1H7L_A0_Y_NAND3X0P5H7L_C_Y_OAI21X0P5H7L_B0_A1_OR2X1P4H7L_Y_B_NAND4BX0P5H7L_B_Y_NAND2X1H7L_A:B (NAND2X1H7L)                                                |        | 0.001       | 0.000      | 0.027      |             | 0.000  | 1.222f          |
| reg_mod.regs[24]_11__OA211X0P7H7L_A0_Y_OAI211X0P7H7L_A0_Y_OAI211X1H7L_A0_Y_NAND3X0P5H7L_C_Y_OAI21X0P5H7L_B0_A1_OR2X1P4H7L_Y_B_NAND4BX0P5H7L_B_Y_NAND2X1H7L_A:Y (NAND2X1H7L)                                                |        | 0.007       | 0.000      | 0.102      |             | 0.060  | 1.282r          |
| csr_mod.regs[4]_7__reg_p_D_NOR2X0P5H7L_Y_A (net)                                                                                                                                                                           | 10     |             |            |            | 0.000       |        |                 |
| csr_mod.regs[4]_7__reg_p_D_NOR2X0P5H7L_Y_A_BUFX1P4H7L_A:A (BUFX1P4H7L)                                                                                                                                                     |        | 0.001       | 0.000      | 0.102      |             | 0.000  | 1.282r          |
| csr_mod.regs[4]_7__reg_p_D_NOR2X0P5H7L_Y_A_BUFX1P4H7L_A:Y (BUFX1P4H7L)                                                                                                                                                     |        | 0.016       | 0.000      | 0.179      |             | 0.129  | 1.410r          |
| csr_mod.regs[4]_9__reg_p_D_NOR2X0P5H7L_Y_A (net)                                                                                                                                                                           | 24     |             |            |            | 0.000       |        |                 |
| csr_mod.regs[4]_9__reg_p_D_NOR2X0P5H7L_Y_A_NAND2X0P5H7L_B:B (NAND2X0P5H7L)                                                                                                                                                 |        | 0.001       | 0.000      | 0.179      |             | 0.000  | 1.410r          |
| csr_mod.regs[4]_9__reg_p_D_NOR2X0P5H7L_Y_A_NAND2X0P5H7L_B:Y (NAND2X0P5H7L)                                                                                                                                                 |        | 0.001       | 0.000      | 0.049      |             | 0.036  | 1.447f          |
| csr_mod.regs[4]_9__reg_p_D_NOR2X0P5H7L_Y_A_NAND2X0P5H7L_B_Y (net)                                                                                                                                                          | 1      |             |            |            | 0.000       |        |                 |
| csr_mod.regs[4]_9__reg_p_D_NOR2X0P5H7L_Y_A_NAND2X0P5H7L_B_Y_ICGX0P5H7L_E:E (ICGX0P5H7L)                                                                                                                                    |        | 0.001       | 0.000      | 0.049      |             | 0.000  | 1.447f          |
|                                                                                                                                                                                                                            |        |             |            |            |             |        |                 |
| clock (port)                                                                                                                                                                                                               |        | 0.111       | 0.000      | 0.000      |             | 0.000  | 0.000r          |
| clock (clock net)                                                                                                                                                                                                          | 116    |             |            |            | NA          |        |                 |
| csr_mod.regs[4]_9__reg_p_D_NOR2X0P5H7L_Y_A_NAND2X0P5H7L_B_Y_ICGX0P5H7L_E:CK (ICGX0P5H7L)                                                                                                                                   |        | 0.002       | 0.000      | 0.000      |             | 0.000  | 0.000r          |
| clock core_clock (rise edge)                                                                                                                                                                                               |        |             |            |            |             | 3.333  | 3.333           |
| clock network delay (ideal)                                                                                                                                                                                                |        |             |            |            |             | 0.000  | 3.333           |
| csr_mod.regs[4]_9__reg_p_D_NOR2X0P5H7L_Y_A_NAND2X0P5H7L_B_Y_ICGX0P5H7L_E:CK (ICGX0P5H7L)                                                                                                                                   |        |             |            |            |             |        | 3.333r          |
| library setup time                                                                                                                                                                                                         |        |             |            |            |             | -0.039 | 3.294           |
| clock reconvergence pessimism                                                                                                                                                                                              |        |             |            |            |             | 0.000  | 3.294           |
|                                                                                                                                                                                                                            |        |             |            |            |             |        |                 |
| path cell delay                                                                                                                                                                                                            |        |             |            |            |             |        | 1.447(100.000%) |
| path net delay                                                                                                                                                                                                             |        |             |            |            |             |        | 0.000(0.000%)   |
|                                                                                                                                                                                                                            |        |             |            |            |             |        |                 |
| data require time                                                                                                                                                                                                          |        |             |            |            |             |        | 3.294           |
| data arrival time                                                                                                                                                                                                          |        |             |            |            |             |        | 1.447           |
| slack (MET)                                                                                                                                                                                                                |        |             |            |            |             |        | 1.848           |
+----------------------------------------------------------------------------------------------------------------------------------------------------------------------------------------------------------------------------+--------+-------------+------------+------------+-------------+--------+-----------------+
+----------------------------------------------------------------------------------------------------------------------------------------------------------------------------------------------------------------------------+--------+-------------+------------+------------+-------------+--------+-----------------+
| Point                                                                                                                                                                                                                      | Fanout | Capacitance | Resistance | Transition | Delta Delay | Incr   | Path            |
+----------------------------------------------------------------------------------------------------------------------------------------------------------------------------------------------------------------------------+--------+-------------+------------+------------+-------------+--------+-----------------+
| clock (port)                                                                                                                                                                                                               |        | 0.147       | 0.000      | 0.000      |             | 0.000  | 0.000r          |
| clock (clock net)                                                                                                                                                                                                          | 116    |             |            |            | NA          |        |                 |
| decode_mod.bus_in_opcode_5__reg_p:CK (DFFQX1H7L)                                                                                                                                                                           |        | 0.001       | 0.000      | 0.000      |             | 0.000  | 0.000r          |
| clock core_clock (rise edge)                                                                                                                                                                                               |        |             |            |            |             | 0      | 0               |
| clock network delay (ideal)                                                                                                                                                                                                |        |             |            |            |             | 0.000  | 0.000           |
| decode_mod.bus_in_opcode_5__reg_p:CK (DFFQX1H7L)                                                                                                                                                                           |        | 0.001       | 0.000      | 0.000      |             | 0.000  | 0.000r          |
| decode_mod.bus_in_opcode_5__reg_p:Q (DFFQX1H7L)                                                                                                                                                                            |        | 0.002       | 0.000      | 0.030      |             | 0.088  | 0.088r          |
| decode_mod.bus_in_opcode_5_ (net)                                                                                                                                                                                          | 1      |             |            |            | 0.000       |        |                 |
| decode_mod.bus_in_opcode_5__BUFX7H7L_A:A (BUFX7H7L)                                                                                                                                                                        |        | 0.002       | 0.000      | 0.030      |             | 0.000  | 0.088r          |
| decode_mod.bus_in_opcode_5__BUFX7H7L_A:Y (BUFX7H7L)                                                                                                                                                                        |        | 0.020       | 0.000      | 0.058      |             | 0.055  | 0.143r          |
| decode_mod.bus_in_opcode_5__BUFX7H7L_A_Y (net)                                                                                                                                                                             | 24     |             |            |            | 0.000       |        |                 |
| decode_mod.bus_in_opcode_4__NAND4BX3H7L_AN:B (NAND4BX3H7L)                                                                                                                                                                 |        | 0.002       | 0.000      | 0.058      |             | 0.000  | 0.143r          |
| decode_mod.bus_in_opcode_4__NAND4BX3H7L_AN:Y (NAND4BX3H7L)                                                                                                                                                                 |        | 0.008       | 0.000      | 0.113      |             | 0.086  | 0.229f          |
| decode_mod.bus_in_opcode_4__NAND4BX3H7L_AN_Y (net)                                                                                                                                                                         | 9      |             |            |            | 0.000       |        |                 |
| reg_mod.regs[11]_11__MUXI2X0P5H7L_A_Y_OA222X1H7L_A1_Y_OAI22X1P4H7L_B0_Y_NOR3X0P5H7L_C_Y_AOI31X0P5H7L_B0_A0_AOI32X0P5H7L_Y_B0_NOR3BX0P5H7L_Y:C (NOR3BX0P5H7L)                                                               |        | 0.001       | 0.000      | 0.113      |             | 0.000  | 0.229f          |
| reg_mod.regs[11]_11__MUXI2X0P5H7L_A_Y_OA222X1H7L_A1_Y_OAI22X1P4H7L_B0_Y_NOR3X0P5H7L_C_Y_AOI31X0P5H7L_B0_A0_AOI32X0P5H7L_Y_B0_NOR3BX0P5H7L_Y:Y (NOR3BX0P5H7L)                                                               |        | 0.004       | 0.000      | 0.213      |             | 0.153  | 0.382r          |
| reg_mod.regs[11]_11__MUXI2X0P5H7L_A_Y_OA222X1H7L_A1_Y_OAI22X1P4H7L_B0_Y_NOR3X0P5H7L_C_Y_AOI31X0P5H7L_B0_A0_AOI32X0P5H7L_Y_B0 (net)                                                                                         | 5      |             |            |            | 0.000       |        |                 |
| reg_mod.regs[8]_21__NOR2BX1H7L_AN_Z_AOI221X0P5H7L_C0_B1_OAI211X1P4H7L_C0_Y_AOAI211X0P5H7L_A1_A0_OAI211X1P4H7L_A1_C0_AOI2XB1X0P5H7L_Y_A0_OAI2XB1X0P5H7L_Y_A1N_OAI211X1P4H7L_C0_Y_AO21X1H7L_A1:B0 (AO21X1H7L)                |        | 0.001       | 0.000      | 0.213      |             | 0.000  | 0.382r          |
| reg_mod.regs[8]_21__NOR2BX1H7L_AN_Z_AOI221X0P5H7L_C0_B1_OAI211X1P4H7L_C0_Y_AOAI211X0P5H7L_A1_A0_OAI211X1P4H7L_A1_C0_AOI2XB1X0P5H7L_Y_A0_OAI2XB1X0P5H7L_Y_A1N_OAI211X1P4H7L_C0_Y_AO21X1H7L_A1:Y (AO21X1H7L)                 |        | 0.001       | 0.000      | 0.026      |             | 0.045  | 0.427r          |
| reg_mod.regs[8]_21__NOR2BX1H7L_AN_Z_AOI221X0P5H7L_C0_B1_OAI211X1P4H7L_C0_Y_AOAI211X0P5H7L_A1_A0_OAI211X1P4H7L_A1_C0_AOI2XB1X0P5H7L_Y_A0_OAI2XB1X0P5H7L_Y_A1N_OAI211X1P4H7L_C0_Y_AO21X1H7L_A1_Y (net)                       | 1      |             |            |            | 0.000       |        |                 |
| reg_mod.regs[8]_21__NOR2BX1H7L_AN_Z_AOI221X0P5H7L_C0_B1_OAI211X1P4H7L_C0_Y_AOAI211X0P5H7L_A1_A0_OAI211X1P4H7L_A1_C0_AOI2XB1X0P5H7L_Y_A0_OAI2XB1X0P5H7L_Y_A1N_OAI211X1P4H7L_C0_Y_AO21X1H7L_A1_Y_BUFX1P4H7L_A:A (BUFX1P4H7L) |        | 0.001       | 0.000      | 0.026      |             | 0.000  | 0.427r          |
| reg_mod.regs[8]_21__NOR2BX1H7L_AN_Z_AOI221X0P5H7L_C0_B1_OAI211X1P4H7L_C0_Y_AOAI211X0P5H7L_A1_A0_OAI211X1P4H7L_A1_C0_AOI2XB1X0P5H7L_Y_A0_OAI2XB1X0P5H7L_Y_A1N_OAI211X1P4H7L_C0_Y_AO21X1H7L_A1_Y_BUFX1P4H7L_A:Y (BUFX1P4H7L) |        | 0.010       | 0.000      | 0.114      |             | 0.084  | 0.511r          |
| decode_mod.bus_in_opcode_31__AND2X1H7L_A_B (net)                                                                                                                                                                           | 13     |             |            |            | 0.000       |        |                 |
| decode_mod.bus_in_opcode_28__NAND3X0P5H7L_A:C (NAND3X0P5H7L)                                                                                                                                                               |        | 0.001       | 0.000      | 0.114      |             | 0.000  | 0.511r          |
| decode_mod.bus_in_opcode_28__NAND3X0P5H7L_A:Y (NAND3X0P5H7L)                                                                                                                                                               |        | 0.004       | 0.000      | 0.130      |             | 0.099  | 0.610f          |
| reg_mod.regs[11]_11__MUXI2X0P5H7L_A_Y_OA222X1H7L_A1_Y_OAI22X1P4H7L_B0_Y_NOR3X0P5H7L_C_Y_AOI31X0P5H7L_B0_A0_AOI21X0P5H7L_A0_Y_NOR4BBX2H7L_BN_D (net)                                                                        | 5      |             |            |            | 0.000       |        |                 |
| reg_mod.regs[11]_11__MUXI2X0P5H7L_A_Y_OA222X1H7L_A1_Y_OAI22X1P4H7L_B0_Y_NOR3X0P5H7L_C_Y_AOI31X0P5H7L_B0_A0_AOI21X0P5H7L_A0_Y_NAND4BBX0P5H7L_D:BN (NAND4BBX0P5H7L)                                                          |        | 0.001       | 0.000      | 0.130      |             | 0.000  | 0.610f          |
| reg_mod.regs[11]_11__MUXI2X0P5H7L_A_Y_OA222X1H7L_A1_Y_OAI22X1P4H7L_B0_Y_NOR3X0P5H7L_C_Y_AOI31X0P5H7L_B0_A0_AOI21X0P5H7L_A0_Y_NAND4BBX0P5H7L_D:Y (NAND4BBX0P5H7L)                                                           |        | 0.003       | 0.000      | 0.125      |             | 0.128  | 0.738f          |
| reg_mod.regs[11]_11__MUXI2X0P5H7L_A_Y_OA222X1H7L_A1_Y_OAI22X1P4H7L_B0_Y_NOR3X0P5H7L_C_Y_AOI31X0P5H7L_B0_A0_AOI21X0P5H7L_A0_Y_NAND4BBX0P5H7L_D_Y (net)                                                                      | 4      |             |            |            | 0.000       |        |                 |
| reg_mod.regs[25]_6__MUX4X1P4H7L_A_Y_AOI21X0P5H7L_A1_Y_AOI211X1P4H7L_A1_Y_AO211X1P4H7L_B0_Y_AOAI211X1H7L_C0_B0_NOR2X0P5H7L_Y_A_NAND4X0P5H7L_C_Y_OAO211X0P5H7L_A0_B0_OR3X1H7L_Y:C (OR3X1H7L)                                 |        | 0.001       | 0.000      | 0.125      |             | 0.000  | 0.738f          |
| reg_mod.regs[25]_6__MUX4X1P4H7L_A_Y_AOI21X0P5H7L_A1_Y_AOI211X1P4H7L_A1_Y_AO211X1P4H7L_B0_Y_AOAI211X1H7L_C0_B0_NOR2X0P5H7L_Y_A_NAND4X0P5H7L_C_Y_OAO211X0P5H7L_A0_B0_OR3X1H7L_Y:Y (OR3X1H7L)                                 |        | 0.002       | 0.000      | 0.035      |             | 0.097  | 0.835f          |
| reg_mod.regs[25]_6__MUX4X1P4H7L_A_Y_AOI21X0P5H7L_A1_Y_AOI211X1P4H7L_A1_Y_AO211X1P4H7L_B0_Y_AOAI211X1H7L_C0_B0_NOR2X0P5H7L_Y_A_NAND4X0P5H7L_C_Y_OAO211X0P5H7L_A0_B0 (net)                                                   | 2      |             |            |            | 0.000       |        |                 |
| reg_mod.regs[25]_6__MUX4X1P4H7L_A_Y_AOI21X0P5H7L_A1_Y_AOI211X1P4H7L_A1_Y_AO211X1P4H7L_B0_Y_AOAI211X1H7L_C0_B0_NOR2X0P5H7L_Y_A_NAND4X0P5H7L_C_Y_OAO211X0P5H7L_A0:B0 (OAO211X0P5H7L)                                         |        | 0.001       | 0.000      | 0.035      |             | 0.000  | 0.835f          |
| reg_mod.regs[25]_6__MUX4X1P4H7L_A_Y_AOI21X0P5H7L_A1_Y_AOI211X1P4H7L_A1_Y_AO211X1P4H7L_B0_Y_AOAI211X1H7L_C0_B0_NOR2X0P5H7L_Y_A_NAND4X0P5H7L_C_Y_OAO211X0P5H7L_A0:Y (OAO211X0P5H7L)                                          |        | 0.001       | 0.000      | 0.032      |             | 0.056  | 0.891f          |
| reg_mod.regs[25]_6__MUX4X1P4H7L_A_Y_AOI21X0P5H7L_A1_Y_AOI211X1P4H7L_A1_Y_AO211X1P4H7L_B0_Y_AOAI211X1H7L_C0_B0_NOR2X0P5H7L_Y_A_NAND4X0P5H7L_C_Y_OAO211X0P5H7L_A0_Y (net)                                                    | 1      |             |            |            | 0.000       |        |                 |
| reg_mod.regs[25]_6__MUX4X1P4H7L_A_Y_AOI21X0P5H7L_A1_Y_AOI211X1P4H7L_A1_Y_AO211X1P4H7L_B0_Y_AOAI211X1H7L_C0_B0_NOR2X0P5H7L_Y_A_NAND4X0P5H7L_C_Y_OAO211X0P5H7L_A0_Y_BUFX1H7L_A:A (BUFX1H7L)                                  |        | 0.001       | 0.000      | 0.032      |             | 0.000  | 0.891f          |
| reg_mod.regs[25]_6__MUX4X1P4H7L_A_Y_AOI21X0P5H7L_A1_Y_AOI211X1P4H7L_A1_Y_AO211X1P4H7L_B0_Y_AOAI211X1H7L_C0_B0_NOR2X0P5H7L_Y_A_NAND4X0P5H7L_C_Y_OAO211X0P5H7L_A0_Y_BUFX1H7L_A:Y (BUFX1H7L)                                  |        | 0.008       | 0.000      | 0.060      |             | 0.063  | 0.954f          |
| csr_mod.regs[3]_9__AOI221X0P5H7L_A0_C0 (net)                                                                                                                                                                               | 8      |             |            |            | 0.000       |        |                 |
| csr_mod.regs[3]_9__AOI221X0P5H7L_A0_C0_BUFX3H7L_A:A (BUFX3H7L)                                                                                                                                                             |        | 0.001       | 0.000      | 0.060      |             | 0.000  | 0.954f          |
| csr_mod.regs[3]_9__AOI221X0P5H7L_A0_C0_BUFX3H7L_A:Y (BUFX3H7L)                                                                                                                                                             |        | 0.023       | 0.000      | 0.085      |             | 0.097  | 1.051f          |
| csr_mod.regs[3]_7__AOI221X0P5H7L_A0_C0 (net)                                                                                                                                                                               | 24     |             |            |            | 0.000       |        |                 |
| csr_mod.regs[3]_7__AOI221X0P5H7L_A0_C0_BUFX3H7L_A:A (BUFX3H7L)                                                                                                                                                             |        | 0.001       | 0.000      | 0.085      |             | 0.000  | 1.051f          |
| csr_mod.regs[3]_7__AOI221X0P5H7L_A0_C0_BUFX3H7L_A:Y (BUFX3H7L)                                                                                                                                                             |        | 0.023       | 0.000      | 0.084      |             | 0.104  | 1.155f          |
| csr_mod.regs[3]_8__AOI221X0P5H7L_A0_C0 (net)                                                                                                                                                                               | 24     |             |            |            | 0.000       |        |                 |
| reg_mod.regs[24]_11__OA211X0P7H7L_A0_Y_OAI211X0P7H7L_A0_Y_OAI211X1H7L_A0_Y_NAND3X0P5H7L_C_Y_OAI21X0P5H7L_B0_A1_OR2X1P4H7L_Y_B_NAND4BX0P5H7L_B_Y_NAND2X1H7L_A_B_AND3X1P4H7L_Y:B (AND3X1P4H7L)                               |        | 0.001       | 0.000      | 0.084      |             | 0.000  | 1.155f          |
| reg_mod.regs[24]_11__OA211X0P7H7L_A0_Y_OAI211X0P7H7L_A0_Y_OAI211X1H7L_A0_Y_NAND3X0P5H7L_C_Y_OAI21X0P5H7L_B0_A1_OR2X1P4H7L_Y_B_NAND4BX0P5H7L_B_Y_NAND2X1H7L_A_B_AND3X1P4H7L_Y:Y (AND3X1P4H7L)                               |        | 0.002       | 0.000      | 0.027      |             | 0.066  | 1.222f          |
| reg_mod.regs[24]_11__OA211X0P7H7L_A0_Y_OAI211X0P7H7L_A0_Y_OAI211X1H7L_A0_Y_NAND3X0P5H7L_C_Y_OAI21X0P5H7L_B0_A1_OR2X1P4H7L_Y_B_NAND4BX0P5H7L_B_Y_NAND2X1H7L_A_B (net)                                                       | 2      |             |            |            | 0.000       |        |                 |
| reg_mod.regs[24]_11__OA211X0P7H7L_A0_Y_OAI211X0P7H7L_A0_Y_OAI211X1H7L_A0_Y_NAND3X0P5H7L_C_Y_OAI21X0P5H7L_B0_A1_OR2X1P4H7L_Y_B_NAND4BX0P5H7L_B_Y_NAND2BX1H7L_AN:B (NAND2BX1H7L)                                             |        | 0.001       | 0.000      | 0.027      |             | 0.000  | 1.222f          |
| reg_mod.regs[24]_11__OA211X0P7H7L_A0_Y_OAI211X0P7H7L_A0_Y_OAI211X1H7L_A0_Y_NAND3X0P5H7L_C_Y_OAI21X0P5H7L_B0_A1_OR2X1P4H7L_Y_B_NAND4BX0P5H7L_B_Y_NAND2BX1H7L_AN:Y (NAND2BX1H7L)                                             |        | 0.007       | 0.000      | 0.096      |             | 0.060  | 1.282r          |
| csr_mod.regs[0]_7__reg_p_D_NOR2X0P5H7L_Y_A (net)                                                                                                                                                                           | 10     |             |            |            | 0.000       |        |                 |
| csr_mod.regs[0]_7__reg_p_D_NOR2X0P5H7L_Y_A_BUFX1P4H7L_A:A (BUFX1P4H7L)                                                                                                                                                     |        | 0.001       | 0.000      | 0.096      |             | 0.000  | 1.282r          |
| csr_mod.regs[0]_7__reg_p_D_NOR2X0P5H7L_Y_A_BUFX1P4H7L_A:Y (BUFX1P4H7L)                                                                                                                                                     |        | 0.016       | 0.000      | 0.179      |             | 0.128  | 1.410r          |
| csr_mod.regs[0]_9__reg_p_D_NOR2X0P5H7L_Y_A (net)                                                                                                                                                                           | 24     |             |            |            | 0.000       |        |                 |
| ifu_mod.ifu_1__NAND2X1H7L_B_A_NAND2X0P5H7L_A_13:B (NAND2X0P5H7L)                                                                                                                                                           |        | 0.001       | 0.000      | 0.179      |             | 0.000  | 1.410r          |
| ifu_mod.ifu_1__NAND2X1H7L_B_A_NAND2X0P5H7L_A_13:Y (NAND2X0P5H7L)                                                                                                                                                           |        | 0.001       | 0.000      | 0.049      |             | 0.036  | 1.446f          |
| ifu_mod.ifu_1__NAND2X1H7L_B_A_NAND2X0P5H7L_A_13_Y (net)                                                                                                                                                                    | 1      |             |            |            | 0.000       |        |                 |
| ifu_mod.ifu_1__NAND2X1H7L_B_A_NAND2X0P5H7L_A_13_Y_ICGX0P5H7L_E:E (ICGX0P5H7L)                                                                                                                                              |        | 0.001       | 0.000      | 0.049      |             | 0.000  | 1.446f          |
|                                                                                                                                                                                                                            |        |             |            |            |             |        |                 |
| clock (port)                                                                                                                                                                                                               |        | 0.111       | 0.000      | 0.000      |             | 0.000  | 0.000r          |
| clock (clock net)                                                                                                                                                                                                          | 116    |             |            |            | NA          |        |                 |
| ifu_mod.ifu_1__NAND2X1H7L_B_A_NAND2X0P5H7L_A_13_Y_ICGX0P5H7L_E:CK (ICGX0P5H7L)                                                                                                                                             |        | 0.002       | 0.000      | 0.000      |             | 0.000  | 0.000r          |
| clock core_clock (rise edge)                                                                                                                                                                                               |        |             |            |            |             | 3.333  | 3.333           |
| clock network delay (ideal)                                                                                                                                                                                                |        |             |            |            |             | 0.000  | 3.333           |
| ifu_mod.ifu_1__NAND2X1H7L_B_A_NAND2X0P5H7L_A_13_Y_ICGX0P5H7L_E:CK (ICGX0P5H7L)                                                                                                                                             |        |             |            |            |             |        | 3.333r          |
| library setup time                                                                                                                                                                                                         |        |             |            |            |             | -0.039 | 3.294           |
| clock reconvergence pessimism                                                                                                                                                                                              |        |             |            |            |             | 0.000  | 3.294           |
|                                                                                                                                                                                                                            |        |             |            |            |             |        |                 |
| path cell delay                                                                                                                                                                                                            |        |             |            |            |             |        | 1.446(100.000%) |
| path net delay                                                                                                                                                                                                             |        |             |            |            |             |        | 0.000(0.000%)   |
|                                                                                                                                                                                                                            |        |             |            |            |             |        |                 |
| data require time                                                                                                                                                                                                          |        |             |            |            |             |        | 3.294           |
| data arrival time                                                                                                                                                                                                          |        |             |            |            |             |        | 1.446           |
| slack (MET)                                                                                                                                                                                                                |        |             |            |            |             |        | 1.848           |
+----------------------------------------------------------------------------------------------------------------------------------------------------------------------------------------------------------------------------+--------+-------------+------------+------------+-------------+--------+-----------------+
+----------------------------------------------------------------------------------------------------------------------------------------------------------------------------------------------------------------------------+--------+-------------+------------+------------+-------------+--------+-----------------+
| Point                                                                                                                                                                                                                      | Fanout | Capacitance | Resistance | Transition | Delta Delay | Incr   | Path            |
+----------------------------------------------------------------------------------------------------------------------------------------------------------------------------------------------------------------------------+--------+-------------+------------+------------+-------------+--------+-----------------+
| clock (port)                                                                                                                                                                                                               |        | 0.147       | 0.000      | 0.000      |             | 0.000  | 0.000r          |
| clock (clock net)                                                                                                                                                                                                          | 116    |             |            |            | NA          |        |                 |
| decode_mod.bus_in_opcode_14__reg_p:CK (DFFQX1H7L)                                                                                                                                                                          |        | 0.001       | 0.000      | 0.000      |             | 0.000  | 0.000r          |
| clock core_clock (rise edge)                                                                                                                                                                                               |        |             |            |            |             | 0      | 0               |
| clock network delay (ideal)                                                                                                                                                                                                |        |             |            |            |             | 0.000  | 0.000           |
| decode_mod.bus_in_opcode_14__reg_p:CK (DFFQX1H7L)                                                                                                                                                                          |        | 0.001       | 0.000      | 0.000      |             | 0.000  | 0.000r          |
| decode_mod.bus_in_opcode_14__reg_p:Q (DFFQX1H7L)                                                                                                                                                                           |        | 0.001       | 0.000      | 0.023      |             | 0.061  | 0.061f          |
| decode_mod.bus_in_opcode_14_ (net)                                                                                                                                                                                         | 1      |             |            |            | 0.000       |        |                 |
| decode_mod.bus_in_opcode_14__BUFX1P4H7L_A:A (BUFX1P4H7L)                                                                                                                                                                   |        | 0.001       | 0.000      | 0.023      |             | 0.000  | 0.061f          |
| decode_mod.bus_in_opcode_14__BUFX1P4H7L_A:Y (BUFX1P4H7L)                                                                                                                                                                   |        | 0.013       | 0.000      | 0.087      |             | 0.078  | 0.139f          |
| io_master_wstrb_OAI32X0P5H7L_Y_B1 (net)                                                                                                                                                                                    | 16     |             |            |            | 0.000       |        |                 |
| decode_mod.bus_in_opcode_12__NOR3X0P7H7L_A:C (NOR3X0P7H7L)                                                                                                                                                                 |        | 0.001       | 0.000      | 0.087      |             | 0.000  | 0.139f          |
| decode_mod.bus_in_opcode_12__NOR3X0P7H7L_A:Y (NOR3X0P7H7L)                                                                                                                                                                 |        | 0.007       | 0.000      | 0.321      |             | 0.206  | 0.345r          |
| decode_mod.bus_in_opcode_12__NOR3X0P7H7L_A_Y (net)                                                                                                                                                                         | 9      |             |            |            | 0.000       |        |                 |
| reg_mod.regs[8]_21__NOR2BX1H7L_AN_Z_AOI221X0P5H7L_C0_B1_OAI211X1P4H7L_C0_Y_AOAI211X0P5H7L_A1_A0_OAI211X1P4H7L_A1_C0_AOI2XB1X0P5H7L_Y_A0_OAI2XB1X0P5H7L_Y_A1N_OAI211X1P4H7L_C0:A1 (OAI211X1P4H7L)                           |        | 0.001       | 0.000      | 0.321      |             | 0.000  | 0.345r          |
| reg_mod.regs[8]_21__NOR2BX1H7L_AN_Z_AOI221X0P5H7L_C0_B1_OAI211X1P4H7L_C0_Y_AOAI211X0P5H7L_A1_A0_OAI211X1P4H7L_A1_C0_AOI2XB1X0P5H7L_Y_A0_OAI2XB1X0P5H7L_Y_A1N_OAI211X1P4H7L_C0:Y (OAI211X1P4H7L)                            |        | 0.003       | 0.000      | 0.097      |             | 0.076  | 0.421f          |
| reg_mod.regs[8]_21__NOR2BX1H7L_AN_Z_AOI221X0P5H7L_C0_B1_OAI211X1P4H7L_C0_Y_AOAI211X0P5H7L_A1_A0_OAI211X1P4H7L_A1_C0_AOI2XB1X0P5H7L_Y_A0_OAI2XB1X0P5H7L_Y_A1N_OAI211X1P4H7L_C0_Y (net)                                      | 4      |             |            |            | 0.000       |        |                 |
| reg_mod.regs[8]_21__NOR2BX1H7L_AN_Z_AOI221X0P5H7L_C0_B1_OAI211X1P4H7L_C0_Y_AOAI211X0P5H7L_A1_A0_OAI211X1P4H7L_A1_C0_AOI2XB1X0P5H7L_Y_A0_OAI2XB1X0P5H7L_Y_A1N_OAI211X1P4H7L_C0_Y_AO21X1H7L_A1:A1 (AO21X1H7L)                |        | 0.001       | 0.000      | 0.097      |             | 0.000  | 0.421f          |
| reg_mod.regs[8]_21__NOR2BX1H7L_AN_Z_AOI221X0P5H7L_C0_B1_OAI211X1P4H7L_C0_Y_AOAI211X0P5H7L_A1_A0_OAI211X1P4H7L_A1_C0_AOI2XB1X0P5H7L_Y_A0_OAI2XB1X0P5H7L_Y_A1N_OAI211X1P4H7L_C0_Y_AO21X1H7L_A1:Y (AO21X1H7L)                 |        | 0.001       | 0.000      | 0.022      |             | 0.069  | 0.491f          |
| reg_mod.regs[8]_21__NOR2BX1H7L_AN_Z_AOI221X0P5H7L_C0_B1_OAI211X1P4H7L_C0_Y_AOAI211X0P5H7L_A1_A0_OAI211X1P4H7L_A1_C0_AOI2XB1X0P5H7L_Y_A0_OAI2XB1X0P5H7L_Y_A1N_OAI211X1P4H7L_C0_Y_AO21X1H7L_A1_Y (net)                       | 1      |             |            |            | 0.000       |        |                 |
| reg_mod.regs[8]_21__NOR2BX1H7L_AN_Z_AOI221X0P5H7L_C0_B1_OAI211X1P4H7L_C0_Y_AOAI211X0P5H7L_A1_A0_OAI211X1P4H7L_A1_C0_AOI2XB1X0P5H7L_Y_A0_OAI2XB1X0P5H7L_Y_A1N_OAI211X1P4H7L_C0_Y_AO21X1H7L_A1_Y_BUFX1P4H7L_A:A (BUFX1P4H7L) |        | 0.001       | 0.000      | 0.022      |             | 0.000  | 0.491f          |
| reg_mod.regs[8]_21__NOR2BX1H7L_AN_Z_AOI221X0P5H7L_C0_B1_OAI211X1P4H7L_C0_Y_AOAI211X0P5H7L_A1_A0_OAI211X1P4H7L_A1_C0_AOI2XB1X0P5H7L_Y_A0_OAI2XB1X0P5H7L_Y_A1N_OAI211X1P4H7L_C0_Y_AO21X1H7L_A1_Y_BUFX1P4H7L_A:Y (BUFX1P4H7L) |        | 0.010       | 0.000      | 0.068      |             | 0.068  | 0.558f          |
| decode_mod.bus_in_opcode_31__AND2X1H7L_A_B (net)                                                                                                                                                                           | 13     |             |            |            | 0.000       |        |                 |
| decode_mod.bus_in_opcode_28__NAND3X0P5H7L_A:C (NAND3X0P5H7L)                                                                                                                                                               |        | 0.001       | 0.000      | 0.068      |             | 0.000  | 0.558f          |
| decode_mod.bus_in_opcode_28__NAND3X0P5H7L_A:Y (NAND3X0P5H7L)                                                                                                                                                               |        | 0.004       | 0.000      | 0.090      |             | 0.070  | 0.628r          |
| reg_mod.regs[11]_11__MUXI2X0P5H7L_A_Y_OA222X1H7L_A1_Y_OAI22X1P4H7L_B0_Y_NOR3X0P5H7L_C_Y_AOI31X0P5H7L_B0_A0_AOI21X0P5H7L_A0_Y_NOR4BBX2H7L_BN_D (net)                                                                        | 5      |             |            |            | 0.000       |        |                 |
| reg_mod.regs[11]_11__MUXI2X0P5H7L_A_Y_OA222X1H7L_A1_Y_OAI22X1P4H7L_B0_Y_NOR3X0P5H7L_C_Y_AOI31X0P5H7L_B0_A0_AOI21X0P5H7L_A0_Y_NAND4BBX0P5H7L_D:BN (NAND4BBX0P5H7L)                                                          |        | 0.001       | 0.000      | 0.090      |             | 0.000  | 0.628r          |
| reg_mod.regs[11]_11__MUXI2X0P5H7L_A_Y_OA222X1H7L_A1_Y_OAI22X1P4H7L_B0_Y_NOR3X0P5H7L_C_Y_AOI31X0P5H7L_B0_A0_AOI21X0P5H7L_A0_Y_NAND4BBX0P5H7L_D:Y (NAND4BBX0P5H7L)                                                           |        | 0.003       | 0.000      | 0.073      |             | 0.071  | 0.699r          |
| reg_mod.regs[11]_11__MUXI2X0P5H7L_A_Y_OA222X1H7L_A1_Y_OAI22X1P4H7L_B0_Y_NOR3X0P5H7L_C_Y_AOI31X0P5H7L_B0_A0_AOI21X0P5H7L_A0_Y_NAND4BBX0P5H7L_D_Y (net)                                                                      | 4      |             |            |            | 0.000       |        |                 |
| reg_mod.regs[25]_6__MUX4X1P4H7L_A_Y_AOI21X0P5H7L_A1_Y_AOI211X1P4H7L_A1_Y_AO211X1P4H7L_B0_Y_AOAI211X1H7L_C0_B0_NOR2X0P5H7L_Y_A_NAND4X0P5H7L_C_Y_OAO211X0P5H7L_A0_B0_OR3X1H7L_Y:C (OR3X1H7L)                                 |        | 0.001       | 0.000      | 0.073      |             | 0.000  | 0.699r          |
| reg_mod.regs[25]_6__MUX4X1P4H7L_A_Y_AOI21X0P5H7L_A1_Y_AOI211X1P4H7L_A1_Y_AO211X1P4H7L_B0_Y_AOAI211X1H7L_C0_B0_NOR2X0P5H7L_Y_A_NAND4X0P5H7L_C_Y_OAO211X0P5H7L_A0_B0_OR3X1H7L_Y:Y (OR3X1H7L)                                 |        | 0.002       | 0.000      | 0.030      |             | 0.046  | 0.745r          |
| reg_mod.regs[25]_6__MUX4X1P4H7L_A_Y_AOI21X0P5H7L_A1_Y_AOI211X1P4H7L_A1_Y_AO211X1P4H7L_B0_Y_AOAI211X1H7L_C0_B0_NOR2X0P5H7L_Y_A_NAND4X0P5H7L_C_Y_OAO211X0P5H7L_A0_B0 (net)                                                   | 2      |             |            |            | 0.000       |        |                 |
| reg_mod.regs[25]_6__MUX4X1P4H7L_A_Y_AOI21X0P5H7L_A1_Y_AOI211X1P4H7L_A1_Y_AO211X1P4H7L_B0_Y_AOAI211X1H7L_C0_B0_NOR2X0P5H7L_Y_A_NAND4X0P5H7L_C_Y_OAO211X0P5H7L_A0:B0 (OAO211X0P5H7L)                                         |        | 0.001       | 0.000      | 0.030      |             | 0.000  | 0.745r          |
| reg_mod.regs[25]_6__MUX4X1P4H7L_A_Y_AOI21X0P5H7L_A1_Y_AOI211X1P4H7L_A1_Y_AO211X1P4H7L_B0_Y_AOAI211X1H7L_C0_B0_NOR2X0P5H7L_Y_A_NAND4X0P5H7L_C_Y_OAO211X0P5H7L_A0:Y (OAO211X0P5H7L)                                          |        | 0.001       | 0.000      | 0.027      |             | 0.041  | 0.786r          |
| reg_mod.regs[25]_6__MUX4X1P4H7L_A_Y_AOI21X0P5H7L_A1_Y_AOI211X1P4H7L_A1_Y_AO211X1P4H7L_B0_Y_AOAI211X1H7L_C0_B0_NOR2X0P5H7L_Y_A_NAND4X0P5H7L_C_Y_OAO211X0P5H7L_A0_Y (net)                                                    | 1      |             |            |            | 0.000       |        |                 |
| reg_mod.regs[25]_6__MUX4X1P4H7L_A_Y_AOI21X0P5H7L_A1_Y_AOI211X1P4H7L_A1_Y_AO211X1P4H7L_B0_Y_AOAI211X1H7L_C0_B0_NOR2X0P5H7L_Y_A_NAND4X0P5H7L_C_Y_OAO211X0P5H7L_A0_Y_BUFX1H7L_A:A (BUFX1H7L)                                  |        | 0.001       | 0.000      | 0.027      |             | 0.000  | 0.786r          |
| reg_mod.regs[25]_6__MUX4X1P4H7L_A_Y_AOI21X0P5H7L_A1_Y_AOI211X1P4H7L_A1_Y_AO211X1P4H7L_B0_Y_AOAI211X1H7L_C0_B0_NOR2X0P5H7L_Y_A_NAND4X0P5H7L_C_Y_OAO211X0P5H7L_A0_Y_BUFX1H7L_A:Y (BUFX1H7L)                                  |        | 0.008       | 0.000      | 0.099      |             | 0.074  | 0.860r          |
| csr_mod.regs[3]_9__AOI221X0P5H7L_A0_C0 (net)                                                                                                                                                                               | 8      |             |            |            | 0.000       |        |                 |
| csr_mod.regs[3]_9__AOI221X0P5H7L_A0_C0_BUFX3H7L_A:A (BUFX3H7L)                                                                                                                                                             |        | 0.001       | 0.000      | 0.099      |             | 0.000  | 0.860r          |
| csr_mod.regs[3]_9__AOI221X0P5H7L_A0_C0_BUFX3H7L_A:Y (BUFX3H7L)                                                                                                                                                             |        | 0.023       | 0.000      | 0.141      |             | 0.118  | 0.978r          |
| csr_mod.regs[3]_7__AOI221X0P5H7L_A0_C0 (net)                                                                                                                                                                               | 24     |             |            |            | 0.000       |        |                 |
| csr_mod.regs[3]_7__AOI221X0P5H7L_A0_C0_BUFX3H7L_A:A (BUFX3H7L)                                                                                                                                                             |        | 0.001       | 0.000      | 0.141      |             | 0.000  | 0.978r          |
| csr_mod.regs[3]_7__AOI221X0P5H7L_A0_C0_BUFX3H7L_A:Y (BUFX3H7L)                                                                                                                                                             |        | 0.023       | 0.000      | 0.139      |             | 0.121  | 1.099r          |
| csr_mod.regs[3]_8__AOI221X0P5H7L_A0_C0 (net)                                                                                                                                                                               | 24     |             |            |            | 0.000       |        |                 |
| reg_mod.regs[24]_11__OA211X0P7H7L_A0_Y_OAI211X0P7H7L_A0_Y_OAI211X1H7L_A0_Y_NAND3X0P5H7L_C_Y_OAI21X0P5H7L_B0_A1_OR2X1P4H7L_Y_B_NAND4BX0P5H7L_B_Y_NAND2X1H7L_A_B_AND3X1P4H7L_Y:B (AND3X1P4H7L)                               |        | 0.001       | 0.000      | 0.139      |             | 0.000  | 1.099r          |
| reg_mod.regs[24]_11__OA211X0P7H7L_A0_Y_OAI211X0P7H7L_A0_Y_OAI211X1H7L_A0_Y_NAND3X0P5H7L_C_Y_OAI21X0P5H7L_B0_A1_OR2X1P4H7L_Y_B_NAND4BX0P5H7L_B_Y_NAND2X1H7L_A_B_AND3X1P4H7L_Y:Y (AND3X1P4H7L)                               |        | 0.002       | 0.000      | 0.038      |             | 0.079  | 1.178r          |
| reg_mod.regs[24]_11__OA211X0P7H7L_A0_Y_OAI211X0P7H7L_A0_Y_OAI211X1H7L_A0_Y_NAND3X0P5H7L_C_Y_OAI21X0P5H7L_B0_A1_OR2X1P4H7L_Y_B_NAND4BX0P5H7L_B_Y_NAND2X1H7L_A_B (net)                                                       | 2      |             |            |            | 0.000       |        |                 |
| reg_mod.regs[24]_11__OA211X0P7H7L_A0_Y_OAI211X0P7H7L_A0_Y_OAI211X1H7L_A0_Y_NAND3X0P5H7L_C_Y_OAI21X0P5H7L_B0_A1_OR2X1P4H7L_Y_B_NAND4BX0P5H7L_B_Y_NAND2X1H7L_A:B (NAND2X1H7L)                                                |        | 0.001       | 0.000      | 0.038      |             | 0.000  | 1.178r          |
| reg_mod.regs[24]_11__OA211X0P7H7L_A0_Y_OAI211X0P7H7L_A0_Y_OAI211X1H7L_A0_Y_NAND3X0P5H7L_C_Y_OAI21X0P5H7L_B0_A1_OR2X1P4H7L_Y_B_NAND4BX0P5H7L_B_Y_NAND2X1H7L_A:Y (NAND2X1H7L)                                                |        | 0.007       | 0.000      | 0.097      |             | 0.066  | 1.244f          |
| csr_mod.regs[4]_7__reg_p_D_NOR2X0P5H7L_Y_A (net)                                                                                                                                                                           | 10     |             |            |            | 0.000       |        |                 |
| csr_mod.regs[4]_7__reg_p_D_NOR2X0P5H7L_Y_A_BUFX1P4H7L_A:A (BUFX1P4H7L)                                                                                                                                                     |        | 0.001       | 0.000      | 0.097      |             | 0.000  | 1.244f          |
| csr_mod.regs[4]_7__reg_p_D_NOR2X0P5H7L_Y_A_BUFX1P4H7L_A:Y (BUFX1P4H7L)                                                                                                                                                     |        | 0.016       | 0.000      | 0.106      |             | 0.108  | 1.352f          |
| csr_mod.regs[4]_9__reg_p_D_NOR2X0P5H7L_Y_A (net)                                                                                                                                                                           | 24     |             |            |            | 0.000       |        |                 |
| csr_mod.regs[4]_9__reg_p_D_NOR2X0P5H7L_Y_A_NAND2X0P5H7L_B:B (NAND2X0P5H7L)                                                                                                                                                 |        | 0.001       | 0.000      | 0.106      |             | 0.000  | 1.352f          |
| csr_mod.regs[4]_9__reg_p_D_NOR2X0P5H7L_Y_A_NAND2X0P5H7L_B:Y (NAND2X0P5H7L)                                                                                                                                                 |        | 0.001       | 0.000      | 0.047      |             | 0.042  | 1.394r          |
| csr_mod.regs[4]_9__reg_p_D_NOR2X0P5H7L_Y_A_NAND2X0P5H7L_B_Y (net)                                                                                                                                                          | 1      |             |            |            | 0.000       |        |                 |
| csr_mod.regs[4]_9__reg_p_D_NOR2X0P5H7L_Y_A_NAND2X0P5H7L_B_Y_ICGX0P5H7L_E:E (ICGX0P5H7L)                                                                                                                                    |        | 0.001       | 0.000      | 0.047      |             | 0.000  | 1.394r          |
|                                                                                                                                                                                                                            |        |             |            |            |             |        |                 |
| clock (port)                                                                                                                                                                                                               |        | 0.111       | 0.000      | 0.000      |             | 0.000  | 0.000r          |
| clock (clock net)                                                                                                                                                                                                          | 116    |             |            |            | NA          |        |                 |
| csr_mod.regs[4]_9__reg_p_D_NOR2X0P5H7L_Y_A_NAND2X0P5H7L_B_Y_ICGX0P5H7L_E:CK (ICGX0P5H7L)                                                                                                                                   |        | 0.002       | 0.000      | 0.000      |             | 0.000  | 0.000r          |
| clock core_clock (rise edge)                                                                                                                                                                                               |        |             |            |            |             | 3.333  | 3.333           |
| clock network delay (ideal)                                                                                                                                                                                                |        |             |            |            |             | 0.000  | 3.333           |
| csr_mod.regs[4]_9__reg_p_D_NOR2X0P5H7L_Y_A_NAND2X0P5H7L_B_Y_ICGX0P5H7L_E:CK (ICGX0P5H7L)                                                                                                                                   |        |             |            |            |             |        | 3.333r          |
| library setup time                                                                                                                                                                                                         |        |             |            |            |             | -0.054 | 3.279           |
| clock reconvergence pessimism                                                                                                                                                                                              |        |             |            |            |             | 0.000  | 3.279           |
|                                                                                                                                                                                                                            |        |             |            |            |             |        |                 |
| path cell delay                                                                                                                                                                                                            |        |             |            |            |             |        | 1.394(100.000%) |
| path net delay                                                                                                                                                                                                             |        |             |            |            |             |        | 0.000(0.000%)   |
|                                                                                                                                                                                                                            |        |             |            |            |             |        |                 |
| data require time                                                                                                                                                                                                          |        |             |            |            |             |        | 3.279           |
| data arrival time                                                                                                                                                                                                          |        |             |            |            |             |        | 1.394           |
| slack (MET)                                                                                                                                                                                                                |        |             |            |            |             |        | 1.885           |
+----------------------------------------------------------------------------------------------------------------------------------------------------------------------------------------------------------------------------+--------+-------------+------------+------------+-------------+--------+-----------------+
+----------------------------------------------------------------------------------------------------------------------------------------------------------------------------------------------------------------------------+--------+-------------+------------+------------+-------------+--------+-----------------+
| Point                                                                                                                                                                                                                      | Fanout | Capacitance | Resistance | Transition | Delta Delay | Incr   | Path            |
+----------------------------------------------------------------------------------------------------------------------------------------------------------------------------------------------------------------------------+--------+-------------+------------+------------+-------------+--------+-----------------+
| clock (port)                                                                                                                                                                                                               |        | 0.147       | 0.000      | 0.000      |             | 0.000  | 0.000r          |
| clock (clock net)                                                                                                                                                                                                          | 116    |             |            |            | NA          |        |                 |
| decode_mod.bus_in_opcode_14__reg_p:CK (DFFQX1H7L)                                                                                                                                                                          |        | 0.001       | 0.000      | 0.000      |             | 0.000  | 0.000r          |
| clock core_clock (rise edge)                                                                                                                                                                                               |        |             |            |            |             | 0      | 0               |
| clock network delay (ideal)                                                                                                                                                                                                |        |             |            |            |             | 0.000  | 0.000           |
| decode_mod.bus_in_opcode_14__reg_p:CK (DFFQX1H7L)                                                                                                                                                                          |        | 0.001       | 0.000      | 0.000      |             | 0.000  | 0.000r          |
| decode_mod.bus_in_opcode_14__reg_p:Q (DFFQX1H7L)                                                                                                                                                                           |        | 0.001       | 0.000      | 0.023      |             | 0.061  | 0.061f          |
| decode_mod.bus_in_opcode_14_ (net)                                                                                                                                                                                         | 1      |             |            |            | 0.000       |        |                 |
| decode_mod.bus_in_opcode_14__BUFX1P4H7L_A:A (BUFX1P4H7L)                                                                                                                                                                   |        | 0.001       | 0.000      | 0.023      |             | 0.000  | 0.061f          |
| decode_mod.bus_in_opcode_14__BUFX1P4H7L_A:Y (BUFX1P4H7L)                                                                                                                                                                   |        | 0.013       | 0.000      | 0.087      |             | 0.078  | 0.139f          |
| io_master_wstrb_OAI32X0P5H7L_Y_B1 (net)                                                                                                                                                                                    | 16     |             |            |            | 0.000       |        |                 |
| decode_mod.bus_in_opcode_12__NOR3X0P7H7L_A:C (NOR3X0P7H7L)                                                                                                                                                                 |        | 0.001       | 0.000      | 0.087      |             | 0.000  | 0.139f          |
| decode_mod.bus_in_opcode_12__NOR3X0P7H7L_A:Y (NOR3X0P7H7L)                                                                                                                                                                 |        | 0.007       | 0.000      | 0.321      |             | 0.206  | 0.345r          |
| decode_mod.bus_in_opcode_12__NOR3X0P7H7L_A_Y (net)                                                                                                                                                                         | 9      |             |            |            | 0.000       |        |                 |
| reg_mod.regs[8]_21__NOR2BX1H7L_AN_Z_AOI221X0P5H7L_C0_B1_OAI211X1P4H7L_C0_Y_AOAI211X0P5H7L_A1_A0_OAI211X1P4H7L_A1_C0_AOI2XB1X0P5H7L_Y_A0_OAI2XB1X0P5H7L_Y_A1N_OAI211X1P4H7L_C0:A1 (OAI211X1P4H7L)                           |        | 0.001       | 0.000      | 0.321      |             | 0.000  | 0.345r          |
| reg_mod.regs[8]_21__NOR2BX1H7L_AN_Z_AOI221X0P5H7L_C0_B1_OAI211X1P4H7L_C0_Y_AOAI211X0P5H7L_A1_A0_OAI211X1P4H7L_A1_C0_AOI2XB1X0P5H7L_Y_A0_OAI2XB1X0P5H7L_Y_A1N_OAI211X1P4H7L_C0:Y (OAI211X1P4H7L)                            |        | 0.003       | 0.000      | 0.097      |             | 0.076  | 0.421f          |
| reg_mod.regs[8]_21__NOR2BX1H7L_AN_Z_AOI221X0P5H7L_C0_B1_OAI211X1P4H7L_C0_Y_AOAI211X0P5H7L_A1_A0_OAI211X1P4H7L_A1_C0_AOI2XB1X0P5H7L_Y_A0_OAI2XB1X0P5H7L_Y_A1N_OAI211X1P4H7L_C0_Y (net)                                      | 4      |             |            |            | 0.000       |        |                 |
| reg_mod.regs[8]_21__NOR2BX1H7L_AN_Z_AOI221X0P5H7L_C0_B1_OAI211X1P4H7L_C0_Y_AOAI211X0P5H7L_A1_A0_OAI211X1P4H7L_A1_C0_AOI2XB1X0P5H7L_Y_A0_OAI2XB1X0P5H7L_Y_A1N_OAI211X1P4H7L_C0_Y_AO21X1H7L_A1:A1 (AO21X1H7L)                |        | 0.001       | 0.000      | 0.097      |             | 0.000  | 0.421f          |
| reg_mod.regs[8]_21__NOR2BX1H7L_AN_Z_AOI221X0P5H7L_C0_B1_OAI211X1P4H7L_C0_Y_AOAI211X0P5H7L_A1_A0_OAI211X1P4H7L_A1_C0_AOI2XB1X0P5H7L_Y_A0_OAI2XB1X0P5H7L_Y_A1N_OAI211X1P4H7L_C0_Y_AO21X1H7L_A1:Y (AO21X1H7L)                 |        | 0.001       | 0.000      | 0.022      |             | 0.069  | 0.491f          |
| reg_mod.regs[8]_21__NOR2BX1H7L_AN_Z_AOI221X0P5H7L_C0_B1_OAI211X1P4H7L_C0_Y_AOAI211X0P5H7L_A1_A0_OAI211X1P4H7L_A1_C0_AOI2XB1X0P5H7L_Y_A0_OAI2XB1X0P5H7L_Y_A1N_OAI211X1P4H7L_C0_Y_AO21X1H7L_A1_Y (net)                       | 1      |             |            |            | 0.000       |        |                 |
| reg_mod.regs[8]_21__NOR2BX1H7L_AN_Z_AOI221X0P5H7L_C0_B1_OAI211X1P4H7L_C0_Y_AOAI211X0P5H7L_A1_A0_OAI211X1P4H7L_A1_C0_AOI2XB1X0P5H7L_Y_A0_OAI2XB1X0P5H7L_Y_A1N_OAI211X1P4H7L_C0_Y_AO21X1H7L_A1_Y_BUFX1P4H7L_A:A (BUFX1P4H7L) |        | 0.001       | 0.000      | 0.022      |             | 0.000  | 0.491f          |
| reg_mod.regs[8]_21__NOR2BX1H7L_AN_Z_AOI221X0P5H7L_C0_B1_OAI211X1P4H7L_C0_Y_AOAI211X0P5H7L_A1_A0_OAI211X1P4H7L_A1_C0_AOI2XB1X0P5H7L_Y_A0_OAI2XB1X0P5H7L_Y_A1N_OAI211X1P4H7L_C0_Y_AO21X1H7L_A1_Y_BUFX1P4H7L_A:Y (BUFX1P4H7L) |        | 0.010       | 0.000      | 0.068      |             | 0.068  | 0.558f          |
| decode_mod.bus_in_opcode_31__AND2X1H7L_A_B (net)                                                                                                                                                                           | 13     |             |            |            | 0.000       |        |                 |
| decode_mod.bus_in_opcode_28__NAND3X0P5H7L_A:C (NAND3X0P5H7L)                                                                                                                                                               |        | 0.001       | 0.000      | 0.068      |             | 0.000  | 0.558f          |
| decode_mod.bus_in_opcode_28__NAND3X0P5H7L_A:Y (NAND3X0P5H7L)                                                                                                                                                               |        | 0.004       | 0.000      | 0.090      |             | 0.070  | 0.628r          |
| reg_mod.regs[11]_11__MUXI2X0P5H7L_A_Y_OA222X1H7L_A1_Y_OAI22X1P4H7L_B0_Y_NOR3X0P5H7L_C_Y_AOI31X0P5H7L_B0_A0_AOI21X0P5H7L_A0_Y_NOR4BBX2H7L_BN_D (net)                                                                        | 5      |             |            |            | 0.000       |        |                 |
| reg_mod.regs[11]_11__MUXI2X0P5H7L_A_Y_OA222X1H7L_A1_Y_OAI22X1P4H7L_B0_Y_NOR3X0P5H7L_C_Y_AOI31X0P5H7L_B0_A0_AOI21X0P5H7L_A0_Y_NAND4BBX0P5H7L_D:BN (NAND4BBX0P5H7L)                                                          |        | 0.001       | 0.000      | 0.090      |             | 0.000  | 0.628r          |
| reg_mod.regs[11]_11__MUXI2X0P5H7L_A_Y_OA222X1H7L_A1_Y_OAI22X1P4H7L_B0_Y_NOR3X0P5H7L_C_Y_AOI31X0P5H7L_B0_A0_AOI21X0P5H7L_A0_Y_NAND4BBX0P5H7L_D:Y (NAND4BBX0P5H7L)                                                           |        | 0.003       | 0.000      | 0.073      |             | 0.071  | 0.699r          |
| reg_mod.regs[11]_11__MUXI2X0P5H7L_A_Y_OA222X1H7L_A1_Y_OAI22X1P4H7L_B0_Y_NOR3X0P5H7L_C_Y_AOI31X0P5H7L_B0_A0_AOI21X0P5H7L_A0_Y_NAND4BBX0P5H7L_D_Y (net)                                                                      | 4      |             |            |            | 0.000       |        |                 |
| reg_mod.regs[25]_6__MUX4X1P4H7L_A_Y_AOI21X0P5H7L_A1_Y_AOI211X1P4H7L_A1_Y_AO211X1P4H7L_B0_Y_AOAI211X1H7L_C0_B0_NOR2X0P5H7L_Y_A_NAND4X0P5H7L_C_Y_OAO211X0P5H7L_A0_B0_OR3X1H7L_Y:C (OR3X1H7L)                                 |        | 0.001       | 0.000      | 0.073      |             | 0.000  | 0.699r          |
| reg_mod.regs[25]_6__MUX4X1P4H7L_A_Y_AOI21X0P5H7L_A1_Y_AOI211X1P4H7L_A1_Y_AO211X1P4H7L_B0_Y_AOAI211X1H7L_C0_B0_NOR2X0P5H7L_Y_A_NAND4X0P5H7L_C_Y_OAO211X0P5H7L_A0_B0_OR3X1H7L_Y:Y (OR3X1H7L)                                 |        | 0.002       | 0.000      | 0.030      |             | 0.046  | 0.745r          |
| reg_mod.regs[25]_6__MUX4X1P4H7L_A_Y_AOI21X0P5H7L_A1_Y_AOI211X1P4H7L_A1_Y_AO211X1P4H7L_B0_Y_AOAI211X1H7L_C0_B0_NOR2X0P5H7L_Y_A_NAND4X0P5H7L_C_Y_OAO211X0P5H7L_A0_B0 (net)                                                   | 2      |             |            |            | 0.000       |        |                 |
| reg_mod.regs[25]_6__MUX4X1P4H7L_A_Y_AOI21X0P5H7L_A1_Y_AOI211X1P4H7L_A1_Y_AO211X1P4H7L_B0_Y_AOAI211X1H7L_C0_B0_NOR2X0P5H7L_Y_A_NAND4X0P5H7L_C_Y_OAO211X0P5H7L_A0:B0 (OAO211X0P5H7L)                                         |        | 0.001       | 0.000      | 0.030      |             | 0.000  | 0.745r          |
| reg_mod.regs[25]_6__MUX4X1P4H7L_A_Y_AOI21X0P5H7L_A1_Y_AOI211X1P4H7L_A1_Y_AO211X1P4H7L_B0_Y_AOAI211X1H7L_C0_B0_NOR2X0P5H7L_Y_A_NAND4X0P5H7L_C_Y_OAO211X0P5H7L_A0:Y (OAO211X0P5H7L)                                          |        | 0.001       | 0.000      | 0.027      |             | 0.041  | 0.786r          |
| reg_mod.regs[25]_6__MUX4X1P4H7L_A_Y_AOI21X0P5H7L_A1_Y_AOI211X1P4H7L_A1_Y_AO211X1P4H7L_B0_Y_AOAI211X1H7L_C0_B0_NOR2X0P5H7L_Y_A_NAND4X0P5H7L_C_Y_OAO211X0P5H7L_A0_Y (net)                                                    | 1      |             |            |            | 0.000       |        |                 |
| reg_mod.regs[25]_6__MUX4X1P4H7L_A_Y_AOI21X0P5H7L_A1_Y_AOI211X1P4H7L_A1_Y_AO211X1P4H7L_B0_Y_AOAI211X1H7L_C0_B0_NOR2X0P5H7L_Y_A_NAND4X0P5H7L_C_Y_OAO211X0P5H7L_A0_Y_BUFX1H7L_A:A (BUFX1H7L)                                  |        | 0.001       | 0.000      | 0.027      |             | 0.000  | 0.786r          |
| reg_mod.regs[25]_6__MUX4X1P4H7L_A_Y_AOI21X0P5H7L_A1_Y_AOI211X1P4H7L_A1_Y_AO211X1P4H7L_B0_Y_AOAI211X1H7L_C0_B0_NOR2X0P5H7L_Y_A_NAND4X0P5H7L_C_Y_OAO211X0P5H7L_A0_Y_BUFX1H7L_A:Y (BUFX1H7L)                                  |        | 0.008       | 0.000      | 0.099      |             | 0.074  | 0.860r          |
| csr_mod.regs[3]_9__AOI221X0P5H7L_A0_C0 (net)                                                                                                                                                                               | 8      |             |            |            | 0.000       |        |                 |
| csr_mod.regs[3]_9__AOI221X0P5H7L_A0_C0_BUFX3H7L_A:A (BUFX3H7L)                                                                                                                                                             |        | 0.001       | 0.000      | 0.099      |             | 0.000  | 0.860r          |
| csr_mod.regs[3]_9__AOI221X0P5H7L_A0_C0_BUFX3H7L_A:Y (BUFX3H7L)                                                                                                                                                             |        | 0.023       | 0.000      | 0.141      |             | 0.118  | 0.978r          |
| csr_mod.regs[3]_7__AOI221X0P5H7L_A0_C0 (net)                                                                                                                                                                               | 24     |             |            |            | 0.000       |        |                 |
| csr_mod.regs[3]_7__AOI221X0P5H7L_A0_C0_BUFX3H7L_A:A (BUFX3H7L)                                                                                                                                                             |        | 0.001       | 0.000      | 0.141      |             | 0.000  | 0.978r          |
| csr_mod.regs[3]_7__AOI221X0P5H7L_A0_C0_BUFX3H7L_A:Y (BUFX3H7L)                                                                                                                                                             |        | 0.023       | 0.000      | 0.139      |             | 0.121  | 1.099r          |
| csr_mod.regs[3]_8__AOI221X0P5H7L_A0_C0 (net)                                                                                                                                                                               | 24     |             |            |            | 0.000       |        |                 |
| reg_mod.regs[24]_11__OA211X0P7H7L_A0_Y_OAI211X0P7H7L_A0_Y_OAI211X1H7L_A0_Y_NAND3X0P5H7L_C_Y_OAI21X0P5H7L_B0_A1_OR2X1P4H7L_Y_B_NAND4BX0P5H7L_B_Y_NAND2X1H7L_A_B_AND3X1P4H7L_Y:B (AND3X1P4H7L)                               |        | 0.001       | 0.000      | 0.139      |             | 0.000  | 1.099r          |
| reg_mod.regs[24]_11__OA211X0P7H7L_A0_Y_OAI211X0P7H7L_A0_Y_OAI211X1H7L_A0_Y_NAND3X0P5H7L_C_Y_OAI21X0P5H7L_B0_A1_OR2X1P4H7L_Y_B_NAND4BX0P5H7L_B_Y_NAND2X1H7L_A_B_AND3X1P4H7L_Y:Y (AND3X1P4H7L)                               |        | 0.002       | 0.000      | 0.038      |             | 0.079  | 1.178r          |
| reg_mod.regs[24]_11__OA211X0P7H7L_A0_Y_OAI211X0P7H7L_A0_Y_OAI211X1H7L_A0_Y_NAND3X0P5H7L_C_Y_OAI21X0P5H7L_B0_A1_OR2X1P4H7L_Y_B_NAND4BX0P5H7L_B_Y_NAND2X1H7L_A_B (net)                                                       | 2      |             |            |            | 0.000       |        |                 |
| reg_mod.regs[24]_11__OA211X0P7H7L_A0_Y_OAI211X0P7H7L_A0_Y_OAI211X1H7L_A0_Y_NAND3X0P5H7L_C_Y_OAI21X0P5H7L_B0_A1_OR2X1P4H7L_Y_B_NAND4BX0P5H7L_B_Y_NAND2BX1H7L_AN:B (NAND2BX1H7L)                                             |        | 0.001       | 0.000      | 0.038      |             | 0.000  | 1.178r          |
| reg_mod.regs[24]_11__OA211X0P7H7L_A0_Y_OAI211X0P7H7L_A0_Y_OAI211X1H7L_A0_Y_NAND3X0P5H7L_C_Y_OAI21X0P5H7L_B0_A1_OR2X1P4H7L_Y_B_NAND4BX0P5H7L_B_Y_NAND2BX1H7L_AN:Y (NAND2BX1H7L)                                             |        | 0.007       | 0.000      | 0.096      |             | 0.066  | 1.244f          |
| csr_mod.regs[0]_7__reg_p_D_NOR2X0P5H7L_Y_A (net)                                                                                                                                                                           | 10     |             |            |            | 0.000       |        |                 |
| csr_mod.regs[0]_7__reg_p_D_NOR2X0P5H7L_Y_A_BUFX1P4H7L_A:A (BUFX1P4H7L)                                                                                                                                                     |        | 0.001       | 0.000      | 0.096      |             | 0.000  | 1.244f          |
| csr_mod.regs[0]_7__reg_p_D_NOR2X0P5H7L_Y_A_BUFX1P4H7L_A:Y (BUFX1P4H7L)                                                                                                                                                     |        | 0.016       | 0.000      | 0.106      |             | 0.108  | 1.352f          |
| csr_mod.regs[0]_9__reg_p_D_NOR2X0P5H7L_Y_A (net)                                                                                                                                                                           | 24     |             |            |            | 0.000       |        |                 |
| ifu_mod.ifu_1__NAND2X1H7L_B_A_NAND2X0P5H7L_A_13:B (NAND2X0P5H7L)                                                                                                                                                           |        | 0.001       | 0.000      | 0.106      |             | 0.000  | 1.352f          |
| ifu_mod.ifu_1__NAND2X1H7L_B_A_NAND2X0P5H7L_A_13:Y (NAND2X0P5H7L)                                                                                                                                                           |        | 0.001       | 0.000      | 0.047      |             | 0.042  | 1.394r          |
| ifu_mod.ifu_1__NAND2X1H7L_B_A_NAND2X0P5H7L_A_13_Y (net)                                                                                                                                                                    | 1      |             |            |            | 0.000       |        |                 |
| ifu_mod.ifu_1__NAND2X1H7L_B_A_NAND2X0P5H7L_A_13_Y_ICGX0P5H7L_E:E (ICGX0P5H7L)                                                                                                                                              |        | 0.001       | 0.000      | 0.047      |             | 0.000  | 1.394r          |
|                                                                                                                                                                                                                            |        |             |            |            |             |        |                 |
| clock (port)                                                                                                                                                                                                               |        | 0.111       | 0.000      | 0.000      |             | 0.000  | 0.000r          |
| clock (clock net)                                                                                                                                                                                                          | 116    |             |            |            | NA          |        |                 |
| ifu_mod.ifu_1__NAND2X1H7L_B_A_NAND2X0P5H7L_A_13_Y_ICGX0P5H7L_E:CK (ICGX0P5H7L)                                                                                                                                             |        | 0.002       | 0.000      | 0.000      |             | 0.000  | 0.000r          |
| clock core_clock (rise edge)                                                                                                                                                                                               |        |             |            |            |             | 3.333  | 3.333           |
| clock network delay (ideal)                                                                                                                                                                                                |        |             |            |            |             | 0.000  | 3.333           |
| ifu_mod.ifu_1__NAND2X1H7L_B_A_NAND2X0P5H7L_A_13_Y_ICGX0P5H7L_E:CK (ICGX0P5H7L)                                                                                                                                             |        |             |            |            |             |        | 3.333r          |
| library setup time                                                                                                                                                                                                         |        |             |            |            |             | -0.054 | 3.279           |
| clock reconvergence pessimism                                                                                                                                                                                              |        |             |            |            |             | 0.000  | 3.279           |
|                                                                                                                                                                                                                            |        |             |            |            |             |        |                 |
| path cell delay                                                                                                                                                                                                            |        |             |            |            |             |        | 1.394(100.000%) |
| path net delay                                                                                                                                                                                                             |        |             |            |            |             |        | 0.000(0.000%)   |
|                                                                                                                                                                                                                            |        |             |            |            |             |        |                 |
| data require time                                                                                                                                                                                                          |        |             |            |            |             |        | 3.279           |
| data arrival time                                                                                                                                                                                                          |        |             |            |            |             |        | 1.394           |
| slack (MET)                                                                                                                                                                                                                |        |             |            |            |             |        | 1.885           |
+----------------------------------------------------------------------------------------------------------------------------------------------------------------------------------------------------------------------------+--------+-------------+------------+------------+-------------+--------+-----------------+
+----------------------------------------------------------------------------------------------------------------------------------------------------------------------------------------------------------------------------+--------+-------------+------------+------------+-------------+--------+-----------------+
| Point                                                                                                                                                                                                                      | Fanout | Capacitance | Resistance | Transition | Delta Delay | Incr   | Path            |
+----------------------------------------------------------------------------------------------------------------------------------------------------------------------------------------------------------------------------+--------+-------------+------------+------------+-------------+--------+-----------------+
| clock (port)                                                                                                                                                                                                               |        | 0.147       | 0.000      | 0.000      |             | 0.000  | 0.000r          |
| clock (clock net)                                                                                                                                                                                                          | 116    |             |            |            | NA          |        |                 |
| decode_mod.bus_in_opcode_5__reg_p:CK (DFFQX1H7L)                                                                                                                                                                           |        | 0.001       | 0.000      | 0.000      |             | 0.000  | 0.000r          |
| clock core_clock (rise edge)                                                                                                                                                                                               |        |             |            |            |             | 0      | 0               |
| clock network delay (ideal)                                                                                                                                                                                                |        |             |            |            |             | 0.000  | 0.000           |
| decode_mod.bus_in_opcode_5__reg_p:CK (DFFQX1H7L)                                                                                                                                                                           |        | 0.001       | 0.000      | 0.000      |             | 0.000  | 0.000r          |
| decode_mod.bus_in_opcode_5__reg_p:Q (DFFQX1H7L)                                                                                                                                                                            |        | 0.002       | 0.000      | 0.030      |             | 0.088  | 0.088r          |
| decode_mod.bus_in_opcode_5_ (net)                                                                                                                                                                                          | 1      |             |            |            | 0.000       |        |                 |
| decode_mod.bus_in_opcode_5__BUFX7H7L_A:A (BUFX7H7L)                                                                                                                                                                        |        | 0.002       | 0.000      | 0.030      |             | 0.000  | 0.088r          |
| decode_mod.bus_in_opcode_5__BUFX7H7L_A:Y (BUFX7H7L)                                                                                                                                                                        |        | 0.020       | 0.000      | 0.058      |             | 0.055  | 0.143r          |
| decode_mod.bus_in_opcode_5__BUFX7H7L_A_Y (net)                                                                                                                                                                             | 24     |             |            |            | 0.000       |        |                 |
| decode_mod.bus_in_opcode_4__NAND4BX3H7L_AN:B (NAND4BX3H7L)                                                                                                                                                                 |        | 0.002       | 0.000      | 0.058      |             | 0.000  | 0.143r          |
| decode_mod.bus_in_opcode_4__NAND4BX3H7L_AN:Y (NAND4BX3H7L)                                                                                                                                                                 |        | 0.008       | 0.000      | 0.113      |             | 0.086  | 0.229f          |
| decode_mod.bus_in_opcode_4__NAND4BX3H7L_AN_Y (net)                                                                                                                                                                         | 9      |             |            |            | 0.000       |        |                 |
| reg_mod.regs[11]_11__MUXI2X0P5H7L_A_Y_OA222X1H7L_A1_Y_OAI22X1P4H7L_B0_Y_NOR3X0P5H7L_C_Y_AOI31X0P5H7L_B0_A0_AOI32X0P5H7L_Y_B0_NOR3BX0P5H7L_Y:C (NOR3BX0P5H7L)                                                               |        | 0.001       | 0.000      | 0.113      |             | 0.000  | 0.229f          |
| reg_mod.regs[11]_11__MUXI2X0P5H7L_A_Y_OA222X1H7L_A1_Y_OAI22X1P4H7L_B0_Y_NOR3X0P5H7L_C_Y_AOI31X0P5H7L_B0_A0_AOI32X0P5H7L_Y_B0_NOR3BX0P5H7L_Y:Y (NOR3BX0P5H7L)                                                               |        | 0.004       | 0.000      | 0.213      |             | 0.153  | 0.382r          |
| reg_mod.regs[11]_11__MUXI2X0P5H7L_A_Y_OA222X1H7L_A1_Y_OAI22X1P4H7L_B0_Y_NOR3X0P5H7L_C_Y_AOI31X0P5H7L_B0_A0_AOI32X0P5H7L_Y_B0 (net)                                                                                         | 5      |             |            |            | 0.000       |        |                 |
| reg_mod.regs[8]_21__NOR2BX1H7L_AN_Z_AOI221X0P5H7L_C0_B1_OAI211X1P4H7L_C0_Y_AOAI211X0P5H7L_A1_A0_OAI211X1P4H7L_A1_C0_AOI2XB1X0P5H7L_Y_A0_OAI2XB1X0P5H7L_Y_A1N_OAI211X1P4H7L_C0_Y_AO21X1H7L_A1:B0 (AO21X1H7L)                |        | 0.001       | 0.000      | 0.213      |             | 0.000  | 0.382r          |
| reg_mod.regs[8]_21__NOR2BX1H7L_AN_Z_AOI221X0P5H7L_C0_B1_OAI211X1P4H7L_C0_Y_AOAI211X0P5H7L_A1_A0_OAI211X1P4H7L_A1_C0_AOI2XB1X0P5H7L_Y_A0_OAI2XB1X0P5H7L_Y_A1N_OAI211X1P4H7L_C0_Y_AO21X1H7L_A1:Y (AO21X1H7L)                 |        | 0.001       | 0.000      | 0.026      |             | 0.045  | 0.427r          |
| reg_mod.regs[8]_21__NOR2BX1H7L_AN_Z_AOI221X0P5H7L_C0_B1_OAI211X1P4H7L_C0_Y_AOAI211X0P5H7L_A1_A0_OAI211X1P4H7L_A1_C0_AOI2XB1X0P5H7L_Y_A0_OAI2XB1X0P5H7L_Y_A1N_OAI211X1P4H7L_C0_Y_AO21X1H7L_A1_Y (net)                       | 1      |             |            |            | 0.000       |        |                 |
| reg_mod.regs[8]_21__NOR2BX1H7L_AN_Z_AOI221X0P5H7L_C0_B1_OAI211X1P4H7L_C0_Y_AOAI211X0P5H7L_A1_A0_OAI211X1P4H7L_A1_C0_AOI2XB1X0P5H7L_Y_A0_OAI2XB1X0P5H7L_Y_A1N_OAI211X1P4H7L_C0_Y_AO21X1H7L_A1_Y_BUFX1P4H7L_A:A (BUFX1P4H7L) |        | 0.001       | 0.000      | 0.026      |             | 0.000  | 0.427r          |
| reg_mod.regs[8]_21__NOR2BX1H7L_AN_Z_AOI221X0P5H7L_C0_B1_OAI211X1P4H7L_C0_Y_AOAI211X0P5H7L_A1_A0_OAI211X1P4H7L_A1_C0_AOI2XB1X0P5H7L_Y_A0_OAI2XB1X0P5H7L_Y_A1N_OAI211X1P4H7L_C0_Y_AO21X1H7L_A1_Y_BUFX1P4H7L_A:Y (BUFX1P4H7L) |        | 0.010       | 0.000      | 0.114      |             | 0.084  | 0.511r          |
| decode_mod.bus_in_opcode_31__AND2X1H7L_A_B (net)                                                                                                                                                                           | 13     |             |            |            | 0.000       |        |                 |
| decode_mod.bus_in_opcode_28__NAND3X0P5H7L_A:C (NAND3X0P5H7L)                                                                                                                                                               |        | 0.001       | 0.000      | 0.114      |             | 0.000  | 0.511r          |
| decode_mod.bus_in_opcode_28__NAND3X0P5H7L_A:Y (NAND3X0P5H7L)                                                                                                                                                               |        | 0.004       | 0.000      | 0.130      |             | 0.099  | 0.610f          |
| reg_mod.regs[11]_11__MUXI2X0P5H7L_A_Y_OA222X1H7L_A1_Y_OAI22X1P4H7L_B0_Y_NOR3X0P5H7L_C_Y_AOI31X0P5H7L_B0_A0_AOI21X0P5H7L_A0_Y_NOR4BBX2H7L_BN_D (net)                                                                        | 5      |             |            |            | 0.000       |        |                 |
| reg_mod.regs[11]_11__MUXI2X0P5H7L_A_Y_OA222X1H7L_A1_Y_OAI22X1P4H7L_B0_Y_NOR3X0P5H7L_C_Y_AOI31X0P5H7L_B0_A0_AOI21X0P5H7L_A0_Y_NOR4BBX2H7L_BN:D (NOR4BBX2H7L)                                                                |        | 0.001       | 0.000      | 0.130      |             | 0.000  | 0.610f          |
| reg_mod.regs[11]_11__MUXI2X0P5H7L_A_Y_OA222X1H7L_A1_Y_OAI22X1P4H7L_B0_Y_NOR3X0P5H7L_C_Y_AOI31X0P5H7L_B0_A0_AOI21X0P5H7L_A0_Y_NOR4BBX2H7L_BN:Y (NOR4BBX2H7L)                                                                |        | 0.003       | 0.000      | 0.157      |             | 0.121  | 0.730r          |
| reg_mod.regs[11]_11__MUXI2X0P5H7L_A_Y_OA222X1H7L_A1_Y_OAI22X1P4H7L_B0_Y_NOR3X0P5H7L_C_Y_AOI31X0P5H7L_B0_A0_AOI21X0P5H7L_A0_Y_NOR4BBX2H7L_BN_Y (net)                                                                        | 4      |             |            |            | 0.000       |        |                 |
| reg_mod.regs[24]_11__OA211X0P7H7L_A0_Y_OAI211X0P7H7L_A0_Y_OAI211X1H7L_A0_Y_NAND3X0P5H7L_C_Y_OAI21X0P5H7L_B0_A1_OR2X1P4H7L_Y_B_NAND4BX0P5H7L_B_C_NAND4BX0P5H7L_Y:C (NAND4BX0P5H7L)                                          |        | 0.001       | 0.000      | 0.157      |             | 0.000  | 0.730r          |
| reg_mod.regs[24]_11__OA211X0P7H7L_A0_Y_OAI211X0P7H7L_A0_Y_OAI211X1H7L_A0_Y_NAND3X0P5H7L_C_Y_OAI21X0P5H7L_B0_A1_OR2X1P4H7L_Y_B_NAND4BX0P5H7L_B_C_NAND4BX0P5H7L_Y:Y (NAND4BX0P5H7L)                                          |        | 0.002       | 0.000      | 0.116      |             | 0.094  | 0.824f          |
| reg_mod.regs[24]_11__OA211X0P7H7L_A0_Y_OAI211X0P7H7L_A0_Y_OAI211X1H7L_A0_Y_NAND3X0P5H7L_C_Y_OAI21X0P5H7L_B0_A1_OR2X1P4H7L_Y_B_NAND4BX0P5H7L_B_C (net)                                                                      | 3      |             |            |            | 0.000       |        |                 |
| reg_mod.regs[24]_11__OA211X0P7H7L_A0_Y_OAI211X0P7H7L_A0_Y_OAI211X1H7L_A0_Y_NAND3X0P5H7L_C_Y_OAI21X0P5H7L_B0_A1_OR2X1P4H7L_Y_B_NAND4BX0P5H7L_B:C (NAND4BX0P5H7L)                                                            |        | 0.001       | 0.000      | 0.116      |             | 0.000  | 0.824f          |
| reg_mod.regs[24]_11__OA211X0P7H7L_A0_Y_OAI211X0P7H7L_A0_Y_OAI211X1H7L_A0_Y_NAND3X0P5H7L_C_Y_OAI21X0P5H7L_B0_A1_OR2X1P4H7L_Y_B_NAND4BX0P5H7L_B:Y (NAND4BX0P5H7L)                                                            |        | 0.003       | 0.000      | 0.075      |             | 0.069  | 0.893r          |
| reg_mod.regs[24]_11__OA211X0P7H7L_A0_Y_OAI211X0P7H7L_A0_Y_OAI211X1H7L_A0_Y_NAND3X0P5H7L_C_Y_OAI21X0P5H7L_B0_A1_OR2X1P4H7L_Y_B_NAND4BX0P5H7L_B_Y (net)                                                                      | 3      |             |            |            | 0.000       |        |                 |
| reg_mod.regs[24]_11__OA211X0P7H7L_A0_Y_OAI211X0P7H7L_A0_Y_OAI211X1H7L_A0_Y_NAND3X0P5H7L_C_Y_OAI21X0P5H7L_B0_A1_OR2X1P4H7L_Y_B_NAND4BX0P5H7L_B_Y_NOR4BBX0P5H7L_C:C (NOR4BBX0P5H7L)                                          |        | 0.001       | 0.000      | 0.075      |             | 0.000  | 0.893r          |
| reg_mod.regs[24]_11__OA211X0P7H7L_A0_Y_OAI211X0P7H7L_A0_Y_OAI211X1H7L_A0_Y_NAND3X0P5H7L_C_Y_OAI21X0P5H7L_B0_A1_OR2X1P4H7L_Y_B_NAND4BX0P5H7L_B_Y_NOR4BBX0P5H7L_C:Y (NOR4BBX0P5H7L)                                          |        | 0.001       | 0.000      | 0.035      |             | 0.028  | 0.921f          |
| reg_mod.regs[24]_11__OA211X0P7H7L_A0_Y_OAI211X0P7H7L_A0_Y_OAI211X1H7L_A0_Y_NAND3X0P5H7L_C_Y_OAI21X0P5H7L_B0_A1_OR2X1P4H7L_Y_B_NAND4BX0P5H7L_B_Y_NOR4BBX0P5H7L_C_Y (net)                                                    | 1      |             |            |            | 0.000       |        |                 |
| reg_mod.regs[24]_11__OA211X0P7H7L_A0_Y_OAI211X0P7H7L_A0_Y_OAI211X1H7L_A0_Y_NAND3X0P5H7L_C_Y_OAI21X0P5H7L_B0_A1_OR2X1P4H7L_Y_B_NAND4BX0P5H7L_B_Y_NOR4BBX0P5H7L_C_Y_OAI21X1H7L_A1:A1 (OAI21X1H7L)                            |        | 0.001       | 0.000      | 0.035      |             | 0.000  | 0.921f          |
| reg_mod.regs[24]_11__OA211X0P7H7L_A0_Y_OAI211X0P7H7L_A0_Y_OAI211X1H7L_A0_Y_NAND3X0P5H7L_C_Y_OAI21X0P5H7L_B0_A1_OR2X1P4H7L_Y_B_NAND4BX0P5H7L_B_Y_NOR4BBX0P5H7L_C_Y_OAI21X1H7L_A1:Y (OAI21X1H7L)                             |        | 0.007       | 0.000      | 0.184      |             | 0.116  | 1.037r          |
| csr_mod.regs[1]_7__reg_p_D_NOR2X0P5H7L_Y_A (net)                                                                                                                                                                           | 10     |             |            |            | 0.000       |        |                 |
| csr_mod.regs[1]_7__reg_p_D_NOR2X0P5H7L_Y_A_BUFX1P4H7L_A:A (BUFX1P4H7L)                                                                                                                                                     |        | 0.001       | 0.000      | 0.184      |             | 0.000  | 1.037r          |
| csr_mod.regs[1]_7__reg_p_D_NOR2X0P5H7L_Y_A_BUFX1P4H7L_A:Y (BUFX1P4H7L)                                                                                                                                                     |        | 0.016       | 0.000      | 0.179      |             | 0.134  | 1.171r          |
| csr_mod.regs[1]_9__reg_p_D_NOR2X0P5H7L_Y_A (net)                                                                                                                                                                           | 24     |             |            |            | 0.000       |        |                 |
| ifu_mod.ifu_1__NAND2X1H7L_B_A_NAND2X0P5H7L_A_7:B (NAND2X0P5H7L)                                                                                                                                                            |        | 0.001       | 0.000      | 0.179      |             | 0.000  | 1.171r          |
| ifu_mod.ifu_1__NAND2X1H7L_B_A_NAND2X0P5H7L_A_7:Y (NAND2X0P5H7L)                                                                                                                                                            |        | 0.001       | 0.000      | 0.049      |             | 0.036  | 1.207f          |
| ifu_mod.ifu_1__NAND2X1H7L_B_A_NAND2X0P5H7L_A_7_Y (net)                                                                                                                                                                     | 1      |             |            |            | 0.000       |        |                 |
| ifu_mod.ifu_1__NAND2X1H7L_B_A_NAND2X0P5H7L_A_7_Y_ICGX0P5H7L_E:E (ICGX0P5H7L)                                                                                                                                               |        | 0.001       | 0.000      | 0.049      |             | 0.000  | 1.207f          |
|                                                                                                                                                                                                                            |        |             |            |            |             |        |                 |
| clock (port)                                                                                                                                                                                                               |        | 0.111       | 0.000      | 0.000      |             | 0.000  | 0.000r          |
| clock (clock net)                                                                                                                                                                                                          | 116    |             |            |            | NA          |        |                 |
| ifu_mod.ifu_1__NAND2X1H7L_B_A_NAND2X0P5H7L_A_7_Y_ICGX0P5H7L_E:CK (ICGX0P5H7L)                                                                                                                                              |        | 0.002       | 0.000      | 0.000      |             | 0.000  | 0.000r          |
| clock core_clock (rise edge)                                                                                                                                                                                               |        |             |            |            |             | 3.333  | 3.333           |
| clock network delay (ideal)                                                                                                                                                                                                |        |             |            |            |             | 0.000  | 3.333           |
| ifu_mod.ifu_1__NAND2X1H7L_B_A_NAND2X0P5H7L_A_7_Y_ICGX0P5H7L_E:CK (ICGX0P5H7L)                                                                                                                                              |        |             |            |            |             |        | 3.333r          |
| library setup time                                                                                                                                                                                                         |        |             |            |            |             | -0.039 | 3.294           |
| clock reconvergence pessimism                                                                                                                                                                                              |        |             |            |            |             | 0.000  | 3.294           |
|                                                                                                                                                                                                                            |        |             |            |            |             |        |                 |
| path cell delay                                                                                                                                                                                                            |        |             |            |            |             |        | 1.207(100.000%) |
| path net delay                                                                                                                                                                                                             |        |             |            |            |             |        | 0.000(0.000%)   |
|                                                                                                                                                                                                                            |        |             |            |            |             |        |                 |
| data require time                                                                                                                                                                                                          |        |             |            |            |             |        | 3.294           |
| data arrival time                                                                                                                                                                                                          |        |             |            |            |             |        | 1.207           |
| slack (MET)                                                                                                                                                                                                                |        |             |            |            |             |        | 2.087           |
+----------------------------------------------------------------------------------------------------------------------------------------------------------------------------------------------------------------------------+--------+-------------+------------+------------+-------------+--------+-----------------+
+---------------------------------------------------------------------------------+--------+-------------+------------+------------+-------------+--------+-----------------+
| Point                                                                           | Fanout | Capacitance | Resistance | Transition | Delta Delay | Incr   | Path            |
+---------------------------------------------------------------------------------+--------+-------------+------------+------------+-------------+--------+-----------------+
| clock (port)                                                                    |        | 0.111       | 0.000      | 0.000      |             | 0.000  | 0.000r          |
| clock (clock net)                                                               | 116    |             |            |            | NA          |        |                 |
| lsu_mod.lsu_w_2__reg_p:CK (DFFQX1H7L)                                           |        | 0.001       | 0.000      | 0.000      |             | 0.000  | 0.000r          |
| clock core_clock (rise edge)                                                    |        |             |            |            |             | 0      | 0               |
| clock network delay (ideal)                                                     |        |             |            |            |             | 0.000  | 0.000           |
| lsu_mod.lsu_w_2__reg_p:CK (DFFQX1H7L)                                           |        | 0.001       | 0.000      | 0.000      |             | 0.000  | 0.000r          |
| lsu_mod.lsu_w_2__reg_p:Q (DFFQX1H7L)                                            |        | 0.002       | 0.000      | 0.029      |             | 0.067  | 0.067f          |
| lsu_mod.lsu_w_2_ (net)                                                          | 3      |             |            |            | 0.000       |        |                 |
| lsu_mod.lsu_w_2__reg_p_D_AOAI211X0P5H7L_Y_C0_OAI211X0P7H7L_Y:C0 (OAI211X0P7H7L) |        | 0.001       | 0.000      | 0.029      |             | 0.000  | 0.067f          |
| lsu_mod.lsu_w_2__reg_p_D_AOAI211X0P5H7L_Y_C0_OAI211X0P7H7L_Y:Y (OAI211X0P7H7L)  |        | 0.001       | 0.000      | 0.021      |             | 0.022  | 0.089r          |
| lsu_mod.lsu_w_2__reg_p_D_AOAI211X0P5H7L_Y_C0 (net)                              | 1      |             |            |            | 0.000       |        |                 |
| lsu_mod.lsu_w_2__reg_p_D_AOAI211X0P5H7L_Y:C0 (AOAI211X0P5H7L)                   |        | 0.001       | 0.000      | 0.021      |             | 0.000  | 0.089r          |
| lsu_mod.lsu_w_2__reg_p_D_AOAI211X0P5H7L_Y:Y (AOAI211X0P5H7L)                    |        | 0.001       | 0.000      | 0.019      |             | 0.018  | 0.107f          |
| lsu_mod.lsu_w_2__reg_p_D (net)                                                  | 1      |             |            |            | 0.000       |        |                 |
| lsu_mod.lsu_w_2__reg_p:D (DFFQX1H7L)                                            |        | 0.001       | 0.000      | 0.019      |             | 0.000  | 0.107f          |
|                                                                                 |        |             |            |            |             |        |                 |
| clock (port)                                                                    |        | 0.147       | 0.000      | 0.000      |             | 0.000  | 0.000r          |
| clock (clock net)                                                               | 116    |             |            |            | NA          |        |                 |
| lsu_mod.lsu_w_2__reg_p:CK (DFFQX1H7L)                                           |        | 0.001       | 0.000      | 0.000      |             | 0.000  | 0.000r          |
| clock core_clock (rise edge)                                                    |        |             |            |            |             | 0      | 0               |
| clock network delay (ideal)                                                     |        |             |            |            |             | 0.000  | 0.000           |
| lsu_mod.lsu_w_2__reg_p:CK (DFFQX1H7L)                                           |        |             |            |            |             |        | 0.000r          |
| library hold time                                                               |        |             |            |            |             | -0.008 | -0.008          |
| clock reconvergence pessimism                                                   |        |             |            |            |             | -0.000 | -0.008          |
|                                                                                 |        |             |            |            |             |        |                 |
| path cell delay                                                                 |        |             |            |            |             |        | 0.107(100.000%) |
| path net delay                                                                  |        |             |            |            |             |        | 0.000(0.000%)   |
|                                                                                 |        |             |            |            |             |        |                 |
| data require time                                                               |        |             |            |            |             |        | -0.008          |
| data arrival time                                                               |        |             |            |            |             |        | 0.107           |
| slack (MET)                                                                     |        |             |            |            |             |        | 0.115           |
+---------------------------------------------------------------------------------+--------+-------------+------------+------------+-------------+--------+-----------------+
+-------------------------------------------------------------+--------+-------------+------------+------------+-------------+--------+-----------------+
| Point                                                       | Fanout | Capacitance | Resistance | Transition | Delta Delay | Incr   | Path            |
+-------------------------------------------------------------+--------+-------------+------------+------------+-------------+--------+-----------------+
| clock (port)                                                |        | 0.111       | 0.000      | 0.000      |             | 0.000  | 0.000r          |
| clock (clock net)                                           | 116    |             |            |            | NA          |        |                 |
| ifu_mod.ifu_0__reg_p:CK (DFFQX1H7L)                         |        | 0.001       | 0.000      | 0.000      |             | 0.000  | 0.000r          |
| clock core_clock (rise edge)                                |        |             |            |            |             | 0      | 0               |
| clock network delay (ideal)                                 |        |             |            |            |             | 0.000  | 0.000           |
| ifu_mod.ifu_0__reg_p:CK (DFFQX1H7L)                         |        | 0.001       | 0.000      | 0.000      |             | 0.000  | 0.000r          |
| ifu_mod.ifu_0__reg_p:Q (DFFQX1H7L)                          |        | 0.001       | 0.000      | 0.025      |             | 0.062  | 0.062f          |
| ifu_mod.ifu_0_ (net)                                        | 2      |             |            |            | 0.000       |        |                 |
| ifu_mod.ifu_0__INVX0P5H7L_A:A (INVX0P5H7L)                  |        | 0.001       | 0.000      | 0.025      |             | 0.000  | 0.062f          |
| ifu_mod.ifu_0__INVX0P5H7L_A:Y (INVX0P5H7L)                  |        | 0.001       | 0.000      | 0.019      |             | 0.019  | 0.082r          |
| ifu_mod.ifu_0__INVX0P5H7L_A_Y (net)                         | 1      |             |            |            | 0.000       |        |                 |
| ifu_mod.ifu_0__reg_p_D_AOAI211X0P5H7L_Y:B0 (AOAI211X0P5H7L) |        | 0.001       | 0.000      | 0.019      |             | 0.000  | 0.082r          |
| ifu_mod.ifu_0__reg_p_D_AOAI211X0P5H7L_Y:Y (AOAI211X0P5H7L)  |        | 0.001       | 0.000      | 0.022      |             | 0.025  | 0.107f          |
| ifu_mod.ifu_0__reg_p_D (net)                                | 1      |             |            |            | 0.000       |        |                 |
| ifu_mod.ifu_0__reg_p:D (DFFQX1H7L)                          |        | 0.001       | 0.000      | 0.022      |             | 0.000  | 0.107f          |
|                                                             |        |             |            |            |             |        |                 |
| clock (port)                                                |        | 0.147       | 0.000      | 0.000      |             | 0.000  | 0.000r          |
| clock (clock net)                                           | 116    |             |            |            | NA          |        |                 |
| ifu_mod.ifu_0__reg_p:CK (DFFQX1H7L)                         |        | 0.001       | 0.000      | 0.000      |             | 0.000  | 0.000r          |
| clock core_clock (rise edge)                                |        |             |            |            |             | 0      | 0               |
| clock network delay (ideal)                                 |        |             |            |            |             | 0.000  | 0.000           |
| ifu_mod.ifu_0__reg_p:CK (DFFQX1H7L)                         |        |             |            |            |             |        | 0.000r          |
| library hold time                                           |        |             |            |            |             | -0.008 | -0.008          |
| clock reconvergence pessimism                               |        |             |            |            |             | -0.000 | -0.008          |
|                                                             |        |             |            |            |             |        |                 |
| path cell delay                                             |        |             |            |            |             |        | 0.107(100.000%) |
| path net delay                                              |        |             |            |            |             |        | 0.000(0.000%)   |
|                                                             |        |             |            |            |             |        |                 |
| data require time                                           |        |             |            |            |             |        | -0.008          |
| data arrival time                                           |        |             |            |            |             |        | 0.107           |
| slack (MET)                                                 |        |             |            |            |             |        | 0.115           |
+-------------------------------------------------------------+--------+-------------+------------+------------+-------------+--------+-----------------+
+----------------------------------------------------------+--------+-------------+------------+------------+-------------+--------+-----------------+
| Point                                                    | Fanout | Capacitance | Resistance | Transition | Delta Delay | Incr   | Path            |
+----------------------------------------------------------+--------+-------------+------------+------------+-------------+--------+-----------------+
| clock (port)                                             |        | 0.111       | 0.000      | 0.000      |             | 0.000  | 0.000r          |
| clock (clock net)                                        | 116    |             |            |            | NA          |        |                 |
| lsu_mod.done_wdata_reg_p:CK (DFFQX1H7L)                  |        | 0.001       | 0.000      | 0.000      |             | 0.000  | 0.000r          |
| clock core_clock (rise edge)                             |        |             |            |            |             | 0      | 0               |
| clock network delay (ideal)                              |        |             |            |            |             | 0.000  | 0.000           |
| lsu_mod.done_wdata_reg_p:CK (DFFQX1H7L)                  |        | 0.001       | 0.000      | 0.000      |             | 0.000  | 0.000r          |
| lsu_mod.done_wdata_reg_p:Q (DFFQX1H7L)                   |        | 0.001       | 0.000      | 0.024      |             | 0.062  | 0.062f          |
| lsu_mod.done_wdata (net)                                 | 2      |             |            |            | 0.000       |        |                 |
| lsu_mod.done_wdata_AOI21X0P5H7L_B0:B0 (AOI21X0P5H7L)     |        | 0.001       | 0.000      | 0.024      |             | 0.000  | 0.062f          |
| lsu_mod.done_wdata_AOI21X0P5H7L_B0:Y (AOI21X0P5H7L)      |        | 0.001       | 0.000      | 0.032      |             | 0.028  | 0.090r          |
| lsu_mod.done_wdata_AOI21X0P5H7L_B0_Y (net)               | 1      |             |            |            | 0.000       |        |                 |
| lsu_mod.done_wdata_reg_p_D_NOR3X0P5H7L_Y:C (NOR3X0P5H7L) |        | 0.001       | 0.000      | 0.032      |             | 0.000  | 0.090r          |
| lsu_mod.done_wdata_reg_p_D_NOR3X0P5H7L_Y:Y (NOR3X0P5H7L) |        | 0.001       | 0.000      | 0.019      |             | 0.018  | 0.108f          |
| lsu_mod.done_wdata_reg_p_D (net)                         | 1      |             |            |            | 0.000       |        |                 |
| lsu_mod.done_wdata_reg_p:D (DFFQX1H7L)                   |        | 0.001       | 0.000      | 0.019      |             | 0.000  | 0.108f          |
|                                                          |        |             |            |            |             |        |                 |
| clock (port)                                             |        | 0.147       | 0.000      | 0.000      |             | 0.000  | 0.000r          |
| clock (clock net)                                        | 116    |             |            |            | NA          |        |                 |
| lsu_mod.done_wdata_reg_p:CK (DFFQX1H7L)                  |        | 0.001       | 0.000      | 0.000      |             | 0.000  | 0.000r          |
| clock core_clock (rise edge)                             |        |             |            |            |             | 0      | 0               |
| clock network delay (ideal)                              |        |             |            |            |             | 0.000  | 0.000           |
| lsu_mod.done_wdata_reg_p:CK (DFFQX1H7L)                  |        |             |            |            |             |        | 0.000r          |
| library hold time                                        |        |             |            |            |             | -0.008 | -0.008          |
| clock reconvergence pessimism                            |        |             |            |            |             | -0.000 | -0.008          |
|                                                          |        |             |            |            |             |        |                 |
| path cell delay                                          |        |             |            |            |             |        | 0.108(100.000%) |
| path net delay                                           |        |             |            |            |             |        | 0.000(0.000%)   |
|                                                          |        |             |            |            |             |        |                 |
| data require time                                        |        |             |            |            |             |        | -0.008          |
| data arrival time                                        |        |             |            |            |             |        | 0.108           |
| slack (MET)                                              |        |             |            |            |             |        | 0.116           |
+----------------------------------------------------------+--------+-------------+------------+------------+-------------+--------+-----------------+
+-------------------------------------------------------------+--------+-------------+------------+------------+-------------+--------+-----------------+
| Point                                                       | Fanout | Capacitance | Resistance | Transition | Delta Delay | Incr   | Path            |
+-------------------------------------------------------------+--------+-------------+------------+------------+-------------+--------+-----------------+
| clock (port)                                                |        | 0.111       | 0.000      | 0.000      |             | 0.000  | 0.000r          |
| clock (clock net)                                           | 116    |             |            |            | NA          |        |                 |
| lsu_mod.lsu_r_2__reg_p:CK (DFFQX1H7L)                       |        | 0.001       | 0.000      | 0.000      |             | 0.000  | 0.000r          |
| clock core_clock (rise edge)                                |        |             |            |            |             | 0      | 0               |
| clock network delay (ideal)                                 |        |             |            |            |             | 0.000  | 0.000           |
| lsu_mod.lsu_r_2__reg_p:CK (DFFQX1H7L)                       |        | 0.001       | 0.000      | 0.000      |             | 0.000  | 0.000r          |
| lsu_mod.lsu_r_2__reg_p:Q (DFFQX1H7L)                        |        | 0.001       | 0.000      | 0.024      |             | 0.061  | 0.061f          |
| lsu_mod.lsu_r_2_ (net)                                      | 2      |             |            |            | 0.000       |        |                 |
| lsu_mod.lsu_r_2__AOI31X0P5H7L_B0:B0 (AOI31X0P5H7L)          |        | 0.001       | 0.000      | 0.024      |             | 0.000  | 0.061f          |
| lsu_mod.lsu_r_2__AOI31X0P5H7L_B0:Y (AOI31X0P5H7L)           |        | 0.001       | 0.000      | 0.033      |             | 0.028  | 0.089r          |
| lsu_mod.lsu_r_2__AOI31X0P5H7L_B0_Y (net)                    | 1      |             |            |            | 0.000       |        |                 |
| lsu_mod.lsu_r_2__reg_p_D_AOI211X0P5H7L_Y:B0 (AOI211X0P5H7L) |        | 0.001       | 0.000      | 0.033      |             | 0.000  | 0.089r          |
| lsu_mod.lsu_r_2__reg_p_D_AOI211X0P5H7L_Y:Y (AOI211X0P5H7L)  |        | 0.001       | 0.000      | 0.020      |             | 0.019  | 0.109f          |
| lsu_mod.lsu_r_2__reg_p_D (net)                              | 1      |             |            |            | 0.000       |        |                 |
| lsu_mod.lsu_r_2__reg_p:D (DFFQX1H7L)                        |        | 0.001       | 0.000      | 0.020      |             | 0.000  | 0.109f          |
|                                                             |        |             |            |            |             |        |                 |
| clock (port)                                                |        | 0.147       | 0.000      | 0.000      |             | 0.000  | 0.000r          |
| clock (clock net)                                           | 116    |             |            |            | NA          |        |                 |
| lsu_mod.lsu_r_2__reg_p:CK (DFFQX1H7L)                       |        | 0.001       | 0.000      | 0.000      |             | 0.000  | 0.000r          |
| clock core_clock (rise edge)                                |        |             |            |            |             | 0      | 0               |
| clock network delay (ideal)                                 |        |             |            |            |             | 0.000  | 0.000           |
| lsu_mod.lsu_r_2__reg_p:CK (DFFQX1H7L)                       |        |             |            |            |             |        | 0.000r          |
| library hold time                                           |        |             |            |            |             | -0.008 | -0.008          |
| clock reconvergence pessimism                               |        |             |            |            |             | -0.000 | -0.008          |
|                                                             |        |             |            |            |             |        |                 |
| path cell delay                                             |        |             |            |            |             |        | 0.109(100.000%) |
| path net delay                                              |        |             |            |            |             |        | 0.000(0.000%)   |
|                                                             |        |             |            |            |             |        |                 |
| data require time                                           |        |             |            |            |             |        | -0.008          |
| data arrival time                                           |        |             |            |            |             |        | 0.109           |
| slack (MET)                                                 |        |             |            |            |             |        | 0.117           |
+-------------------------------------------------------------+--------+-------------+------------+------------+-------------+--------+-----------------+
+------------------------------------------------------------+--------+-------------+------------+------------+-------------+--------+-----------------+
| Point                                                      | Fanout | Capacitance | Resistance | Transition | Delta Delay | Incr   | Path            |
+------------------------------------------------------------+--------+-------------+------------+------------+-------------+--------+-----------------+
| clock (port)                                               |        | 0.111       | 0.000      | 0.000      |             | 0.000  | 0.000r          |
| clock (clock net)                                          | 116    |             |            |            | NA          |        |                 |
| lsu_mod.done_aw_reg_p:CK (DFFQX1H7L)                       |        | 0.001       | 0.000      | 0.000      |             | 0.000  | 0.000r          |
| clock core_clock (rise edge)                               |        |             |            |            |             | 0      | 0               |
| clock network delay (ideal)                                |        |             |            |            |             | 0.000  | 0.000           |
| lsu_mod.done_aw_reg_p:CK (DFFQX1H7L)                       |        | 0.001       | 0.000      | 0.000      |             | 0.000  | 0.000r          |
| lsu_mod.done_aw_reg_p:Q (DFFQX1H7L)                        |        | 0.001       | 0.000      | 0.024      |             | 0.062  | 0.062f          |
| lsu_mod.done_aw (net)                                      | 2      |             |            |            | 0.000       |        |                 |
| lsu_mod.done_aw_AOI21X0P5H7L_B0:B0 (AOI21X0P5H7L)          |        | 0.001       | 0.000      | 0.024      |             | 0.000  | 0.062f          |
| lsu_mod.done_aw_AOI21X0P5H7L_B0:Y (AOI21X0P5H7L)           |        | 0.001       | 0.000      | 0.033      |             | 0.029  | 0.090r          |
| lsu_mod.done_aw_AOI21X0P5H7L_B0_Y (net)                    | 1      |             |            |            | 0.000       |        |                 |
| lsu_mod.done_aw_reg_p_D_AOI211X0P5H7L_Y:B0 (AOI211X0P5H7L) |        | 0.001       | 0.000      | 0.033      |             | 0.000  | 0.090r          |
| lsu_mod.done_aw_reg_p_D_AOI211X0P5H7L_Y:Y (AOI211X0P5H7L)  |        | 0.001       | 0.000      | 0.020      |             | 0.019  | 0.109f          |
| lsu_mod.done_aw_reg_p_D (net)                              | 1      |             |            |            | 0.000       |        |                 |
| lsu_mod.done_aw_reg_p:D (DFFQX1H7L)                        |        | 0.001       | 0.000      | 0.020      |             | 0.000  | 0.109f          |
|                                                            |        |             |            |            |             |        |                 |
| clock (port)                                               |        | 0.147       | 0.000      | 0.000      |             | 0.000  | 0.000r          |
| clock (clock net)                                          | 116    |             |            |            | NA          |        |                 |
| lsu_mod.done_aw_reg_p:CK (DFFQX1H7L)                       |        | 0.001       | 0.000      | 0.000      |             | 0.000  | 0.000r          |
| clock core_clock (rise edge)                               |        |             |            |            |             | 0      | 0               |
| clock network delay (ideal)                                |        |             |            |            |             | 0.000  | 0.000           |
| lsu_mod.done_aw_reg_p:CK (DFFQX1H7L)                       |        |             |            |            |             |        | 0.000r          |
| library hold time                                          |        |             |            |            |             | -0.008 | -0.008          |
| clock reconvergence pessimism                              |        |             |            |            |             | -0.000 | -0.008          |
|                                                            |        |             |            |            |             |        |                 |
| path cell delay                                            |        |             |            |            |             |        | 0.109(100.000%) |
| path net delay                                             |        |             |            |            |             |        | 0.000(0.000%)   |
|                                                            |        |             |            |            |             |        |                 |
| data require time                                          |        |             |            |            |             |        | -0.008          |
| data arrival time                                          |        |             |            |            |             |        | 0.109           |
| slack (MET)                                                |        |             |            |            |             |        | 0.117           |
+------------------------------------------------------------+--------+-------------+------------+------------+-------------+--------+-----------------+
+----------------------------------------------------------------------------------------------------------------------------------------+--------+-------------+------------+------------+-------------+--------+-----------------+
| Point                                                                                                                                  | Fanout | Capacitance | Resistance | Transition | Delta Delay | Incr   | Path            |
+----------------------------------------------------------------------------------------------------------------------------------------+--------+-------------+------------+------------+-------------+--------+-----------------+
| clock (port)                                                                                                                           |        | 0.111       | 0.000      | 0.000      |             | 0.000  | 0.000r          |
| clock (clock net)                                                                                                                      | 116    |             |            |            | NA          |        |                 |
| lsu_mod.lsu_w_3__reg_p:CK (DFFQX1H7L)                                                                                                  |        | 0.001       | 0.000      | 0.000      |             | 0.000  | 0.000r          |
| clock core_clock (rise edge)                                                                                                           |        |             |            |            |             | 0      | 0               |
| clock network delay (ideal)                                                                                                            |        |             |            |            |             | 0.000  | 0.000           |
| lsu_mod.lsu_w_3__reg_p:CK (DFFQX1H7L)                                                                                                  |        | 0.001       | 0.000      | 0.000      |             | 0.000  | 0.000r          |
| lsu_mod.lsu_w_3__reg_p:Q (DFFQX1H7L)                                                                                                   |        | 0.001       | 0.000      | 0.025      |             | 0.062  | 0.062f          |
| lsu_mod.lsu_w_3_ (net)                                                                                                                 | 2      |             |            |            | 0.000       |        |                 |
| lsu_mod.lsu_w_3__OAI22X0P5H7L_A0:A0 (OAI22X0P5H7L)                                                                                     |        | 0.001       | 0.000      | 0.025      |             | 0.000  | 0.062f          |
| lsu_mod.lsu_w_3__OAI22X0P5H7L_A0:Y (OAI22X0P5H7L)                                                                                      |        | 0.002       | 0.000      | 0.074      |             | 0.067  | 0.129r          |
| lsu_mod.lsu_w_3__OAI22X0P5H7L_A0_Y (net)                                                                                               | 3      |             |            |            | 0.000       |        |                 |
| lsu_mod.lsu_w_3__OAI22X0P5H7L_A0_Y_NOR2X1P4H7L_B:B (NOR2X1P4H7L)                                                                       |        | 0.001       | 0.000      | 0.074      |             | 0.000  | 0.129r          |
| lsu_mod.lsu_w_3__OAI22X0P5H7L_A0_Y_NOR2X1P4H7L_B:Y (NOR2X1P4H7L)                                                                       |        | 0.005       | 0.000      | 0.049      |             | 0.042  | 0.171f          |
| lsu_mod.lsu_w_3__OAI22X0P5H7L_A0_Y_NOR2X1P4H7L_B_Y (net)                                                                               | 9      |             |            |            | 0.000       |        |                 |
| reg_mod.regs[12]_21__AND2X1H7L_B_Y_AND3X1P4H7L_C_B_AOI31X0P5H7L_A0_Y_AND2X1H7L_B_Y_NAND3X0P5H7L_C:B (NAND3X0P5H7L)                     |        | 0.001       | 0.000      | 0.049      |             | 0.000  | 0.171f          |
| reg_mod.regs[12]_21__AND2X1H7L_B_Y_AND3X1P4H7L_C_B_AOI31X0P5H7L_A0_Y_AND2X1H7L_B_Y_NAND3X0P5H7L_C:Y (NAND3X0P5H7L)                     |        | 0.003       | 0.000      | 0.054      |             | 0.049  | 0.220r          |
| reg_mod.regs[5]_13__OAI211X0P7H7L_A0_Y_AND2X1H7L_B_Y_NOR3X0P5H7L_B_Y_OAI211X1P4H7L_A0_C0 (net)                                         | 4      |             |            |            | 0.000       |        |                 |
| reg_mod.regs[5]_13__OAI211X0P7H7L_A0_Y_AND2X1H7L_B_Y_NOR3X0P5H7L_B_Y_OAI211X1P4H7L_A0_C0_NAND3X0P5H7L_C:C (NAND3X0P5H7L)               |        | 0.001       | 0.000      | 0.054      |             | 0.000  | 0.220r          |
| reg_mod.regs[5]_13__OAI211X0P7H7L_A0_Y_AND2X1H7L_B_Y_NOR3X0P5H7L_B_Y_OAI211X1P4H7L_A0_C0_NAND3X0P5H7L_C:Y (NAND3X0P5H7L)               |        | 0.001       | 0.000      | 0.041      |             | 0.035  | 0.256f          |
| reg_mod.regs[5]_13__OAI211X0P7H7L_A0_Y_AND2X1H7L_B_Y_NOR3X0P5H7L_B_Y_OAI211X1P4H7L_A0_C0_NAND3X0P5H7L_C_Y (net)                        | 1      |             |            |            | 0.000       |        |                 |
| reg_mod.regs[5]_13__OAI211X0P7H7L_A0_Y_AND2X1H7L_B_Y_NOR3X0P5H7L_B_Y_OAI211X1P4H7L_A0_C0_NAND3X0P5H7L_C_Y_ICGX0P5H7L_E:E (ICGX0P5H7L)  |        | 0.001       | 0.000      | 0.041      |             | 0.000  | 0.256f          |
|                                                                                                                                        |        |             |            |            |             |        |                 |
| clock (port)                                                                                                                           |        | 0.147       | 0.000      | 0.000      |             | 0.000  | 0.000r          |
| clock (clock net)                                                                                                                      | 116    |             |            |            | NA          |        |                 |
| reg_mod.regs[5]_13__OAI211X0P7H7L_A0_Y_AND2X1H7L_B_Y_NOR3X0P5H7L_B_Y_OAI211X1P4H7L_A0_C0_NAND3X0P5H7L_C_Y_ICGX0P5H7L_E:CK (ICGX0P5H7L) |        | 0.002       | 0.000      | 0.000      |             | 0.000  | 0.000r          |
| clock core_clock (rise edge)                                                                                                           |        |             |            |            |             | 0      | 0               |
| clock network delay (ideal)                                                                                                            |        |             |            |            |             | 0.000  | 0.000           |
| reg_mod.regs[5]_13__OAI211X0P7H7L_A0_Y_AND2X1H7L_B_Y_NOR3X0P5H7L_B_Y_OAI211X1P4H7L_A0_C0_NAND3X0P5H7L_C_Y_ICGX0P5H7L_E:CK (ICGX0P5H7L) |        |             |            |            |             |        | 0.000r          |
| library hold time                                                                                                                      |        |             |            |            |             | -0.010 | -0.010          |
| clock reconvergence pessimism                                                                                                          |        |             |            |            |             | -0.000 | -0.010          |
|                                                                                                                                        |        |             |            |            |             |        |                 |
| path cell delay                                                                                                                        |        |             |            |            |             |        | 0.256(100.000%) |
| path net delay                                                                                                                         |        |             |            |            |             |        | 0.000(0.000%)   |
|                                                                                                                                        |        |             |            |            |             |        |                 |
| data require time                                                                                                                      |        |             |            |            |             |        | -0.010          |
| data arrival time                                                                                                                      |        |             |            |            |             |        | 0.256           |
| slack (MET)                                                                                                                            |        |             |            |            |             |        | 0.266           |
+----------------------------------------------------------------------------------------------------------------------------------------+--------+-------------+------------+------------+-------------+--------+-----------------+
+---------------------------------------------------------------------------------------------------------------------------------------------------------------------------------------------------------------------------------------+--------+-------------+------------+------------+-------------+--------+-----------------+
| Point                                                                                                                                                                                                                                 | Fanout | Capacitance | Resistance | Transition | Delta Delay | Incr   | Path            |
+---------------------------------------------------------------------------------------------------------------------------------------------------------------------------------------------------------------------------------------+--------+-------------+------------+------------+-------------+--------+-----------------+
| clock (port)                                                                                                                                                                                                                          |        | 0.111       | 0.000      | 0.000      |             | 0.000  | 0.000r          |
| clock (clock net)                                                                                                                                                                                                                     | 116    |             |            |            | NA          |        |                 |
| decode_mod.bus_in_opcode_10__reg_p:CK (DFFQX1H7L)                                                                                                                                                                                     |        | 0.001       | 0.000      | 0.000      |             | 0.000  | 0.000r          |
| clock core_clock (rise edge)                                                                                                                                                                                                          |        |             |            |            |             | 0      | 0               |
| clock network delay (ideal)                                                                                                                                                                                                           |        |             |            |            |             | 0.000  | 0.000           |
| decode_mod.bus_in_opcode_10__reg_p:CK (DFFQX1H7L)                                                                                                                                                                                     |        | 0.001       | 0.000      | 0.000      |             | 0.000  | 0.000r          |
| decode_mod.bus_in_opcode_10__reg_p:Q (DFFQX1H7L)                                                                                                                                                                                      |        | 0.005       | 0.000      | 0.049      |             | 0.084  | 0.084f          |
| decode_mod.bus_in_opcode_10_ (net)                                                                                                                                                                                                    | 9      |             |            |            | 0.000       |        |                 |
| decode_mod.bus_in_opcode_9__NAND2BX0P5H7L_AN_Y_NOR3BX0P5H7L_C:AN (NOR3BX0P5H7L)                                                                                                                                                       |        | 0.001       | 0.000      | 0.049      |             | 0.000  | 0.084f          |
| decode_mod.bus_in_opcode_9__NAND2BX0P5H7L_AN_Y_NOR3BX0P5H7L_C:Y (NOR3BX0P5H7L)                                                                                                                                                        |        | 0.003       | 0.000      | 0.035      |             | 0.053  | 0.137f          |
| decode_mod.bus_in_opcode_9__NAND2BX0P5H7L_AN_Y_NOR3BX0P5H7L_C_Y (net)                                                                                                                                                                 | 4      |             |            |            | 0.000       |        |                 |
| reg_mod.regs[8]_21__NOR2BX1H7L_AN_Z_AOI221X0P5H7L_C0_B1_OAI211X1P4H7L_C0_Y_AOAI211X0P5H7L_A1_A0_OAI211X1P4H7L_A1_Y_NAND3BX0P5H7L_B_Y_OR2X1P4H7L_A_1_B_OR2X1P4H7L_B_A_OR2X1P4H7L_Y_B_NOR2X0P5H7L_B_Y_NAND2X1P4H7L_A_2:B (NAND2X1P4H7L) |        | 0.001       | 0.000      | 0.035      |             | 0.000  | 0.137f          |
| reg_mod.regs[8]_21__NOR2BX1H7L_AN_Z_AOI221X0P5H7L_C0_B1_OAI211X1P4H7L_C0_Y_AOAI211X0P5H7L_A1_A0_OAI211X1P4H7L_A1_Y_NAND3BX0P5H7L_B_Y_OR2X1P4H7L_A_1_B_OR2X1P4H7L_B_A_OR2X1P4H7L_Y_B_NOR2X0P5H7L_B_Y_NAND2X1P4H7L_A_2:Y (NAND2X1P4H7L) |        | 0.007       | 0.000      | 0.078      |             | 0.055  | 0.192r          |
| reg_mod.regs[10]_2__reg_p_D_NOR2X0P5H7L_Y_A (net)                                                                                                                                                                                     | 10     |             |            |            | 0.000       |        |                 |
| reg_mod.regs[10]_2__reg_p_D_NOR2X0P5H7L_Y_A_BUFX3P5H7L_A:A (BUFX3P5H7L)                                                                                                                                                               |        | 0.001       | 0.000      | 0.078      |             | 0.000  | 0.192r          |
| reg_mod.regs[10]_2__reg_p_D_NOR2X0P5H7L_Y_A_BUFX3P5H7L_A:Y (BUFX3P5H7L)                                                                                                                                                               |        | 0.018       | 0.000      | 0.098      |             | 0.087  | 0.279r          |
| reg_mod.regs[10]_26__reg_p_D_NOR2X3H7L_Y_A (net)                                                                                                                                                                                      | 24     |             |            |            | 0.000       |        |                 |
| reg_mod.regs[10]_26__reg_p_D_NOR2X3H7L_Y_A_NAND2X0P5H7L_B:B (NAND2X0P5H7L)                                                                                                                                                            |        | 0.001       | 0.000      | 0.098      |             | 0.000  | 0.279r          |
| reg_mod.regs[10]_26__reg_p_D_NOR2X3H7L_Y_A_NAND2X0P5H7L_B:Y (NAND2X0P5H7L)                                                                                                                                                            |        | 0.001       | 0.000      | 0.035      |             | 0.031  | 0.310f          |
| reg_mod.regs[10]_26__reg_p_D_NOR2X3H7L_Y_A_NAND2X0P5H7L_B_Y (net)                                                                                                                                                                     | 1      |             |            |            | 0.000       |        |                 |
| reg_mod.regs[10]_26__reg_p_D_NOR2X3H7L_Y_A_NAND2X0P5H7L_B_Y_ICGX0P5H7L_E:E (ICGX0P5H7L)                                                                                                                                               |        | 0.001       | 0.000      | 0.035      |             | 0.000  | 0.310f          |
|                                                                                                                                                                                                                                       |        |             |            |            |             |        |                 |
| clock (port)                                                                                                                                                                                                                          |        | 0.147       | 0.000      | 0.000      |             | 0.000  | 0.000r          |
| clock (clock net)                                                                                                                                                                                                                     | 116    |             |            |            | NA          |        |                 |
| reg_mod.regs[10]_26__reg_p_D_NOR2X3H7L_Y_A_NAND2X0P5H7L_B_Y_ICGX0P5H7L_E:CK (ICGX0P5H7L)                                                                                                                                              |        | 0.002       | 0.000      | 0.000      |             | 0.000  | 0.000r          |
| clock core_clock (rise edge)                                                                                                                                                                                                          |        |             |            |            |             | 0      | 0               |
| clock network delay (ideal)                                                                                                                                                                                                           |        |             |            |            |             | 0.000  | 0.000           |
| reg_mod.regs[10]_26__reg_p_D_NOR2X3H7L_Y_A_NAND2X0P5H7L_B_Y_ICGX0P5H7L_E:CK (ICGX0P5H7L)                                                                                                                                              |        |             |            |            |             |        | 0.000r          |
| library hold time                                                                                                                                                                                                                     |        |             |            |            |             | -0.010 | -0.010          |
| clock reconvergence pessimism                                                                                                                                                                                                         |        |             |            |            |             | -0.000 | -0.010          |
|                                                                                                                                                                                                                                       |        |             |            |            |             |        |                 |
| path cell delay                                                                                                                                                                                                                       |        |             |            |            |             |        | 0.310(100.000%) |
| path net delay                                                                                                                                                                                                                        |        |             |            |            |             |        | 0.000(0.000%)   |
|                                                                                                                                                                                                                                       |        |             |            |            |             |        |                 |
| data require time                                                                                                                                                                                                                     |        |             |            |            |             |        | -0.010          |
| data arrival time                                                                                                                                                                                                                     |        |             |            |            |             |        | 0.310           |
| slack (MET)                                                                                                                                                                                                                           |        |             |            |            |             |        | 0.320           |
+---------------------------------------------------------------------------------------------------------------------------------------------------------------------------------------------------------------------------------------+--------+-------------+------------+------------+-------------+--------+-----------------+
+------------------------------------------------------------------------------------------------------------------------------------------------------------------------------------------+--------+-------------+------------+------------+-------------+--------+-----------------+
| Point                                                                                                                                                                                    | Fanout | Capacitance | Resistance | Transition | Delta Delay | Incr   | Path            |
+------------------------------------------------------------------------------------------------------------------------------------------------------------------------------------------+--------+-------------+------------+------------+-------------+--------+-----------------+
| clock (port)                                                                                                                                                                             |        | 0.111       | 0.000      | 0.000      |             | 0.000  | 0.000r          |
| clock (clock net)                                                                                                                                                                        | 116    |             |            |            | NA          |        |                 |
| decode_mod.bus_in_opcode_10__reg_p:CK (DFFQX1H7L)                                                                                                                                        |        | 0.001       | 0.000      | 0.000      |             | 0.000  | 0.000r          |
| clock core_clock (rise edge)                                                                                                                                                             |        |             |            |            |             | 0      | 0               |
| clock network delay (ideal)                                                                                                                                                              |        |             |            |            |             | 0.000  | 0.000           |
| decode_mod.bus_in_opcode_10__reg_p:CK (DFFQX1H7L)                                                                                                                                        |        | 0.001       | 0.000      | 0.000      |             | 0.000  | 0.000r          |
| decode_mod.bus_in_opcode_10__reg_p:Q (DFFQX1H7L)                                                                                                                                         |        | 0.005       | 0.000      | 0.049      |             | 0.084  | 0.084f          |
| decode_mod.bus_in_opcode_10_ (net)                                                                                                                                                       | 9      |             |            |            | 0.000       |        |                 |
| decode_mod.bus_in_opcode_9__NAND2BX0P5H7L_AN_Y_NOR3BX0P5H7L_C:AN (NOR3BX0P5H7L)                                                                                                          |        | 0.001       | 0.000      | 0.049      |             | 0.000  | 0.084f          |
| decode_mod.bus_in_opcode_9__NAND2BX0P5H7L_AN_Y_NOR3BX0P5H7L_C:Y (NOR3BX0P5H7L)                                                                                                           |        | 0.003       | 0.000      | 0.035      |             | 0.053  | 0.137f          |
| decode_mod.bus_in_opcode_9__NAND2BX0P5H7L_AN_Y_NOR3BX0P5H7L_C_Y (net)                                                                                                                    | 4      |             |            |            | 0.000       |        |                 |
| reg_mod.regs[8]_21__NOR2BX1H7L_AN_Z_AOI221X0P5H7L_C0_B1_OAI211X1P4H7L_C0_Y_AOAI211X0P5H7L_A1_A0_OAI211X1P4H7L_A1_Y_NAND3BX0P5H7L_B_AN_NOR2BX1P4H7L_B_Z_NAND2X1P4H7L_A_1:B (NAND2X1P4H7L) |        | 0.001       | 0.000      | 0.035      |             | 0.000  | 0.137f          |
| reg_mod.regs[8]_21__NOR2BX1H7L_AN_Z_AOI221X0P5H7L_C0_B1_OAI211X1P4H7L_C0_Y_AOAI211X0P5H7L_A1_A0_OAI211X1P4H7L_A1_Y_NAND3BX0P5H7L_B_AN_NOR2BX1P4H7L_B_Z_NAND2X1P4H7L_A_1:Y (NAND2X1P4H7L) |        | 0.007       | 0.000      | 0.078      |             | 0.055  | 0.192r          |
| reg_mod.regs[9]_2__reg_p_D_NOR2X0P5H7L_Y_A (net)                                                                                                                                         | 10     |             |            |            | 0.000       |        |                 |
| reg_mod.regs[9]_2__reg_p_D_NOR2X0P5H7L_Y_A_BUFX3P5H7L_A:A (BUFX3P5H7L)                                                                                                                   |        | 0.001       | 0.000      | 0.078      |             | 0.000  | 0.192r          |
| reg_mod.regs[9]_2__reg_p_D_NOR2X0P5H7L_Y_A_BUFX3P5H7L_A:Y (BUFX3P5H7L)                                                                                                                   |        | 0.018       | 0.000      | 0.098      |             | 0.087  | 0.279r          |
| reg_mod.regs[9]_26__reg_p_D_NOR2X3H7L_Y_A (net)                                                                                                                                          | 24     |             |            |            | 0.000       |        |                 |
| reg_mod.regs[9]_26__reg_p_D_NOR2X3H7L_Y_A_NAND2X0P5H7L_B:B (NAND2X0P5H7L)                                                                                                                |        | 0.001       | 0.000      | 0.098      |             | 0.000  | 0.279r          |
| reg_mod.regs[9]_26__reg_p_D_NOR2X3H7L_Y_A_NAND2X0P5H7L_B:Y (NAND2X0P5H7L)                                                                                                                |        | 0.001       | 0.000      | 0.035      |             | 0.031  | 0.310f          |
| reg_mod.regs[9]_26__reg_p_D_NOR2X3H7L_Y_A_NAND2X0P5H7L_B_Y (net)                                                                                                                         | 1      |             |            |            | 0.000       |        |                 |
| reg_mod.regs[9]_26__reg_p_D_NOR2X3H7L_Y_A_NAND2X0P5H7L_B_Y_ICGX0P5H7L_E:E (ICGX0P5H7L)                                                                                                   |        | 0.001       | 0.000      | 0.035      |             | 0.000  | 0.310f          |
|                                                                                                                                                                                          |        |             |            |            |             |        |                 |
| clock (port)                                                                                                                                                                             |        | 0.147       | 0.000      | 0.000      |             | 0.000  | 0.000r          |
| clock (clock net)                                                                                                                                                                        | 116    |             |            |            | NA          |        |                 |
| reg_mod.regs[9]_26__reg_p_D_NOR2X3H7L_Y_A_NAND2X0P5H7L_B_Y_ICGX0P5H7L_E:CK (ICGX0P5H7L)                                                                                                  |        | 0.002       | 0.000      | 0.000      |             | 0.000  | 0.000r          |
| clock core_clock (rise edge)                                                                                                                                                             |        |             |            |            |             | 0      | 0               |
| clock network delay (ideal)                                                                                                                                                              |        |             |            |            |             | 0.000  | 0.000           |
| reg_mod.regs[9]_26__reg_p_D_NOR2X3H7L_Y_A_NAND2X0P5H7L_B_Y_ICGX0P5H7L_E:CK (ICGX0P5H7L)                                                                                                  |        |             |            |            |             |        | 0.000r          |
| library hold time                                                                                                                                                                        |        |             |            |            |             | -0.010 | -0.010          |
| clock reconvergence pessimism                                                                                                                                                            |        |             |            |            |             | -0.000 | -0.010          |
|                                                                                                                                                                                          |        |             |            |            |             |        |                 |
| path cell delay                                                                                                                                                                          |        |             |            |            |             |        | 0.310(100.000%) |
| path net delay                                                                                                                                                                           |        |             |            |            |             |        | 0.000(0.000%)   |
|                                                                                                                                                                                          |        |             |            |            |             |        |                 |
| data require time                                                                                                                                                                        |        |             |            |            |             |        | -0.010          |
| data arrival time                                                                                                                                                                        |        |             |            |            |             |        | 0.310           |
| slack (MET)                                                                                                                                                                              |        |             |            |            |             |        | 0.320           |
+------------------------------------------------------------------------------------------------------------------------------------------------------------------------------------------+--------+-------------+------------+------------+-------------+--------+-----------------+
+----------------------------------------------------------------------------------------------------------------------------------------+--------+-------------+------------+------------+-------------+--------+-----------------+
| Point                                                                                                                                  | Fanout | Capacitance | Resistance | Transition | Delta Delay | Incr   | Path            |
+----------------------------------------------------------------------------------------------------------------------------------------+--------+-------------+------------+------------+-------------+--------+-----------------+
| clock (port)                                                                                                                           |        | 0.111       | 0.000      | 0.000      |             | 0.000  | 0.000r          |
| clock (clock net)                                                                                                                      | 116    |             |            |            | NA          |        |                 |
| lsu_mod.lsu_w_3__reg_p:CK (DFFQX1H7L)                                                                                                  |        | 0.001       | 0.000      | 0.000      |             | 0.000  | 0.000r          |
| clock core_clock (rise edge)                                                                                                           |        |             |            |            |             | 0      | 0               |
| clock network delay (ideal)                                                                                                            |        |             |            |            |             | 0.000  | 0.000           |
| lsu_mod.lsu_w_3__reg_p:CK (DFFQX1H7L)                                                                                                  |        | 0.001       | 0.000      | 0.000      |             | 0.000  | 0.000r          |
| lsu_mod.lsu_w_3__reg_p:Q (DFFQX1H7L)                                                                                                   |        | 0.001       | 0.000      | 0.025      |             | 0.083  | 0.083r          |
| lsu_mod.lsu_w_3_ (net)                                                                                                                 | 2      |             |            |            | 0.000       |        |                 |
| lsu_mod.lsu_w_3__OAI22X0P5H7L_A0:A0 (OAI22X0P5H7L)                                                                                     |        | 0.001       | 0.000      | 0.025      |             | 0.000  | 0.083r          |
| lsu_mod.lsu_w_3__OAI22X0P5H7L_A0:Y (OAI22X0P5H7L)                                                                                      |        | 0.002       | 0.000      | 0.034      |             | 0.033  | 0.117f          |
| lsu_mod.lsu_w_3__OAI22X0P5H7L_A0_Y (net)                                                                                               | 3      |             |            |            | 0.000       |        |                 |
| lsu_mod.lsu_w_3__OAI22X0P5H7L_A0_Y_NOR2X1P4H7L_B:B (NOR2X1P4H7L)                                                                       |        | 0.001       | 0.000      | 0.034      |             | 0.000  | 0.117f          |
| lsu_mod.lsu_w_3__OAI22X0P5H7L_A0_Y_NOR2X1P4H7L_B:Y (NOR2X1P4H7L)                                                                       |        | 0.005       | 0.000      | 0.121      |             | 0.080  | 0.197r          |
| lsu_mod.lsu_w_3__OAI22X0P5H7L_A0_Y_NOR2X1P4H7L_B_Y (net)                                                                               | 9      |             |            |            | 0.000       |        |                 |
| reg_mod.regs[12]_21__AND2X1H7L_B_Y_AND3X1P4H7L_C_B_AOI31X0P5H7L_A0_Y_AND2X1H7L_B_Y_NAND3X0P5H7L_C:B (NAND3X0P5H7L)                     |        | 0.001       | 0.000      | 0.121      |             | 0.000  | 0.197r          |
| reg_mod.regs[12]_21__AND2X1H7L_B_Y_AND3X1P4H7L_C_B_AOI31X0P5H7L_A0_Y_AND2X1H7L_B_Y_NAND3X0P5H7L_C:Y (NAND3X0P5H7L)                     |        | 0.003       | 0.000      | 0.080      |             | 0.075  | 0.272f          |
| reg_mod.regs[5]_13__OAI211X0P7H7L_A0_Y_AND2X1H7L_B_Y_NOR3X0P5H7L_B_Y_OAI211X1P4H7L_A0_C0 (net)                                         | 4      |             |            |            | 0.000       |        |                 |
| reg_mod.regs[5]_13__OAI211X0P7H7L_A0_Y_AND2X1H7L_B_Y_NOR3X0P5H7L_B_Y_OAI211X1P4H7L_A0_C0_NAND3X0P5H7L_C:C (NAND3X0P5H7L)               |        | 0.001       | 0.000      | 0.080      |             | 0.000  | 0.272f          |
| reg_mod.regs[5]_13__OAI211X0P7H7L_A0_Y_AND2X1H7L_B_Y_NOR3X0P5H7L_B_Y_OAI211X1P4H7L_A0_C0_NAND3X0P5H7L_C:Y (NAND3X0P5H7L)               |        | 0.001       | 0.000      | 0.033      |             | 0.036  | 0.308r          |
| reg_mod.regs[5]_13__OAI211X0P7H7L_A0_Y_AND2X1H7L_B_Y_NOR3X0P5H7L_B_Y_OAI211X1P4H7L_A0_C0_NAND3X0P5H7L_C_Y (net)                        | 1      |             |            |            | 0.000       |        |                 |
| reg_mod.regs[5]_13__OAI211X0P7H7L_A0_Y_AND2X1H7L_B_Y_NOR3X0P5H7L_B_Y_OAI211X1P4H7L_A0_C0_NAND3X0P5H7L_C_Y_ICGX0P5H7L_E:E (ICGX0P5H7L)  |        | 0.001       | 0.000      | 0.033      |             | 0.000  | 0.308r          |
|                                                                                                                                        |        |             |            |            |             |        |                 |
| clock (port)                                                                                                                           |        | 0.147       | 0.000      | 0.000      |             | 0.000  | 0.000r          |
| clock (clock net)                                                                                                                      | 116    |             |            |            | NA          |        |                 |
| reg_mod.regs[5]_13__OAI211X0P7H7L_A0_Y_AND2X1H7L_B_Y_NOR3X0P5H7L_B_Y_OAI211X1P4H7L_A0_C0_NAND3X0P5H7L_C_Y_ICGX0P5H7L_E:CK (ICGX0P5H7L) |        | 0.002       | 0.000      | 0.000      |             | 0.000  | 0.000r          |
| clock core_clock (rise edge)                                                                                                           |        |             |            |            |             | 0      | 0               |
| clock network delay (ideal)                                                                                                            |        |             |            |            |             | 0.000  | 0.000           |
| reg_mod.regs[5]_13__OAI211X0P7H7L_A0_Y_AND2X1H7L_B_Y_NOR3X0P5H7L_B_Y_OAI211X1P4H7L_A0_C0_NAND3X0P5H7L_C_Y_ICGX0P5H7L_E:CK (ICGX0P5H7L) |        |             |            |            |             |        | 0.000r          |
| library hold time                                                                                                                      |        |             |            |            |             | -0.014 | -0.014          |
| clock reconvergence pessimism                                                                                                          |        |             |            |            |             | -0.000 | -0.014          |
|                                                                                                                                        |        |             |            |            |             |        |                 |
| path cell delay                                                                                                                        |        |             |            |            |             |        | 0.308(100.000%) |
| path net delay                                                                                                                         |        |             |            |            |             |        | 0.000(0.000%)   |
|                                                                                                                                        |        |             |            |            |             |        |                 |
| data require time                                                                                                                      |        |             |            |            |             |        | -0.014          |
| data arrival time                                                                                                                      |        |             |            |            |             |        | 0.308           |
| slack (MET)                                                                                                                            |        |             |            |            |             |        | 0.322           |
+----------------------------------------------------------------------------------------------------------------------------------------+--------+-------------+------------+------------+-------------+--------+-----------------+
+------------------------------------------------------------------------------------------------+--------+-------------+------------+------------+-------------+--------+-----------------+
| Point                                                                                          | Fanout | Capacitance | Resistance | Transition | Delta Delay | Incr   | Path            |
+------------------------------------------------------------------------------------------------+--------+-------------+------------+------------+-------------+--------+-----------------+
| clock (port)                                                                                   |        | 0.111       | 0.000      | 0.000      |             | 0.000  | 0.000r          |
| clock (clock net)                                                                              | 116    |             |            |            | NA          |        |                 |
| decode_mod.bus_in_opcode_9__reg_p:CK (DFFQX1H7L)                                               |        | 0.001       | 0.000      | 0.000      |             | 0.000  | 0.000r          |
| clock core_clock (rise edge)                                                                   |        |             |            |            |             | 0      | 0               |
| clock network delay (ideal)                                                                    |        |             |            |            |             | 0.000  | 0.000           |
| decode_mod.bus_in_opcode_9__reg_p:CK (DFFQX1H7L)                                               |        | 0.001       | 0.000      | 0.000      |             | 0.000  | 0.000r          |
| decode_mod.bus_in_opcode_9__reg_p:Q (DFFQX1H7L)                                                |        | 0.004       | 0.000      | 0.043      |             | 0.080  | 0.080f          |
| decode_mod.bus_in_opcode_9_ (net)                                                              | 7      |             |            |            | 0.000       |        |                 |
| decode_mod.bus_in_opcode_9__NAND2X0P5H7L_A:A (NAND2X0P5H7L)                                    |        | 0.001       | 0.000      | 0.043      |             | 0.000  | 0.080f          |
| decode_mod.bus_in_opcode_9__NAND2X0P5H7L_A:Y (NAND2X0P5H7L)                                    |        | 0.001       | 0.000      | 0.033      |             | 0.032  | 0.112r          |
| decode_mod.bus_in_opcode_9__NAND2X0P5H7L_A_Y (net)                                             | 2      |             |            |            | 0.000       |        |                 |
| decode_mod.bus_in_opcode_9__NAND2X0P5H7L_A_Y_NOR2X0P5H7L_A:A (NOR2X0P5H7L)                     |        | 0.001       | 0.000      | 0.033      |             | 0.000  | 0.112r          |
| decode_mod.bus_in_opcode_9__NAND2X0P5H7L_A_Y_NOR2X0P5H7L_A:Y (NOR2X0P5H7L)                     |        | 0.003       | 0.000      | 0.034      |             | 0.030  | 0.142f          |
| decode_mod.bus_in_opcode_9__NAND2X0P5H7L_A_Y_NOR2X0P5H7L_A_Y (net)                             | 4      |             |            |            | 0.000       |        |                 |
| decode_mod.bus_in_opcode_9__NAND2X0P5H7L_A_Y_NOR2X0P5H7L_A_Y_NAND2BX1P4H7L_B:B (NAND2BX1P4H7L) |        | 0.001       | 0.000      | 0.034      |             | 0.000  | 0.142f          |
| decode_mod.bus_in_opcode_9__NAND2X0P5H7L_A_Y_NOR2X0P5H7L_A_Y_NAND2BX1P4H7L_B:Y (NAND2BX1P4H7L) |        | 0.007       | 0.000      | 0.078      |             | 0.055  | 0.197r          |
| reg_mod.regs[31]_2__reg_p_D_NOR2X0P5H7L_Y_A (net)                                              | 10     |             |            |            | 0.000       |        |                 |
| reg_mod.regs[31]_2__reg_p_D_NOR2X0P5H7L_Y_A_BUFX3P5H7L_A:A (BUFX3P5H7L)                        |        | 0.001       | 0.000      | 0.078      |             | 0.000  | 0.197r          |
| reg_mod.regs[31]_2__reg_p_D_NOR2X0P5H7L_Y_A_BUFX3P5H7L_A:Y (BUFX3P5H7L)                        |        | 0.018       | 0.000      | 0.098      |             | 0.087  | 0.284r          |
| reg_mod.regs[31]_26__reg_p_D_NOR2X3H7L_Y_A (net)                                               | 24     |             |            |            | 0.000       |        |                 |
| reg_mod.regs[31]_26__reg_p_D_NOR2X3H7L_Y_A_NAND2X0P5H7L_B:B (NAND2X0P5H7L)                     |        | 0.001       | 0.000      | 0.098      |             | 0.000  | 0.284r          |
| reg_mod.regs[31]_26__reg_p_D_NOR2X3H7L_Y_A_NAND2X0P5H7L_B:Y (NAND2X0P5H7L)                     |        | 0.001       | 0.000      | 0.035      |             | 0.031  | 0.315f          |
| reg_mod.regs[31]_26__reg_p_D_NOR2X3H7L_Y_A_NAND2X0P5H7L_B_Y (net)                              | 1      |             |            |            | 0.000       |        |                 |
| reg_mod.regs[31]_26__reg_p_D_NOR2X3H7L_Y_A_NAND2X0P5H7L_B_Y_ICGX0P5H7L_E:E (ICGX0P5H7L)        |        | 0.001       | 0.000      | 0.035      |             | 0.000  | 0.315f          |
|                                                                                                |        |             |            |            |             |        |                 |
| clock (port)                                                                                   |        | 0.147       | 0.000      | 0.000      |             | 0.000  | 0.000r          |
| clock (clock net)                                                                              | 116    |             |            |            | NA          |        |                 |
| reg_mod.regs[31]_26__reg_p_D_NOR2X3H7L_Y_A_NAND2X0P5H7L_B_Y_ICGX0P5H7L_E:CK (ICGX0P5H7L)       |        | 0.002       | 0.000      | 0.000      |             | 0.000  | 0.000r          |
| clock core_clock (rise edge)                                                                   |        |             |            |            |             | 0      | 0               |
| clock network delay (ideal)                                                                    |        |             |            |            |             | 0.000  | 0.000           |
| reg_mod.regs[31]_26__reg_p_D_NOR2X3H7L_Y_A_NAND2X0P5H7L_B_Y_ICGX0P5H7L_E:CK (ICGX0P5H7L)       |        |             |            |            |             |        | 0.000r          |
| library hold time                                                                              |        |             |            |            |             | -0.010 | -0.010          |
| clock reconvergence pessimism                                                                  |        |             |            |            |             | -0.000 | -0.010          |
|                                                                                                |        |             |            |            |             |        |                 |
| path cell delay                                                                                |        |             |            |            |             |        | 0.315(100.000%) |
| path net delay                                                                                 |        |             |            |            |             |        | 0.000(0.000%)   |
|                                                                                                |        |             |            |            |             |        |                 |
| data require time                                                                              |        |             |            |            |             |        | -0.010          |
| data arrival time                                                                              |        |             |            |            |             |        | 0.315           |
| slack (MET)                                                                                    |        |             |            |            |             |        | 0.325           |
+------------------------------------------------------------------------------------------------+--------+-------------+------------+------------+-------------+--------+-----------------+
