Generate the report at 2026-07-16T16:11:16, GitVersion: aa25008b3778a76ae1975c839d4cc459f7f7b3b7.
+---------------------------------------------------------------------------------+--------------------------+------------+------------+---------------+-------+-------+-----------+
| Endpoint                                                                        | Clock Group              | Delay Type | Path Delay | Path Required | CPPR  | Slack | Freq(MHz) |
+---------------------------------------------------------------------------------+--------------------------+------------+------------+---------------+-------+-------+-----------+
| pc_mod.pc_12__reg_p:D                                                           | core_clock               | max        | 0.829r     | 1.731         | 0.000 | 0.902 | 1153.844  |
| ex_ls_bus_branch_ls_reg_p:D                                                     | core_clock               | max        | 0.825f     | 1.727         | 0.000 | 0.903 | 1154.080  |
| de_ex_pipeline_mod.opcode_in_18__reg_p:D                                        | core_clock               | max        | 0.816r     | 1.729         | 0.000 | 0.913 | 1168.058  |
| de_ex_pipeline_mod.opcode_in_20__reg_p:D                                        | core_clock               | max        | 0.816r     | 1.729         | 0.000 | 0.913 | 1168.058  |
| de_ex_pipeline_mod.opcode_in_17__reg_p:D                                        | core_clock               | max        | 0.816r     | 1.729         | 0.000 | 0.913 | 1168.058  |
| icache_mod.block_valid[5]_reg_p_D_OAI21_X1_ZN_B2_NOR2_X1_A1_2_ZN_CLKGATE_X1_E:E | **clock_gating_default** | max        | 0.770f     | 1.722         | 0.000 | 0.951 | NA        |
| csr_mod.regs[4]_0__reg_p_CK_CLKGATE_X1_GCK:E                                    | **clock_gating_default** | max        | 0.767r     | 1.719         | 0.000 | 0.952 | NA        |
| icache_mod.block_valid[1]_reg_p_D_OAI21_X1_ZN_B1_NOR2_X1_A2_2_ZN_CLKGATE_X1_E:E | **clock_gating_default** | max        | 0.767f     | 1.722         | 0.000 | 0.955 | NA        |
| icache_mod.block_valid[1]_reg_p_D_OAI21_X1_ZN_B1_NOR2_X1_A2_3_ZN_CLKGATE_X1_E:E | **clock_gating_default** | max        | 0.767f     | 1.722         | 0.000 | 0.955 | NA        |
| icache_mod.block_valid[5]_reg_p_D_OAI21_X1_ZN_B2_NOR2_X1_A2_ZN_CLKGATE_X1_E:E   | **clock_gating_default** | max        | 0.767f     | 1.722         | 0.000 | 0.955 | NA        |
| icache_mod.trans_reg_p:D                                                        | core_clock               | min        | 0.063r     | 0.006         | 0.000 | 0.057 | NA        |
| lsu_mod.trans_r_reg_p:D                                                         | core_clock               | min        | 0.063r     | 0.006         | 0.000 | 0.057 | NA        |
| lsu_mod.trans_r_reg_p:D                                                         | core_clock               | min        | 0.063r     | 0.006         | 0.000 | 0.057 | NA        |
| icache_mod.trans_reg_p:D                                                        | core_clock               | min        | 0.063r     | 0.006         | 0.000 | 0.057 | NA        |
| lsu_mod.trans_r_reg_p:D                                                         | core_clock               | min        | 0.064f     | 0.002         | 0.000 | 0.062 | NA        |
| lsu_mod.trans_r_reg_p_CK_CLKGATE_X1_GCK:E                                       | **clock_gating_default** | min        | 0.103f     | -0.016        | 0.000 | 0.119 | NA        |
| lsu_mod.trans_r_reg_p_CK_CLKGATE_X1_GCK:E                                       | **clock_gating_default** | min        | 0.119r     | -0.002        | 0.000 | 0.121 | NA        |
| icache_mod.trans_reg_p_CK_CLKGATE_X1_GCK:E                                      | **clock_gating_default** | min        | 0.126r     | 0.001         | 0.000 | 0.125 | NA        |
| icache_mod.trans_reg_p_CK_CLKGATE_X1_GCK:E                                      | **clock_gating_default** | min        | 0.110f     | -0.015        | 0.000 | 0.126 | NA        |
| icache_mod.block_valid[1]_reg_p_D_OAI21_X1_ZN_B1_NOR2_X1_A2_3_ZN_CLKGATE_X1_E:E | **clock_gating_default** | min        | 0.128f     | -0.015        | 0.000 | 0.143 | NA        |
+---------------------------------------------------------------------------------+--------------------------+------------+------------+---------------+-------+-------+-----------+
+------------+------------+-------+
| Clock      | Delay Type | TNS   |
+------------+------------+-------+
| core_clock | max        | 0.000 |
| core_clock | min        | 0.000 |
+------------+------------+-------+
+-----------------------------------------------------------------------------------------------------------------------------+--------+-------------+------------+------------+-------------+--------+-----------------+
| Point                                                                                                                       | Fanout | Capacitance | Resistance | Transition | Delta Delay | Incr   | Path            |
+-----------------------------------------------------------------------------------------------------------------------------+--------+-------------+------------+------------+-------------+--------+-----------------+
| clock (port)                                                                                                                |        | 0.856       | 0.000      | 0.000      |             | 0.000  | 0.000r          |
| clock (clock net)                                                                                                           | 847    |             |            |            | NA          |        |                 |
| icache_mod.trans_reg_p_CK_CLKGATE_X1_GCK:CK (CLKGATE_X1)                                                                    |        | 0.002       | 0.000      | 0.000      |             | 0.000  | 0.000r          |
| icache_mod.trans_reg_p_CK_CLKGATE_X1_GCK:GCK (CLKGATE_X1)                                                                   |        | 0.001       | 0.000      | 0.000      |             | 0.000  | 0.000r          |
| icache_mod.trans_reg_p_CK (clock net)                                                                                       | 1      |             |            |            | NA          |        |                 |
| icache_mod.trans_reg_p:CK (DFF_X1)                                                                                          |        | 0.001       | 0.000      | 0.000      |             | 0.000  | 0.000r          |
| clock core_clock (rise edge)                                                                                                |        |             |            |            |             | 0      | 0               |
| clock network delay (ideal)                                                                                                 |        |             |            |            |             | 0.000  | 0.000           |
| icache_mod.trans_reg_p:CK (DFF_X1)                                                                                          |        | 0.001       | 0.000      | 0.000      |             | 0.000  | 0.000r          |
| icache_mod.trans_reg_p:Q (DFF_X1)                                                                                           |        | 0.011       | 0.000      | 0.017      |             | 0.095  | 0.095f          |
| icache_mod.trans (net)                                                                                                      | 1      |             |            |            | 0.000       |        |                 |
| icache_mod.trans_BUF_X16_A:A (BUF_X16)                                                                                      |        | 0.012       | 0.000      | 0.017      |             | 0.000  | 0.095f          |
| icache_mod.trans_BUF_X16_A:Z (BUF_X16)                                                                                      |        | 0.037       | 0.000      | 0.006      |             | 0.031  | 0.127f          |
| icache_mod.trans_BUF_X16_A_Z (net)                                                                                          | 21     |             |            |            | 0.000       |        |                 |
| icache_mod.miss_addr_4__MUX2_X1_B:S (MUX2_X1)                                                                               |        | 0.002       | 0.000      | 0.006      |             | 0.000  | 0.127f          |
| icache_mod.miss_addr_4__MUX2_X1_B:Z (MUX2_X1)                                                                               |        | 0.006       | 0.000      | 0.015      |             | 0.056  | 0.182f          |
| icache_mod.miss_addr_4__MUX2_X1_B_Z (net)                                                                                   | 1      |             |            |            | 0.000       |        |                 |
| icache_mod.miss_addr_4__MUX2_X1_B_Z_BUF_X8_A:A (BUF_X8)                                                                     |        | 0.007       | 0.000      | 0.015      |             | 0.000  | 0.182f          |
| icache_mod.miss_addr_4__MUX2_X1_B_Z_BUF_X8_A:Z (BUF_X8)                                                                     |        | 0.061       | 0.000      | 0.011      |             | 0.038  | 0.220f          |
| icache_mod.block_tag[1]_8__MUX2_X1_A_S (net)                                                                                | 24     |             |            |            | 0.000       |        |                 |
| icache_mod.block_tag[1]_8__MUX2_X1_A_S_BUF_X16_A:A (BUF_X16)                                                                |        | 0.012       | 0.000      | 0.011      |             | 0.000  | 0.220f          |
| icache_mod.block_tag[1]_8__MUX2_X1_A_S_BUF_X16_A:Z (BUF_X16)                                                                |        | 0.043       | 0.000      | 0.006      |             | 0.029  | 0.249f          |
| icache_mod.block_tag[1]_1__MUX2_X1_A_S (net)                                                                                | 24     |             |            |            | 0.000       |        |                 |
| icache_mod.block_tag[4]_25__MUX2_X1_A:S (MUX2_X1)                                                                           |        | 0.002       | 0.000      | 0.006      |             | 0.000  | 0.249f          |
| icache_mod.block_tag[4]_25__MUX2_X1_A:Z (MUX2_X1)                                                                           |        | 0.001       | 0.000      | 0.009      |             | 0.044  | 0.293f          |
| icache_mod.block_tag[4]_25__MUX2_X1_A_Z (net)                                                                               | 1      |             |            |            | 0.000       |        |                 |
| icache_mod.block_tag[0]_25__MUX2_X1_A_Z_MUX2_X1_A:B (MUX2_X1)                                                               |        | 0.001       | 0.000      | 0.009      |             | 0.000  | 0.293f          |
| icache_mod.block_tag[0]_25__MUX2_X1_A_Z_MUX2_X1_A:Z (MUX2_X1)                                                               |        | 0.002       | 0.000      | 0.012      |             | 0.062  | 0.355f          |
| icache_mod.block_tag[0]_25__MUX2_X1_A_Z_MUX2_X1_A_Z (net)                                                                   | 1      |             |            |            | 0.000       |        |                 |
| icache_mod.block_tag[0]_25__MUX2_X1_A_Z_MUX2_X1_A_Z_XNOR2_X1_B:B (XNOR2_X1)                                                 |        | 0.003       | 0.000      | 0.012      |             | 0.000  | 0.355f          |
| icache_mod.block_tag[0]_25__MUX2_X1_A_Z_MUX2_X1_A_Z_XNOR2_X1_B:ZN (XNOR2_X1)                                                |        | 0.003       | 0.000      | 0.030      |             | 0.045  | 0.399r          |
| icache_mod.hit_1_AOI21_X1_A_B1_NOR4_X1_ZN_A3_NAND4_X1_ZN_A2 (net)                                                           | 2      |             |            |            | 0.000       |        |                 |
| icache_mod.hit_1_AOI21_X1_A_B1_NOR4_X1_ZN_A3_NAND4_X1_ZN_A2_NAND4_X1_A1:A1 (NAND4_X1)                                       |        | 0.002       | 0.000      | 0.030      |             | 0.000  | 0.399r          |
| icache_mod.hit_1_AOI21_X1_A_B1_NOR4_X1_ZN_A3_NAND4_X1_ZN_A2_NAND4_X1_A1:ZN (NAND4_X1)                                       |        | 0.003       | 0.000      | 0.025      |             | 0.040  | 0.439f          |
| icache_mod.hit_1_AOI21_X1_A_B1_NOR4_X1_ZN_A3_NAND4_X1_ZN_A2_NAND4_X1_A1_ZN (net)                                            | 1      |             |            |            | 0.000       |        |                 |
| icache_mod.block_valid[0]_MUX2_X1_A_Z_MUX2_X1_A_Z_NAND4_X1_A1_ZN_NOR4_X2_A3:A4 (NOR4_X2)                                    |        | 0.004       | 0.000      | 0.025      |             | 0.000  | 0.439f          |
| icache_mod.block_valid[0]_MUX2_X1_A_Z_MUX2_X1_A_Z_NAND4_X1_A1_ZN_NOR4_X2_A3:ZN (NOR4_X2)                                    |        | 0.003       | 0.000      | 0.041      |             | 0.082  | 0.520r          |
| icache_mod.block_valid[0]_MUX2_X1_A_Z_MUX2_X1_A_Z_NAND4_X1_A1_ZN_NOR4_X2_A3_ZN (net)                                        | 1      |             |            |            | 0.000       |        |                 |
| icache_mod.block_valid[0]_MUX2_X1_A_Z_MUX2_X1_A_Z_NAND4_X1_A1_ZN_NOR4_X2_A3_ZN_AOI22_X2_B1:B1 (AOI22_X2)                    |        | 0.003       | 0.000      | 0.041      |             | 0.000  | 0.520r          |
| icache_mod.block_valid[0]_MUX2_X1_A_Z_MUX2_X1_A_Z_NAND4_X1_A1_ZN_NOR4_X2_A3_ZN_AOI22_X2_B1:ZN (AOI22_X2)                    |        | 0.008       | 0.000      | 0.020      |             | 0.037  | 0.558f          |
| io_master_rready_OAI22_X1_ZN_A1_AOI21_X1_ZN_B2 (net)                                                                        | 3      |             |            |            | 0.000       |        |                 |
| csr_mod.waddr_9__NOR4_X1_A2_ZN_NAND4_X1_A3_ZN_NOR3_X1_A2_ZN_NAND3_X1_A2_ZN_NOR4_X4_A3:A2 (NOR4_X4)                          |        | 0.006       | 0.000      | 0.020      |             | 0.000  | 0.558f          |
| csr_mod.waddr_9__NOR4_X1_A2_ZN_NAND4_X1_A3_ZN_NOR3_X1_A2_ZN_NAND3_X1_A2_ZN_NOR4_X4_A3:ZN (NOR4_X4)                          |        | 0.008       | 0.000      | 0.049      |             | 0.075  | 0.633r          |
| csr_mod.waddr_9__NOR4_X1_A2_ZN_NAND4_X1_A3_ZN_NOR3_X1_A2_ZN_NAND3_X1_A2_ZN_NOR4_X4_A3_ZN (net)                              | 2      |             |            |            | 0.000       |        |                 |
| csr_mod.waddr_9__NOR4_X1_A2_ZN_NAND4_X1_A3_ZN_NOR3_X1_A2_ZN_NAND3_X1_A2_ZN_NOR4_X4_A3_ZN_NAND2_X1_A2:A2 (NAND2_X1)          |        | 0.002       | 0.000      | 0.049      |             | 0.000  | 0.633r          |
| csr_mod.waddr_9__NOR4_X1_A2_ZN_NAND4_X1_A3_ZN_NOR3_X1_A2_ZN_NAND3_X1_A2_ZN_NOR4_X4_A3_ZN_NAND2_X1_A2:ZN (NAND2_X1)          |        | 0.003       | 0.000      | 0.015      |             | 0.027  | 0.660f          |
| csr_mod.waddr_9__NOR4_X1_A2_ZN_NAND4_X1_A3_ZN_NOR3_X1_A2_ZN_NAND3_X1_A2_ZN_NOR4_X4_A3_ZN_NAND2_X1_A2_ZN (net)               | 1      |             |            |            | 0.000       |        |                 |
| csr_mod.waddr_9__NOR4_X1_A2_ZN_NAND4_X1_A3_ZN_NOR3_X1_A2_ZN_NAND3_X1_A2_ZN_NOR4_X4_A3_ZN_NAND2_X1_A2_ZN_BUF_X4_A:A (BUF_X4) |        | 0.003       | 0.000      | 0.015      |             | 0.000  | 0.660f          |
| csr_mod.waddr_9__NOR4_X1_A2_ZN_NAND4_X1_A3_ZN_NOR3_X1_A2_ZN_NAND3_X1_A2_ZN_NOR4_X4_A3_ZN_NAND2_X1_A2_ZN_BUF_X4_A:Z (BUF_X4) |        | 0.026       | 0.000      | 0.010      |             | 0.036  | 0.696f          |
| pc_mod.pc_12__reg_p_D_AOI211_X2_ZN_C1_XOR2_X1_Z_B_OR2_X2_ZN_A1 (net)                                                        | 17     |             |            |            | 0.000       |        |                 |
| pc_mod.pc_12__reg_p_D_AOI211_X2_ZN_C1_XOR2_X1_Z_B_OR2_X2_ZN:A1 (OR2_X2)                                                     |        | 0.002       | 0.000      | 0.010      |             | 0.000  | 0.696f          |
| pc_mod.pc_12__reg_p_D_AOI211_X2_ZN_C1_XOR2_X1_Z_B_OR2_X2_ZN:ZN (OR2_X2)                                                     |        | 0.002       | 0.000      | 0.009      |             | 0.042  | 0.738f          |
| pc_mod.pc_12__reg_p_D_AOI211_X2_ZN_C1_XOR2_X1_Z_B (net)                                                                     | 1      |             |            |            | 0.000       |        |                 |
| pc_mod.pc_12__reg_p_D_AOI211_X2_ZN_C1_XOR2_X1_Z:B (XOR2_X1)                                                                 |        | 0.002       | 0.000      | 0.009      |             | 0.000  | 0.738f          |
| pc_mod.pc_12__reg_p_D_AOI211_X2_ZN_C1_XOR2_X1_Z:Z (XOR2_X1)                                                                 |        | 0.003       | 0.000      | 0.013      |             | 0.057  | 0.795f          |
| pc_mod.pc_12__reg_p_D_AOI211_X2_ZN_C1 (net)                                                                                 | 1      |             |            |            | 0.000       |        |                 |
| pc_mod.pc_12__reg_p_D_AOI211_X2_ZN:C1 (AOI211_X2)                                                                           |        | 0.003       | 0.000      | 0.013      |             | 0.000  | 0.795f          |
| pc_mod.pc_12__reg_p_D_AOI211_X2_ZN:ZN (AOI211_X2)                                                                           |        | 0.001       | 0.000      | 0.032      |             | 0.033  | 0.829r          |
| pc_mod.pc_12__reg_p_D (net)                                                                                                 | 1      |             |            |            | 0.000       |        |                 |
| pc_mod.pc_12__reg_p:D (DFF_X1)                                                                                              |        | 0.001       | 0.000      | 0.032      |             | 0.000  | 0.829r          |
|                                                                                                                             |        |             |            |            |             |        |                 |
| clock (port)                                                                                                                |        | 0.856       | 0.000      | 0.000      |             | 0.000  | 0.000r          |
| clock (clock net)                                                                                                           | 847    |             |            |            | NA          |        |                 |
| pc_mod.pc_12__reg_p:CK (DFF_X1)                                                                                             |        | 0.001       | 0.000      | 0.000      |             | 0.000  | 0.000r          |
| clock core_clock (rise edge)                                                                                                |        |             |            |            |             | 1.769  | 1.769           |
| clock network delay (ideal)                                                                                                 |        |             |            |            |             | 0.000  | 1.769           |
| pc_mod.pc_12__reg_p:CK (DFF_X1)                                                                                             |        |             |            |            |             |        | 1.769r          |
| library setup time                                                                                                          |        |             |            |            |             | -0.038 | 1.731           |
| clock reconvergence pessimism                                                                                               |        |             |            |            |             | 0.000  | 1.731           |
|                                                                                                                             |        |             |            |            |             |        |                 |
| path cell delay                                                                                                             |        |             |            |            |             |        | 0.829(100.000%) |
| path net delay                                                                                                              |        |             |            |            |             |        | 0.000(0.000%)   |
|                                                                                                                             |        |             |            |            |             |        |                 |
| data require time                                                                                                           |        |             |            |            |             |        | 1.731           |
| data arrival time                                                                                                           |        |             |            |            |             |        | 0.829           |
| slack (MET)                                                                                                                 |        |             |            |            |             |        | 0.902           |
+-----------------------------------------------------------------------------------------------------------------------------+--------+-------------+------------+------------+-------------+--------+-----------------+
+------------------------------------------------------------------------------------------------------------------------------------------------+--------+-------------+------------+------------+-------------+--------+-----------------+
| Point                                                                                                                                          | Fanout | Capacitance | Resistance | Transition | Delta Delay | Incr   | Path            |
+------------------------------------------------------------------------------------------------------------------------------------------------+--------+-------------+------------+------------+-------------+--------+-----------------+
| clock (port)                                                                                                                                   |        | 0.856       | 0.000      | 0.000      |             | 0.000  | 0.000r          |
| clock (clock net)                                                                                                                              | 847    |             |            |            | NA          |        |                 |
| alu_mod.bus_in_alu_op_3__reg_p:CK (DFF_X1)                                                                                                     |        | 0.001       | 0.000      | 0.000      |             | 0.000  | 0.000r          |
| clock core_clock (rise edge)                                                                                                                   |        |             |            |            |             | 0      | 0               |
| clock network delay (ideal)                                                                                                                    |        |             |            |            |             | 0.000  | 0.000           |
| alu_mod.bus_in_alu_op_3__reg_p:CK (DFF_X1)                                                                                                     |        | 0.001       | 0.000      | 0.000      |             | 0.000  | 0.000r          |
| alu_mod.bus_in_alu_op_3__reg_p:Q (DFF_X1)                                                                                                      |        | 0.028       | 0.000      | 0.035      |             | 0.118  | 0.118f          |
| alu_mod.bus_in_alu_op_3_ (net)                                                                                                                 | 16     |             |            |            | 0.000       |        |                 |
| alu_mod.bus_in_alu_op_5__AOI21_X4_A_B1_OR4_X4_ZN:A4 (OR4_X4)                                                                                   |        | 0.004       | 0.000      | 0.035      |             | 0.000  | 0.118f          |
| alu_mod.bus_in_alu_op_5__AOI21_X4_A_B1_OR4_X4_ZN:ZN (OR4_X4)                                                                                   |        | 0.006       | 0.000      | 0.016      |             | 0.115  | 0.232f          |
| alu_mod.bus_in_alu_op_5__AOI21_X4_A_B1 (net)                                                                                                   | 1      |             |            |            | 0.000       |        |                 |
| alu_mod.bus_in_alu_op_5__AOI21_X4_A:B1 (AOI21_X4)                                                                                              |        | 0.006       | 0.000      | 0.016      |             | 0.000  | 0.232f          |
| alu_mod.bus_in_alu_op_5__AOI21_X4_A:ZN (AOI21_X4)                                                                                              |        | 0.012       | 0.000      | 0.030      |             | 0.037  | 0.269r          |
| alu_mod.bus_in_alu_op_5__AOI21_X4_A_ZN (net)                                                                                                   | 1      |             |            |            | 0.000       |        |                 |
| alu_mod.bus_in_alu_op_5__AOI21_X4_A_ZN_BUF_X16_A:A (BUF_X16)                                                                                   |        | 0.012       | 0.000      | 0.030      |             | 0.000  | 0.269r          |
| alu_mod.bus_in_alu_op_5__AOI21_X4_A_ZN_BUF_X16_A:Z (BUF_X16)                                                                                   |        | 0.050       | 0.000      | 0.011      |             | 0.031  | 0.300r          |
| alu_mod.bus_in_imm_19__MUX2_X1_B_Z_XNOR2_X1_B_A (net)                                                                                          | 22     |             |            |            | 0.000       |        |                 |
| ex_ls_bus_data_rs2_ls_20__INV_X1_A_ZN_MUX2_X1_B_A_OAI211_X1_C2_ZN_AOI211_X1_C1_ZN_OR4_X1_A2_A4_NOR3_X1_ZN:A1 (NOR3_X1)                         |        | 0.002       | 0.000      | 0.011      |             | 0.000  | 0.300r          |
| ex_ls_bus_data_rs2_ls_20__INV_X1_A_ZN_MUX2_X1_B_A_OAI211_X1_C2_ZN_AOI211_X1_C1_ZN_OR4_X1_A2_A4_NOR3_X1_ZN:ZN (NOR3_X1)                         |        | 0.004       | 0.000      | 0.010      |             | 0.014  | 0.315f          |
| ex_ls_bus_data_rs2_ls_20__INV_X1_A_ZN_MUX2_X1_B_A_OAI211_X1_C2_ZN_AOI211_X1_C1_ZN_OR4_X1_A2_A4 (net)                                           | 2      |             |            |            | 0.000       |        |                 |
| ex_ls_bus_data_rs2_ls_20__INV_X1_A_ZN_MUX2_X1_B_A_OAI211_X1_C2_ZN_AOI211_X1_C1_ZN_NOR4_X2_A2:A4 (NOR4_X2)                                      |        | 0.004       | 0.000      | 0.010      |             | 0.000  | 0.315f          |
| ex_ls_bus_data_rs2_ls_20__INV_X1_A_ZN_MUX2_X1_B_A_OAI211_X1_C2_ZN_AOI211_X1_C1_ZN_NOR4_X2_A2:ZN (NOR4_X2)                                      |        | 0.003       | 0.000      | 0.045      |             | 0.082  | 0.397r          |
| ex_ls_bus_data_rs2_ls_20__INV_X1_A_ZN_MUX2_X1_B_A_OAI211_X1_C2_ZN_AOI211_X1_C1_ZN_NOR4_X2_A2_ZN (net)                                          | 2      |             |            |            | 0.000       |        |                 |
| ex_ls_bus_alu_out_ls_18__reg_p_D_NAND3_X1_ZN_A1_OR4_X1_ZN_A1_OAI21_X1_ZN_A_OAI211_X1_A_B_OAI211_X1_C1:A (OAI211_X1)                            |        | 0.002       | 0.000      | 0.045      |             | 0.000  | 0.397r          |
| ex_ls_bus_alu_out_ls_18__reg_p_D_NAND3_X1_ZN_A1_OR4_X1_ZN_A1_OAI21_X1_ZN_A_OAI211_X1_A_B_OAI211_X1_C1:ZN (OAI211_X1)                           |        | 0.005       | 0.000      | 0.025      |             | 0.048  | 0.445f          |
| ex_ls_bus_alu_out_ls_18__reg_p_D_NAND3_X1_ZN_A1_OR4_X1_ZN_A1_OAI21_X1_ZN_A_OAI211_X1_A_B_OAI211_X1_C1_ZN (net)                                 | 2      |             |            |            | 0.000       |        |                 |
| ex_ls_bus_alu_out_ls_18__reg_p_D_NAND3_X1_ZN_A1_OR4_X1_ZN_A1_OAI21_X1_ZN_A_OAI211_X1_A_B_OAI211_X1_C1_ZN_NOR3_X1_A3:A3 (NOR3_X1)               |        | 0.002       | 0.000      | 0.025      |             | 0.000  | 0.445f          |
| ex_ls_bus_alu_out_ls_18__reg_p_D_NAND3_X1_ZN_A1_OR4_X1_ZN_A1_OAI21_X1_ZN_A_OAI211_X1_A_B_OAI211_X1_C1_ZN_NOR3_X1_A3:ZN (NOR3_X1)               |        | 0.003       | 0.000      | 0.043      |             | 0.073  | 0.518r          |
| ex_ls_bus_alu_out_ls_18__reg_p_D_NAND3_X1_ZN_A1_OR4_X1_ZN_A1_OAI21_X1_ZN_A_OAI211_X1_A_B_OAI211_X1_C1_ZN_NOR3_X1_A3_ZN (net)                   | 1      |             |            |            | 0.000       |        |                 |
| alu_mod.bus_in_imm_12__AND2_X1_A2_ZN_OAI33_X1_A2_ZN_MUX2_X1_A_Z_NOR3_X1_A2_A1_INV_X1_A_ZN_OAI21_X2_A:B1 (OAI21_X2)                             |        | 0.003       | 0.000      | 0.043      |             | 0.000  | 0.518r          |
| alu_mod.bus_in_imm_12__AND2_X1_A2_ZN_OAI33_X1_A2_ZN_MUX2_X1_A_Z_NOR3_X1_A2_A1_INV_X1_A_ZN_OAI21_X2_A:ZN (OAI21_X2)                             |        | 0.006       | 0.000      | 0.019      |             | 0.027  | 0.544f          |
| alu_mod.bus_in_imm_12__AND2_X1_A2_ZN_OAI33_X1_A2_ZN_MUX2_X1_A_Z_NOR3_X1_A2_A1_INV_X1_A_ZN_OAI21_X2_A_ZN (net)                                  | 3      |             |            |            | 0.000       |        |                 |
| ex_ls_bus_alu_out_ls_26__reg_p_D_NOR3_X1_ZN_A2_AOI221_X1_ZN_B2_XNOR2_X1_ZN_A_OAI22_X1_B2_ZN_NAND3_X1_A1_ZN_INV_X1_A_ZN_AND3_X4_A3:A1 (AND3_X4) |        | 0.003       | 0.000      | 0.019      |             | 0.000  | 0.544f          |
| ex_ls_bus_alu_out_ls_26__reg_p_D_NOR3_X1_ZN_A2_AOI221_X1_ZN_B2_XNOR2_X1_ZN_A_OAI22_X1_B2_ZN_NAND3_X1_A1_ZN_INV_X1_A_ZN_AND3_X4_A3:ZN (AND3_X4) |        | 0.008       | 0.000      | 0.007      |             | 0.035  | 0.579f          |
| ex_ls_bus_alu_out_ls_31__reg_p_D_AOI21_X1_ZN_B1_OAI211_X1_ZN_C2_XOR2_X1_Z_A_OR2_X4_ZN_A2 (net)                                                 | 4      |             |            |            | 0.000       |        |                 |
| ex_ls_bus_alu_out_ls_31__reg_p_D_AOI21_X1_ZN_B1_OAI211_X1_ZN_C2_XOR2_X1_Z_A_OR2_X4_ZN:A2 (OR2_X4)                                              |        | 0.003       | 0.000      | 0.007      |             | 0.000  | 0.579f          |
| ex_ls_bus_alu_out_ls_31__reg_p_D_AOI21_X1_ZN_B1_OAI211_X1_ZN_C2_XOR2_X1_Z_A_OR2_X4_ZN:ZN (OR2_X4)                                              |        | 0.004       | 0.000      | 0.008      |             | 0.043  | 0.622f          |
| ex_ls_bus_alu_out_ls_31__reg_p_D_AOI21_X1_ZN_B1_OAI211_X1_ZN_C2_XOR2_X1_Z_A (net)                                                              | 2      |             |            |            | 0.000       |        |                 |
| ex_ls_bus_alu_out_ls_31__reg_p_D_AOI21_X1_ZN_B1_OAI211_X1_ZN_C2_XOR2_X1_Z_A_OAI221_X1_B2:B2 (OAI221_X1)                                        |        | 0.002       | 0.000      | 0.008      |             | 0.000  | 0.622f          |
| ex_ls_bus_alu_out_ls_31__reg_p_D_AOI21_X1_ZN_B1_OAI211_X1_ZN_C2_XOR2_X1_Z_A_OAI221_X1_B2:ZN (OAI221_X1)                                        |        | 0.003       | 0.000      | 0.042      |             | 0.055  | 0.677r          |
| ex_ls_bus_alu_out_ls_0__reg_p_D_NOR3_X1_ZN_A2_AOI211_X1_ZN_B_OAI221_X1_ZN_C1_XNOR2_X1_A_B (net)                                                | 1      |             |            |            | 0.000       |        |                 |
| ex_ls_bus_alu_out_ls_0__reg_p_D_NOR3_X1_ZN_A2_AOI211_X1_ZN_B_OAI221_X1_ZN_C1_XNOR2_X1_A:B (XNOR2_X1)                                           |        | 0.003       | 0.000      | 0.042      |             | 0.000  | 0.677r          |
| ex_ls_bus_alu_out_ls_0__reg_p_D_NOR3_X1_ZN_A2_AOI211_X1_ZN_B_OAI221_X1_ZN_C1_XNOR2_X1_A:ZN (XNOR2_X1)                                          |        | 0.004       | 0.000      | 0.020      |             | 0.032  | 0.708f          |
| ex_ls_bus_branch_ls_reg_p_D_OR3_X2_ZN_A3_AND4_X1_ZN_A3 (net)                                                                                   | 3      |             |            |            | 0.000       |        |                 |
| ex_ls_bus_branch_ls_reg_p_D_OR3_X2_ZN_A3_AND4_X1_ZN:A3 (AND4_X1)                                                                               |        | 0.001       | 0.000      | 0.020      |             | 0.000  | 0.708f          |
| ex_ls_bus_branch_ls_reg_p_D_OR3_X2_ZN_A3_AND4_X1_ZN:ZN (AND4_X1)                                                                               |        | 0.002       | 0.000      | 0.008      |             | 0.044  | 0.752f          |
| ex_ls_bus_branch_ls_reg_p_D_OR3_X2_ZN_A3 (net)                                                                                                 | 1      |             |            |            | 0.000       |        |                 |
| ex_ls_bus_branch_ls_reg_p_D_OR3_X2_ZN:A3 (OR3_X2)                                                                                              |        | 0.002       | 0.000      | 0.008      |             | 0.000  | 0.752f          |
| ex_ls_bus_branch_ls_reg_p_D_OR3_X2_ZN:ZN (OR3_X2)                                                                                              |        | 0.001       | 0.000      | 0.012      |             | 0.073  | 0.825f          |
| ex_ls_bus_branch_ls_reg_p_D (net)                                                                                                              | 1      |             |            |            | 0.000       |        |                 |
| ex_ls_bus_branch_ls_reg_p:D (DFF_X1)                                                                                                           |        | 0.001       | 0.000      | 0.012      |             | 0.000  | 0.825f          |
|                                                                                                                                                |        |             |            |            |             |        |                 |
| clock (port)                                                                                                                                   |        | 0.856       | 0.000      | 0.000      |             | 0.000  | 0.000r          |
| clock (clock net)                                                                                                                              | 847    |             |            |            | NA          |        |                 |
| ex_ls_bus_branch_ls_reg_p:CK (DFF_X1)                                                                                                          |        | 0.001       | 0.000      | 0.000      |             | 0.000  | 0.000r          |
| clock core_clock (rise edge)                                                                                                                   |        |             |            |            |             | 1.769  | 1.769           |
| clock network delay (ideal)                                                                                                                    |        |             |            |            |             | 0.000  | 1.769           |
| ex_ls_bus_branch_ls_reg_p:CK (DFF_X1)                                                                                                          |        |             |            |            |             |        | 1.769r          |
| library setup time                                                                                                                             |        |             |            |            |             | -0.042 | 1.727           |
| clock reconvergence pessimism                                                                                                                  |        |             |            |            |             | 0.000  | 1.727           |
|                                                                                                                                                |        |             |            |            |             |        |                 |
| path cell delay                                                                                                                                |        |             |            |            |             |        | 0.825(100.000%) |
| path net delay                                                                                                                                 |        |             |            |            |             |        | 0.000(0.000%)   |
|                                                                                                                                                |        |             |            |            |             |        |                 |
| data require time                                                                                                                              |        |             |            |            |             |        | 1.727           |
| data arrival time                                                                                                                              |        |             |            |            |             |        | 0.825           |
| slack (MET)                                                                                                                                    |        |             |            |            |             |        | 0.903           |
+------------------------------------------------------------------------------------------------------------------------------------------------+--------+-------------+------------+------------+-------------+--------+-----------------+
+--------------------------------------------------------------------------------------------------------------------+--------+-------------+------------+------------+-------------+--------+-----------------+
| Point                                                                                                              | Fanout | Capacitance | Resistance | Transition | Delta Delay | Incr   | Path            |
+--------------------------------------------------------------------------------------------------------------------+--------+-------------+------------+------------+-------------+--------+-----------------+
| clock (port)                                                                                                       |        | 0.856       | 0.000      | 0.000      |             | 0.000  | 0.000r          |
| clock (clock net)                                                                                                  | 847    |             |            |            | NA          |        |                 |
| icache_mod.trans_reg_p_CK_CLKGATE_X1_GCK:CK (CLKGATE_X1)                                                           |        | 0.002       | 0.000      | 0.000      |             | 0.000  | 0.000r          |
| icache_mod.trans_reg_p_CK_CLKGATE_X1_GCK:GCK (CLKGATE_X1)                                                          |        | 0.001       | 0.000      | 0.000      |             | 0.000  | 0.000r          |
| icache_mod.trans_reg_p_CK (clock net)                                                                              | 1      |             |            |            | NA          |        |                 |
| icache_mod.trans_reg_p:CK (DFF_X1)                                                                                 |        | 0.001       | 0.000      | 0.000      |             | 0.000  | 0.000r          |
| clock core_clock (rise edge)                                                                                       |        |             |            |            |             | 0      | 0               |
| clock network delay (ideal)                                                                                        |        |             |            |            |             | 0.000  | 0.000           |
| icache_mod.trans_reg_p:CK (DFF_X1)                                                                                 |        | 0.001       | 0.000      | 0.000      |             | 0.000  | 0.000r          |
| icache_mod.trans_reg_p:Q (DFF_X1)                                                                                  |        | 0.011       | 0.000      | 0.017      |             | 0.095  | 0.095f          |
| icache_mod.trans (net)                                                                                             | 1      |             |            |            | 0.000       |        |                 |
| icache_mod.trans_BUF_X16_A:A (BUF_X16)                                                                             |        | 0.012       | 0.000      | 0.017      |             | 0.000  | 0.095f          |
| icache_mod.trans_BUF_X16_A:Z (BUF_X16)                                                                             |        | 0.037       | 0.000      | 0.006      |             | 0.031  | 0.127f          |
| icache_mod.trans_BUF_X16_A_Z (net)                                                                                 | 21     |             |            |            | 0.000       |        |                 |
| icache_mod.miss_addr_4__MUX2_X1_B:S (MUX2_X1)                                                                      |        | 0.002       | 0.000      | 0.006      |             | 0.000  | 0.127f          |
| icache_mod.miss_addr_4__MUX2_X1_B:Z (MUX2_X1)                                                                      |        | 0.006       | 0.000      | 0.015      |             | 0.056  | 0.182f          |
| icache_mod.miss_addr_4__MUX2_X1_B_Z (net)                                                                          | 1      |             |            |            | 0.000       |        |                 |
| icache_mod.miss_addr_4__MUX2_X1_B_Z_BUF_X8_A:A (BUF_X8)                                                            |        | 0.007       | 0.000      | 0.015      |             | 0.000  | 0.182f          |
| icache_mod.miss_addr_4__MUX2_X1_B_Z_BUF_X8_A:Z (BUF_X8)                                                            |        | 0.061       | 0.000      | 0.011      |             | 0.038  | 0.220f          |
| icache_mod.block_tag[1]_8__MUX2_X1_A_S (net)                                                                       | 24     |             |            |            | 0.000       |        |                 |
| icache_mod.block_tag[1]_8__MUX2_X1_A_S_BUF_X16_A:A (BUF_X16)                                                       |        | 0.012       | 0.000      | 0.011      |             | 0.000  | 0.220f          |
| icache_mod.block_tag[1]_8__MUX2_X1_A_S_BUF_X16_A:Z (BUF_X16)                                                       |        | 0.043       | 0.000      | 0.006      |             | 0.029  | 0.249f          |
| icache_mod.block_tag[1]_1__MUX2_X1_A_S (net)                                                                       | 24     |             |            |            | 0.000       |        |                 |
| icache_mod.block_tag[5]_25__MUX2_X1_A:S (MUX2_X1)                                                                  |        | 0.002       | 0.000      | 0.006      |             | 0.000  | 0.249f          |
| icache_mod.block_tag[5]_25__MUX2_X1_A:Z (MUX2_X1)                                                                  |        | 0.001       | 0.000      | 0.009      |             | 0.044  | 0.293f          |
| icache_mod.block_tag[5]_25__MUX2_X1_A_Z (net)                                                                      | 1      |             |            |            | 0.000       |        |                 |
| icache_mod.block_tag[1]_25__MUX2_X1_A_Z_MUX2_X1_A:B (MUX2_X1)                                                      |        | 0.001       | 0.000      | 0.009      |             | 0.000  | 0.293f          |
| icache_mod.block_tag[1]_25__MUX2_X1_A_Z_MUX2_X1_A:Z (MUX2_X1)                                                      |        | 0.002       | 0.000      | 0.012      |             | 0.062  | 0.355f          |
| icache_mod.block_tag[1]_25__MUX2_X1_A_Z_MUX2_X1_A_Z (net)                                                          | 1      |             |            |            | 0.000       |        |                 |
| icache_mod.block_tag[1]_25__MUX2_X1_A_Z_MUX2_X1_A_Z_XNOR2_X1_B:B (XNOR2_X1)                                        |        | 0.003       | 0.000      | 0.012      |             | 0.000  | 0.355f          |
| icache_mod.block_tag[1]_25__MUX2_X1_A_Z_MUX2_X1_A_Z_XNOR2_X1_B:ZN (XNOR2_X1)                                       |        | 0.003       | 0.000      | 0.030      |             | 0.045  | 0.399r          |
| icache_mod.hit_1_AND2_X1_ZN_A2_NOR4_X1_ZN_A3_NAND4_X1_ZN_A2 (net)                                                  | 2      |             |            |            | 0.000       |        |                 |
| icache_mod.hit_1_AND2_X1_ZN_A1_NOR3_X1_ZN_A2_NAND4_X1_ZN_A1_NAND4_X1_A1:A3 (NAND4_X1)                              |        | 0.002       | 0.000      | 0.030      |             | 0.000  | 0.399r          |
| icache_mod.hit_1_AND2_X1_ZN_A1_NOR3_X1_ZN_A2_NAND4_X1_ZN_A1_NAND4_X1_A1:ZN (NAND4_X1)                              |        | 0.005       | 0.000      | 0.031      |             | 0.051  | 0.450f          |
| icache_mod.hit_1_AND2_X1_ZN_A1_NOR3_X1_ZN_A2_NAND4_X1_ZN_A1_NAND4_X1_A1_ZN (net)                                   | 1      |             |            |            | 0.000       |        |                 |
| icache_mod.block_valid[1]_MUX2_X1_A_Z_MUX2_X1_A_Z_NAND4_X1_A2_ZN_NOR4_X4_A1:A2 (NOR4_X4)                           |        | 0.006       | 0.000      | 0.031      |             | 0.000  | 0.450f          |
| icache_mod.block_valid[1]_MUX2_X1_A_Z_MUX2_X1_A_Z_NAND4_X1_A2_ZN_NOR4_X4_A1:ZN (NOR4_X4)                           |        | 0.006       | 0.000      | 0.044      |             | 0.074  | 0.524r          |
| icache_mod.block_valid[1]_MUX2_X1_A_Z_MUX2_X1_A_Z_NAND4_X1_A2_ZN_NOR4_X4_A1_ZN (net)                               | 2      |             |            |            | 0.000       |        |                 |
| icache_mod.block_valid[1]_MUX2_X1_A_Z_MUX2_X1_A_Z_NAND4_X1_A2_ZN_NOR4_X4_A1_ZN_AND2_X4_A1:A1 (AND2_X4)             |        | 0.003       | 0.000      | 0.044      |             | 0.000  | 0.524r          |
| icache_mod.block_valid[1]_MUX2_X1_A_Z_MUX2_X1_A_Z_NAND4_X1_A2_ZN_NOR4_X4_A1_ZN_AND2_X4_A1:ZN (AND2_X4)             |        | 0.012       | 0.000      | 0.012      |             | 0.044  | 0.567r          |
| icache_mod.block_valid[1]_MUX2_X1_A_Z_MUX2_X1_A_Z_NAND4_X1_A2_ZN_NOR4_X4_A1_ZN_AND2_X4_A1_ZN (net)                 | 1      |             |            |            | 0.000       |        |                 |
| icache_mod.block_valid[1]_MUX2_X1_A_Z_MUX2_X1_A_Z_NAND4_X1_A2_ZN_NOR4_X4_A1_ZN_AND2_X4_A1_ZN_BUF_X16_A:A (BUF_X16) |        | 0.012       | 0.000      | 0.012      |             | 0.000  | 0.567r          |
| icache_mod.block_valid[1]_MUX2_X1_A_Z_MUX2_X1_A_Z_NAND4_X1_A2_ZN_NOR4_X4_A1_ZN_AND2_X4_A1_ZN_BUF_X16_A:Z (BUF_X16) |        | 0.083       | 0.000      | 0.015      |             | 0.032  | 0.599r          |
| icache_mod.block_cache[28]_9__AOI211_X1_C2_A (net)                                                                 | 16     |             |            |            | 0.000       |        |                 |
| icache_mod.block_cache[28]_9__AOI211_X1_C2_A_BUF_X32_A:A (BUF_X32)                                                 |        | 0.027       | 0.000      | 0.015      |             | 0.000  | 0.599r          |
| icache_mod.block_cache[28]_9__AOI211_X1_C2_A_BUF_X32_A:Z (BUF_X32)                                                 |        | 0.071       | 0.000      | 0.009      |             | 0.026  | 0.625r          |
| icache_mod.block_cache[28]_31__AOI211_X1_C2_A (net)                                                                | 24     |             |            |            | 0.000       |        |                 |
| icache_mod.block_cache[28]_31__AOI211_X1_C2_A_BUF_X16_A_1:A (BUF_X16)                                              |        | 0.012       | 0.000      | 0.009      |             | 0.000  | 0.625r          |
| icache_mod.block_cache[28]_31__AOI211_X1_C2_A_BUF_X16_A_1:Z (BUF_X16)                                              |        | 0.059       | 0.000      | 0.012      |             | 0.027  | 0.652r          |
| icache_mod.block_cache[22]_31__AOI211_X1_C2_A (net)                                                                | 24     |             |            |            | 0.000       |        |                 |
| icache_mod.block_cache[22]_31__AOI211_X1_C2_A_BUF_X8_A:A (BUF_X8)                                                  |        | 0.007       | 0.000      | 0.012      |             | 0.000  | 0.652r          |
| icache_mod.block_cache[22]_31__AOI211_X1_C2_A_BUF_X8_A:Z (BUF_X8)                                                  |        | 0.040       | 0.000      | 0.015      |             | 0.031  | 0.683r          |
| icache_mod.block_cache[0]_9__AOI211_X1_C2_ZN_AOI211_X1_B_ZN_AOI211_X1_B_C2 (net)                                   | 24     |             |            |            | 0.000       |        |                 |
| icache_mod.block_cache[0]_18__AOI211_X1_C2_ZN_AOI211_X1_B_ZN_AOI211_X1_B:C2 (AOI211_X1)                            |        | 0.002       | 0.000      | 0.015      |             | 0.000  | 0.683r          |
| icache_mod.block_cache[0]_18__AOI211_X1_C2_ZN_AOI211_X1_B_ZN_AOI211_X1_B:ZN (AOI211_X1)                            |        | 0.002       | 0.000      | 0.023      |             | 0.018  | 0.701f          |
| icache_mod.block_cache[0]_18__AOI211_X1_C2_ZN_AOI211_X1_B_ZN_AOI211_X1_B_ZN (net)                                  | 1      |             |            |            | 0.000       |        |                 |
| de_ex_pipeline_mod.opcode_in_18__reg_p_D_AOI211_X1_ZN_C1_AOI21_X1_ZN_A_NOR3_X1_ZN:A3 (NOR3_X1)                     |        | 0.002       | 0.000      | 0.023      |             | 0.000  | 0.701f          |
| de_ex_pipeline_mod.opcode_in_18__reg_p_D_AOI211_X1_ZN_C1_AOI21_X1_ZN_A_NOR3_X1_ZN:ZN (NOR3_X1)                     |        | 0.002       | 0.000      | 0.030      |             | 0.056  | 0.757r          |
| de_ex_pipeline_mod.opcode_in_18__reg_p_D_AOI211_X1_ZN_C1_AOI21_X1_ZN_A (net)                                       | 1      |             |            |            | 0.000       |        |                 |
| de_ex_pipeline_mod.opcode_in_18__reg_p_D_AOI211_X1_ZN_C1_AOI21_X1_ZN:A (AOI21_X1)                                  |        | 0.002       | 0.000      | 0.030      |             | 0.000  | 0.757r          |
| de_ex_pipeline_mod.opcode_in_18__reg_p_D_AOI211_X1_ZN_C1_AOI21_X1_ZN:ZN (AOI21_X1)                                 |        | 0.001       | 0.000      | 0.013      |             | 0.018  | 0.775f          |
| de_ex_pipeline_mod.opcode_in_18__reg_p_D_AOI211_X1_ZN_C1 (net)                                                     | 1      |             |            |            | 0.000       |        |                 |
| de_ex_pipeline_mod.opcode_in_18__reg_p_D_AOI211_X1_ZN:C1 (AOI211_X1)                                               |        | 0.002       | 0.000      | 0.013      |             | 0.000  | 0.775f          |
| de_ex_pipeline_mod.opcode_in_18__reg_p_D_AOI211_X1_ZN:ZN (AOI211_X1)                                               |        | 0.001       | 0.000      | 0.039      |             | 0.041  | 0.816r          |
| de_ex_pipeline_mod.opcode_in_18__reg_p_D (net)                                                                     | 1      |             |            |            | 0.000       |        |                 |
| de_ex_pipeline_mod.opcode_in_18__reg_p:D (DFF_X1)                                                                  |        | 0.001       | 0.000      | 0.039      |             | 0.000  | 0.816r          |
|                                                                                                                    |        |             |            |            |             |        |                 |
| clock (port)                                                                                                       |        | 0.856       | 0.000      | 0.000      |             | 0.000  | 0.000r          |
| clock (clock net)                                                                                                  | 847    |             |            |            | NA          |        |                 |
| de_ex_pipeline_mod.opcode_in_18__reg_p:CK (DFF_X1)                                                                 |        | 0.001       | 0.000      | 0.000      |             | 0.000  | 0.000r          |
| clock core_clock (rise edge)                                                                                       |        |             |            |            |             | 1.769  | 1.769           |
| clock network delay (ideal)                                                                                        |        |             |            |            |             | 0.000  | 1.769           |
| de_ex_pipeline_mod.opcode_in_18__reg_p:CK (DFF_X1)                                                                 |        |             |            |            |             |        | 1.769r          |
| library setup time                                                                                                 |        |             |            |            |             | -0.040 | 1.729           |
| clock reconvergence pessimism                                                                                      |        |             |            |            |             | 0.000  | 1.729           |
|                                                                                                                    |        |             |            |            |             |        |                 |
| path cell delay                                                                                                    |        |             |            |            |             |        | 0.816(100.000%) |
| path net delay                                                                                                     |        |             |            |            |             |        | 0.000(0.000%)   |
|                                                                                                                    |        |             |            |            |             |        |                 |
| data require time                                                                                                  |        |             |            |            |             |        | 1.729           |
| data arrival time                                                                                                  |        |             |            |            |             |        | 0.816           |
| slack (MET)                                                                                                        |        |             |            |            |             |        | 0.913           |
+--------------------------------------------------------------------------------------------------------------------+--------+-------------+------------+------------+-------------+--------+-----------------+
+--------------------------------------------------------------------------------------------------------------------+--------+-------------+------------+------------+-------------+--------+-----------------+
| Point                                                                                                              | Fanout | Capacitance | Resistance | Transition | Delta Delay | Incr   | Path            |
+--------------------------------------------------------------------------------------------------------------------+--------+-------------+------------+------------+-------------+--------+-----------------+
| clock (port)                                                                                                       |        | 0.856       | 0.000      | 0.000      |             | 0.000  | 0.000r          |
| clock (clock net)                                                                                                  | 847    |             |            |            | NA          |        |                 |
| icache_mod.trans_reg_p_CK_CLKGATE_X1_GCK:CK (CLKGATE_X1)                                                           |        | 0.002       | 0.000      | 0.000      |             | 0.000  | 0.000r          |
| icache_mod.trans_reg_p_CK_CLKGATE_X1_GCK:GCK (CLKGATE_X1)                                                          |        | 0.001       | 0.000      | 0.000      |             | 0.000  | 0.000r          |
| icache_mod.trans_reg_p_CK (clock net)                                                                              | 1      |             |            |            | NA          |        |                 |
| icache_mod.trans_reg_p:CK (DFF_X1)                                                                                 |        | 0.001       | 0.000      | 0.000      |             | 0.000  | 0.000r          |
| clock core_clock (rise edge)                                                                                       |        |             |            |            |             | 0      | 0               |
| clock network delay (ideal)                                                                                        |        |             |            |            |             | 0.000  | 0.000           |
| icache_mod.trans_reg_p:CK (DFF_X1)                                                                                 |        | 0.001       | 0.000      | 0.000      |             | 0.000  | 0.000r          |
| icache_mod.trans_reg_p:Q (DFF_X1)                                                                                  |        | 0.011       | 0.000      | 0.017      |             | 0.095  | 0.095f          |
| icache_mod.trans (net)                                                                                             | 1      |             |            |            | 0.000       |        |                 |
| icache_mod.trans_BUF_X16_A:A (BUF_X16)                                                                             |        | 0.012       | 0.000      | 0.017      |             | 0.000  | 0.095f          |
| icache_mod.trans_BUF_X16_A:Z (BUF_X16)                                                                             |        | 0.037       | 0.000      | 0.006      |             | 0.031  | 0.127f          |
| icache_mod.trans_BUF_X16_A_Z (net)                                                                                 | 21     |             |            |            | 0.000       |        |                 |
| icache_mod.miss_addr_4__MUX2_X1_B:S (MUX2_X1)                                                                      |        | 0.002       | 0.000      | 0.006      |             | 0.000  | 0.127f          |
| icache_mod.miss_addr_4__MUX2_X1_B:Z (MUX2_X1)                                                                      |        | 0.006       | 0.000      | 0.015      |             | 0.056  | 0.182f          |
| icache_mod.miss_addr_4__MUX2_X1_B_Z (net)                                                                          | 1      |             |            |            | 0.000       |        |                 |
| icache_mod.miss_addr_4__MUX2_X1_B_Z_BUF_X8_A:A (BUF_X8)                                                            |        | 0.007       | 0.000      | 0.015      |             | 0.000  | 0.182f          |
| icache_mod.miss_addr_4__MUX2_X1_B_Z_BUF_X8_A:Z (BUF_X8)                                                            |        | 0.061       | 0.000      | 0.011      |             | 0.038  | 0.220f          |
| icache_mod.block_tag[1]_8__MUX2_X1_A_S (net)                                                                       | 24     |             |            |            | 0.000       |        |                 |
| icache_mod.block_tag[1]_8__MUX2_X1_A_S_BUF_X16_A:A (BUF_X16)                                                       |        | 0.012       | 0.000      | 0.011      |             | 0.000  | 0.220f          |
| icache_mod.block_tag[1]_8__MUX2_X1_A_S_BUF_X16_A:Z (BUF_X16)                                                       |        | 0.043       | 0.000      | 0.006      |             | 0.029  | 0.249f          |
| icache_mod.block_tag[1]_1__MUX2_X1_A_S (net)                                                                       | 24     |             |            |            | 0.000       |        |                 |
| icache_mod.block_tag[5]_25__MUX2_X1_A:S (MUX2_X1)                                                                  |        | 0.002       | 0.000      | 0.006      |             | 0.000  | 0.249f          |
| icache_mod.block_tag[5]_25__MUX2_X1_A:Z (MUX2_X1)                                                                  |        | 0.001       | 0.000      | 0.009      |             | 0.044  | 0.293f          |
| icache_mod.block_tag[5]_25__MUX2_X1_A_Z (net)                                                                      | 1      |             |            |            | 0.000       |        |                 |
| icache_mod.block_tag[1]_25__MUX2_X1_A_Z_MUX2_X1_A:B (MUX2_X1)                                                      |        | 0.001       | 0.000      | 0.009      |             | 0.000  | 0.293f          |
| icache_mod.block_tag[1]_25__MUX2_X1_A_Z_MUX2_X1_A:Z (MUX2_X1)                                                      |        | 0.002       | 0.000      | 0.012      |             | 0.062  | 0.355f          |
| icache_mod.block_tag[1]_25__MUX2_X1_A_Z_MUX2_X1_A_Z (net)                                                          | 1      |             |            |            | 0.000       |        |                 |
| icache_mod.block_tag[1]_25__MUX2_X1_A_Z_MUX2_X1_A_Z_XNOR2_X1_B:B (XNOR2_X1)                                        |        | 0.003       | 0.000      | 0.012      |             | 0.000  | 0.355f          |
| icache_mod.block_tag[1]_25__MUX2_X1_A_Z_MUX2_X1_A_Z_XNOR2_X1_B:ZN (XNOR2_X1)                                       |        | 0.003       | 0.000      | 0.030      |             | 0.045  | 0.399r          |
| icache_mod.hit_1_AND2_X1_ZN_A2_NOR4_X1_ZN_A3_NAND4_X1_ZN_A2 (net)                                                  | 2      |             |            |            | 0.000       |        |                 |
| icache_mod.hit_1_AND2_X1_ZN_A1_NOR3_X1_ZN_A2_NAND4_X1_ZN_A1_NAND4_X1_A1:A3 (NAND4_X1)                              |        | 0.002       | 0.000      | 0.030      |             | 0.000  | 0.399r          |
| icache_mod.hit_1_AND2_X1_ZN_A1_NOR3_X1_ZN_A2_NAND4_X1_ZN_A1_NAND4_X1_A1:ZN (NAND4_X1)                              |        | 0.005       | 0.000      | 0.031      |             | 0.051  | 0.450f          |
| icache_mod.hit_1_AND2_X1_ZN_A1_NOR3_X1_ZN_A2_NAND4_X1_ZN_A1_NAND4_X1_A1_ZN (net)                                   | 1      |             |            |            | 0.000       |        |                 |
| icache_mod.block_valid[1]_MUX2_X1_A_Z_MUX2_X1_A_Z_NAND4_X1_A2_ZN_NOR4_X4_A1:A2 (NOR4_X4)                           |        | 0.006       | 0.000      | 0.031      |             | 0.000  | 0.450f          |
| icache_mod.block_valid[1]_MUX2_X1_A_Z_MUX2_X1_A_Z_NAND4_X1_A2_ZN_NOR4_X4_A1:ZN (NOR4_X4)                           |        | 0.006       | 0.000      | 0.044      |             | 0.074  | 0.524r          |
| icache_mod.block_valid[1]_MUX2_X1_A_Z_MUX2_X1_A_Z_NAND4_X1_A2_ZN_NOR4_X4_A1_ZN (net)                               | 2      |             |            |            | 0.000       |        |                 |
| icache_mod.block_valid[1]_MUX2_X1_A_Z_MUX2_X1_A_Z_NAND4_X1_A2_ZN_NOR4_X4_A1_ZN_AND2_X4_A1:A1 (AND2_X4)             |        | 0.003       | 0.000      | 0.044      |             | 0.000  | 0.524r          |
| icache_mod.block_valid[1]_MUX2_X1_A_Z_MUX2_X1_A_Z_NAND4_X1_A2_ZN_NOR4_X4_A1_ZN_AND2_X4_A1:ZN (AND2_X4)             |        | 0.012       | 0.000      | 0.012      |             | 0.044  | 0.567r          |
| icache_mod.block_valid[1]_MUX2_X1_A_Z_MUX2_X1_A_Z_NAND4_X1_A2_ZN_NOR4_X4_A1_ZN_AND2_X4_A1_ZN (net)                 | 1      |             |            |            | 0.000       |        |                 |
| icache_mod.block_valid[1]_MUX2_X1_A_Z_MUX2_X1_A_Z_NAND4_X1_A2_ZN_NOR4_X4_A1_ZN_AND2_X4_A1_ZN_BUF_X16_A:A (BUF_X16) |        | 0.012       | 0.000      | 0.012      |             | 0.000  | 0.567r          |
| icache_mod.block_valid[1]_MUX2_X1_A_Z_MUX2_X1_A_Z_NAND4_X1_A2_ZN_NOR4_X4_A1_ZN_AND2_X4_A1_ZN_BUF_X16_A:Z (BUF_X16) |        | 0.083       | 0.000      | 0.015      |             | 0.032  | 0.599r          |
| icache_mod.block_cache[28]_9__AOI211_X1_C2_A (net)                                                                 | 16     |             |            |            | 0.000       |        |                 |
| icache_mod.block_cache[28]_9__AOI211_X1_C2_A_BUF_X32_A:A (BUF_X32)                                                 |        | 0.027       | 0.000      | 0.015      |             | 0.000  | 0.599r          |
| icache_mod.block_cache[28]_9__AOI211_X1_C2_A_BUF_X32_A:Z (BUF_X32)                                                 |        | 0.071       | 0.000      | 0.009      |             | 0.026  | 0.625r          |
| icache_mod.block_cache[28]_31__AOI211_X1_C2_A (net)                                                                | 24     |             |            |            | 0.000       |        |                 |
| icache_mod.block_cache[28]_31__AOI211_X1_C2_A_BUF_X16_A_1:A (BUF_X16)                                              |        | 0.012       | 0.000      | 0.009      |             | 0.000  | 0.625r          |
| icache_mod.block_cache[28]_31__AOI211_X1_C2_A_BUF_X16_A_1:Z (BUF_X16)                                              |        | 0.059       | 0.000      | 0.012      |             | 0.027  | 0.652r          |
| icache_mod.block_cache[22]_31__AOI211_X1_C2_A (net)                                                                | 24     |             |            |            | 0.000       |        |                 |
| icache_mod.block_cache[22]_31__AOI211_X1_C2_A_BUF_X8_A:A (BUF_X8)                                                  |        | 0.007       | 0.000      | 0.012      |             | 0.000  | 0.652r          |
| icache_mod.block_cache[22]_31__AOI211_X1_C2_A_BUF_X8_A:Z (BUF_X8)                                                  |        | 0.040       | 0.000      | 0.015      |             | 0.031  | 0.683r          |
| icache_mod.block_cache[0]_9__AOI211_X1_C2_ZN_AOI211_X1_B_ZN_AOI211_X1_B_C2 (net)                                   | 24     |             |            |            | 0.000       |        |                 |
| icache_mod.block_cache[0]_20__AOI211_X1_C2_ZN_AOI211_X1_B_ZN_AOI211_X1_B:C2 (AOI211_X1)                            |        | 0.002       | 0.000      | 0.015      |             | 0.000  | 0.683r          |
| icache_mod.block_cache[0]_20__AOI211_X1_C2_ZN_AOI211_X1_B_ZN_AOI211_X1_B:ZN (AOI211_X1)                            |        | 0.002       | 0.000      | 0.023      |             | 0.018  | 0.701f          |
| icache_mod.block_cache[0]_20__AOI211_X1_C2_ZN_AOI211_X1_B_ZN_AOI211_X1_B_ZN (net)                                  | 1      |             |            |            | 0.000       |        |                 |
| de_ex_pipeline_mod.opcode_in_20__reg_p_D_AOI211_X1_ZN_C1_AOI21_X1_ZN_A_NOR3_X1_ZN:A3 (NOR3_X1)                     |        | 0.002       | 0.000      | 0.023      |             | 0.000  | 0.701f          |
| de_ex_pipeline_mod.opcode_in_20__reg_p_D_AOI211_X1_ZN_C1_AOI21_X1_ZN_A_NOR3_X1_ZN:ZN (NOR3_X1)                     |        | 0.002       | 0.000      | 0.030      |             | 0.056  | 0.757r          |
| de_ex_pipeline_mod.opcode_in_20__reg_p_D_AOI211_X1_ZN_C1_AOI21_X1_ZN_A (net)                                       | 1      |             |            |            | 0.000       |        |                 |
| de_ex_pipeline_mod.opcode_in_20__reg_p_D_AOI211_X1_ZN_C1_AOI21_X1_ZN:A (AOI21_X1)                                  |        | 0.002       | 0.000      | 0.030      |             | 0.000  | 0.757r          |
| de_ex_pipeline_mod.opcode_in_20__reg_p_D_AOI211_X1_ZN_C1_AOI21_X1_ZN:ZN (AOI21_X1)                                 |        | 0.001       | 0.000      | 0.013      |             | 0.018  | 0.775f          |
| de_ex_pipeline_mod.opcode_in_20__reg_p_D_AOI211_X1_ZN_C1 (net)                                                     | 1      |             |            |            | 0.000       |        |                 |
| de_ex_pipeline_mod.opcode_in_20__reg_p_D_AOI211_X1_ZN:C1 (AOI211_X1)                                               |        | 0.002       | 0.000      | 0.013      |             | 0.000  | 0.775f          |
| de_ex_pipeline_mod.opcode_in_20__reg_p_D_AOI211_X1_ZN:ZN (AOI211_X1)                                               |        | 0.001       | 0.000      | 0.039      |             | 0.041  | 0.816r          |
| de_ex_pipeline_mod.opcode_in_20__reg_p_D (net)                                                                     | 1      |             |            |            | 0.000       |        |                 |
| de_ex_pipeline_mod.opcode_in_20__reg_p:D (DFF_X1)                                                                  |        | 0.001       | 0.000      | 0.039      |             | 0.000  | 0.816r          |
|                                                                                                                    |        |             |            |            |             |        |                 |
| clock (port)                                                                                                       |        | 0.856       | 0.000      | 0.000      |             | 0.000  | 0.000r          |
| clock (clock net)                                                                                                  | 847    |             |            |            | NA          |        |                 |
| de_ex_pipeline_mod.opcode_in_20__reg_p:CK (DFF_X1)                                                                 |        | 0.001       | 0.000      | 0.000      |             | 0.000  | 0.000r          |
| clock core_clock (rise edge)                                                                                       |        |             |            |            |             | 1.769  | 1.769           |
| clock network delay (ideal)                                                                                        |        |             |            |            |             | 0.000  | 1.769           |
| de_ex_pipeline_mod.opcode_in_20__reg_p:CK (DFF_X1)                                                                 |        |             |            |            |             |        | 1.769r          |
| library setup time                                                                                                 |        |             |            |            |             | -0.040 | 1.729           |
| clock reconvergence pessimism                                                                                      |        |             |            |            |             | 0.000  | 1.729           |
|                                                                                                                    |        |             |            |            |             |        |                 |
| path cell delay                                                                                                    |        |             |            |            |             |        | 0.816(100.000%) |
| path net delay                                                                                                     |        |             |            |            |             |        | 0.000(0.000%)   |
|                                                                                                                    |        |             |            |            |             |        |                 |
| data require time                                                                                                  |        |             |            |            |             |        | 1.729           |
| data arrival time                                                                                                  |        |             |            |            |             |        | 0.816           |
| slack (MET)                                                                                                        |        |             |            |            |             |        | 0.913           |
+--------------------------------------------------------------------------------------------------------------------+--------+-------------+------------+------------+-------------+--------+-----------------+
+--------------------------------------------------------------------------------------------------------------------+--------+-------------+------------+------------+-------------+--------+-----------------+
| Point                                                                                                              | Fanout | Capacitance | Resistance | Transition | Delta Delay | Incr   | Path            |
+--------------------------------------------------------------------------------------------------------------------+--------+-------------+------------+------------+-------------+--------+-----------------+
| clock (port)                                                                                                       |        | 0.856       | 0.000      | 0.000      |             | 0.000  | 0.000r          |
| clock (clock net)                                                                                                  | 847    |             |            |            | NA          |        |                 |
| icache_mod.trans_reg_p_CK_CLKGATE_X1_GCK:CK (CLKGATE_X1)                                                           |        | 0.002       | 0.000      | 0.000      |             | 0.000  | 0.000r          |
| icache_mod.trans_reg_p_CK_CLKGATE_X1_GCK:GCK (CLKGATE_X1)                                                          |        | 0.001       | 0.000      | 0.000      |             | 0.000  | 0.000r          |
| icache_mod.trans_reg_p_CK (clock net)                                                                              | 1      |             |            |            | NA          |        |                 |
| icache_mod.trans_reg_p:CK (DFF_X1)                                                                                 |        | 0.001       | 0.000      | 0.000      |             | 0.000  | 0.000r          |
| clock core_clock (rise edge)                                                                                       |        |             |            |            |             | 0      | 0               |
| clock network delay (ideal)                                                                                        |        |             |            |            |             | 0.000  | 0.000           |
| icache_mod.trans_reg_p:CK (DFF_X1)                                                                                 |        | 0.001       | 0.000      | 0.000      |             | 0.000  | 0.000r          |
| icache_mod.trans_reg_p:Q (DFF_X1)                                                                                  |        | 0.011       | 0.000      | 0.017      |             | 0.095  | 0.095f          |
| icache_mod.trans (net)                                                                                             | 1      |             |            |            | 0.000       |        |                 |
| icache_mod.trans_BUF_X16_A:A (BUF_X16)                                                                             |        | 0.012       | 0.000      | 0.017      |             | 0.000  | 0.095f          |
| icache_mod.trans_BUF_X16_A:Z (BUF_X16)                                                                             |        | 0.037       | 0.000      | 0.006      |             | 0.031  | 0.127f          |
| icache_mod.trans_BUF_X16_A_Z (net)                                                                                 | 21     |             |            |            | 0.000       |        |                 |
| icache_mod.miss_addr_4__MUX2_X1_B:S (MUX2_X1)                                                                      |        | 0.002       | 0.000      | 0.006      |             | 0.000  | 0.127f          |
| icache_mod.miss_addr_4__MUX2_X1_B:Z (MUX2_X1)                                                                      |        | 0.006       | 0.000      | 0.015      |             | 0.056  | 0.182f          |
| icache_mod.miss_addr_4__MUX2_X1_B_Z (net)                                                                          | 1      |             |            |            | 0.000       |        |                 |
| icache_mod.miss_addr_4__MUX2_X1_B_Z_BUF_X8_A:A (BUF_X8)                                                            |        | 0.007       | 0.000      | 0.015      |             | 0.000  | 0.182f          |
| icache_mod.miss_addr_4__MUX2_X1_B_Z_BUF_X8_A:Z (BUF_X8)                                                            |        | 0.061       | 0.000      | 0.011      |             | 0.038  | 0.220f          |
| icache_mod.block_tag[1]_8__MUX2_X1_A_S (net)                                                                       | 24     |             |            |            | 0.000       |        |                 |
| icache_mod.block_tag[1]_8__MUX2_X1_A_S_BUF_X16_A:A (BUF_X16)                                                       |        | 0.012       | 0.000      | 0.011      |             | 0.000  | 0.220f          |
| icache_mod.block_tag[1]_8__MUX2_X1_A_S_BUF_X16_A:Z (BUF_X16)                                                       |        | 0.043       | 0.000      | 0.006      |             | 0.029  | 0.249f          |
| icache_mod.block_tag[1]_1__MUX2_X1_A_S (net)                                                                       | 24     |             |            |            | 0.000       |        |                 |
| icache_mod.block_tag[5]_25__MUX2_X1_A:S (MUX2_X1)                                                                  |        | 0.002       | 0.000      | 0.006      |             | 0.000  | 0.249f          |
| icache_mod.block_tag[5]_25__MUX2_X1_A:Z (MUX2_X1)                                                                  |        | 0.001       | 0.000      | 0.009      |             | 0.044  | 0.293f          |
| icache_mod.block_tag[5]_25__MUX2_X1_A_Z (net)                                                                      | 1      |             |            |            | 0.000       |        |                 |
| icache_mod.block_tag[1]_25__MUX2_X1_A_Z_MUX2_X1_A:B (MUX2_X1)                                                      |        | 0.001       | 0.000      | 0.009      |             | 0.000  | 0.293f          |
| icache_mod.block_tag[1]_25__MUX2_X1_A_Z_MUX2_X1_A:Z (MUX2_X1)                                                      |        | 0.002       | 0.000      | 0.012      |             | 0.062  | 0.355f          |
| icache_mod.block_tag[1]_25__MUX2_X1_A_Z_MUX2_X1_A_Z (net)                                                          | 1      |             |            |            | 0.000       |        |                 |
| icache_mod.block_tag[1]_25__MUX2_X1_A_Z_MUX2_X1_A_Z_XNOR2_X1_B:B (XNOR2_X1)                                        |        | 0.003       | 0.000      | 0.012      |             | 0.000  | 0.355f          |
| icache_mod.block_tag[1]_25__MUX2_X1_A_Z_MUX2_X1_A_Z_XNOR2_X1_B:ZN (XNOR2_X1)                                       |        | 0.003       | 0.000      | 0.030      |             | 0.045  | 0.399r          |
| icache_mod.hit_1_AND2_X1_ZN_A2_NOR4_X1_ZN_A3_NAND4_X1_ZN_A2 (net)                                                  | 2      |             |            |            | 0.000       |        |                 |
| icache_mod.hit_1_AND2_X1_ZN_A1_NOR3_X1_ZN_A2_NAND4_X1_ZN_A1_NAND4_X1_A1:A3 (NAND4_X1)                              |        | 0.002       | 0.000      | 0.030      |             | 0.000  | 0.399r          |
| icache_mod.hit_1_AND2_X1_ZN_A1_NOR3_X1_ZN_A2_NAND4_X1_ZN_A1_NAND4_X1_A1:ZN (NAND4_X1)                              |        | 0.005       | 0.000      | 0.031      |             | 0.051  | 0.450f          |
| icache_mod.hit_1_AND2_X1_ZN_A1_NOR3_X1_ZN_A2_NAND4_X1_ZN_A1_NAND4_X1_A1_ZN (net)                                   | 1      |             |            |            | 0.000       |        |                 |
| icache_mod.block_valid[1]_MUX2_X1_A_Z_MUX2_X1_A_Z_NAND4_X1_A2_ZN_NOR4_X4_A1:A2 (NOR4_X4)                           |        | 0.006       | 0.000      | 0.031      |             | 0.000  | 0.450f          |
| icache_mod.block_valid[1]_MUX2_X1_A_Z_MUX2_X1_A_Z_NAND4_X1_A2_ZN_NOR4_X4_A1:ZN (NOR4_X4)                           |        | 0.006       | 0.000      | 0.044      |             | 0.074  | 0.524r          |
| icache_mod.block_valid[1]_MUX2_X1_A_Z_MUX2_X1_A_Z_NAND4_X1_A2_ZN_NOR4_X4_A1_ZN (net)                               | 2      |             |            |            | 0.000       |        |                 |
| icache_mod.block_valid[1]_MUX2_X1_A_Z_MUX2_X1_A_Z_NAND4_X1_A2_ZN_NOR4_X4_A1_ZN_AND2_X4_A1:A1 (AND2_X4)             |        | 0.003       | 0.000      | 0.044      |             | 0.000  | 0.524r          |
| icache_mod.block_valid[1]_MUX2_X1_A_Z_MUX2_X1_A_Z_NAND4_X1_A2_ZN_NOR4_X4_A1_ZN_AND2_X4_A1:ZN (AND2_X4)             |        | 0.012       | 0.000      | 0.012      |             | 0.044  | 0.567r          |
| icache_mod.block_valid[1]_MUX2_X1_A_Z_MUX2_X1_A_Z_NAND4_X1_A2_ZN_NOR4_X4_A1_ZN_AND2_X4_A1_ZN (net)                 | 1      |             |            |            | 0.000       |        |                 |
| icache_mod.block_valid[1]_MUX2_X1_A_Z_MUX2_X1_A_Z_NAND4_X1_A2_ZN_NOR4_X4_A1_ZN_AND2_X4_A1_ZN_BUF_X16_A:A (BUF_X16) |        | 0.012       | 0.000      | 0.012      |             | 0.000  | 0.567r          |
| icache_mod.block_valid[1]_MUX2_X1_A_Z_MUX2_X1_A_Z_NAND4_X1_A2_ZN_NOR4_X4_A1_ZN_AND2_X4_A1_ZN_BUF_X16_A:Z (BUF_X16) |        | 0.083       | 0.000      | 0.015      |             | 0.032  | 0.599r          |
| icache_mod.block_cache[28]_9__AOI211_X1_C2_A (net)                                                                 | 16     |             |            |            | 0.000       |        |                 |
| icache_mod.block_cache[28]_9__AOI211_X1_C2_A_BUF_X32_A:A (BUF_X32)                                                 |        | 0.027       | 0.000      | 0.015      |             | 0.000  | 0.599r          |
| icache_mod.block_cache[28]_9__AOI211_X1_C2_A_BUF_X32_A:Z (BUF_X32)                                                 |        | 0.071       | 0.000      | 0.009      |             | 0.026  | 0.625r          |
| icache_mod.block_cache[28]_31__AOI211_X1_C2_A (net)                                                                | 24     |             |            |            | 0.000       |        |                 |
| icache_mod.block_cache[28]_31__AOI211_X1_C2_A_BUF_X16_A_1:A (BUF_X16)                                              |        | 0.012       | 0.000      | 0.009      |             | 0.000  | 0.625r          |
| icache_mod.block_cache[28]_31__AOI211_X1_C2_A_BUF_X16_A_1:Z (BUF_X16)                                              |        | 0.059       | 0.000      | 0.012      |             | 0.027  | 0.652r          |
| icache_mod.block_cache[22]_31__AOI211_X1_C2_A (net)                                                                | 24     |             |            |            | 0.000       |        |                 |
| icache_mod.block_cache[22]_31__AOI211_X1_C2_A_BUF_X8_A:A (BUF_X8)                                                  |        | 0.007       | 0.000      | 0.012      |             | 0.000  | 0.652r          |
| icache_mod.block_cache[22]_31__AOI211_X1_C2_A_BUF_X8_A:Z (BUF_X8)                                                  |        | 0.040       | 0.000      | 0.015      |             | 0.031  | 0.683r          |
| icache_mod.block_cache[0]_9__AOI211_X1_C2_ZN_AOI211_X1_B_ZN_AOI211_X1_B_C2 (net)                                   | 24     |             |            |            | 0.000       |        |                 |
| icache_mod.block_cache[0]_17__AOI211_X1_C2_ZN_AOI211_X1_B_ZN_AOI211_X1_B:C2 (AOI211_X1)                            |        | 0.002       | 0.000      | 0.015      |             | 0.000  | 0.683r          |
| icache_mod.block_cache[0]_17__AOI211_X1_C2_ZN_AOI211_X1_B_ZN_AOI211_X1_B:ZN (AOI211_X1)                            |        | 0.002       | 0.000      | 0.023      |             | 0.018  | 0.701f          |
| icache_mod.block_cache[0]_17__AOI211_X1_C2_ZN_AOI211_X1_B_ZN_AOI211_X1_B_ZN (net)                                  | 1      |             |            |            | 0.000       |        |                 |
| de_ex_pipeline_mod.opcode_in_17__reg_p_D_AOI211_X1_ZN_C1_AOI21_X1_ZN_A_NOR3_X1_ZN:A3 (NOR3_X1)                     |        | 0.002       | 0.000      | 0.023      |             | 0.000  | 0.701f          |
| de_ex_pipeline_mod.opcode_in_17__reg_p_D_AOI211_X1_ZN_C1_AOI21_X1_ZN_A_NOR3_X1_ZN:ZN (NOR3_X1)                     |        | 0.002       | 0.000      | 0.030      |             | 0.056  | 0.757r          |
| de_ex_pipeline_mod.opcode_in_17__reg_p_D_AOI211_X1_ZN_C1_AOI21_X1_ZN_A (net)                                       | 1      |             |            |            | 0.000       |        |                 |
| de_ex_pipeline_mod.opcode_in_17__reg_p_D_AOI211_X1_ZN_C1_AOI21_X1_ZN:A (AOI21_X1)                                  |        | 0.002       | 0.000      | 0.030      |             | 0.000  | 0.757r          |
| de_ex_pipeline_mod.opcode_in_17__reg_p_D_AOI211_X1_ZN_C1_AOI21_X1_ZN:ZN (AOI21_X1)                                 |        | 0.001       | 0.000      | 0.013      |             | 0.018  | 0.775f          |
| de_ex_pipeline_mod.opcode_in_17__reg_p_D_AOI211_X1_ZN_C1 (net)                                                     | 1      |             |            |            | 0.000       |        |                 |
| de_ex_pipeline_mod.opcode_in_17__reg_p_D_AOI211_X1_ZN:C1 (AOI211_X1)                                               |        | 0.002       | 0.000      | 0.013      |             | 0.000  | 0.775f          |
| de_ex_pipeline_mod.opcode_in_17__reg_p_D_AOI211_X1_ZN:ZN (AOI211_X1)                                               |        | 0.001       | 0.000      | 0.039      |             | 0.041  | 0.816r          |
| de_ex_pipeline_mod.opcode_in_17__reg_p_D (net)                                                                     | 1      |             |            |            | 0.000       |        |                 |
| de_ex_pipeline_mod.opcode_in_17__reg_p:D (DFF_X1)                                                                  |        | 0.001       | 0.000      | 0.039      |             | 0.000  | 0.816r          |
|                                                                                                                    |        |             |            |            |             |        |                 |
| clock (port)                                                                                                       |        | 0.856       | 0.000      | 0.000      |             | 0.000  | 0.000r          |
| clock (clock net)                                                                                                  | 847    |             |            |            | NA          |        |                 |
| de_ex_pipeline_mod.opcode_in_17__reg_p:CK (DFF_X1)                                                                 |        | 0.001       | 0.000      | 0.000      |             | 0.000  | 0.000r          |
| clock core_clock (rise edge)                                                                                       |        |             |            |            |             | 1.769  | 1.769           |
| clock network delay (ideal)                                                                                        |        |             |            |            |             | 0.000  | 1.769           |
| de_ex_pipeline_mod.opcode_in_17__reg_p:CK (DFF_X1)                                                                 |        |             |            |            |             |        | 1.769r          |
| library setup time                                                                                                 |        |             |            |            |             | -0.040 | 1.729           |
| clock reconvergence pessimism                                                                                      |        |             |            |            |             | 0.000  | 1.729           |
|                                                                                                                    |        |             |            |            |             |        |                 |
| path cell delay                                                                                                    |        |             |            |            |             |        | 0.816(100.000%) |
| path net delay                                                                                                     |        |             |            |            |             |        | 0.000(0.000%)   |
|                                                                                                                    |        |             |            |            |             |        |                 |
| data require time                                                                                                  |        |             |            |            |             |        | 1.729           |
| data arrival time                                                                                                  |        |             |            |            |             |        | 0.816           |
| slack (MET)                                                                                                        |        |             |            |            |             |        | 0.913           |
+--------------------------------------------------------------------------------------------------------------------+--------+-------------+------------+------------+-------------+--------+-----------------+
+----------------------------------------------------------------------------------------------------------+--------+-------------+------------+------------+-------------+--------+-----------------+
| Point                                                                                                    | Fanout | Capacitance | Resistance | Transition | Delta Delay | Incr   | Path            |
+----------------------------------------------------------------------------------------------------------+--------+-------------+------------+------------+-------------+--------+-----------------+
| clock (port)                                                                                             |        | 0.856       | 0.000      | 0.000      |             | 0.000  | 0.000r          |
| clock (clock net)                                                                                        | 847    |             |            |            | NA          |        |                 |
| icache_mod.trans_reg_p_CK_CLKGATE_X1_GCK:CK (CLKGATE_X1)                                                 |        | 0.002       | 0.000      | 0.000      |             | 0.000  | 0.000r          |
| icache_mod.trans_reg_p_CK_CLKGATE_X1_GCK:GCK (CLKGATE_X1)                                                |        | 0.001       | 0.000      | 0.000      |             | 0.000  | 0.000r          |
| icache_mod.trans_reg_p_CK (clock net)                                                                    | 1      |             |            |            | NA          |        |                 |
| icache_mod.trans_reg_p:CK (DFF_X1)                                                                       |        | 0.001       | 0.000      | 0.000      |             | 0.000  | 0.000r          |
| clock core_clock (rise edge)                                                                             |        |             |            |            |             | 0      | 0               |
| clock network delay (ideal)                                                                              |        |             |            |            |             | 0.000  | 0.000           |
| icache_mod.trans_reg_p:CK (DFF_X1)                                                                       |        | 0.001       | 0.000      | 0.000      |             | 0.000  | 0.000r          |
| icache_mod.trans_reg_p:Q (DFF_X1)                                                                        |        | 0.011       | 0.000      | 0.017      |             | 0.095  | 0.095f          |
| icache_mod.trans (net)                                                                                   | 1      |             |            |            | 0.000       |        |                 |
| icache_mod.trans_BUF_X16_A:A (BUF_X16)                                                                   |        | 0.012       | 0.000      | 0.017      |             | 0.000  | 0.095f          |
| icache_mod.trans_BUF_X16_A:Z (BUF_X16)                                                                   |        | 0.037       | 0.000      | 0.006      |             | 0.031  | 0.127f          |
| icache_mod.trans_BUF_X16_A_Z (net)                                                                       | 21     |             |            |            | 0.000       |        |                 |
| icache_mod.miss_addr_4__MUX2_X1_B:S (MUX2_X1)                                                            |        | 0.002       | 0.000      | 0.006      |             | 0.000  | 0.127f          |
| icache_mod.miss_addr_4__MUX2_X1_B:Z (MUX2_X1)                                                            |        | 0.006       | 0.000      | 0.015      |             | 0.056  | 0.182f          |
| icache_mod.miss_addr_4__MUX2_X1_B_Z (net)                                                                | 1      |             |            |            | 0.000       |        |                 |
| icache_mod.miss_addr_4__MUX2_X1_B_Z_BUF_X8_A:A (BUF_X8)                                                  |        | 0.007       | 0.000      | 0.015      |             | 0.000  | 0.182f          |
| icache_mod.miss_addr_4__MUX2_X1_B_Z_BUF_X8_A:Z (BUF_X8)                                                  |        | 0.061       | 0.000      | 0.011      |             | 0.038  | 0.220f          |
| icache_mod.block_tag[1]_8__MUX2_X1_A_S (net)                                                             | 24     |             |            |            | 0.000       |        |                 |
| icache_mod.block_tag[1]_8__MUX2_X1_A_S_BUF_X16_A:A (BUF_X16)                                             |        | 0.012       | 0.000      | 0.011      |             | 0.000  | 0.220f          |
| icache_mod.block_tag[1]_8__MUX2_X1_A_S_BUF_X16_A:Z (BUF_X16)                                             |        | 0.043       | 0.000      | 0.006      |             | 0.029  | 0.249f          |
| icache_mod.block_tag[1]_1__MUX2_X1_A_S (net)                                                             | 24     |             |            |            | 0.000       |        |                 |
| icache_mod.block_tag[4]_25__MUX2_X1_A:S (MUX2_X1)                                                        |        | 0.002       | 0.000      | 0.006      |             | 0.000  | 0.249f          |
| icache_mod.block_tag[4]_25__MUX2_X1_A:Z (MUX2_X1)                                                        |        | 0.001       | 0.000      | 0.009      |             | 0.044  | 0.293f          |
| icache_mod.block_tag[4]_25__MUX2_X1_A_Z (net)                                                            | 1      |             |            |            | 0.000       |        |                 |
| icache_mod.block_tag[0]_25__MUX2_X1_A_Z_MUX2_X1_A:B (MUX2_X1)                                            |        | 0.001       | 0.000      | 0.009      |             | 0.000  | 0.293f          |
| icache_mod.block_tag[0]_25__MUX2_X1_A_Z_MUX2_X1_A:Z (MUX2_X1)                                            |        | 0.002       | 0.000      | 0.012      |             | 0.062  | 0.355f          |
| icache_mod.block_tag[0]_25__MUX2_X1_A_Z_MUX2_X1_A_Z (net)                                                | 1      |             |            |            | 0.000       |        |                 |
| icache_mod.block_tag[0]_25__MUX2_X1_A_Z_MUX2_X1_A_Z_XNOR2_X1_B:B (XNOR2_X1)                              |        | 0.003       | 0.000      | 0.012      |             | 0.000  | 0.355f          |
| icache_mod.block_tag[0]_25__MUX2_X1_A_Z_MUX2_X1_A_Z_XNOR2_X1_B:ZN (XNOR2_X1)                             |        | 0.003       | 0.000      | 0.030      |             | 0.045  | 0.399r          |
| icache_mod.hit_1_AOI21_X1_A_B1_NOR4_X1_ZN_A3_NAND4_X1_ZN_A2 (net)                                        | 2      |             |            |            | 0.000       |        |                 |
| icache_mod.hit_1_AOI21_X1_A_B1_NOR4_X1_ZN_A3_NAND4_X1_ZN_A2_NAND4_X1_A1:A1 (NAND4_X1)                    |        | 0.002       | 0.000      | 0.030      |             | 0.000  | 0.399r          |
| icache_mod.hit_1_AOI21_X1_A_B1_NOR4_X1_ZN_A3_NAND4_X1_ZN_A2_NAND4_X1_A1:ZN (NAND4_X1)                    |        | 0.003       | 0.000      | 0.025      |             | 0.040  | 0.439f          |
| icache_mod.hit_1_AOI21_X1_A_B1_NOR4_X1_ZN_A3_NAND4_X1_ZN_A2_NAND4_X1_A1_ZN (net)                         | 1      |             |            |            | 0.000       |        |                 |
| icache_mod.block_valid[0]_MUX2_X1_A_Z_MUX2_X1_A_Z_NAND4_X1_A1_ZN_NOR4_X2_A3:A4 (NOR4_X2)                 |        | 0.004       | 0.000      | 0.025      |             | 0.000  | 0.439f          |
| icache_mod.block_valid[0]_MUX2_X1_A_Z_MUX2_X1_A_Z_NAND4_X1_A1_ZN_NOR4_X2_A3:ZN (NOR4_X2)                 |        | 0.003       | 0.000      | 0.041      |             | 0.082  | 0.520r          |
| icache_mod.block_valid[0]_MUX2_X1_A_Z_MUX2_X1_A_Z_NAND4_X1_A1_ZN_NOR4_X2_A3_ZN (net)                     | 1      |             |            |            | 0.000       |        |                 |
| icache_mod.block_valid[0]_MUX2_X1_A_Z_MUX2_X1_A_Z_NAND4_X1_A1_ZN_NOR4_X2_A3_ZN_AOI22_X2_B1:B1 (AOI22_X2) |        | 0.003       | 0.000      | 0.041      |             | 0.000  | 0.520r          |
| icache_mod.block_valid[0]_MUX2_X1_A_Z_MUX2_X1_A_Z_NAND4_X1_A1_ZN_NOR4_X2_A3_ZN_AOI22_X2_B1:ZN (AOI22_X2) |        | 0.008       | 0.000      | 0.020      |             | 0.037  | 0.558f          |
| io_master_rready_OAI22_X1_ZN_A1_AOI21_X1_ZN_B2 (net)                                                     | 3      |             |            |            | 0.000       |        |                 |
| io_master_rready_OAI22_X1_ZN_A1_AOI21_X1_ZN:B2 (AOI21_X1)                                                |        | 0.002       | 0.000      | 0.020      |             | 0.000  | 0.558f          |
| io_master_rready_OAI22_X1_ZN_A1_AOI21_X1_ZN:ZN (AOI21_X1)                                                |        | 0.004       | 0.000      | 0.037      |             | 0.052  | 0.610r          |
| io_master_rready_OAI22_X1_ZN_A1 (net)                                                                    | 3      |             |            |            | 0.000       |        |                 |
| io_master_rready_OAI22_X1_ZN_A2_NOR2_X1_A2:A1 (NOR2_X1)                                                  |        | 0.002       | 0.000      | 0.037      |             | 0.000  | 0.610r          |
| io_master_rready_OAI22_X1_ZN_A2_NOR2_X1_A2:ZN (NOR2_X1)                                                  |        | 0.002       | 0.000      | 0.012      |             | 0.015  | 0.625f          |
| io_master_rready_OAI22_X1_ZN_A2_NOR2_X1_A2_ZN (net)                                                      | 2      |             |            |            | 0.000       |        |                 |
| io_master_rvalid_AND2_X1_A1:A2 (AND2_X1)                                                                 |        | 0.001       | 0.000      | 0.012      |             | 0.000  | 0.625f          |
| io_master_rvalid_AND2_X1_A1:ZN (AND2_X1)                                                                 |        | 0.001       | 0.000      | 0.005      |             | 0.031  | 0.656f          |
| io_master_rvalid_AND2_X1_A1_ZN (net)                                                                     | 1      |             |            |            | 0.000       |        |                 |
| io_master_rvalid_AND2_X1_A1_ZN_BUF_X1_A:A (BUF_X1)                                                       |        | 0.001       | 0.000      | 0.005      |             | 0.000  | 0.656f          |
| io_master_rvalid_AND2_X1_A1_ZN_BUF_X1_A:Z (BUF_X1)                                                       |        | 0.015       | 0.000      | 0.018      |             | 0.044  | 0.700f          |
| icache_mod.latest_row_NAND4_X1_A3_A4 (net)                                                               | 7      |             |            |            | 0.000       |        |                 |
| icache_mod.latest_row_NAND4_X1_A3:A4 (NAND4_X1)                                                          |        | 0.002       | 0.000      | 0.018      |             | 0.000  | 0.700f          |
| icache_mod.latest_row_NAND4_X1_A3:ZN (NAND4_X1)                                                          |        | 0.014       | 0.000      | 0.043      |             | 0.058  | 0.758r          |
| icache_mod.latest_row_NAND4_X1_A3_ZN (net)                                                               | 8      |             |            |            | 0.000       |        |                 |
| icache_mod.block_valid[5]_reg_p_D_OAI21_X1_ZN_B2_NOR2_X1_A1_2:A2 (NOR2_X1)                               |        | 0.002       | 0.000      | 0.043      |             | 0.000  | 0.758r          |
| icache_mod.block_valid[5]_reg_p_D_OAI21_X1_ZN_B2_NOR2_X1_A1_2:ZN (NOR2_X1)                               |        | 0.001       | 0.000      | 0.013      |             | 0.012  | 0.770f          |
| icache_mod.block_valid[5]_reg_p_D_OAI21_X1_ZN_B2_NOR2_X1_A1_2_ZN (net)                                   | 1      |             |            |            | 0.000       |        |                 |
| icache_mod.block_valid[5]_reg_p_D_OAI21_X1_ZN_B2_NOR2_X1_A1_2_ZN_CLKGATE_X1_E:E (CLKGATE_X1)             |        | 0.001       | 0.000      | 0.013      |             | 0.000  | 0.770f          |
|                                                                                                          |        |             |            |            |             |        |                 |
| clock (port)                                                                                             |        | 0.856       | 0.000      | 0.000      |             | 0.000  | 0.000r          |
| clock (clock net)                                                                                        | 847    |             |            |            | NA          |        |                 |
| icache_mod.block_valid[5]_reg_p_D_OAI21_X1_ZN_B2_NOR2_X1_A1_2_ZN_CLKGATE_X1_E:CK (CLKGATE_X1)            |        | 0.002       | 0.000      | 0.000      |             | 0.000  | 0.000r          |
| clock core_clock (rise edge)                                                                             |        |             |            |            |             | 1.769  | 1.769           |
| clock network delay (ideal)                                                                              |        |             |            |            |             | 0.000  | 1.769           |
| icache_mod.block_valid[5]_reg_p_D_OAI21_X1_ZN_B2_NOR2_X1_A1_2_ZN_CLKGATE_X1_E:CK (CLKGATE_X1)            |        |             |            |            |             |        | 1.769r          |
| library setup time                                                                                       |        |             |            |            |             | -0.047 | 1.722           |
| clock reconvergence pessimism                                                                            |        |             |            |            |             | 0.000  | 1.722           |
|                                                                                                          |        |             |            |            |             |        |                 |
| path cell delay                                                                                          |        |             |            |            |             |        | 0.770(100.000%) |
| path net delay                                                                                           |        |             |            |            |             |        | 0.000(0.000%)   |
|                                                                                                          |        |             |            |            |             |        |                 |
| data require time                                                                                        |        |             |            |            |             |        | 1.722           |
| data arrival time                                                                                        |        |             |            |            |             |        | 0.770           |
| slack (MET)                                                                                              |        |             |            |            |             |        | 0.951           |
+----------------------------------------------------------------------------------------------------------+--------+-------------+------------+------------+-------------+--------+-----------------+
+----------------------------------------------------------------------------------------------------------------------------+--------+-------------+------------+------------+-------------+--------+-----------------+
| Point                                                                                                                      | Fanout | Capacitance | Resistance | Transition | Delta Delay | Incr   | Path            |
+----------------------------------------------------------------------------------------------------------------------------+--------+-------------+------------+------------+-------------+--------+-----------------+
| clock (port)                                                                                                               |        | 0.856       | 0.000      | 0.000      |             | 0.000  | 0.000r          |
| clock (clock net)                                                                                                          | 847    |             |            |            | NA          |        |                 |
| csr_mod.waddr_5__reg_p:CK (DFF_X1)                                                                                         |        | 0.001       | 0.000      | 0.000      |             | 0.000  | 0.000r          |
| clock core_clock (rise edge)                                                                                               |        |             |            |            |             | 0      | 0               |
| clock network delay (ideal)                                                                                                |        |             |            |            |             | 0.000  | 0.000           |
| csr_mod.waddr_5__reg_p:CK (DFF_X1)                                                                                         |        | 0.001       | 0.000      | 0.000      |             | 0.000  | 0.000r          |
| csr_mod.waddr_5__reg_p:Q (DFF_X1)                                                                                          |        | 0.001       | 0.000      | 0.006      |             | 0.077  | 0.077f          |
| csr_mod.waddr_5_ (net)                                                                                                     | 1      |             |            |            | 0.000       |        |                 |
| csr_mod.waddr_7__OR2_X1_A1:A2 (OR2_X1)                                                                                     |        | 0.001       | 0.000      | 0.006      |             | 0.000  | 0.077f          |
| csr_mod.waddr_7__OR2_X1_A1:ZN (OR2_X1)                                                                                     |        | 0.002       | 0.000      | 0.011      |             | 0.051  | 0.129f          |
| csr_mod.waddr_7__OR2_X1_A1_ZN (net)                                                                                        | 2      |             |            |            | 0.000       |        |                 |
| csr_mod.waddr_4__OR4_X1_A3:A4 (OR4_X1)                                                                                     |        | 0.001       | 0.000      | 0.011      |             | 0.000  | 0.129f          |
| csr_mod.waddr_4__OR4_X1_A3:ZN (OR4_X1)                                                                                     |        | 0.004       | 0.000      | 0.022      |             | 0.127  | 0.255f          |
| csr_mod.waddr_4__OR4_X1_A3_ZN (net)                                                                                        | 3      |             |            |            | 0.000       |        |                 |
| csr_mod.waddr_4__OR4_X1_A3_ZN_NOR2_X1_A1:A1 (NOR2_X1)                                                                      |        | 0.002       | 0.000      | 0.022      |             | 0.000  | 0.255f          |
| csr_mod.waddr_4__OR4_X1_A3_ZN_NOR2_X1_A1:ZN (NOR2_X1)                                                                      |        | 0.008       | 0.000      | 0.049      |             | 0.066  | 0.321r          |
| csr_mod.waddr_4__OR4_X1_A3_ZN_NOR2_X1_A1_ZN (net)                                                                          | 5      |             |            |            | 0.000       |        |                 |
| csr_mod.waddr_4__NAND4_X1_A4_ZN_NOR3_X1_A3_ZN_AND2_X1_A2_ZN_AOI21_X1_A_1_ZN_OAI21_X1_B1_A_NAND4_X1_ZN:A4 (NAND4_X1)        |        | 0.002       | 0.000      | 0.049      |             | 0.000  | 0.321r          |
| csr_mod.waddr_4__NAND4_X1_A4_ZN_NOR3_X1_A3_ZN_AND2_X1_A2_ZN_AOI21_X1_A_1_ZN_OAI21_X1_B1_A_NAND4_X1_ZN:ZN (NAND4_X1)        |        | 0.002       | 0.000      | 0.019      |             | 0.036  | 0.357f          |
| csr_mod.waddr_4__NAND4_X1_A4_ZN_NOR3_X1_A3_ZN_AND2_X1_A2_ZN_AOI21_X1_A_1_ZN_OAI21_X1_B1_A (net)                            | 1      |             |            |            | 0.000       |        |                 |
| csr_mod.waddr_4__NAND4_X1_A4_ZN_NOR3_X1_A3_ZN_AND2_X1_A2_ZN_AOI21_X1_A_1_ZN_OAI21_X1_B1:A (OAI21_X1)                       |        | 0.002       | 0.000      | 0.019      |             | 0.000  | 0.357f          |
| csr_mod.waddr_4__NAND4_X1_A4_ZN_NOR3_X1_A3_ZN_AND2_X1_A2_ZN_AOI21_X1_A_1_ZN_OAI21_X1_B1:ZN (OAI21_X1)                      |        | 0.002       | 0.000      | 0.020      |             | 0.025  | 0.382r          |
| csr_mod.waddr_4__NAND4_X1_A4_ZN_NOR3_X1_A3_ZN_AND2_X1_A2_ZN_AOI21_X1_A_1_ZN_OAI21_X1_B1_ZN (net)                           | 1      |             |            |            | 0.000       |        |                 |
| csr_mod.waddr_4__NAND4_X1_A4_ZN_NOR3_X1_A3_ZN_AND2_X1_A2_1_ZN_AOI22_X1_B1_ZN_NOR2_X1_A2_ZN_AOI21_X1_A:B1 (AOI21_X1)        |        | 0.002       | 0.000      | 0.020      |             | 0.000  | 0.382r          |
| csr_mod.waddr_4__NAND4_X1_A4_ZN_NOR3_X1_A3_ZN_AND2_X1_A2_1_ZN_AOI22_X1_B1_ZN_NOR2_X1_A2_ZN_AOI21_X1_A:ZN (AOI21_X1)        |        | 0.004       | 0.000      | 0.014      |             | 0.025  | 0.407f          |
| csr_mod.waddr_4__OR4_X1_A3_ZN_NOR4_X1_A3_ZN_NAND4_X2_A2_A3_NOR4_X2_ZN_A4 (net)                                             | 2      |             |            |            | 0.000       |        |                 |
| csr_mod.waddr_4__OR4_X1_A3_ZN_NOR4_X1_A3_ZN_NAND4_X2_A2_A3_NOR4_X2_ZN_A4_OR4_X1_A4:A4 (OR4_X1)                             |        | 0.001       | 0.000      | 0.014      |             | 0.000  | 0.407f          |
| csr_mod.waddr_4__OR4_X1_A3_ZN_NOR4_X1_A3_ZN_NAND4_X2_A2_A3_NOR4_X2_ZN_A4_OR4_X1_A4:ZN (OR4_X1)                             |        | 0.001       | 0.000      | 0.016      |             | 0.115  | 0.521f          |
| csr_mod.waddr_4__OR4_X1_A3_ZN_NOR4_X1_A3_ZN_NAND4_X2_A2_A3_NOR4_X2_ZN_A4_OR4_X1_A4_ZN (net)                                | 1      |             |            |            | 0.000       |        |                 |
| csr_mod.waddr_4__OR4_X1_A3_ZN_NOR4_X1_A3_ZN_NAND4_X2_A2_A3_NOR4_X2_ZN_A4_OR4_X1_A4_ZN_BUF_X1_A:A (BUF_X1)                  |        | 0.001       | 0.000      | 0.016      |             | 0.000  | 0.521f          |
| csr_mod.waddr_4__OR4_X1_A3_ZN_NOR4_X1_A3_ZN_NAND4_X2_A2_A3_NOR4_X2_ZN_A4_OR4_X1_A4_ZN_BUF_X1_A:Z (BUF_X1)                  |        | 0.018       | 0.000      | 0.022      |             | 0.054  | 0.575f          |
| csr_mod.pc_3__OAI22_X1_B2_A2 (net)                                                                                         | 12     |             |            |            | 0.000       |        |                 |
| csr_mod.waddr_4__NAND4_X1_A4_ZN_NOR3_X1_A3_ZN_AND2_X1_A2_1_ZN_AOI21_X1_A_ZN_NOR4_X1_A4_ZN_OR3_X1_A2:A1 (OR3_X1)            |        | 0.001       | 0.000      | 0.022      |             | 0.000  | 0.575f          |
| csr_mod.waddr_4__NAND4_X1_A4_ZN_NOR3_X1_A3_ZN_AND2_X1_A2_1_ZN_AOI21_X1_A_ZN_NOR4_X1_A4_ZN_OR3_X1_A2:ZN (OR3_X1)            |        | 0.001       | 0.000      | 0.012      |             | 0.067  | 0.642f          |
| csr_mod.waddr_4__NAND4_X1_A4_ZN_NOR3_X1_A3_ZN_AND2_X1_A2_1_ZN_AOI21_X1_A_ZN_NOR4_X1_A4_ZN_OR3_X1_A2_ZN (net)               | 1      |             |            |            | 0.000       |        |                 |
| csr_mod.waddr_4__NAND4_X1_A4_ZN_NOR3_X1_A3_ZN_AND2_X1_A2_1_ZN_AOI21_X1_A_ZN_NOR4_X1_A4_ZN_OR3_X1_A2_ZN_BUF_X1_A:A (BUF_X1) |        | 0.001       | 0.000      | 0.012      |             | 0.000  | 0.642f          |
| csr_mod.waddr_4__NAND4_X1_A4_ZN_NOR3_X1_A3_ZN_AND2_X1_A2_1_ZN_AOI21_X1_A_ZN_NOR4_X1_A4_ZN_OR3_X1_A2_ZN_BUF_X1_A:Z (BUF_X1) |        | 0.016       | 0.000      | 0.019      |             | 0.049  | 0.691f          |
| csr_mod.regs[4]_9__reg_p_D_NOR2_X1_ZN_A2 (net)                                                                             | 10     |             |            |            | 0.000       |        |                 |
| csr_mod.regs[4]_9__reg_p_D_NOR2_X1_ZN_A2_BUF_X2_A:A (BUF_X2)                                                               |        | 0.002       | 0.000      | 0.019      |             | 0.000  | 0.691f          |
| csr_mod.regs[4]_9__reg_p_D_NOR2_X1_ZN_A2_BUF_X2_A:Z (BUF_X2)                                                               |        | 0.037       | 0.000      | 0.023      |             | 0.055  | 0.746f          |
| csr_mod.regs[4]_0__reg_p_D_NOR2_X1_ZN_A1 (net)                                                                             | 24     |             |            |            | 0.000       |        |                 |
| csr_mod.regs[4]_0__reg_p_D_NOR2_X1_ZN_A1_NAND2_X1_A2:A2 (NAND2_X1)                                                         |        | 0.002       | 0.000      | 0.023      |             | 0.000  | 0.746f          |
| csr_mod.regs[4]_0__reg_p_D_NOR2_X1_ZN_A1_NAND2_X1_A2:ZN (NAND2_X1)                                                         |        | 0.001       | 0.000      | 0.010      |             | 0.021  | 0.767r          |
| csr_mod.regs[4]_0__reg_p_CK_CLKGATE_X1_GCK_E (net)                                                                         | 1      |             |            |            | 0.000       |        |                 |
| csr_mod.regs[4]_0__reg_p_CK_CLKGATE_X1_GCK:E (CLKGATE_X1)                                                                  |        | 0.001       | 0.000      | 0.010      |             | 0.000  | 0.767r          |
|                                                                                                                            |        |             |            |            |             |        |                 |
| clock (port)                                                                                                               |        | 0.856       | 0.000      | 0.000      |             | 0.000  | 0.000r          |
| clock (clock net)                                                                                                          | 847    |             |            |            | NA          |        |                 |
| csr_mod.regs[4]_0__reg_p_CK_CLKGATE_X1_GCK:CK (CLKGATE_X1)                                                                 |        | 0.002       | 0.000      | 0.000      |             | 0.000  | 0.000r          |
| clock core_clock (rise edge)                                                                                               |        |             |            |            |             | 1.769  | 1.769           |
| clock network delay (ideal)                                                                                                |        |             |            |            |             | 0.000  | 1.769           |
| csr_mod.regs[4]_0__reg_p_CK_CLKGATE_X1_GCK:CK (CLKGATE_X1)                                                                 |        |             |            |            |             |        | 1.769r          |
| library setup time                                                                                                         |        |             |            |            |             | -0.050 | 1.719           |
| clock reconvergence pessimism                                                                                              |        |             |            |            |             | 0.000  | 1.719           |
|                                                                                                                            |        |             |            |            |             |        |                 |
| path cell delay                                                                                                            |        |             |            |            |             |        | 0.767(100.000%) |
| path net delay                                                                                                             |        |             |            |            |             |        | 0.000(0.000%)   |
|                                                                                                                            |        |             |            |            |             |        |                 |
| data require time                                                                                                          |        |             |            |            |             |        | 1.719           |
| data arrival time                                                                                                          |        |             |            |            |             |        | 0.767           |
| slack (MET)                                                                                                                |        |             |            |            |             |        | 0.952           |
+----------------------------------------------------------------------------------------------------------------------------+--------+-------------+------------+------------+-------------+--------+-----------------+
+----------------------------------------------------------------------------------------------------------+--------+-------------+------------+------------+-------------+--------+-----------------+
| Point                                                                                                    | Fanout | Capacitance | Resistance | Transition | Delta Delay | Incr   | Path            |
+----------------------------------------------------------------------------------------------------------+--------+-------------+------------+------------+-------------+--------+-----------------+
| clock (port)                                                                                             |        | 0.856       | 0.000      | 0.000      |             | 0.000  | 0.000r          |
| clock (clock net)                                                                                        | 847    |             |            |            | NA          |        |                 |
| icache_mod.trans_reg_p_CK_CLKGATE_X1_GCK:CK (CLKGATE_X1)                                                 |        | 0.002       | 0.000      | 0.000      |             | 0.000  | 0.000r          |
| icache_mod.trans_reg_p_CK_CLKGATE_X1_GCK:GCK (CLKGATE_X1)                                                |        | 0.001       | 0.000      | 0.000      |             | 0.000  | 0.000r          |
| icache_mod.trans_reg_p_CK (clock net)                                                                    | 1      |             |            |            | NA          |        |                 |
| icache_mod.trans_reg_p:CK (DFF_X1)                                                                       |        | 0.001       | 0.000      | 0.000      |             | 0.000  | 0.000r          |
| clock core_clock (rise edge)                                                                             |        |             |            |            |             | 0      | 0               |
| clock network delay (ideal)                                                                              |        |             |            |            |             | 0.000  | 0.000           |
| icache_mod.trans_reg_p:CK (DFF_X1)                                                                       |        | 0.001       | 0.000      | 0.000      |             | 0.000  | 0.000r          |
| icache_mod.trans_reg_p:Q (DFF_X1)                                                                        |        | 0.011       | 0.000      | 0.017      |             | 0.095  | 0.095f          |
| icache_mod.trans (net)                                                                                   | 1      |             |            |            | 0.000       |        |                 |
| icache_mod.trans_BUF_X16_A:A (BUF_X16)                                                                   |        | 0.012       | 0.000      | 0.017      |             | 0.000  | 0.095f          |
| icache_mod.trans_BUF_X16_A:Z (BUF_X16)                                                                   |        | 0.037       | 0.000      | 0.006      |             | 0.031  | 0.127f          |
| icache_mod.trans_BUF_X16_A_Z (net)                                                                       | 21     |             |            |            | 0.000       |        |                 |
| icache_mod.miss_addr_4__MUX2_X1_B:S (MUX2_X1)                                                            |        | 0.002       | 0.000      | 0.006      |             | 0.000  | 0.127f          |
| icache_mod.miss_addr_4__MUX2_X1_B:Z (MUX2_X1)                                                            |        | 0.006       | 0.000      | 0.015      |             | 0.056  | 0.182f          |
| icache_mod.miss_addr_4__MUX2_X1_B_Z (net)                                                                | 1      |             |            |            | 0.000       |        |                 |
| icache_mod.miss_addr_4__MUX2_X1_B_Z_BUF_X8_A:A (BUF_X8)                                                  |        | 0.007       | 0.000      | 0.015      |             | 0.000  | 0.182f          |
| icache_mod.miss_addr_4__MUX2_X1_B_Z_BUF_X8_A:Z (BUF_X8)                                                  |        | 0.061       | 0.000      | 0.011      |             | 0.038  | 0.220f          |
| icache_mod.block_tag[1]_8__MUX2_X1_A_S (net)                                                             | 24     |             |            |            | 0.000       |        |                 |
| icache_mod.block_tag[1]_8__MUX2_X1_A_S_BUF_X16_A:A (BUF_X16)                                             |        | 0.012       | 0.000      | 0.011      |             | 0.000  | 0.220f          |
| icache_mod.block_tag[1]_8__MUX2_X1_A_S_BUF_X16_A:Z (BUF_X16)                                             |        | 0.043       | 0.000      | 0.006      |             | 0.029  | 0.249f          |
| icache_mod.block_tag[1]_1__MUX2_X1_A_S (net)                                                             | 24     |             |            |            | 0.000       |        |                 |
| icache_mod.block_tag[4]_25__MUX2_X1_A:S (MUX2_X1)                                                        |        | 0.002       | 0.000      | 0.006      |             | 0.000  | 0.249f          |
| icache_mod.block_tag[4]_25__MUX2_X1_A:Z (MUX2_X1)                                                        |        | 0.001       | 0.000      | 0.009      |             | 0.044  | 0.293f          |
| icache_mod.block_tag[4]_25__MUX2_X1_A_Z (net)                                                            | 1      |             |            |            | 0.000       |        |                 |
| icache_mod.block_tag[0]_25__MUX2_X1_A_Z_MUX2_X1_A:B (MUX2_X1)                                            |        | 0.001       | 0.000      | 0.009      |             | 0.000  | 0.293f          |
| icache_mod.block_tag[0]_25__MUX2_X1_A_Z_MUX2_X1_A:Z (MUX2_X1)                                            |        | 0.002       | 0.000      | 0.012      |             | 0.062  | 0.355f          |
| icache_mod.block_tag[0]_25__MUX2_X1_A_Z_MUX2_X1_A_Z (net)                                                | 1      |             |            |            | 0.000       |        |                 |
| icache_mod.block_tag[0]_25__MUX2_X1_A_Z_MUX2_X1_A_Z_XNOR2_X1_B:B (XNOR2_X1)                              |        | 0.003       | 0.000      | 0.012      |             | 0.000  | 0.355f          |
| icache_mod.block_tag[0]_25__MUX2_X1_A_Z_MUX2_X1_A_Z_XNOR2_X1_B:ZN (XNOR2_X1)                             |        | 0.003       | 0.000      | 0.030      |             | 0.045  | 0.399r          |
| icache_mod.hit_1_AOI21_X1_A_B1_NOR4_X1_ZN_A3_NAND4_X1_ZN_A2 (net)                                        | 2      |             |            |            | 0.000       |        |                 |
| icache_mod.hit_1_AOI21_X1_A_B1_NOR4_X1_ZN_A3_NAND4_X1_ZN_A2_NAND4_X1_A1:A1 (NAND4_X1)                    |        | 0.002       | 0.000      | 0.030      |             | 0.000  | 0.399r          |
| icache_mod.hit_1_AOI21_X1_A_B1_NOR4_X1_ZN_A3_NAND4_X1_ZN_A2_NAND4_X1_A1:ZN (NAND4_X1)                    |        | 0.003       | 0.000      | 0.025      |             | 0.040  | 0.439f          |
| icache_mod.hit_1_AOI21_X1_A_B1_NOR4_X1_ZN_A3_NAND4_X1_ZN_A2_NAND4_X1_A1_ZN (net)                         | 1      |             |            |            | 0.000       |        |                 |
| icache_mod.block_valid[0]_MUX2_X1_A_Z_MUX2_X1_A_Z_NAND4_X1_A1_ZN_NOR4_X2_A3:A4 (NOR4_X2)                 |        | 0.004       | 0.000      | 0.025      |             | 0.000  | 0.439f          |
| icache_mod.block_valid[0]_MUX2_X1_A_Z_MUX2_X1_A_Z_NAND4_X1_A1_ZN_NOR4_X2_A3:ZN (NOR4_X2)                 |        | 0.003       | 0.000      | 0.041      |             | 0.082  | 0.520r          |
| icache_mod.block_valid[0]_MUX2_X1_A_Z_MUX2_X1_A_Z_NAND4_X1_A1_ZN_NOR4_X2_A3_ZN (net)                     | 1      |             |            |            | 0.000       |        |                 |
| icache_mod.block_valid[0]_MUX2_X1_A_Z_MUX2_X1_A_Z_NAND4_X1_A1_ZN_NOR4_X2_A3_ZN_AOI22_X2_B1:B1 (AOI22_X2) |        | 0.003       | 0.000      | 0.041      |             | 0.000  | 0.520r          |
| icache_mod.block_valid[0]_MUX2_X1_A_Z_MUX2_X1_A_Z_NAND4_X1_A1_ZN_NOR4_X2_A3_ZN_AOI22_X2_B1:ZN (AOI22_X2) |        | 0.008       | 0.000      | 0.020      |             | 0.037  | 0.558f          |
| io_master_rready_OAI22_X1_ZN_A1_AOI21_X1_ZN_B2 (net)                                                     | 3      |             |            |            | 0.000       |        |                 |
| io_master_rready_OAI22_X1_ZN_A1_AOI21_X1_ZN:B2 (AOI21_X1)                                                |        | 0.002       | 0.000      | 0.020      |             | 0.000  | 0.558f          |
| io_master_rready_OAI22_X1_ZN_A1_AOI21_X1_ZN:ZN (AOI21_X1)                                                |        | 0.004       | 0.000      | 0.037      |             | 0.052  | 0.610r          |
| io_master_rready_OAI22_X1_ZN_A1 (net)                                                                    | 3      |             |            |            | 0.000       |        |                 |
| io_master_rready_OAI22_X1_ZN_A2_NOR2_X1_A2:A1 (NOR2_X1)                                                  |        | 0.002       | 0.000      | 0.037      |             | 0.000  | 0.610r          |
| io_master_rready_OAI22_X1_ZN_A2_NOR2_X1_A2:ZN (NOR2_X1)                                                  |        | 0.002       | 0.000      | 0.012      |             | 0.015  | 0.625f          |
| io_master_rready_OAI22_X1_ZN_A2_NOR2_X1_A2_ZN (net)                                                      | 2      |             |            |            | 0.000       |        |                 |
| io_master_rvalid_AND2_X1_A1:A2 (AND2_X1)                                                                 |        | 0.001       | 0.000      | 0.012      |             | 0.000  | 0.625f          |
| io_master_rvalid_AND2_X1_A1:ZN (AND2_X1)                                                                 |        | 0.001       | 0.000      | 0.005      |             | 0.031  | 0.656f          |
| io_master_rvalid_AND2_X1_A1_ZN (net)                                                                     | 1      |             |            |            | 0.000       |        |                 |
| io_master_rvalid_AND2_X1_A1_ZN_BUF_X1_A:A (BUF_X1)                                                       |        | 0.001       | 0.000      | 0.005      |             | 0.000  | 0.656f          |
| io_master_rvalid_AND2_X1_A1_ZN_BUF_X1_A:Z (BUF_X1)                                                       |        | 0.015       | 0.000      | 0.018      |             | 0.044  | 0.700f          |
| icache_mod.latest_row_NAND4_X1_A3_A4 (net)                                                               | 7      |             |            |            | 0.000       |        |                 |
| icache_mod.latest_row_NAND4_X1_A3:A4 (NAND4_X1)                                                          |        | 0.002       | 0.000      | 0.018      |             | 0.000  | 0.700f          |
| icache_mod.latest_row_NAND4_X1_A3:ZN (NAND4_X1)                                                          |        | 0.014       | 0.000      | 0.043      |             | 0.058  | 0.758r          |
| icache_mod.latest_row_NAND4_X1_A3_ZN (net)                                                               | 8      |             |            |            | 0.000       |        |                 |
| icache_mod.block_valid[1]_reg_p_D_OAI21_X1_ZN_B1_NOR2_X1_A2_2:A1 (NOR2_X1)                               |        | 0.002       | 0.000      | 0.043      |             | 0.000  | 0.758r          |
| icache_mod.block_valid[1]_reg_p_D_OAI21_X1_ZN_B1_NOR2_X1_A2_2:ZN (NOR2_X1)                               |        | 0.001       | 0.000      | 0.014      |             | 0.009  | 0.767f          |
| icache_mod.block_valid[1]_reg_p_D_OAI21_X1_ZN_B1_NOR2_X1_A2_2_ZN (net)                                   | 1      |             |            |            | 0.000       |        |                 |
| icache_mod.block_valid[1]_reg_p_D_OAI21_X1_ZN_B1_NOR2_X1_A2_2_ZN_CLKGATE_X1_E:E (CLKGATE_X1)             |        | 0.001       | 0.000      | 0.014      |             | 0.000  | 0.767f          |
|                                                                                                          |        |             |            |            |             |        |                 |
| clock (port)                                                                                             |        | 0.856       | 0.000      | 0.000      |             | 0.000  | 0.000r          |
| clock (clock net)                                                                                        | 847    |             |            |            | NA          |        |                 |
| icache_mod.block_valid[1]_reg_p_D_OAI21_X1_ZN_B1_NOR2_X1_A2_2_ZN_CLKGATE_X1_E:CK (CLKGATE_X1)            |        | 0.002       | 0.000      | 0.000      |             | 0.000  | 0.000r          |
| clock core_clock (rise edge)                                                                             |        |             |            |            |             | 1.769  | 1.769           |
| clock network delay (ideal)                                                                              |        |             |            |            |             | 0.000  | 1.769           |
| icache_mod.block_valid[1]_reg_p_D_OAI21_X1_ZN_B1_NOR2_X1_A2_2_ZN_CLKGATE_X1_E:CK (CLKGATE_X1)            |        |             |            |            |             |        | 1.769r          |
| library setup time                                                                                       |        |             |            |            |             | -0.047 | 1.722           |
| clock reconvergence pessimism                                                                            |        |             |            |            |             | 0.000  | 1.722           |
|                                                                                                          |        |             |            |            |             |        |                 |
| path cell delay                                                                                          |        |             |            |            |             |        | 0.767(100.000%) |
| path net delay                                                                                           |        |             |            |            |             |        | 0.000(0.000%)   |
|                                                                                                          |        |             |            |            |             |        |                 |
| data require time                                                                                        |        |             |            |            |             |        | 1.722           |
| data arrival time                                                                                        |        |             |            |            |             |        | 0.767           |
| slack (MET)                                                                                              |        |             |            |            |             |        | 0.955           |
+----------------------------------------------------------------------------------------------------------+--------+-------------+------------+------------+-------------+--------+-----------------+
+----------------------------------------------------------------------------------------------------------+--------+-------------+------------+------------+-------------+--------+-----------------+
| Point                                                                                                    | Fanout | Capacitance | Resistance | Transition | Delta Delay | Incr   | Path            |
+----------------------------------------------------------------------------------------------------------+--------+-------------+------------+------------+-------------+--------+-----------------+
| clock (port)                                                                                             |        | 0.856       | 0.000      | 0.000      |             | 0.000  | 0.000r          |
| clock (clock net)                                                                                        | 847    |             |            |            | NA          |        |                 |
| icache_mod.trans_reg_p_CK_CLKGATE_X1_GCK:CK (CLKGATE_X1)                                                 |        | 0.002       | 0.000      | 0.000      |             | 0.000  | 0.000r          |
| icache_mod.trans_reg_p_CK_CLKGATE_X1_GCK:GCK (CLKGATE_X1)                                                |        | 0.001       | 0.000      | 0.000      |             | 0.000  | 0.000r          |
| icache_mod.trans_reg_p_CK (clock net)                                                                    | 1      |             |            |            | NA          |        |                 |
| icache_mod.trans_reg_p:CK (DFF_X1)                                                                       |        | 0.001       | 0.000      | 0.000      |             | 0.000  | 0.000r          |
| clock core_clock (rise edge)                                                                             |        |             |            |            |             | 0      | 0               |
| clock network delay (ideal)                                                                              |        |             |            |            |             | 0.000  | 0.000           |
| icache_mod.trans_reg_p:CK (DFF_X1)                                                                       |        | 0.001       | 0.000      | 0.000      |             | 0.000  | 0.000r          |
| icache_mod.trans_reg_p:Q (DFF_X1)                                                                        |        | 0.011       | 0.000      | 0.017      |             | 0.095  | 0.095f          |
| icache_mod.trans (net)                                                                                   | 1      |             |            |            | 0.000       |        |                 |
| icache_mod.trans_BUF_X16_A:A (BUF_X16)                                                                   |        | 0.012       | 0.000      | 0.017      |             | 0.000  | 0.095f          |
| icache_mod.trans_BUF_X16_A:Z (BUF_X16)                                                                   |        | 0.037       | 0.000      | 0.006      |             | 0.031  | 0.127f          |
| icache_mod.trans_BUF_X16_A_Z (net)                                                                       | 21     |             |            |            | 0.000       |        |                 |
| icache_mod.miss_addr_4__MUX2_X1_B:S (MUX2_X1)                                                            |        | 0.002       | 0.000      | 0.006      |             | 0.000  | 0.127f          |
| icache_mod.miss_addr_4__MUX2_X1_B:Z (MUX2_X1)                                                            |        | 0.006       | 0.000      | 0.015      |             | 0.056  | 0.182f          |
| icache_mod.miss_addr_4__MUX2_X1_B_Z (net)                                                                | 1      |             |            |            | 0.000       |        |                 |
| icache_mod.miss_addr_4__MUX2_X1_B_Z_BUF_X8_A:A (BUF_X8)                                                  |        | 0.007       | 0.000      | 0.015      |             | 0.000  | 0.182f          |
| icache_mod.miss_addr_4__MUX2_X1_B_Z_BUF_X8_A:Z (BUF_X8)                                                  |        | 0.061       | 0.000      | 0.011      |             | 0.038  | 0.220f          |
| icache_mod.block_tag[1]_8__MUX2_X1_A_S (net)                                                             | 24     |             |            |            | 0.000       |        |                 |
| icache_mod.block_tag[1]_8__MUX2_X1_A_S_BUF_X16_A:A (BUF_X16)                                             |        | 0.012       | 0.000      | 0.011      |             | 0.000  | 0.220f          |
| icache_mod.block_tag[1]_8__MUX2_X1_A_S_BUF_X16_A:Z (BUF_X16)                                             |        | 0.043       | 0.000      | 0.006      |             | 0.029  | 0.249f          |
| icache_mod.block_tag[1]_1__MUX2_X1_A_S (net)                                                             | 24     |             |            |            | 0.000       |        |                 |
| icache_mod.block_tag[4]_25__MUX2_X1_A:S (MUX2_X1)                                                        |        | 0.002       | 0.000      | 0.006      |             | 0.000  | 0.249f          |
| icache_mod.block_tag[4]_25__MUX2_X1_A:Z (MUX2_X1)                                                        |        | 0.001       | 0.000      | 0.009      |             | 0.044  | 0.293f          |
| icache_mod.block_tag[4]_25__MUX2_X1_A_Z (net)                                                            | 1      |             |            |            | 0.000       |        |                 |
| icache_mod.block_tag[0]_25__MUX2_X1_A_Z_MUX2_X1_A:B (MUX2_X1)                                            |        | 0.001       | 0.000      | 0.009      |             | 0.000  | 0.293f          |
| icache_mod.block_tag[0]_25__MUX2_X1_A_Z_MUX2_X1_A:Z (MUX2_X1)                                            |        | 0.002       | 0.000      | 0.012      |             | 0.062  | 0.355f          |
| icache_mod.block_tag[0]_25__MUX2_X1_A_Z_MUX2_X1_A_Z (net)                                                | 1      |             |            |            | 0.000       |        |                 |
| icache_mod.block_tag[0]_25__MUX2_X1_A_Z_MUX2_X1_A_Z_XNOR2_X1_B:B (XNOR2_X1)                              |        | 0.003       | 0.000      | 0.012      |             | 0.000  | 0.355f          |
| icache_mod.block_tag[0]_25__MUX2_X1_A_Z_MUX2_X1_A_Z_XNOR2_X1_B:ZN (XNOR2_X1)                             |        | 0.003       | 0.000      | 0.030      |             | 0.045  | 0.399r          |
| icache_mod.hit_1_AOI21_X1_A_B1_NOR4_X1_ZN_A3_NAND4_X1_ZN_A2 (net)                                        | 2      |             |            |            | 0.000       |        |                 |
| icache_mod.hit_1_AOI21_X1_A_B1_NOR4_X1_ZN_A3_NAND4_X1_ZN_A2_NAND4_X1_A1:A1 (NAND4_X1)                    |        | 0.002       | 0.000      | 0.030      |             | 0.000  | 0.399r          |
| icache_mod.hit_1_AOI21_X1_A_B1_NOR4_X1_ZN_A3_NAND4_X1_ZN_A2_NAND4_X1_A1:ZN (NAND4_X1)                    |        | 0.003       | 0.000      | 0.025      |             | 0.040  | 0.439f          |
| icache_mod.hit_1_AOI21_X1_A_B1_NOR4_X1_ZN_A3_NAND4_X1_ZN_A2_NAND4_X1_A1_ZN (net)                         | 1      |             |            |            | 0.000       |        |                 |
| icache_mod.block_valid[0]_MUX2_X1_A_Z_MUX2_X1_A_Z_NAND4_X1_A1_ZN_NOR4_X2_A3:A4 (NOR4_X2)                 |        | 0.004       | 0.000      | 0.025      |             | 0.000  | 0.439f          |
| icache_mod.block_valid[0]_MUX2_X1_A_Z_MUX2_X1_A_Z_NAND4_X1_A1_ZN_NOR4_X2_A3:ZN (NOR4_X2)                 |        | 0.003       | 0.000      | 0.041      |             | 0.082  | 0.520r          |
| icache_mod.block_valid[0]_MUX2_X1_A_Z_MUX2_X1_A_Z_NAND4_X1_A1_ZN_NOR4_X2_A3_ZN (net)                     | 1      |             |            |            | 0.000       |        |                 |
| icache_mod.block_valid[0]_MUX2_X1_A_Z_MUX2_X1_A_Z_NAND4_X1_A1_ZN_NOR4_X2_A3_ZN_AOI22_X2_B1:B1 (AOI22_X2) |        | 0.003       | 0.000      | 0.041      |             | 0.000  | 0.520r          |
| icache_mod.block_valid[0]_MUX2_X1_A_Z_MUX2_X1_A_Z_NAND4_X1_A1_ZN_NOR4_X2_A3_ZN_AOI22_X2_B1:ZN (AOI22_X2) |        | 0.008       | 0.000      | 0.020      |             | 0.037  | 0.558f          |
| io_master_rready_OAI22_X1_ZN_A1_AOI21_X1_ZN_B2 (net)                                                     | 3      |             |            |            | 0.000       |        |                 |
| io_master_rready_OAI22_X1_ZN_A1_AOI21_X1_ZN:B2 (AOI21_X1)                                                |        | 0.002       | 0.000      | 0.020      |             | 0.000  | 0.558f          |
| io_master_rready_OAI22_X1_ZN_A1_AOI21_X1_ZN:ZN (AOI21_X1)                                                |        | 0.004       | 0.000      | 0.037      |             | 0.052  | 0.610r          |
| io_master_rready_OAI22_X1_ZN_A1 (net)                                                                    | 3      |             |            |            | 0.000       |        |                 |
| io_master_rready_OAI22_X1_ZN_A2_NOR2_X1_A2:A1 (NOR2_X1)                                                  |        | 0.002       | 0.000      | 0.037      |             | 0.000  | 0.610r          |
| io_master_rready_OAI22_X1_ZN_A2_NOR2_X1_A2:ZN (NOR2_X1)                                                  |        | 0.002       | 0.000      | 0.012      |             | 0.015  | 0.625f          |
| io_master_rready_OAI22_X1_ZN_A2_NOR2_X1_A2_ZN (net)                                                      | 2      |             |            |            | 0.000       |        |                 |
| io_master_rvalid_AND2_X1_A1:A2 (AND2_X1)                                                                 |        | 0.001       | 0.000      | 0.012      |             | 0.000  | 0.625f          |
| io_master_rvalid_AND2_X1_A1:ZN (AND2_X1)                                                                 |        | 0.001       | 0.000      | 0.005      |             | 0.031  | 0.656f          |
| io_master_rvalid_AND2_X1_A1_ZN (net)                                                                     | 1      |             |            |            | 0.000       |        |                 |
| io_master_rvalid_AND2_X1_A1_ZN_BUF_X1_A:A (BUF_X1)                                                       |        | 0.001       | 0.000      | 0.005      |             | 0.000  | 0.656f          |
| io_master_rvalid_AND2_X1_A1_ZN_BUF_X1_A:Z (BUF_X1)                                                       |        | 0.015       | 0.000      | 0.018      |             | 0.044  | 0.700f          |
| icache_mod.latest_row_NAND4_X1_A3_A4 (net)                                                               | 7      |             |            |            | 0.000       |        |                 |
| icache_mod.latest_row_INV_X1_A_ZN_NAND4_X1_A3:A4 (NAND4_X1)                                              |        | 0.002       | 0.000      | 0.018      |             | 0.000  | 0.700f          |
| icache_mod.latest_row_INV_X1_A_ZN_NAND4_X1_A3:ZN (NAND4_X1)                                              |        | 0.014       | 0.000      | 0.043      |             | 0.058  | 0.758r          |
| icache_mod.latest_row_INV_X1_A_ZN_NAND4_X1_A3_ZN (net)                                                   | 8      |             |            |            | 0.000       |        |                 |
| icache_mod.block_valid[1]_reg_p_D_OAI21_X1_ZN_B1_NOR2_X1_A2_3:A1 (NOR2_X1)                               |        | 0.002       | 0.000      | 0.043      |             | 0.000  | 0.758r          |
| icache_mod.block_valid[1]_reg_p_D_OAI21_X1_ZN_B1_NOR2_X1_A2_3:ZN (NOR2_X1)                               |        | 0.001       | 0.000      | 0.014      |             | 0.009  | 0.767f          |
| icache_mod.block_valid[1]_reg_p_D_OAI21_X1_ZN_B1_NOR2_X1_A2_3_ZN (net)                                   | 1      |             |            |            | 0.000       |        |                 |
| icache_mod.block_valid[1]_reg_p_D_OAI21_X1_ZN_B1_NOR2_X1_A2_3_ZN_CLKGATE_X1_E:E (CLKGATE_X1)             |        | 0.001       | 0.000      | 0.014      |             | 0.000  | 0.767f          |
|                                                                                                          |        |             |            |            |             |        |                 |
| clock (port)                                                                                             |        | 0.856       | 0.000      | 0.000      |             | 0.000  | 0.000r          |
| clock (clock net)                                                                                        | 847    |             |            |            | NA          |        |                 |
| icache_mod.block_valid[1]_reg_p_D_OAI21_X1_ZN_B1_NOR2_X1_A2_3_ZN_CLKGATE_X1_E:CK (CLKGATE_X1)            |        | 0.002       | 0.000      | 0.000      |             | 0.000  | 0.000r          |
| clock core_clock (rise edge)                                                                             |        |             |            |            |             | 1.769  | 1.769           |
| clock network delay (ideal)                                                                              |        |             |            |            |             | 0.000  | 1.769           |
| icache_mod.block_valid[1]_reg_p_D_OAI21_X1_ZN_B1_NOR2_X1_A2_3_ZN_CLKGATE_X1_E:CK (CLKGATE_X1)            |        |             |            |            |             |        | 1.769r          |
| library setup time                                                                                       |        |             |            |            |             | -0.047 | 1.722           |
| clock reconvergence pessimism                                                                            |        |             |            |            |             | 0.000  | 1.722           |
|                                                                                                          |        |             |            |            |             |        |                 |
| path cell delay                                                                                          |        |             |            |            |             |        | 0.767(100.000%) |
| path net delay                                                                                           |        |             |            |            |             |        | 0.000(0.000%)   |
|                                                                                                          |        |             |            |            |             |        |                 |
| data require time                                                                                        |        |             |            |            |             |        | 1.722           |
| data arrival time                                                                                        |        |             |            |            |             |        | 0.767           |
| slack (MET)                                                                                              |        |             |            |            |             |        | 0.955           |
+----------------------------------------------------------------------------------------------------------+--------+-------------+------------+------------+-------------+--------+-----------------+
+----------------------------------------------------------------------------------------------------------+--------+-------------+------------+------------+-------------+--------+-----------------+
| Point                                                                                                    | Fanout | Capacitance | Resistance | Transition | Delta Delay | Incr   | Path            |
+----------------------------------------------------------------------------------------------------------+--------+-------------+------------+------------+-------------+--------+-----------------+
| clock (port)                                                                                             |        | 0.856       | 0.000      | 0.000      |             | 0.000  | 0.000r          |
| clock (clock net)                                                                                        | 847    |             |            |            | NA          |        |                 |
| icache_mod.trans_reg_p_CK_CLKGATE_X1_GCK:CK (CLKGATE_X1)                                                 |        | 0.002       | 0.000      | 0.000      |             | 0.000  | 0.000r          |
| icache_mod.trans_reg_p_CK_CLKGATE_X1_GCK:GCK (CLKGATE_X1)                                                |        | 0.001       | 0.000      | 0.000      |             | 0.000  | 0.000r          |
| icache_mod.trans_reg_p_CK (clock net)                                                                    | 1      |             |            |            | NA          |        |                 |
| icache_mod.trans_reg_p:CK (DFF_X1)                                                                       |        | 0.001       | 0.000      | 0.000      |             | 0.000  | 0.000r          |
| clock core_clock (rise edge)                                                                             |        |             |            |            |             | 0      | 0               |
| clock network delay (ideal)                                                                              |        |             |            |            |             | 0.000  | 0.000           |
| icache_mod.trans_reg_p:CK (DFF_X1)                                                                       |        | 0.001       | 0.000      | 0.000      |             | 0.000  | 0.000r          |
| icache_mod.trans_reg_p:Q (DFF_X1)                                                                        |        | 0.011       | 0.000      | 0.017      |             | 0.095  | 0.095f          |
| icache_mod.trans (net)                                                                                   | 1      |             |            |            | 0.000       |        |                 |
| icache_mod.trans_BUF_X16_A:A (BUF_X16)                                                                   |        | 0.012       | 0.000      | 0.017      |             | 0.000  | 0.095f          |
| icache_mod.trans_BUF_X16_A:Z (BUF_X16)                                                                   |        | 0.037       | 0.000      | 0.006      |             | 0.031  | 0.127f          |
| icache_mod.trans_BUF_X16_A_Z (net)                                                                       | 21     |             |            |            | 0.000       |        |                 |
| icache_mod.miss_addr_4__MUX2_X1_B:S (MUX2_X1)                                                            |        | 0.002       | 0.000      | 0.006      |             | 0.000  | 0.127f          |
| icache_mod.miss_addr_4__MUX2_X1_B:Z (MUX2_X1)                                                            |        | 0.006       | 0.000      | 0.015      |             | 0.056  | 0.182f          |
| icache_mod.miss_addr_4__MUX2_X1_B_Z (net)                                                                | 1      |             |            |            | 0.000       |        |                 |
| icache_mod.miss_addr_4__MUX2_X1_B_Z_BUF_X8_A:A (BUF_X8)                                                  |        | 0.007       | 0.000      | 0.015      |             | 0.000  | 0.182f          |
| icache_mod.miss_addr_4__MUX2_X1_B_Z_BUF_X8_A:Z (BUF_X8)                                                  |        | 0.061       | 0.000      | 0.011      |             | 0.038  | 0.220f          |
| icache_mod.block_tag[1]_8__MUX2_X1_A_S (net)                                                             | 24     |             |            |            | 0.000       |        |                 |
| icache_mod.block_tag[1]_8__MUX2_X1_A_S_BUF_X16_A:A (BUF_X16)                                             |        | 0.012       | 0.000      | 0.011      |             | 0.000  | 0.220f          |
| icache_mod.block_tag[1]_8__MUX2_X1_A_S_BUF_X16_A:Z (BUF_X16)                                             |        | 0.043       | 0.000      | 0.006      |             | 0.029  | 0.249f          |
| icache_mod.block_tag[1]_1__MUX2_X1_A_S (net)                                                             | 24     |             |            |            | 0.000       |        |                 |
| icache_mod.block_tag[4]_25__MUX2_X1_A:S (MUX2_X1)                                                        |        | 0.002       | 0.000      | 0.006      |             | 0.000  | 0.249f          |
| icache_mod.block_tag[4]_25__MUX2_X1_A:Z (MUX2_X1)                                                        |        | 0.001       | 0.000      | 0.009      |             | 0.044  | 0.293f          |
| icache_mod.block_tag[4]_25__MUX2_X1_A_Z (net)                                                            | 1      |             |            |            | 0.000       |        |                 |
| icache_mod.block_tag[0]_25__MUX2_X1_A_Z_MUX2_X1_A:B (MUX2_X1)                                            |        | 0.001       | 0.000      | 0.009      |             | 0.000  | 0.293f          |
| icache_mod.block_tag[0]_25__MUX2_X1_A_Z_MUX2_X1_A:Z (MUX2_X1)                                            |        | 0.002       | 0.000      | 0.012      |             | 0.062  | 0.355f          |
| icache_mod.block_tag[0]_25__MUX2_X1_A_Z_MUX2_X1_A_Z (net)                                                | 1      |             |            |            | 0.000       |        |                 |
| icache_mod.block_tag[0]_25__MUX2_X1_A_Z_MUX2_X1_A_Z_XNOR2_X1_B:B (XNOR2_X1)                              |        | 0.003       | 0.000      | 0.012      |             | 0.000  | 0.355f          |
| icache_mod.block_tag[0]_25__MUX2_X1_A_Z_MUX2_X1_A_Z_XNOR2_X1_B:ZN (XNOR2_X1)                             |        | 0.003       | 0.000      | 0.030      |             | 0.045  | 0.399r          |
| icache_mod.hit_1_AOI21_X1_A_B1_NOR4_X1_ZN_A3_NAND4_X1_ZN_A2 (net)                                        | 2      |             |            |            | 0.000       |        |                 |
| icache_mod.hit_1_AOI21_X1_A_B1_NOR4_X1_ZN_A3_NAND4_X1_ZN_A2_NAND4_X1_A1:A1 (NAND4_X1)                    |        | 0.002       | 0.000      | 0.030      |             | 0.000  | 0.399r          |
| icache_mod.hit_1_AOI21_X1_A_B1_NOR4_X1_ZN_A3_NAND4_X1_ZN_A2_NAND4_X1_A1:ZN (NAND4_X1)                    |        | 0.003       | 0.000      | 0.025      |             | 0.040  | 0.439f          |
| icache_mod.hit_1_AOI21_X1_A_B1_NOR4_X1_ZN_A3_NAND4_X1_ZN_A2_NAND4_X1_A1_ZN (net)                         | 1      |             |            |            | 0.000       |        |                 |
| icache_mod.block_valid[0]_MUX2_X1_A_Z_MUX2_X1_A_Z_NAND4_X1_A1_ZN_NOR4_X2_A3:A4 (NOR4_X2)                 |        | 0.004       | 0.000      | 0.025      |             | 0.000  | 0.439f          |
| icache_mod.block_valid[0]_MUX2_X1_A_Z_MUX2_X1_A_Z_NAND4_X1_A1_ZN_NOR4_X2_A3:ZN (NOR4_X2)                 |        | 0.003       | 0.000      | 0.041      |             | 0.082  | 0.520r          |
| icache_mod.block_valid[0]_MUX2_X1_A_Z_MUX2_X1_A_Z_NAND4_X1_A1_ZN_NOR4_X2_A3_ZN (net)                     | 1      |             |            |            | 0.000       |        |                 |
| icache_mod.block_valid[0]_MUX2_X1_A_Z_MUX2_X1_A_Z_NAND4_X1_A1_ZN_NOR4_X2_A3_ZN_AOI22_X2_B1:B1 (AOI22_X2) |        | 0.003       | 0.000      | 0.041      |             | 0.000  | 0.520r          |
| icache_mod.block_valid[0]_MUX2_X1_A_Z_MUX2_X1_A_Z_NAND4_X1_A1_ZN_NOR4_X2_A3_ZN_AOI22_X2_B1:ZN (AOI22_X2) |        | 0.008       | 0.000      | 0.020      |             | 0.037  | 0.558f          |
| io_master_rready_OAI22_X1_ZN_A1_AOI21_X1_ZN_B2 (net)                                                     | 3      |             |            |            | 0.000       |        |                 |
| io_master_rready_OAI22_X1_ZN_A1_AOI21_X1_ZN:B2 (AOI21_X1)                                                |        | 0.002       | 0.000      | 0.020      |             | 0.000  | 0.558f          |
| io_master_rready_OAI22_X1_ZN_A1_AOI21_X1_ZN:ZN (AOI21_X1)                                                |        | 0.004       | 0.000      | 0.037      |             | 0.052  | 0.610r          |
| io_master_rready_OAI22_X1_ZN_A1 (net)                                                                    | 3      |             |            |            | 0.000       |        |                 |
| io_master_rready_OAI22_X1_ZN_A2_NOR2_X1_A2:A1 (NOR2_X1)                                                  |        | 0.002       | 0.000      | 0.037      |             | 0.000  | 0.610r          |
| io_master_rready_OAI22_X1_ZN_A2_NOR2_X1_A2:ZN (NOR2_X1)                                                  |        | 0.002       | 0.000      | 0.012      |             | 0.015  | 0.625f          |
| io_master_rready_OAI22_X1_ZN_A2_NOR2_X1_A2_ZN (net)                                                      | 2      |             |            |            | 0.000       |        |                 |
| io_master_rvalid_AND2_X1_A1:A2 (AND2_X1)                                                                 |        | 0.001       | 0.000      | 0.012      |             | 0.000  | 0.625f          |
| io_master_rvalid_AND2_X1_A1:ZN (AND2_X1)                                                                 |        | 0.001       | 0.000      | 0.005      |             | 0.031  | 0.656f          |
| io_master_rvalid_AND2_X1_A1_ZN (net)                                                                     | 1      |             |            |            | 0.000       |        |                 |
| io_master_rvalid_AND2_X1_A1_ZN_BUF_X1_A:A (BUF_X1)                                                       |        | 0.001       | 0.000      | 0.005      |             | 0.000  | 0.656f          |
| io_master_rvalid_AND2_X1_A1_ZN_BUF_X1_A:Z (BUF_X1)                                                       |        | 0.015       | 0.000      | 0.018      |             | 0.044  | 0.700f          |
| icache_mod.latest_row_NAND4_X1_A3_A4 (net)                                                               | 7      |             |            |            | 0.000       |        |                 |
| icache_mod.latest_row_INV_X1_A_ZN_NAND4_X1_A3:A4 (NAND4_X1)                                              |        | 0.002       | 0.000      | 0.018      |             | 0.000  | 0.700f          |
| icache_mod.latest_row_INV_X1_A_ZN_NAND4_X1_A3:ZN (NAND4_X1)                                              |        | 0.014       | 0.000      | 0.043      |             | 0.058  | 0.758r          |
| icache_mod.latest_row_INV_X1_A_ZN_NAND4_X1_A3_ZN (net)                                                   | 8      |             |            |            | 0.000       |        |                 |
| icache_mod.block_valid[5]_reg_p_D_OAI21_X1_ZN_B2_NOR2_X1_A2:A1 (NOR2_X1)                                 |        | 0.002       | 0.000      | 0.043      |             | 0.000  | 0.758r          |
| icache_mod.block_valid[5]_reg_p_D_OAI21_X1_ZN_B2_NOR2_X1_A2:ZN (NOR2_X1)                                 |        | 0.001       | 0.000      | 0.014      |             | 0.009  | 0.767f          |
| icache_mod.block_valid[5]_reg_p_D_OAI21_X1_ZN_B2_NOR2_X1_A2_ZN (net)                                     | 1      |             |            |            | 0.000       |        |                 |
| icache_mod.block_valid[5]_reg_p_D_OAI21_X1_ZN_B2_NOR2_X1_A2_ZN_CLKGATE_X1_E:E (CLKGATE_X1)               |        | 0.001       | 0.000      | 0.014      |             | 0.000  | 0.767f          |
|                                                                                                          |        |             |            |            |             |        |                 |
| clock (port)                                                                                             |        | 0.856       | 0.000      | 0.000      |             | 0.000  | 0.000r          |
| clock (clock net)                                                                                        | 847    |             |            |            | NA          |        |                 |
| icache_mod.block_valid[5]_reg_p_D_OAI21_X1_ZN_B2_NOR2_X1_A2_ZN_CLKGATE_X1_E:CK (CLKGATE_X1)              |        | 0.002       | 0.000      | 0.000      |             | 0.000  | 0.000r          |
| clock core_clock (rise edge)                                                                             |        |             |            |            |             | 1.769  | 1.769           |
| clock network delay (ideal)                                                                              |        |             |            |            |             | 0.000  | 1.769           |
| icache_mod.block_valid[5]_reg_p_D_OAI21_X1_ZN_B2_NOR2_X1_A2_ZN_CLKGATE_X1_E:CK (CLKGATE_X1)              |        |             |            |            |             |        | 1.769r          |
| library setup time                                                                                       |        |             |            |            |             | -0.047 | 1.722           |
| clock reconvergence pessimism                                                                            |        |             |            |            |             | 0.000  | 1.722           |
|                                                                                                          |        |             |            |            |             |        |                 |
| path cell delay                                                                                          |        |             |            |            |             |        | 0.767(100.000%) |
| path net delay                                                                                           |        |             |            |            |             |        | 0.000(0.000%)   |
|                                                                                                          |        |             |            |            |             |        |                 |
| data require time                                                                                        |        |             |            |            |             |        | 1.722           |
| data arrival time                                                                                        |        |             |            |            |             |        | 0.767           |
| slack (MET)                                                                                              |        |             |            |            |             |        | 0.955           |
+----------------------------------------------------------------------------------------------------------+--------+-------------+------------+------------+-------------+--------+-----------------+
+-----------------------------------------------------------+--------+-------------+------------+------------+-------------+--------+-----------------+
| Point                                                     | Fanout | Capacitance | Resistance | Transition | Delta Delay | Incr   | Path            |
+-----------------------------------------------------------+--------+-------------+------------+------------+-------------+--------+-----------------+
| clock (port)                                              |        | 0.856       | 0.000      | 0.000      |             | 0.000  | 0.000r          |
| clock (clock net)                                         | 847    |             |            |            | NA          |        |                 |
| icache_mod.state_1__reg_p:CK (DFF_X1)                     |        | 0.001       | 0.000      | 0.000      |             | 0.000  | 0.000r          |
| clock core_clock (rise edge)                              |        |             |            |            |             | 0      | 0               |
| clock network delay (ideal)                               |        |             |            |            |             | 0.000  | 0.000           |
| icache_mod.state_1__reg_p:CK (DFF_X1)                     |        | 0.001       | 0.000      | 0.000      |             | 0.000  | 0.000r          |
| icache_mod.state_1__reg_p:QN (DFF_X1)                     |        | 0.001       | 0.000      | 0.011      |             | 0.063  | 0.063r          |
| icache_mod.trans_reg_p_D (net)                            | 1      |             |            |            | 0.000       |        |                 |
| icache_mod.trans_reg_p:D (DFF_X1)                         |        | 0.001       | 0.000      | 0.011      |             | 0.000  | 0.063r          |
|                                                           |        |             |            |            |             |        |                 |
| clock (port)                                              |        | 0.856       | 0.000      | 0.000      |             | 0.000  | 0.000r          |
| clock (clock net)                                         | 847    |             |            |            | NA          |        |                 |
| icache_mod.trans_reg_p_CK_CLKGATE_X1_GCK:CK (CLKGATE_X1)  |        | 0.002       | 0.000      | 0.000      |             | 0.000  | 0.000r          |
| icache_mod.trans_reg_p_CK_CLKGATE_X1_GCK:GCK (CLKGATE_X1) |        | 0.001       | 0.000      | 0.000      |             | 0.000  | 0.000r          |
| icache_mod.trans_reg_p_CK (clock net)                     | 1      |             |            |            | NA          |        |                 |
| icache_mod.trans_reg_p:CK (DFF_X1)                        |        | 0.001       | 0.000      | 0.000      |             | 0.000  | 0.000r          |
| clock core_clock (rise edge)                              |        |             |            |            |             | 0      | 0               |
| clock network delay (ideal)                               |        |             |            |            |             | 0.000  | 0.000           |
| icache_mod.trans_reg_p:CK (DFF_X1)                        |        |             |            |            |             |        | 0.000r          |
| library hold time                                         |        |             |            |            |             | 0.006  | 0.006           |
| clock reconvergence pessimism                             |        |             |            |            |             | -0.000 | 0.006           |
|                                                           |        |             |            |            |             |        |                 |
| path cell delay                                           |        |             |            |            |             |        | 0.063(100.000%) |
| path net delay                                            |        |             |            |            |             |        | 0.000(0.000%)   |
|                                                           |        |             |            |            |             |        |                 |
| data require time                                         |        |             |            |            |             |        | 0.006           |
| data arrival time                                         |        |             |            |            |             |        | 0.063           |
| slack (MET)                                               |        |             |            |            |             |        | 0.057           |
+-----------------------------------------------------------+--------+-------------+------------+------------+-------------+--------+-----------------+
+----------------------------------------------------------+--------+-------------+------------+------------+-------------+--------+-----------------+
| Point                                                    | Fanout | Capacitance | Resistance | Transition | Delta Delay | Incr   | Path            |
+----------------------------------------------------------+--------+-------------+------------+------------+-------------+--------+-----------------+
| clock (port)                                             |        | 0.856       | 0.000      | 0.000      |             | 0.000  | 0.000r          |
| clock (clock net)                                        | 847    |             |            |            | NA          |        |                 |
| lsu_mod.lsu_r_1__reg_p:CK (DFF_X1)                       |        | 0.001       | 0.000      | 0.000      |             | 0.000  | 0.000r          |
| clock core_clock (rise edge)                             |        |             |            |            |             | 0      | 0               |
| clock network delay (ideal)                              |        |             |            |            |             | 0.000  | 0.000           |
| lsu_mod.lsu_r_1__reg_p:CK (DFF_X1)                       |        | 0.001       | 0.000      | 0.000      |             | 0.000  | 0.000r          |
| lsu_mod.lsu_r_1__reg_p:QN (DFF_X1)                       |        | 0.001       | 0.000      | 0.011      |             | 0.063  | 0.063r          |
| lsu_mod.trans_r_reg_p_D (net)                            | 1      |             |            |            | 0.000       |        |                 |
| lsu_mod.trans_r_reg_p:D (DFF_X1)                         |        | 0.001       | 0.000      | 0.011      |             | 0.000  | 0.063r          |
|                                                          |        |             |            |            |             |        |                 |
| clock (port)                                             |        | 0.856       | 0.000      | 0.000      |             | 0.000  | 0.000r          |
| clock (clock net)                                        | 847    |             |            |            | NA          |        |                 |
| lsu_mod.trans_r_reg_p_CK_CLKGATE_X1_GCK:CK (CLKGATE_X1)  |        | 0.002       | 0.000      | 0.000      |             | 0.000  | 0.000r          |
| lsu_mod.trans_r_reg_p_CK_CLKGATE_X1_GCK:GCK (CLKGATE_X1) |        | 0.001       | 0.000      | 0.000      |             | 0.000  | 0.000r          |
| lsu_mod.trans_r_reg_p_CK (clock net)                     | 1      |             |            |            | NA          |        |                 |
| lsu_mod.trans_r_reg_p:CK (DFF_X1)                        |        | 0.001       | 0.000      | 0.000      |             | 0.000  | 0.000r          |
| clock core_clock (rise edge)                             |        |             |            |            |             | 0      | 0               |
| clock network delay (ideal)                              |        |             |            |            |             | 0.000  | 0.000           |
| lsu_mod.trans_r_reg_p:CK (DFF_X1)                        |        |             |            |            |             |        | 0.000r          |
| library hold time                                        |        |             |            |            |             | 0.006  | 0.006           |
| clock reconvergence pessimism                            |        |             |            |            |             | -0.000 | 0.006           |
|                                                          |        |             |            |            |             |        |                 |
| path cell delay                                          |        |             |            |            |             |        | 0.063(100.000%) |
| path net delay                                           |        |             |            |            |             |        | 0.000(0.000%)   |
|                                                          |        |             |            |            |             |        |                 |
| data require time                                        |        |             |            |            |             |        | 0.006           |
| data arrival time                                        |        |             |            |            |             |        | 0.063           |
| slack (MET)                                              |        |             |            |            |             |        | 0.057           |
+----------------------------------------------------------+--------+-------------+------------+------------+-------------+--------+-----------------+
+----------------------------------------------------------+--------+-------------+------------+------------+-------------+--------+-----------------+
| Point                                                    | Fanout | Capacitance | Resistance | Transition | Delta Delay | Incr   | Path            |
+----------------------------------------------------------+--------+-------------+------------+------------+-------------+--------+-----------------+
| clock (port)                                             |        | 0.856       | 0.000      | 0.000      |             | 0.000  | 0.000r          |
| clock (clock net)                                        | 847    |             |            |            | NA          |        |                 |
| lsu_mod.lsu_r_1__reg_p:CK (DFF_X1)                       |        | 0.001       | 0.000      | 0.000      |             | 0.000  | 0.000r          |
| clock core_clock (rise edge)                             |        |             |            |            |             | 0      | 0               |
| clock network delay (ideal)                              |        |             |            |            |             | 0.000  | 0.000           |
| lsu_mod.lsu_r_1__reg_p:CK (DFF_X1)                       |        | 0.001       | 0.000      | 0.000      |             | 0.000  | 0.000r          |
| lsu_mod.lsu_r_1__reg_p:QN (DFF_X1)                       |        | 0.001       | 0.000      | 0.011      |             | 0.063  | 0.063r          |
| lsu_mod.trans_r_reg_p_D (net)                            | 1      |             |            |            | 0.000       |        |                 |
| lsu_mod.trans_r_reg_p:D (DFF_X1)                         |        | 0.001       | 0.000      | 0.011      |             | 0.000  | 0.063r          |
|                                                          |        |             |            |            |             |        |                 |
| clock (port)                                             |        | 0.856       | 0.000      | 0.000      |             | 0.000  | 0.000r          |
| clock (clock net)                                        | 847    |             |            |            | NA          |        |                 |
| lsu_mod.trans_r_reg_p_CK_CLKGATE_X1_GCK:CK (CLKGATE_X1)  |        | 0.002       | 0.000      | 0.000      |             | 0.000  | 0.000r          |
| lsu_mod.trans_r_reg_p_CK_CLKGATE_X1_GCK:GCK (CLKGATE_X1) |        | 0.001       | 0.000      | 0.000      |             | 0.000  | 0.000r          |
| lsu_mod.trans_r_reg_p_CK (clock net)                     | 1      |             |            |            | NA          |        |                 |
| lsu_mod.trans_r_reg_p:CK (DFF_X1)                        |        | 0.001       | 0.000      | 0.000      |             | 0.000  | 0.000r          |
| clock core_clock (rise edge)                             |        |             |            |            |             | 0      | 0               |
| clock network delay (ideal)                              |        |             |            |            |             | 0.000  | 0.000           |
| lsu_mod.trans_r_reg_p:CK (DFF_X1)                        |        |             |            |            |             |        | 0.000r          |
| library hold time                                        |        |             |            |            |             | 0.006  | 0.006           |
| clock reconvergence pessimism                            |        |             |            |            |             | -0.000 | 0.006           |
|                                                          |        |             |            |            |             |        |                 |
| path cell delay                                          |        |             |            |            |             |        | 0.063(100.000%) |
| path net delay                                           |        |             |            |            |             |        | 0.000(0.000%)   |
|                                                          |        |             |            |            |             |        |                 |
| data require time                                        |        |             |            |            |             |        | 0.006           |
| data arrival time                                        |        |             |            |            |             |        | 0.063           |
| slack (MET)                                              |        |             |            |            |             |        | 0.057           |
+----------------------------------------------------------+--------+-------------+------------+------------+-------------+--------+-----------------+
+-----------------------------------------------------------+--------+-------------+------------+------------+-------------+--------+-----------------+
| Point                                                     | Fanout | Capacitance | Resistance | Transition | Delta Delay | Incr   | Path            |
+-----------------------------------------------------------+--------+-------------+------------+------------+-------------+--------+-----------------+
| clock (port)                                              |        | 0.856       | 0.000      | 0.000      |             | 0.000  | 0.000r          |
| clock (clock net)                                         | 847    |             |            |            | NA          |        |                 |
| icache_mod.state_1__reg_p:CK (DFF_X1)                     |        | 0.001       | 0.000      | 0.000      |             | 0.000  | 0.000r          |
| clock core_clock (rise edge)                              |        |             |            |            |             | 0      | 0               |
| clock network delay (ideal)                               |        |             |            |            |             | 0.000  | 0.000           |
| icache_mod.state_1__reg_p:CK (DFF_X1)                     |        | 0.001       | 0.000      | 0.000      |             | 0.000  | 0.000r          |
| icache_mod.state_1__reg_p:QN (DFF_X1)                     |        | 0.001       | 0.000      | 0.011      |             | 0.063  | 0.063r          |
| icache_mod.trans_reg_p_D (net)                            | 1      |             |            |            | 0.000       |        |                 |
| icache_mod.trans_reg_p:D (DFF_X1)                         |        | 0.001       | 0.000      | 0.011      |             | 0.000  | 0.063r          |
|                                                           |        |             |            |            |             |        |                 |
| clock (port)                                              |        | 0.856       | 0.000      | 0.000      |             | 0.000  | 0.000r          |
| clock (clock net)                                         | 847    |             |            |            | NA          |        |                 |
| icache_mod.trans_reg_p_CK_CLKGATE_X1_GCK:CK (CLKGATE_X1)  |        | 0.002       | 0.000      | 0.000      |             | 0.000  | 0.000r          |
| icache_mod.trans_reg_p_CK_CLKGATE_X1_GCK:GCK (CLKGATE_X1) |        | 0.001       | 0.000      | 0.000      |             | 0.000  | 0.000r          |
| icache_mod.trans_reg_p_CK (clock net)                     | 1      |             |            |            | NA          |        |                 |
| icache_mod.trans_reg_p:CK (DFF_X1)                        |        | 0.001       | 0.000      | 0.000      |             | 0.000  | 0.000r          |
| clock core_clock (rise edge)                              |        |             |            |            |             | 0      | 0               |
| clock network delay (ideal)                               |        |             |            |            |             | 0.000  | 0.000           |
| icache_mod.trans_reg_p:CK (DFF_X1)                        |        |             |            |            |             |        | 0.000r          |
| library hold time                                         |        |             |            |            |             | 0.006  | 0.006           |
| clock reconvergence pessimism                             |        |             |            |            |             | -0.000 | 0.006           |
|                                                           |        |             |            |            |             |        |                 |
| path cell delay                                           |        |             |            |            |             |        | 0.063(100.000%) |
| path net delay                                            |        |             |            |            |             |        | 0.000(0.000%)   |
|                                                           |        |             |            |            |             |        |                 |
| data require time                                         |        |             |            |            |             |        | 0.006           |
| data arrival time                                         |        |             |            |            |             |        | 0.063           |
| slack (MET)                                               |        |             |            |            |             |        | 0.057           |
+-----------------------------------------------------------+--------+-------------+------------+------------+-------------+--------+-----------------+
+----------------------------------------------------------+--------+-------------+------------+------------+-------------+--------+-----------------+
| Point                                                    | Fanout | Capacitance | Resistance | Transition | Delta Delay | Incr   | Path            |
+----------------------------------------------------------+--------+-------------+------------+------------+-------------+--------+-----------------+
| clock (port)                                             |        | 0.856       | 0.000      | 0.000      |             | 0.000  | 0.000r          |
| clock (clock net)                                        | 847    |             |            |            | NA          |        |                 |
| lsu_mod.lsu_r_1__reg_p:CK (DFF_X1)                       |        | 0.001       | 0.000      | 0.000      |             | 0.000  | 0.000r          |
| clock core_clock (rise edge)                             |        |             |            |            |             | 0      | 0               |
| clock network delay (ideal)                              |        |             |            |            |             | 0.000  | 0.000           |
| lsu_mod.lsu_r_1__reg_p:CK (DFF_X1)                       |        | 0.001       | 0.000      | 0.000      |             | 0.000  | 0.000r          |
| lsu_mod.lsu_r_1__reg_p:QN (DFF_X1)                       |        | 0.001       | 0.000      | 0.012      |             | 0.064  | 0.064f          |
| lsu_mod.trans_r_reg_p_D (net)                            | 1      |             |            |            | 0.000       |        |                 |
| lsu_mod.trans_r_reg_p:D (DFF_X1)                         |        | 0.001       | 0.000      | 0.012      |             | 0.000  | 0.064f          |
|                                                          |        |             |            |            |             |        |                 |
| clock (port)                                             |        | 0.856       | 0.000      | 0.000      |             | 0.000  | 0.000r          |
| clock (clock net)                                        | 847    |             |            |            | NA          |        |                 |
| lsu_mod.trans_r_reg_p_CK_CLKGATE_X1_GCK:CK (CLKGATE_X1)  |        | 0.002       | 0.000      | 0.000      |             | 0.000  | 0.000r          |
| lsu_mod.trans_r_reg_p_CK_CLKGATE_X1_GCK:GCK (CLKGATE_X1) |        | 0.001       | 0.000      | 0.000      |             | 0.000  | 0.000r          |
| lsu_mod.trans_r_reg_p_CK (clock net)                     | 1      |             |            |            | NA          |        |                 |
| lsu_mod.trans_r_reg_p:CK (DFF_X1)                        |        | 0.001       | 0.000      | 0.000      |             | 0.000  | 0.000r          |
| clock core_clock (rise edge)                             |        |             |            |            |             | 0      | 0               |
| clock network delay (ideal)                              |        |             |            |            |             | 0.000  | 0.000           |
| lsu_mod.trans_r_reg_p:CK (DFF_X1)                        |        |             |            |            |             |        | 0.000r          |
| library hold time                                        |        |             |            |            |             | 0.002  | 0.002           |
| clock reconvergence pessimism                            |        |             |            |            |             | -0.000 | 0.002           |
|                                                          |        |             |            |            |             |        |                 |
| path cell delay                                          |        |             |            |            |             |        | 0.064(100.000%) |
| path net delay                                           |        |             |            |            |             |        | 0.000(0.000%)   |
|                                                          |        |             |            |            |             |        |                 |
| data require time                                        |        |             |            |            |             |        | 0.002           |
| data arrival time                                        |        |             |            |            |             |        | 0.064           |
| slack (MET)                                              |        |             |            |            |             |        | 0.062           |
+----------------------------------------------------------+--------+-------------+------------+------------+-------------+--------+-----------------+
+---------------------------------------------------------+--------+-------------+------------+------------+-------------+--------+-----------------+
| Point                                                   | Fanout | Capacitance | Resistance | Transition | Delta Delay | Incr   | Path            |
+---------------------------------------------------------+--------+-------------+------------+------------+-------------+--------+-----------------+
| clock (port)                                            |        | 0.856       | 0.000      | 0.000      |             | 0.000  | 0.000r          |
| clock (clock net)                                       | 847    |             |            |            | NA          |        |                 |
| lsu_mod.lsu_r_0__reg_p:CK (DFF_X1)                      |        | 0.001       | 0.000      | 0.000      |             | 0.000  | 0.000r          |
| clock core_clock (rise edge)                            |        |             |            |            |             | 0      | 0               |
| clock network delay (ideal)                             |        |             |            |            |             | 0.000  | 0.000           |
| lsu_mod.lsu_r_0__reg_p:CK (DFF_X1)                      |        | 0.001       | 0.000      | 0.000      |             | 0.000  | 0.000r          |
| lsu_mod.lsu_r_0__reg_p:QN (DFF_X1)                      |        | 0.002       | 0.000      | 0.011      |             | 0.063  | 0.063r          |
| lsu_mod.lsu_r_0__reg_p_QN (net)                         | 1      |             |            |            | 0.000       |        |                 |
| lsu_mod.lsu_r_0__reg_p_QN_OAI21_X1_B1:B1 (OAI21_X1)     |        | 0.002       | 0.000      | 0.011      |             | 0.000  | 0.063r          |
| lsu_mod.lsu_r_0__reg_p_QN_OAI21_X1_B1:ZN (OAI21_X1)     |        | 0.001       | 0.000      | 0.007      |             | 0.012  | 0.075f          |
| lsu_mod.lsu_r_0__reg_p_QN_OAI21_X1_B1_ZN (net)          | 1      |             |            |            | 0.000       |        |                 |
| lsu_mod.lsu_r_0__AOI21_X1_B1_ZN_AND2_X1_A1:A2 (AND2_X1) |        | 0.001       | 0.000      | 0.007      |             | 0.000  | 0.075f          |
| lsu_mod.lsu_r_0__AOI21_X1_B1_ZN_AND2_X1_A1:ZN (AND2_X1) |        | 0.001       | 0.000      | 0.005      |             | 0.028  | 0.103f          |
| lsu_mod.trans_r_reg_p_CK_CLKGATE_X1_GCK_E (net)         | 1      |             |            |            | 0.000       |        |                 |
| lsu_mod.trans_r_reg_p_CK_CLKGATE_X1_GCK:E (CLKGATE_X1)  |        | 0.001       | 0.000      | 0.005      |             | 0.000  | 0.103f          |
|                                                         |        |             |            |            |             |        |                 |
| clock (port)                                            |        | 0.856       | 0.000      | 0.000      |             | 0.000  | 0.000r          |
| clock (clock net)                                       | 847    |             |            |            | NA          |        |                 |
| lsu_mod.trans_r_reg_p_CK_CLKGATE_X1_GCK:CK (CLKGATE_X1) |        | 0.002       | 0.000      | 0.000      |             | 0.000  | 0.000r          |
| clock core_clock (rise edge)                            |        |             |            |            |             | 0      | 0               |
| clock network delay (ideal)                             |        |             |            |            |             | 0.000  | 0.000           |
| lsu_mod.trans_r_reg_p_CK_CLKGATE_X1_GCK:CK (CLKGATE_X1) |        |             |            |            |             |        | 0.000r          |
| library hold time                                       |        |             |            |            |             | -0.016 | -0.016          |
| clock reconvergence pessimism                           |        |             |            |            |             | -0.000 | -0.016          |
|                                                         |        |             |            |            |             |        |                 |
| path cell delay                                         |        |             |            |            |             |        | 0.103(100.000%) |
| path net delay                                          |        |             |            |            |             |        | 0.000(0.000%)   |
|                                                         |        |             |            |            |             |        |                 |
| data require time                                       |        |             |            |            |             |        | -0.016          |
| data arrival time                                       |        |             |            |            |             |        | 0.103           |
| slack (MET)                                             |        |             |            |            |             |        | 0.119           |
+---------------------------------------------------------+--------+-------------+------------+------------+-------------+--------+-----------------+
+---------------------------------------------------------+--------+-------------+------------+------------+-------------+--------+-----------------+
| Point                                                   | Fanout | Capacitance | Resistance | Transition | Delta Delay | Incr   | Path            |
+---------------------------------------------------------+--------+-------------+------------+------------+-------------+--------+-----------------+
| clock (port)                                            |        | 0.856       | 0.000      | 0.000      |             | 0.000  | 0.000r          |
| clock (clock net)                                       | 847    |             |            |            | NA          |        |                 |
| lsu_mod.lsu_r_0__reg_p:CK (DFF_X1)                      |        | 0.001       | 0.000      | 0.000      |             | 0.000  | 0.000r          |
| clock core_clock (rise edge)                            |        |             |            |            |             | 0      | 0               |
| clock network delay (ideal)                             |        |             |            |            |             | 0.000  | 0.000           |
| lsu_mod.lsu_r_0__reg_p:CK (DFF_X1)                      |        | 0.001       | 0.000      | 0.000      |             | 0.000  | 0.000r          |
| lsu_mod.lsu_r_0__reg_p:QN (DFF_X1)                      |        | 0.001       | 0.000      | 0.012      |             | 0.064  | 0.064f          |
| lsu_mod.lsu_r_0__reg_p_QN (net)                         | 1      |             |            |            | 0.000       |        |                 |
| lsu_mod.lsu_r_0__reg_p_QN_OAI21_X1_B1:B1 (OAI21_X1)     |        | 0.002       | 0.000      | 0.012      |             | 0.000  | 0.064f          |
| lsu_mod.lsu_r_0__reg_p_QN_OAI21_X1_B1:ZN (OAI21_X1)     |        | 0.001       | 0.000      | 0.015      |             | 0.024  | 0.088r          |
| lsu_mod.lsu_r_0__reg_p_QN_OAI21_X1_B1_ZN (net)          | 1      |             |            |            | 0.000       |        |                 |
| lsu_mod.lsu_r_0__AOI21_X1_B1_ZN_AND2_X1_A1:A2 (AND2_X1) |        | 0.001       | 0.000      | 0.015      |             | 0.000  | 0.088r          |
| lsu_mod.lsu_r_0__AOI21_X1_B1_ZN_AND2_X1_A1:ZN (AND2_X1) |        | 0.001       | 0.000      | 0.007      |             | 0.031  | 0.119r          |
| lsu_mod.trans_r_reg_p_CK_CLKGATE_X1_GCK_E (net)         | 1      |             |            |            | 0.000       |        |                 |
| lsu_mod.trans_r_reg_p_CK_CLKGATE_X1_GCK:E (CLKGATE_X1)  |        | 0.001       | 0.000      | 0.007      |             | 0.000  | 0.119r          |
|                                                         |        |             |            |            |             |        |                 |
| clock (port)                                            |        | 0.856       | 0.000      | 0.000      |             | 0.000  | 0.000r          |
| clock (clock net)                                       | 847    |             |            |            | NA          |        |                 |
| lsu_mod.trans_r_reg_p_CK_CLKGATE_X1_GCK:CK (CLKGATE_X1) |        | 0.002       | 0.000      | 0.000      |             | 0.000  | 0.000r          |
| clock core_clock (rise edge)                            |        |             |            |            |             | 0      | 0               |
| clock network delay (ideal)                             |        |             |            |            |             | 0.000  | 0.000           |
| lsu_mod.trans_r_reg_p_CK_CLKGATE_X1_GCK:CK (CLKGATE_X1) |        |             |            |            |             |        | 0.000r          |
| library hold time                                       |        |             |            |            |             | -0.002 | -0.002          |
| clock reconvergence pessimism                           |        |             |            |            |             | -0.000 | -0.002          |
|                                                         |        |             |            |            |             |        |                 |
| path cell delay                                         |        |             |            |            |             |        | 0.119(100.000%) |
| path net delay                                          |        |             |            |            |             |        | 0.000(0.000%)   |
|                                                         |        |             |            |            |             |        |                 |
| data require time                                       |        |             |            |            |             |        | -0.002          |
| data arrival time                                       |        |             |            |            |             |        | 0.119           |
| slack (MET)                                             |        |             |            |            |             |        | 0.121           |
+---------------------------------------------------------+--------+-------------+------------+------------+-------------+--------+-----------------+
+------------------------------------------------------------------------+--------+-------------+------------+------------+-------------+--------+-----------------+
| Point                                                                  | Fanout | Capacitance | Resistance | Transition | Delta Delay | Incr   | Path            |
+------------------------------------------------------------------------+--------+-------------+------------+------------+-------------+--------+-----------------+
| clock (port)                                                           |        | 0.856       | 0.000      | 0.000      |             | 0.000  | 0.000r          |
| clock (clock net)                                                      | 847    |             |            |            | NA          |        |                 |
| icache_mod.state_1__reg_p:CK (DFF_X1)                                  |        | 0.001       | 0.000      | 0.000      |             | 0.000  | 0.000r          |
| clock core_clock (rise edge)                                           |        |             |            |            |             | 0      | 0               |
| clock network delay (ideal)                                            |        |             |            |            |             | 0.000  | 0.000           |
| icache_mod.state_1__reg_p:CK (DFF_X1)                                  |        | 0.001       | 0.000      | 0.000      |             | 0.000  | 0.000r          |
| icache_mod.state_1__reg_p:Q (DFF_X1)                                   |        | 0.006       | 0.000      | 0.010      |             | 0.086  | 0.086f          |
| icache_mod.state_1_ (net)                                              | 4      |             |            |            | 0.000       |        |                 |
| icache_mod.trans_reg_p_CK_CLKGATE_X1_GCK_E_AOI211_X1_ZN:C2 (AOI211_X1) |        | 0.002       | 0.000      | 0.010      |             | 0.000  | 0.086f          |
| icache_mod.trans_reg_p_CK_CLKGATE_X1_GCK_E_AOI211_X1_ZN:ZN (AOI211_X1) |        | 0.001       | 0.000      | 0.026      |             | 0.040  | 0.126r          |
| icache_mod.trans_reg_p_CK_CLKGATE_X1_GCK_E (net)                       | 1      |             |            |            | 0.000       |        |                 |
| icache_mod.trans_reg_p_CK_CLKGATE_X1_GCK:E (CLKGATE_X1)                |        | 0.001       | 0.000      | 0.026      |             | 0.000  | 0.126r          |
|                                                                        |        |             |            |            |             |        |                 |
| clock (port)                                                           |        | 0.856       | 0.000      | 0.000      |             | 0.000  | 0.000r          |
| clock (clock net)                                                      | 847    |             |            |            | NA          |        |                 |
| icache_mod.trans_reg_p_CK_CLKGATE_X1_GCK:CK (CLKGATE_X1)               |        | 0.002       | 0.000      | 0.000      |             | 0.000  | 0.000r          |
| clock core_clock (rise edge)                                           |        |             |            |            |             | 0      | 0               |
| clock network delay (ideal)                                            |        |             |            |            |             | 0.000  | 0.000           |
| icache_mod.trans_reg_p_CK_CLKGATE_X1_GCK:CK (CLKGATE_X1)               |        |             |            |            |             |        | 0.000r          |
| library hold time                                                      |        |             |            |            |             | 0.001  | 0.001           |
| clock reconvergence pessimism                                          |        |             |            |            |             | -0.000 | 0.001           |
|                                                                        |        |             |            |            |             |        |                 |
| path cell delay                                                        |        |             |            |            |             |        | 0.126(100.000%) |
| path net delay                                                         |        |             |            |            |             |        | 0.000(0.000%)   |
|                                                                        |        |             |            |            |             |        |                 |
| data require time                                                      |        |             |            |            |             |        | 0.001           |
| data arrival time                                                      |        |             |            |            |             |        | 0.126           |
| slack (MET)                                                            |        |             |            |            |             |        | 0.125           |
+------------------------------------------------------------------------+--------+-------------+------------+------------+-------------+--------+-----------------+
+------------------------------------------------------------------------+--------+-------------+------------+------------+-------------+--------+-----------------+
| Point                                                                  | Fanout | Capacitance | Resistance | Transition | Delta Delay | Incr   | Path            |
+------------------------------------------------------------------------+--------+-------------+------------+------------+-------------+--------+-----------------+
| clock (port)                                                           |        | 0.856       | 0.000      | 0.000      |             | 0.000  | 0.000r          |
| clock (clock net)                                                      | 847    |             |            |            | NA          |        |                 |
| icache_mod.state_1__reg_p:CK (DFF_X1)                                  |        | 0.001       | 0.000      | 0.000      |             | 0.000  | 0.000r          |
| clock core_clock (rise edge)                                           |        |             |            |            |             | 0      | 0               |
| clock network delay (ideal)                                            |        |             |            |            |             | 0.000  | 0.000           |
| icache_mod.state_1__reg_p:CK (DFF_X1)                                  |        | 0.001       | 0.000      | 0.000      |             | 0.000  | 0.000r          |
| icache_mod.state_1__reg_p:Q (DFF_X1)                                   |        | 0.007       | 0.000      | 0.017      |             | 0.094  | 0.094r          |
| icache_mod.state_1_ (net)                                              | 4      |             |            |            | 0.000       |        |                 |
| icache_mod.trans_reg_p_CK_CLKGATE_X1_GCK_E_AOI211_X1_ZN:C2 (AOI211_X1) |        | 0.002       | 0.000      | 0.017      |             | 0.000  | 0.094r          |
| icache_mod.trans_reg_p_CK_CLKGATE_X1_GCK_E_AOI211_X1_ZN:ZN (AOI211_X1) |        | 0.001       | 0.000      | 0.007      |             | 0.016  | 0.110f          |
| icache_mod.trans_reg_p_CK_CLKGATE_X1_GCK_E (net)                       | 1      |             |            |            | 0.000       |        |                 |
| icache_mod.trans_reg_p_CK_CLKGATE_X1_GCK:E (CLKGATE_X1)                |        | 0.001       | 0.000      | 0.007      |             | 0.000  | 0.110f          |
|                                                                        |        |             |            |            |             |        |                 |
| clock (port)                                                           |        | 0.856       | 0.000      | 0.000      |             | 0.000  | 0.000r          |
| clock (clock net)                                                      | 847    |             |            |            | NA          |        |                 |
| icache_mod.trans_reg_p_CK_CLKGATE_X1_GCK:CK (CLKGATE_X1)               |        | 0.002       | 0.000      | 0.000      |             | 0.000  | 0.000r          |
| clock core_clock (rise edge)                                           |        |             |            |            |             | 0      | 0               |
| clock network delay (ideal)                                            |        |             |            |            |             | 0.000  | 0.000           |
| icache_mod.trans_reg_p_CK_CLKGATE_X1_GCK:CK (CLKGATE_X1)               |        |             |            |            |             |        | 0.000r          |
| library hold time                                                      |        |             |            |            |             | -0.015 | -0.015          |
| clock reconvergence pessimism                                          |        |             |            |            |             | -0.000 | -0.015          |
|                                                                        |        |             |            |            |             |        |                 |
| path cell delay                                                        |        |             |            |            |             |        | 0.110(100.000%) |
| path net delay                                                         |        |             |            |            |             |        | 0.000(0.000%)   |
|                                                                        |        |             |            |            |             |        |                 |
| data require time                                                      |        |             |            |            |             |        | -0.015          |
| data arrival time                                                      |        |             |            |            |             |        | 0.110           |
| slack (MET)                                                            |        |             |            |            |             |        | 0.126           |
+------------------------------------------------------------------------+--------+-------------+------------+------------+-------------+--------+-----------------+
+-----------------------------------------------------------------------------------------------+--------+-------------+------------+------------+-------------+--------+-----------------+
| Point                                                                                         | Fanout | Capacitance | Resistance | Transition | Delta Delay | Incr   | Path            |
+-----------------------------------------------------------------------------------------------+--------+-------------+------------+------------+-------------+--------+-----------------+
| clock (port)                                                                                  |        | 0.856       | 0.000      | 0.000      |             | 0.000  | 0.000r          |
| clock (clock net)                                                                             | 847    |             |            |            | NA          |        |                 |
| icache_mod.fill_count_0__reg_p:CK (DFF_X1)                                                    |        | 0.001       | 0.000      | 0.000      |             | 0.000  | 0.000r          |
| clock core_clock (rise edge)                                                                  |        |             |            |            |             | 0      | 0               |
| clock network delay (ideal)                                                                   |        |             |            |            |             | 0.000  | 0.000           |
| icache_mod.fill_count_0__reg_p:CK (DFF_X1)                                                    |        | 0.001       | 0.000      | 0.000      |             | 0.000  | 0.000r          |
| icache_mod.fill_count_0__reg_p:QN (DFF_X1)                                                    |        | 0.004       | 0.000      | 0.014      |             | 0.069  | 0.069f          |
| icache_mod.fill_count_0__reg_p_QN (net)                                                       | 3      |             |            |            | 0.000       |        |                 |
| icache_mod.latest_row_INV_X1_A_ZN_NAND4_X1_A3:A1 (NAND4_X1)                                   |        | 0.002       | 0.000      | 0.014      |             | 0.000  | 0.069f          |
| icache_mod.latest_row_INV_X1_A_ZN_NAND4_X1_A3:ZN (NAND4_X1)                                   |        | 0.014       | 0.000      | 0.039      |             | 0.050  | 0.119r          |
| icache_mod.latest_row_INV_X1_A_ZN_NAND4_X1_A3_ZN (net)                                        | 8      |             |            |            | 0.000       |        |                 |
| icache_mod.block_valid[1]_reg_p_D_OAI21_X1_ZN_B1_NOR2_X1_A2_3:A1 (NOR2_X1)                    |        | 0.002       | 0.000      | 0.039      |             | 0.000  | 0.119r          |
| icache_mod.block_valid[1]_reg_p_D_OAI21_X1_ZN_B1_NOR2_X1_A2_3:ZN (NOR2_X1)                    |        | 0.001       | 0.000      | 0.009      |             | 0.009  | 0.128f          |
| icache_mod.block_valid[1]_reg_p_D_OAI21_X1_ZN_B1_NOR2_X1_A2_3_ZN (net)                        | 1      |             |            |            | 0.000       |        |                 |
| icache_mod.block_valid[1]_reg_p_D_OAI21_X1_ZN_B1_NOR2_X1_A2_3_ZN_CLKGATE_X1_E:E (CLKGATE_X1)  |        | 0.001       | 0.000      | 0.009      |             | 0.000  | 0.128f          |
|                                                                                               |        |             |            |            |             |        |                 |
| clock (port)                                                                                  |        | 0.856       | 0.000      | 0.000      |             | 0.000  | 0.000r          |
| clock (clock net)                                                                             | 847    |             |            |            | NA          |        |                 |
| icache_mod.block_valid[1]_reg_p_D_OAI21_X1_ZN_B1_NOR2_X1_A2_3_ZN_CLKGATE_X1_E:CK (CLKGATE_X1) |        | 0.002       | 0.000      | 0.000      |             | 0.000  | 0.000r          |
| clock core_clock (rise edge)                                                                  |        |             |            |            |             | 0      | 0               |
| clock network delay (ideal)                                                                   |        |             |            |            |             | 0.000  | 0.000           |
| icache_mod.block_valid[1]_reg_p_D_OAI21_X1_ZN_B1_NOR2_X1_A2_3_ZN_CLKGATE_X1_E:CK (CLKGATE_X1) |        |             |            |            |             |        | 0.000r          |
| library hold time                                                                             |        |             |            |            |             | -0.015 | -0.015          |
| clock reconvergence pessimism                                                                 |        |             |            |            |             | -0.000 | -0.015          |
|                                                                                               |        |             |            |            |             |        |                 |
| path cell delay                                                                               |        |             |            |            |             |        | 0.128(100.000%) |
| path net delay                                                                                |        |             |            |            |             |        | 0.000(0.000%)   |
|                                                                                               |        |             |            |            |             |        |                 |
| data require time                                                                             |        |             |            |            |             |        | -0.015          |
| data arrival time                                                                             |        |             |            |            |             |        | 0.128           |
| slack (MET)                                                                                   |        |             |            |            |             |        | 0.143           |
+-----------------------------------------------------------------------------------------------+--------+-------------+------------+------------+-------------+--------+-----------------+
