Generate the report at 2026-07-12T08:31:45, GitVersion: aa25008b3778a76ae1975c839d4cc459f7f7b3b7.
+-----------------------------------------------------------------------------------------------+--------------------------+------------+------------+---------------+-------+-------+-----------+
| Endpoint                                                                                      | Clock Group              | Delay Type | Path Delay | Path Required | CPPR  | Slack | Freq(MHz) |
+-----------------------------------------------------------------------------------------------+--------------------------+------------+------------+---------------+-------+-------+-----------+
| ex_ls_bus_alu_out_ls_0__reg_p:D                                                               | core_clock               | max        | 0.986f     | 1.723         | 0.000 | 0.737 | 968.898   |
| csr_mod.regs[1]_31__reg_p:D                                                                   | core_clock               | max        | 0.980f     | 1.719         | 0.000 | 0.739 | 970.963   |
| csr_mod.regs[1]_26__reg_p:D                                                                   | core_clock               | max        | 0.978f     | 1.720         | 0.000 | 0.742 | 973.393   |
| csr_mod.regs[1]_29__reg_p:D                                                                   | core_clock               | max        | 0.978f     | 1.720         | 0.000 | 0.742 | 973.420   |
| csr_mod.regs[1]_25__reg_p:D                                                                   | core_clock               | max        | 0.978f     | 1.720         | 0.000 | 0.742 | 973.441   |
| csr_mod.cause_0__AOI21X0P5H7L_A0_Y_NAND2X0P5H7L_B_Y_ICGX0P5H7L_E:E                            | **clock_gating_default** | max        | 0.962r     | 1.715         | 0.000 | 0.753 | NA        |
| csr_mod.regs[5]_0__reg_p_CK_ICGX0P5H7L_ECK:E                                                  | **clock_gating_default** | max        | 0.952r     | 1.715         | 0.000 | 0.763 | NA        |
| icache_mod.trans_reg_p_D_AOI22X0P5H7L_A1_B0_NAND2X0P5H7L_B_Y_NOR3X0P5H7L_C_1_Y_ICGX0P5H7L_E:E | **clock_gating_default** | max        | 0.941r     | 1.709         | 0.000 | 0.768 | NA        |
| icache_mod.trans_reg_p_D_AOI22X0P5H7L_A1_B0_NAND2X0P5H7L_B_Y_NOR3X0P5H7L_C_Y_ICGX0P5H7L_E:E   | **clock_gating_default** | max        | 0.941r     | 1.709         | 0.000 | 0.768 | NA        |
| csr_mod.cause_0__AOI21X0P5H7L_A0_Y_NAND2X0P5H7L_B_1_Y_ICGX0P5H7L_E:E                          | **clock_gating_default** | max        | 0.944r     | 1.715         | 0.000 | 0.772 | NA        |
| icache_mod.miss_addr_30__reg_p:D                                                              | core_clock               | min        | 0.063f     | -0.008        | 0.000 | 0.071 | NA        |
| icache_mod.miss_addr_5__reg_p:D                                                               | core_clock               | min        | 0.064f     | -0.008        | 0.000 | 0.072 | NA        |
| icache_mod.miss_addr_31__reg_p:D                                                              | core_clock               | min        | 0.082f     | -0.013        | 0.000 | 0.095 | NA        |
| icache_mod.miss_addr_7__reg_p:D                                                               | core_clock               | min        | 0.082f     | -0.013        | 0.000 | 0.095 | NA        |
| icache_mod.miss_addr_4__reg_p:D                                                               | core_clock               | min        | 0.083f     | -0.013        | 0.000 | 0.096 | NA        |
| lsu_mod.trans_r_reg_p_CK_ICGX0P5H7L_ECK:E                                                     | **clock_gating_default** | min        | 0.135f     | 0.001         | 0.000 | 0.134 | NA        |
| icache_mod.trans_reg_p_CK_ICGX0P5H7L_ECK:E                                                    | **clock_gating_default** | min        | 0.138f     | -0.005        | 0.000 | 0.144 | NA        |
| icache_mod.fill_count_1__NOR3X0P5H7L_A_Y_NAND2X0P5H7L_B_Y_NOR2X0P5H7L_B_1_Y_ICGX0P5H7L_E:E    | **clock_gating_default** | min        | 0.145f     | -0.006        | 0.000 | 0.151 | NA        |
| icache_mod.fill_count_1__NOR3X0P5H7L_A_Y_NAND2X0P5H7L_B_Y_NOR2X0P5H7L_B_Y_ICGX0P5H7L_E:E      | **clock_gating_default** | min        | 0.145f     | -0.006        | 0.000 | 0.151 | NA        |
| icache_mod.fill_count_1__NOR3X0P5H7L_A_Y_NAND2X0P5H7L_B_Y_NOR3X0P5H7L_C_Y_ICGX0P5H7L_E:E      | **clock_gating_default** | min        | 0.147f     | -0.007        | 0.000 | 0.155 | NA        |
+-----------------------------------------------------------------------------------------------+--------------------------+------------+------------+---------------+-------+-------+-----------+
+------------+------------+-------+
| Clock      | Delay Type | TNS   |
+------------+------------+-------+
| core_clock | max        | 0.000 |
| core_clock | min        | 0.000 |
+------------+------------+-------+
+-----------------------------------------------------------------------------------------------------------------------------------------------------------------------------------------+--------+-------------+------------+------------+-------------+--------+-----------------+
| Point                                                                                                                                                                                   | Fanout | Capacitance | Resistance | Transition | Delta Delay | Incr   | Path            |
+-----------------------------------------------------------------------------------------------------------------------------------------------------------------------------------------+--------+-------------+------------+------------+-------------+--------+-----------------+
| clock (port)                                                                                                                                                                            |        | 0.724       | 0.000      | 0.000      |             | 0.000  | 0.000r          |
| clock (clock net)                                                                                                                                                                       | 688    |             |            |            | NA          |        |                 |
| alu_mod.bus_in_alu_op_7__reg_p:CK (DFFQX1H7L)                                                                                                                                           |        | 0.001       | 0.000      | 0.000      |             | 0.000  | 0.000r          |
| clock core_clock (rise edge)                                                                                                                                                            |        |             |            |            |             | 0      | 0               |
| clock network delay (ideal)                                                                                                                                                             |        |             |            |            |             | 0.000  | 0.000           |
| alu_mod.bus_in_alu_op_7__reg_p:CK (DFFQX1H7L)                                                                                                                                           |        | 0.001       | 0.000      | 0.000      |             | 0.000  | 0.000r          |
| alu_mod.bus_in_alu_op_7__reg_p:Q (DFFQX1H7L)                                                                                                                                            |        | 0.003       | 0.000      | 0.045      |             | 0.098  | 0.098r          |
| alu_mod.bus_in_alu_op_7_ (net)                                                                                                                                                          | 1      |             |            |            | 0.000       |        |                 |
| alu_mod.bus_in_alu_op_7__BUFX16H7L_A:A (BUFX16H7L)                                                                                                                                      |        | 0.003       | 0.000      | 0.045      |             | 0.000  | 0.098r          |
| alu_mod.bus_in_alu_op_7__BUFX16H7L_A:Y (BUFX16H7L)                                                                                                                                      |        | 0.032       | 0.000      | 0.043      |             | 0.051  | 0.149r          |
| alu_mod.bus_in_imm_0__MUX2X3H7L_B_S0 (net)                                                                                                                                              | 14     |             |            |            | 0.000       |        |                 |
| alu_mod.bus_in_imm_3__MUXI2X1P4H7L_B:S0 (MUXI2X1P4H7L)                                                                                                                                  |        | 0.002       | 0.000      | 0.043      |             | 0.000  | 0.149r          |
| alu_mod.bus_in_imm_3__MUXI2X1P4H7L_B:Y (MUXI2X1P4H7L)                                                                                                                                   |        | 0.001       | 0.000      | 0.049      |             | 0.035  | 0.184r          |
| alu_mod.bus_in_imm_3__MUXI2X1P4H7L_B_Y (net)                                                                                                                                            | 1      |             |            |            | 0.000       |        |                 |
| alu_mod.bus_in_imm_3__MUXI2X1P4H7L_B_Y_BUFX5H7L_A:A (BUFX5H7L)                                                                                                                          |        | 0.001       | 0.000      | 0.049      |             | 0.000  | 0.184r          |
| alu_mod.bus_in_imm_3__MUXI2X1P4H7L_B_Y_BUFX5H7L_A:Y (BUFX5H7L)                                                                                                                          |        | 0.013       | 0.000      | 0.052      |             | 0.058  | 0.242r          |
| alu_mod.bus_in_imm_3__MUXI2X1P4H7L_B_Y_BUFX5H7L_A_Y (net)                                                                                                                               | 16     |             |            |            | 0.000       |        |                 |
| ex_ls_bus_alu_out_ls_8__reg_p_D_NOR3X0P5H7L_Y_C_AOI221X0P5H7L_Y_A1_XNOR2X0P5H7L_Y_A_NOR3X0P5H7L_Y_B_AOI211X2H7L_Y_A1_AOI22X0P7H7L_Y_A1_MUX2X1P4H7L_Y_B_AOI21X0P5H7L_Y:A1 (AOI21X0P5H7L) |        | 0.001       | 0.000      | 0.052      |             | 0.000  | 0.242r          |
| ex_ls_bus_alu_out_ls_8__reg_p_D_NOR3X0P5H7L_Y_C_AOI221X0P5H7L_Y_A1_XNOR2X0P5H7L_Y_A_NOR3X0P5H7L_Y_B_AOI211X2H7L_Y_A1_AOI22X0P7H7L_Y_A1_MUX2X1P4H7L_Y_B_AOI21X0P5H7L_Y:Y (AOI21X0P5H7L)  |        | 0.001       | 0.000      | 0.040      |             | 0.031  | 0.273f          |
| ex_ls_bus_alu_out_ls_8__reg_p_D_NOR3X0P5H7L_Y_C_AOI221X0P5H7L_Y_A1_XNOR2X0P5H7L_Y_A_NOR3X0P5H7L_Y_B_AOI211X2H7L_Y_A1_AOI22X0P7H7L_Y_A1_MUX2X1P4H7L_Y_B (net)                            | 1      |             |            |            | 0.000       |        |                 |
| ex_ls_bus_alu_out_ls_8__reg_p_D_NOR3X0P5H7L_Y_C_AOI221X0P5H7L_Y_A1_XNOR2X0P5H7L_Y_A_NOR3X0P5H7L_Y_B_AOI211X2H7L_Y_A1_AOI22X0P7H7L_Y_A1_MUX2X1P4H7L_Y:B (MUX2X1P4H7L)                    |        | 0.001       | 0.000      | 0.040      |             | 0.000  | 0.273f          |
| ex_ls_bus_alu_out_ls_8__reg_p_D_NOR3X0P5H7L_Y_C_AOI221X0P5H7L_Y_A1_XNOR2X0P5H7L_Y_A_NOR3X0P5H7L_Y_B_AOI211X2H7L_Y_A1_AOI22X0P7H7L_Y_A1_MUX2X1P4H7L_Y:Y (MUX2X1P4H7L)                    |        | 0.001       | 0.000      | 0.021      |             | 0.060  | 0.333f          |
| ex_ls_bus_alu_out_ls_8__reg_p_D_NOR3X0P5H7L_Y_C_AOI221X0P5H7L_Y_A1_XNOR2X0P5H7L_Y_A_NOR3X0P5H7L_Y_B_AOI211X2H7L_Y_A1_AOI22X0P7H7L_Y_A1 (net)                                            | 1      |             |            |            | 0.000       |        |                 |
| ex_ls_bus_alu_out_ls_8__reg_p_D_NOR3X0P5H7L_Y_C_AOI221X0P5H7L_Y_A1_XNOR2X0P5H7L_Y_A_NOR3X0P5H7L_Y_B_AOI211X2H7L_Y_A1_AOI22X0P7H7L_Y:A1 (AOI22X0P7H7L)                                   |        | 0.001       | 0.000      | 0.021      |             | 0.000  | 0.333f          |
| ex_ls_bus_alu_out_ls_8__reg_p_D_NOR3X0P5H7L_Y_C_AOI221X0P5H7L_Y_A1_XNOR2X0P5H7L_Y_A_NOR3X0P5H7L_Y_B_AOI211X2H7L_Y_A1_AOI22X0P7H7L_Y:Y (AOI22X0P7H7L)                                    |        | 0.004       | 0.000      | 0.147      |             | 0.096  | 0.429r          |
| ex_ls_bus_alu_out_ls_8__reg_p_D_NOR3X0P5H7L_Y_C_AOI221X0P5H7L_Y_A1_XNOR2X0P5H7L_Y_A_NOR3X0P5H7L_Y_B_AOI211X2H7L_Y_A1 (net)                                                              | 2      |             |            |            | 0.000       |        |                 |
| ex_ls_bus_alu_out_ls_8__reg_p_D_NOR3X0P5H7L_Y_C_AOI221X0P5H7L_Y_A1_XNOR2X0P5H7L_Y_A_NOR3X0P5H7L_Y_B_AOI211X2H7L_Y_A1_AOI21X6H7L_A1:A1 (AOI21X6H7L)                                      |        | 0.003       | 0.000      | 0.147      |             | 0.000  | 0.429r          |
| ex_ls_bus_alu_out_ls_8__reg_p_D_NOR3X0P5H7L_Y_C_AOI221X0P5H7L_Y_A1_XNOR2X0P5H7L_Y_A_NOR3X0P5H7L_Y_B_AOI211X2H7L_Y_A1_AOI21X6H7L_A1:Y (AOI21X6H7L)                                       |        | 0.007       | 0.000      | 0.058      |             | 0.043  | 0.472f          |
| ex_ls_bus_alu_out_ls_4__reg_p_D_AOI21X0P5H7L_Y_A1_AOI22X0P5H7L_Y_B0_XNOR2X0P5H7L_Y_A (net)                                                                                              | 7      |             |            |            | 0.000       |        |                 |
| alu_mod.bus_in_imm_15__MUX2X4H7L_B_Y_OAI211X0P7H7L_A0_Y_AOI211X3H7L_A0_Y_NAND3X1P4H7L_C_Y_OAO211X4H7L_C0:A0 (OAO211X4H7L)                                                               |        | 0.001       | 0.000      | 0.058      |             | 0.000  | 0.472f          |
| alu_mod.bus_in_imm_15__MUX2X4H7L_B_Y_OAI211X0P7H7L_A0_Y_AOI211X3H7L_A0_Y_NAND3X1P4H7L_C_Y_OAO211X4H7L_C0:Y (OAO211X4H7L)                                                                |        | 0.005       | 0.000      | 0.041      |             | 0.107  | 0.579f          |
| ex_ls_bus_alu_out_ls_17__reg_p_D_NOR3X0P5H7L_Y_C_AOI221X0P5H7L_Y_B0_XOR2X0P5H7L_Y_A_NAND2X0P5H7L_Y_B (net)                                                                              | 6      |             |            |            | 0.000       |        |                 |
| ex_ls_bus_alu_out_ls_25__reg_p_D_OA211X1P4H7L_Y_C0_OAI211X1P4H7L_Y_A1_XNOR2X0P5H7L_Y_A_AOI21X0P5H7L_Y_A1_OAI2BB1X0P5H7L_Y_B0_OA211X1P4H7L_C0_Y_OAI2BB1X6H7L_B0:A1N (OAI2BB1X6H7L)       |        | 0.001       | 0.000      | 0.041      |             | 0.000  | 0.579f          |
| ex_ls_bus_alu_out_ls_25__reg_p_D_OA211X1P4H7L_Y_C0_OAI211X1P4H7L_Y_A1_XNOR2X0P5H7L_Y_A_AOI21X0P5H7L_Y_A1_OAI2BB1X0P5H7L_Y_B0_OA211X1P4H7L_C0_Y_OAI2BB1X6H7L_B0:Y (OAI2BB1X6H7L)         |        | 0.005       | 0.000      | 0.029      |             | 0.055  | 0.634f          |
| ex_ls_bus_alu_out_ls_31__reg_p_D_AOAI211X0P5H7L_Y_A0_OAI22X0P5H7L_Y_A0_AOA211X1P4H7L_Y_A1 (net)                                                                                         | 6      |             |            |            | 0.000       |        |                 |
| ex_ls_bus_alu_out_ls_0__reg_p_D_OA31X4H7L_Y_A0_NOR2BX0P5H7L_Z_AN_AO211X4H7L_Y_A0_AO21X4H7L_Y:A1 (AO21X4H7L)                                                                             |        | 0.001       | 0.000      | 0.029      |             | 0.000  | 0.634f          |
| ex_ls_bus_alu_out_ls_0__reg_p_D_OA31X4H7L_Y_A0_NOR2BX0P5H7L_Z_AN_AO211X4H7L_Y_A0_AO21X4H7L_Y:Y (AO21X4H7L)                                                                              |        | 0.003       | 0.000      | 0.030      |             | 0.063  | 0.697f          |
| ex_ls_bus_alu_out_ls_0__reg_p_D_OA31X4H7L_Y_A0_NOR2BX0P5H7L_Z_AN_AO211X4H7L_Y_A0 (net)                                                                                                  | 3      |             |            |            | 0.000       |        |                 |
| ex_ls_bus_alu_out_ls_0__reg_p_D_OA31X4H7L_Y_A0_NOR2BX0P5H7L_Z_AN_AO211X4H7L_Y:A0 (AO211X4H7L)                                                                                           |        | 0.001       | 0.000      | 0.030      |             | 0.000  | 0.697f          |
| ex_ls_bus_alu_out_ls_0__reg_p_D_OA31X4H7L_Y_A0_NOR2BX0P5H7L_Z_AN_AO211X4H7L_Y:Y (AO211X4H7L)                                                                                            |        | 0.003       | 0.000      | 0.036      |             | 0.096  | 0.793f          |
| ex_ls_bus_alu_out_ls_0__reg_p_D_OA31X4H7L_Y_A0_NOR2BX0P5H7L_Z_AN (net)                                                                                                                  | 2      |             |            |            | 0.000       |        |                 |
| ex_ls_bus_alu_out_ls_0__reg_p_D_OA31X4H7L_Y_A2_MUX2X3H7L_Y_S0_XOR2X4H7L_Y:A (XOR2X4H7L)                                                                                                 |        | 0.002       | 0.000      | 0.036      |             | 0.000  | 0.793f          |
| ex_ls_bus_alu_out_ls_0__reg_p_D_OA31X4H7L_Y_A2_MUX2X3H7L_Y_S0_XOR2X4H7L_Y:Y (XOR2X4H7L)                                                                                                 |        | 0.004       | 0.000      | 0.034      |             | 0.062  | 0.855f          |
| ex_ls_bus_alu_out_ls_0__reg_p_D_OA31X4H7L_Y_A2_MUX2X3H7L_Y_S0 (net)                                                                                                                     | 2      |             |            |            | 0.000       |        |                 |
| ex_ls_bus_alu_out_ls_0__reg_p_D_OA31X4H7L_Y_A2_MUX2X3H7L_Y:S0 (MUX2X3H7L)                                                                                                               |        | 0.002       | 0.000      | 0.034      |             | 0.000  | 0.855f          |
| ex_ls_bus_alu_out_ls_0__reg_p_D_OA31X4H7L_Y_A2_MUX2X3H7L_Y:Y (MUX2X3H7L)                                                                                                                |        | 0.001       | 0.000      | 0.024      |             | 0.051  | 0.905f          |
| ex_ls_bus_alu_out_ls_0__reg_p_D_OA31X4H7L_Y_A2 (net)                                                                                                                                    | 1      |             |            |            | 0.000       |        |                 |
| ex_ls_bus_alu_out_ls_0__reg_p_D_OA31X4H7L_Y:A2 (OA31X4H7L)                                                                                                                              |        | 0.001       | 0.000      | 0.024      |             | 0.000  | 0.905f          |
| ex_ls_bus_alu_out_ls_0__reg_p_D_OA31X4H7L_Y:Y (OA31X4H7L)                                                                                                                               |        | 0.001       | 0.000      | 0.031      |             | 0.081  | 0.986f          |
| ex_ls_bus_alu_out_ls_0__reg_p_D (net)                                                                                                                                                   | 1      |             |            |            | 0.000       |        |                 |
| ex_ls_bus_alu_out_ls_0__reg_p:D (DFFQX1H7L)                                                                                                                                             |        | 0.001       | 0.000      | 0.031      |             | 0.000  | 0.986f          |
|                                                                                                                                                                                         |        |             |            |            |             |        |                 |
| clock (port)                                                                                                                                                                            |        | 0.568       | 0.000      | 0.000      |             | 0.000  | 0.000r          |
| clock (clock net)                                                                                                                                                                       | 688    |             |            |            | NA          |        |                 |
| ex_ls_bus_alu_out_ls_0__reg_p:CK (DFFQX1H7L)                                                                                                                                            |        | 0.001       | 0.000      | 0.000      |             | 0.000  | 0.000r          |
| clock core_clock (rise edge)                                                                                                                                                            |        |             |            |            |             | 1.769  | 1.769           |
| clock network delay (ideal)                                                                                                                                                             |        |             |            |            |             | 0.000  | 1.769           |
| ex_ls_bus_alu_out_ls_0__reg_p:CK (DFFQX1H7L)                                                                                                                                            |        |             |            |            |             |        | 1.769r          |
| library setup time                                                                                                                                                                      |        |             |            |            |             | -0.046 | 1.723           |
| clock reconvergence pessimism                                                                                                                                                           |        |             |            |            |             | 0.000  | 1.723           |
|                                                                                                                                                                                         |        |             |            |            |             |        |                 |
| path cell delay                                                                                                                                                                         |        |             |            |            |             |        | 0.986(100.000%) |
| path net delay                                                                                                                                                                          |        |             |            |            |             |        | 0.000(0.000%)   |
|                                                                                                                                                                                         |        |             |            |            |             |        |                 |
| data require time                                                                                                                                                                       |        |             |            |            |             |        | 1.723           |
| data arrival time                                                                                                                                                                       |        |             |            |            |             |        | 0.986           |
| slack (MET)                                                                                                                                                                             |        |             |            |            |             |        | 0.737           |
+-----------------------------------------------------------------------------------------------------------------------------------------------------------------------------------------+--------+-------------+------------+------------+-------------+--------+-----------------+
+-------------------------------------------------------------------------------------------------------------+--------+-------------+------------+------------+-------------+--------+-----------------+
| Point                                                                                                       | Fanout | Capacitance | Resistance | Transition | Delta Delay | Incr   | Path            |
+-------------------------------------------------------------------------------------------------------------+--------+-------------+------------+------------+-------------+--------+-----------------+
| clock (port)                                                                                                |        | 0.724       | 0.000      | 0.000      |             | 0.000  | 0.000r          |
| clock (clock net)                                                                                           | 688    |             |            |            | NA          |        |                 |
| arbiter_mod.read_busy_reg_p_CK_ICGX0P5H7L_ECK:CK (ICGX0P5H7L)                                               |        | 0.002       | 0.000      | 0.000      |             | 0.000  | 0.000r          |
| arbiter_mod.read_busy_reg_p_CK_ICGX0P5H7L_ECK:ECK (ICGX0P5H7L)                                              |        | 0.001       | 0.000      | 0.000      |             | 0.000  | 0.000r          |
| arbiter_mod.read_busy_reg_p_CK (clock net)                                                                  | 1      |             |            |            | NA          |        |                 |
| arbiter_mod.read_busy_reg_p:CK (DFFQX1H7L)                                                                  |        | 0.001       | 0.000      | 0.000      |             | 0.000  | 0.000r          |
| clock core_clock (rise edge)                                                                                |        |             |            |            |             | 0      | 0               |
| clock network delay (ideal)                                                                                 |        |             |            |            |             | 0.000  | 0.000           |
| arbiter_mod.read_busy_reg_p:CK (DFFQX1H7L)                                                                  |        | 0.001       | 0.000      | 0.000      |             | 0.000  | 0.000r          |
| arbiter_mod.read_busy_reg_p:Q (DFFQX1H7L)                                                                   |        | 0.001       | 0.000      | 0.023      |             | 0.082  | 0.082r          |
| arbiter_mod.read_busy (net)                                                                                 | 1      |             |            |            | 0.000       |        |                 |
| arbiter_mod.read_busy_BUFX3P5H7L_A:A (BUFX3P5H7L)                                                           |        | 0.001       | 0.000      | 0.023      |             | 0.000  | 0.082r          |
| arbiter_mod.read_busy_BUFX3P5H7L_A:Y (BUFX3P5H7L)                                                           |        | 0.010       | 0.000      | 0.055      |             | 0.054  | 0.136r          |
| io_master_arready_NOR2BX1H7L_AN_B (net)                                                                     | 11     |             |            |            | 0.000       |        |                 |
| arbiter_mod.read_select_NOR2BX3H7L_B:AN (NOR2BX3H7L)                                                        |        | 0.001       | 0.000      | 0.055      |             | 0.000  | 0.136r          |
| arbiter_mod.read_select_NOR2BX3H7L_B:Z (NOR2BX3H7L)                                                         |        | 0.005       | 0.000      | 0.073      |             | 0.076  | 0.212r          |
| io_master_rvalid_NAND4BX2H7L_D_B (net)                                                                      | 6      |             |            |            | 0.000       |        |                 |
| io_master_rvalid_NAND4BX2H7L_D:B (NAND4BX2H7L)                                                              |        | 0.001       | 0.000      | 0.073      |             | 0.000  | 0.212r          |
| io_master_rvalid_NAND4BX2H7L_D:Y (NAND4BX2H7L)                                                              |        | 0.008       | 0.000      | 0.146      |             | 0.104  | 0.316f          |
| io_master_rvalid_NAND4BX2H7L_D_Y (net)                                                                      | 10     |             |            |            | 0.000       |        |                 |
| lsu_mod.lsu_w_3__OA211X1P4H7L_A0_B0_NAND2X1P4H7L_Y:B (NAND2X1P4H7L)                                         |        | 0.001       | 0.000      | 0.146      |             | 0.000  | 0.316f          |
| lsu_mod.lsu_w_3__OA211X1P4H7L_A0_B0_NAND2X1P4H7L_Y:Y (NAND2X1P4H7L)                                         |        | 0.002       | 0.000      | 0.056      |             | 0.048  | 0.364r          |
| lsu_mod.lsu_w_3__OA211X1P4H7L_A0_B0 (net)                                                                   | 2      |             |            |            | 0.000       |        |                 |
| lsu_mod.lsu_w_3__OA211X1P4H7L_A0:B0 (OA211X1P4H7L)                                                          |        | 0.001       | 0.000      | 0.056      |             | 0.000  | 0.364r          |
| lsu_mod.lsu_w_3__OA211X1P4H7L_A0:Y (OA211X1P4H7L)                                                           |        | 0.001       | 0.000      | 0.028      |             | 0.056  | 0.420r          |
| lsu_mod.lsu_w_3__OA211X1P4H7L_A0_Y (net)                                                                    | 1      |             |            |            | 0.000       |        |                 |
| lsu_mod.lsu_w_3__OA211X1P4H7L_A0_Y_BUFX5H7L_A:A (BUFX5H7L)                                                  |        | 0.001       | 0.000      | 0.028      |             | 0.000  | 0.420r          |
| lsu_mod.lsu_w_3__OA211X1P4H7L_A0_Y_BUFX5H7L_A:Y (BUFX5H7L)                                                  |        | 0.010       | 0.000      | 0.042      |             | 0.048  | 0.468r          |
| alu_mod.bus_in_lsu_re_NAND3X0P5H7L_B_C (net)                                                                | 12     |             |            |            | 0.000       |        |                 |
| alu_mod.valid_left_NAND2X1P4H7L_A:B (NAND2X1P4H7L)                                                          |        | 0.001       | 0.000      | 0.042      |             | 0.000  | 0.468r          |
| alu_mod.valid_left_NAND2X1P4H7L_A:Y (NAND2X1P4H7L)                                                          |        | 0.001       | 0.000      | 0.030      |             | 0.023  | 0.490f          |
| alu_mod.valid_left_NAND2X1P4H7L_A_Y (net)                                                                   | 1      |             |            |            | 0.000       |        |                 |
| alu_mod.valid_left_NAND2X1P4H7L_A_Y_BUFX5H7L_A:A (BUFX5H7L)                                                 |        | 0.001       | 0.000      | 0.030      |             | 0.000  | 0.490f          |
| alu_mod.valid_left_NAND2X1P4H7L_A_Y_BUFX5H7L_A:Y (BUFX5H7L)                                                 |        | 0.020       | 0.000      | 0.049      |             | 0.063  | 0.553f          |
| csr_mod.oper_0__OA21X0P7H7L_A0_B0_NOR2X6H7L_Y_B (net)                                                       | 22     |             |            |            | 0.000       |        |                 |
| csr_mod.oper_0__OA21X0P7H7L_A0_B0_NOR2X6H7L_Y:B (NOR2X6H7L)                                                 |        | 0.004       | 0.000      | 0.049      |             | 0.000  | 0.553f          |
| csr_mod.oper_0__OA21X0P7H7L_A0_B0_NOR2X6H7L_Y:Y (NOR2X6H7L)                                                 |        | 0.005       | 0.000      | 0.044      |             | 0.039  | 0.593r          |
| csr_mod.oper_0__OA21X0P7H7L_A0_B0 (net)                                                                     | 5      |             |            |            | 0.000       |        |                 |
| csr_mod.oper_1__NAND2X3H7L_A:B (NAND2X3H7L)                                                                 |        | 0.002       | 0.000      | 0.044      |             | 0.000  | 0.593r          |
| csr_mod.oper_1__NAND2X3H7L_A:Y (NAND2X3H7L)                                                                 |        | 0.004       | 0.000      | 0.036      |             | 0.031  | 0.623f          |
| csr_mod.oper_0__NOR2BX2H7L_AN_B (net)                                                                       | 5      |             |            |            | 0.000       |        |                 |
| csr_mod.oper_0__NOR2BX2H7L_AN:B (NOR2BX2H7L)                                                                |        | 0.001       | 0.000      | 0.036      |             | 0.000  | 0.623f          |
| csr_mod.oper_0__NOR2BX2H7L_AN:Z (NOR2BX2H7L)                                                                |        | 0.008       | 0.000      | 0.146      |             | 0.094  | 0.717r          |
| csr_mod.oper_0__NOR2BX2H7L_AN_Z (net)                                                                       | 10     |             |            |            | 0.000       |        |                 |
| csr_mod.oper_0__NOR2BX2H7L_AN_Z_NOR2BX1P4H7L_AN:AN (NOR2BX1P4H7L)                                           |        | 0.001       | 0.000      | 0.146      |             | 0.000  | 0.717r          |
| csr_mod.oper_0__NOR2BX2H7L_AN_Z_NOR2BX1P4H7L_AN:Z (NOR2BX1P4H7L)                                            |        | 0.001       | 0.000      | 0.058      |             | 0.058  | 0.776r          |
| csr_mod.oper_0__NOR2BX2H7L_AN_Z_NOR2BX1P4H7L_AN_Z (net)                                                     | 1      |             |            |            | 0.000       |        |                 |
| csr_mod.oper_0__NOR2BX2H7L_AN_Z_NOR2BX1P4H7L_AN_Z_BUFX5H7L_A:A (BUFX5H7L)                                   |        | 0.001       | 0.000      | 0.058      |             | 0.000  | 0.776r          |
| csr_mod.oper_0__NOR2BX2H7L_AN_Z_NOR2BX1P4H7L_AN_Z_BUFX5H7L_A:Y (BUFX5H7L)                                   |        | 0.018       | 0.000      | 0.072      |             | 0.071  | 0.847r          |
| csr_mod.oper_0__NOR2BX2H7L_AN_Z_NOR2BX1P4H7L_AN_Z_BUFX5H7L_A_Y (net)                                        | 23     |             |            |            | 0.000       |        |                 |
| csr_mod.regs[6]_31__AOI22X0P5H7L_A0_Y_NAND2X0P5H7L_B_Y_AOAI211X0P5H7L_A1_C0_NAND2X0P5H7L_Y:B (NAND2X0P5H7L) |        | 0.001       | 0.000      | 0.072      |             | 0.000  | 0.847r          |
| csr_mod.regs[6]_31__AOI22X0P5H7L_A0_Y_NAND2X0P5H7L_B_Y_AOAI211X0P5H7L_A1_C0_NAND2X0P5H7L_Y:Y (NAND2X0P5H7L) |        | 0.001       | 0.000      | 0.038      |             | 0.029  | 0.876f          |
| csr_mod.regs[6]_31__AOI22X0P5H7L_A0_Y_NAND2X0P5H7L_B_Y_AOAI211X0P5H7L_A1_C0 (net)                           | 1      |             |            |            | 0.000       |        |                 |
| csr_mod.regs[6]_31__AOI22X0P5H7L_A0_Y_NAND2X0P5H7L_B_Y_AOAI211X0P5H7L_A1:C0 (AOAI211X0P5H7L)                |        | 0.001       | 0.000      | 0.038      |             | 0.000  | 0.876f          |
| csr_mod.regs[6]_31__AOI22X0P5H7L_A0_Y_NAND2X0P5H7L_B_Y_AOAI211X0P5H7L_A1:Y (AOAI211X0P5H7L)                 |        | 0.005       | 0.000      | 0.192      |             | 0.064  | 0.940r          |
| csr_mod.regs[6]_31__reg_p_D_NOR2X0P5H7L_Y_A (net)                                                           | 7      |             |            |            | 0.000       |        |                 |
| csr_mod.regs[1]_31__reg_p_D_OAI21X0P5H7L_Y:A1 (OAI21X0P5H7L)                                                |        | 0.001       | 0.000      | 0.192      |             | 0.000  | 0.940r          |
| csr_mod.regs[1]_31__reg_p_D_OAI21X0P5H7L_Y:Y (OAI21X0P5H7L)                                                 |        | 0.001       | 0.000      | 0.050      |             | 0.040  | 0.980f          |
| csr_mod.regs[1]_31__reg_p_D (net)                                                                           | 1      |             |            |            | 0.000       |        |                 |
| csr_mod.regs[1]_31__reg_p:D (DFFQX1H7L)                                                                     |        | 0.001       | 0.000      | 0.050      |             | 0.000  | 0.980f          |
|                                                                                                             |        |             |            |            |             |        |                 |
| clock (port)                                                                                                |        | 0.568       | 0.000      | 0.000      |             | 0.000  | 0.000r          |
| clock (clock net)                                                                                           | 688    |             |            |            | NA          |        |                 |
| csr_mod.cause_0__AOI21X0P5H7L_A0_Y_NAND2X0P5H7L_B_1_Y_ICGX0P5H7L_E:CK (ICGX0P5H7L)                          |        | 0.002       | 0.000      | 0.000      |             | 0.000  | 0.000r          |
| csr_mod.cause_0__AOI21X0P5H7L_A0_Y_NAND2X0P5H7L_B_1_Y_ICGX0P5H7L_E:ECK (ICGX0P5H7L)                         |        | 0.025       | 0.000      | 0.000      |             | 0.000  | 0.000r          |
| csr_mod.regs[1]_9__reg_p_CK (clock net)                                                                     | 32     |             |            |            | NA          |        |                 |
| csr_mod.regs[1]_31__reg_p:CK (DFFQX1H7L)                                                                    |        | 0.001       | 0.000      | 0.000      |             | 0.000  | 0.000r          |
| clock core_clock (rise edge)                                                                                |        |             |            |            |             | 1.769  | 1.769           |
| clock network delay (ideal)                                                                                 |        |             |            |            |             | 0.000  | 1.769           |
| csr_mod.regs[1]_31__reg_p:CK (DFFQX1H7L)                                                                    |        |             |            |            |             |        | 1.769r          |
| library setup time                                                                                          |        |             |            |            |             | -0.050 | 1.719           |
| clock reconvergence pessimism                                                                               |        |             |            |            |             | 0.000  | 1.719           |
|                                                                                                             |        |             |            |            |             |        |                 |
| path cell delay                                                                                             |        |             |            |            |             |        | 0.980(100.000%) |
| path net delay                                                                                              |        |             |            |            |             |        | 0.000(0.000%)   |
|                                                                                                             |        |             |            |            |             |        |                 |
| data require time                                                                                           |        |             |            |            |             |        | 1.719           |
| data arrival time                                                                                           |        |             |            |            |             |        | 0.980           |
| slack (MET)                                                                                                 |        |             |            |            |             |        | 0.739           |
+-------------------------------------------------------------------------------------------------------------+--------+-------------+------------+------------+-------------+--------+-----------------+
+-------------------------------------------------------------------------------------------------------------+--------+-------------+------------+------------+-------------+--------+-----------------+
| Point                                                                                                       | Fanout | Capacitance | Resistance | Transition | Delta Delay | Incr   | Path            |
+-------------------------------------------------------------------------------------------------------------+--------+-------------+------------+------------+-------------+--------+-----------------+
| clock (port)                                                                                                |        | 0.724       | 0.000      | 0.000      |             | 0.000  | 0.000r          |
| clock (clock net)                                                                                           | 688    |             |            |            | NA          |        |                 |
| arbiter_mod.read_busy_reg_p_CK_ICGX0P5H7L_ECK:CK (ICGX0P5H7L)                                               |        | 0.002       | 0.000      | 0.000      |             | 0.000  | 0.000r          |
| arbiter_mod.read_busy_reg_p_CK_ICGX0P5H7L_ECK:ECK (ICGX0P5H7L)                                              |        | 0.001       | 0.000      | 0.000      |             | 0.000  | 0.000r          |
| arbiter_mod.read_busy_reg_p_CK (clock net)                                                                  | 1      |             |            |            | NA          |        |                 |
| arbiter_mod.read_busy_reg_p:CK (DFFQX1H7L)                                                                  |        | 0.001       | 0.000      | 0.000      |             | 0.000  | 0.000r          |
| clock core_clock (rise edge)                                                                                |        |             |            |            |             | 0      | 0               |
| clock network delay (ideal)                                                                                 |        |             |            |            |             | 0.000  | 0.000           |
| arbiter_mod.read_busy_reg_p:CK (DFFQX1H7L)                                                                  |        | 0.001       | 0.000      | 0.000      |             | 0.000  | 0.000r          |
| arbiter_mod.read_busy_reg_p:Q (DFFQX1H7L)                                                                   |        | 0.001       | 0.000      | 0.023      |             | 0.082  | 0.082r          |
| arbiter_mod.read_busy (net)                                                                                 | 1      |             |            |            | 0.000       |        |                 |
| arbiter_mod.read_busy_BUFX3P5H7L_A:A (BUFX3P5H7L)                                                           |        | 0.001       | 0.000      | 0.023      |             | 0.000  | 0.082r          |
| arbiter_mod.read_busy_BUFX3P5H7L_A:Y (BUFX3P5H7L)                                                           |        | 0.010       | 0.000      | 0.055      |             | 0.054  | 0.136r          |
| io_master_arready_NOR2BX1H7L_AN_B (net)                                                                     | 11     |             |            |            | 0.000       |        |                 |
| arbiter_mod.read_select_NOR2BX3H7L_B:AN (NOR2BX3H7L)                                                        |        | 0.001       | 0.000      | 0.055      |             | 0.000  | 0.136r          |
| arbiter_mod.read_select_NOR2BX3H7L_B:Z (NOR2BX3H7L)                                                         |        | 0.005       | 0.000      | 0.073      |             | 0.076  | 0.212r          |
| io_master_rvalid_NAND4BX2H7L_D_B (net)                                                                      | 6      |             |            |            | 0.000       |        |                 |
| io_master_rvalid_NAND4BX2H7L_D:B (NAND4BX2H7L)                                                              |        | 0.001       | 0.000      | 0.073      |             | 0.000  | 0.212r          |
| io_master_rvalid_NAND4BX2H7L_D:Y (NAND4BX2H7L)                                                              |        | 0.008       | 0.000      | 0.146      |             | 0.104  | 0.316f          |
| io_master_rvalid_NAND4BX2H7L_D_Y (net)                                                                      | 10     |             |            |            | 0.000       |        |                 |
| lsu_mod.lsu_w_3__OA211X1P4H7L_A0_B0_NAND2X1P4H7L_Y:B (NAND2X1P4H7L)                                         |        | 0.001       | 0.000      | 0.146      |             | 0.000  | 0.316f          |
| lsu_mod.lsu_w_3__OA211X1P4H7L_A0_B0_NAND2X1P4H7L_Y:Y (NAND2X1P4H7L)                                         |        | 0.002       | 0.000      | 0.056      |             | 0.048  | 0.364r          |
| lsu_mod.lsu_w_3__OA211X1P4H7L_A0_B0 (net)                                                                   | 2      |             |            |            | 0.000       |        |                 |
| lsu_mod.lsu_w_3__OA211X1P4H7L_A0:B0 (OA211X1P4H7L)                                                          |        | 0.001       | 0.000      | 0.056      |             | 0.000  | 0.364r          |
| lsu_mod.lsu_w_3__OA211X1P4H7L_A0:Y (OA211X1P4H7L)                                                           |        | 0.001       | 0.000      | 0.028      |             | 0.056  | 0.420r          |
| lsu_mod.lsu_w_3__OA211X1P4H7L_A0_Y (net)                                                                    | 1      |             |            |            | 0.000       |        |                 |
| lsu_mod.lsu_w_3__OA211X1P4H7L_A0_Y_BUFX5H7L_A:A (BUFX5H7L)                                                  |        | 0.001       | 0.000      | 0.028      |             | 0.000  | 0.420r          |
| lsu_mod.lsu_w_3__OA211X1P4H7L_A0_Y_BUFX5H7L_A:Y (BUFX5H7L)                                                  |        | 0.010       | 0.000      | 0.042      |             | 0.048  | 0.468r          |
| alu_mod.bus_in_lsu_re_NAND3X0P5H7L_B_C (net)                                                                | 12     |             |            |            | 0.000       |        |                 |
| alu_mod.valid_left_NAND2X1P4H7L_A:B (NAND2X1P4H7L)                                                          |        | 0.001       | 0.000      | 0.042      |             | 0.000  | 0.468r          |
| alu_mod.valid_left_NAND2X1P4H7L_A:Y (NAND2X1P4H7L)                                                          |        | 0.001       | 0.000      | 0.030      |             | 0.023  | 0.490f          |
| alu_mod.valid_left_NAND2X1P4H7L_A_Y (net)                                                                   | 1      |             |            |            | 0.000       |        |                 |
| alu_mod.valid_left_NAND2X1P4H7L_A_Y_BUFX5H7L_A:A (BUFX5H7L)                                                 |        | 0.001       | 0.000      | 0.030      |             | 0.000  | 0.490f          |
| alu_mod.valid_left_NAND2X1P4H7L_A_Y_BUFX5H7L_A:Y (BUFX5H7L)                                                 |        | 0.020       | 0.000      | 0.049      |             | 0.063  | 0.553f          |
| csr_mod.oper_0__OA21X0P7H7L_A0_B0_NOR2X6H7L_Y_B (net)                                                       | 22     |             |            |            | 0.000       |        |                 |
| csr_mod.oper_0__OA21X0P7H7L_A0_B0_NOR2X6H7L_Y:B (NOR2X6H7L)                                                 |        | 0.004       | 0.000      | 0.049      |             | 0.000  | 0.553f          |
| csr_mod.oper_0__OA21X0P7H7L_A0_B0_NOR2X6H7L_Y:Y (NOR2X6H7L)                                                 |        | 0.005       | 0.000      | 0.044      |             | 0.039  | 0.593r          |
| csr_mod.oper_0__OA21X0P7H7L_A0_B0 (net)                                                                     | 5      |             |            |            | 0.000       |        |                 |
| csr_mod.oper_1__NAND2X3H7L_A:B (NAND2X3H7L)                                                                 |        | 0.002       | 0.000      | 0.044      |             | 0.000  | 0.593r          |
| csr_mod.oper_1__NAND2X3H7L_A:Y (NAND2X3H7L)                                                                 |        | 0.004       | 0.000      | 0.036      |             | 0.031  | 0.623f          |
| csr_mod.oper_0__NOR2BX2H7L_AN_B (net)                                                                       | 5      |             |            |            | 0.000       |        |                 |
| csr_mod.oper_0__NOR2BX2H7L_AN:B (NOR2BX2H7L)                                                                |        | 0.001       | 0.000      | 0.036      |             | 0.000  | 0.623f          |
| csr_mod.oper_0__NOR2BX2H7L_AN:Z (NOR2BX2H7L)                                                                |        | 0.008       | 0.000      | 0.146      |             | 0.094  | 0.717r          |
| csr_mod.oper_0__NOR2BX2H7L_AN_Z (net)                                                                       | 10     |             |            |            | 0.000       |        |                 |
| csr_mod.oper_0__NOR2BX2H7L_AN_Z_NOR2BX1P4H7L_AN:AN (NOR2BX1P4H7L)                                           |        | 0.001       | 0.000      | 0.146      |             | 0.000  | 0.717r          |
| csr_mod.oper_0__NOR2BX2H7L_AN_Z_NOR2BX1P4H7L_AN:Z (NOR2BX1P4H7L)                                            |        | 0.001       | 0.000      | 0.058      |             | 0.058  | 0.776r          |
| csr_mod.oper_0__NOR2BX2H7L_AN_Z_NOR2BX1P4H7L_AN_Z (net)                                                     | 1      |             |            |            | 0.000       |        |                 |
| csr_mod.oper_0__NOR2BX2H7L_AN_Z_NOR2BX1P4H7L_AN_Z_BUFX5H7L_A:A (BUFX5H7L)                                   |        | 0.001       | 0.000      | 0.058      |             | 0.000  | 0.776r          |
| csr_mod.oper_0__NOR2BX2H7L_AN_Z_NOR2BX1P4H7L_AN_Z_BUFX5H7L_A:Y (BUFX5H7L)                                   |        | 0.018       | 0.000      | 0.072      |             | 0.071  | 0.847r          |
| csr_mod.oper_0__NOR2BX2H7L_AN_Z_NOR2BX1P4H7L_AN_Z_BUFX5H7L_A_Y (net)                                        | 23     |             |            |            | 0.000       |        |                 |
| csr_mod.regs[6]_26__NAND2X0P5H7L_A_Y_OAI21X0P5H7L_B0_Y_AOAI211X0P5H7L_A1_C0_NAND2X0P5H7L_Y:B (NAND2X0P5H7L) |        | 0.001       | 0.000      | 0.072      |             | 0.000  | 0.847r          |
| csr_mod.regs[6]_26__NAND2X0P5H7L_A_Y_OAI21X0P5H7L_B0_Y_AOAI211X0P5H7L_A1_C0_NAND2X0P5H7L_Y:Y (NAND2X0P5H7L) |        | 0.001       | 0.000      | 0.036      |             | 0.029  | 0.876f          |
| csr_mod.regs[6]_26__NAND2X0P5H7L_A_Y_OAI21X0P5H7L_B0_Y_AOAI211X0P5H7L_A1_C0 (net)                           | 1      |             |            |            | 0.000       |        |                 |
| csr_mod.regs[6]_26__NAND2X0P5H7L_A_Y_OAI21X0P5H7L_B0_Y_AOAI211X0P5H7L_A1:C0 (AOAI211X0P5H7L)                |        | 0.001       | 0.000      | 0.036      |             | 0.000  | 0.876f          |
| csr_mod.regs[6]_26__NAND2X0P5H7L_A_Y_OAI21X0P5H7L_B0_Y_AOAI211X0P5H7L_A1:Y (AOAI211X0P5H7L)                 |        | 0.005       | 0.000      | 0.187      |             | 0.062  | 0.938r          |
| csr_mod.regs[0]_26__reg_p_D_NOR2X0P5H7L_Y_A (net)                                                           | 7      |             |            |            | 0.000       |        |                 |
| csr_mod.regs[1]_26__reg_p_D_OAI21X0P5H7L_Y:A1 (OAI21X0P5H7L)                                                |        | 0.001       | 0.000      | 0.187      |             | 0.000  | 0.938r          |
| csr_mod.regs[1]_26__reg_p_D_OAI21X0P5H7L_Y:Y (OAI21X0P5H7L)                                                 |        | 0.001       | 0.000      | 0.049      |             | 0.040  | 0.978f          |
| csr_mod.regs[1]_26__reg_p_D (net)                                                                           | 1      |             |            |            | 0.000       |        |                 |
| csr_mod.regs[1]_26__reg_p:D (DFFQX1H7L)                                                                     |        | 0.001       | 0.000      | 0.049      |             | 0.000  | 0.978f          |
|                                                                                                             |        |             |            |            |             |        |                 |
| clock (port)                                                                                                |        | 0.568       | 0.000      | 0.000      |             | 0.000  | 0.000r          |
| clock (clock net)                                                                                           | 688    |             |            |            | NA          |        |                 |
| csr_mod.cause_0__AOI21X0P5H7L_A0_Y_NAND2X0P5H7L_B_1_Y_ICGX0P5H7L_E:CK (ICGX0P5H7L)                          |        | 0.002       | 0.000      | 0.000      |             | 0.000  | 0.000r          |
| csr_mod.cause_0__AOI21X0P5H7L_A0_Y_NAND2X0P5H7L_B_1_Y_ICGX0P5H7L_E:ECK (ICGX0P5H7L)                         |        | 0.025       | 0.000      | 0.000      |             | 0.000  | 0.000r          |
| csr_mod.regs[1]_9__reg_p_CK (clock net)                                                                     | 32     |             |            |            | NA          |        |                 |
| csr_mod.regs[1]_26__reg_p:CK (DFFQX1H7L)                                                                    |        | 0.001       | 0.000      | 0.000      |             | 0.000  | 0.000r          |
| clock core_clock (rise edge)                                                                                |        |             |            |            |             | 1.769  | 1.769           |
| clock network delay (ideal)                                                                                 |        |             |            |            |             | 0.000  | 1.769           |
| csr_mod.regs[1]_26__reg_p:CK (DFFQX1H7L)                                                                    |        |             |            |            |             |        | 1.769r          |
| library setup time                                                                                          |        |             |            |            |             | -0.049 | 1.720           |
| clock reconvergence pessimism                                                                               |        |             |            |            |             | 0.000  | 1.720           |
|                                                                                                             |        |             |            |            |             |        |                 |
| path cell delay                                                                                             |        |             |            |            |             |        | 0.978(100.000%) |
| path net delay                                                                                              |        |             |            |            |             |        | 0.000(0.000%)   |
|                                                                                                             |        |             |            |            |             |        |                 |
| data require time                                                                                           |        |             |            |            |             |        | 1.720           |
| data arrival time                                                                                           |        |             |            |            |             |        | 0.978           |
| slack (MET)                                                                                                 |        |             |            |            |             |        | 0.742           |
+-------------------------------------------------------------------------------------------------------------+--------+-------------+------------+------------+-------------+--------+-----------------+
+-------------------------------------------------------------------------------------------------------------+--------+-------------+------------+------------+-------------+--------+-----------------+
| Point                                                                                                       | Fanout | Capacitance | Resistance | Transition | Delta Delay | Incr   | Path            |
+-------------------------------------------------------------------------------------------------------------+--------+-------------+------------+------------+-------------+--------+-----------------+
| clock (port)                                                                                                |        | 0.724       | 0.000      | 0.000      |             | 0.000  | 0.000r          |
| clock (clock net)                                                                                           | 688    |             |            |            | NA          |        |                 |
| arbiter_mod.read_busy_reg_p_CK_ICGX0P5H7L_ECK:CK (ICGX0P5H7L)                                               |        | 0.002       | 0.000      | 0.000      |             | 0.000  | 0.000r          |
| arbiter_mod.read_busy_reg_p_CK_ICGX0P5H7L_ECK:ECK (ICGX0P5H7L)                                              |        | 0.001       | 0.000      | 0.000      |             | 0.000  | 0.000r          |
| arbiter_mod.read_busy_reg_p_CK (clock net)                                                                  | 1      |             |            |            | NA          |        |                 |
| arbiter_mod.read_busy_reg_p:CK (DFFQX1H7L)                                                                  |        | 0.001       | 0.000      | 0.000      |             | 0.000  | 0.000r          |
| clock core_clock (rise edge)                                                                                |        |             |            |            |             | 0      | 0               |
| clock network delay (ideal)                                                                                 |        |             |            |            |             | 0.000  | 0.000           |
| arbiter_mod.read_busy_reg_p:CK (DFFQX1H7L)                                                                  |        | 0.001       | 0.000      | 0.000      |             | 0.000  | 0.000r          |
| arbiter_mod.read_busy_reg_p:Q (DFFQX1H7L)                                                                   |        | 0.001       | 0.000      | 0.023      |             | 0.082  | 0.082r          |
| arbiter_mod.read_busy (net)                                                                                 | 1      |             |            |            | 0.000       |        |                 |
| arbiter_mod.read_busy_BUFX3P5H7L_A:A (BUFX3P5H7L)                                                           |        | 0.001       | 0.000      | 0.023      |             | 0.000  | 0.082r          |
| arbiter_mod.read_busy_BUFX3P5H7L_A:Y (BUFX3P5H7L)                                                           |        | 0.010       | 0.000      | 0.055      |             | 0.054  | 0.136r          |
| io_master_arready_NOR2BX1H7L_AN_B (net)                                                                     | 11     |             |            |            | 0.000       |        |                 |
| arbiter_mod.read_select_NOR2BX3H7L_B:AN (NOR2BX3H7L)                                                        |        | 0.001       | 0.000      | 0.055      |             | 0.000  | 0.136r          |
| arbiter_mod.read_select_NOR2BX3H7L_B:Z (NOR2BX3H7L)                                                         |        | 0.005       | 0.000      | 0.073      |             | 0.076  | 0.212r          |
| io_master_rvalid_NAND4BX2H7L_D_B (net)                                                                      | 6      |             |            |            | 0.000       |        |                 |
| io_master_rvalid_NAND4BX2H7L_D:B (NAND4BX2H7L)                                                              |        | 0.001       | 0.000      | 0.073      |             | 0.000  | 0.212r          |
| io_master_rvalid_NAND4BX2H7L_D:Y (NAND4BX2H7L)                                                              |        | 0.008       | 0.000      | 0.146      |             | 0.104  | 0.316f          |
| io_master_rvalid_NAND4BX2H7L_D_Y (net)                                                                      | 10     |             |            |            | 0.000       |        |                 |
| lsu_mod.lsu_w_3__OA211X1P4H7L_A0_B0_NAND2X1P4H7L_Y:B (NAND2X1P4H7L)                                         |        | 0.001       | 0.000      | 0.146      |             | 0.000  | 0.316f          |
| lsu_mod.lsu_w_3__OA211X1P4H7L_A0_B0_NAND2X1P4H7L_Y:Y (NAND2X1P4H7L)                                         |        | 0.002       | 0.000      | 0.056      |             | 0.048  | 0.364r          |
| lsu_mod.lsu_w_3__OA211X1P4H7L_A0_B0 (net)                                                                   | 2      |             |            |            | 0.000       |        |                 |
| lsu_mod.lsu_w_3__OA211X1P4H7L_A0:B0 (OA211X1P4H7L)                                                          |        | 0.001       | 0.000      | 0.056      |             | 0.000  | 0.364r          |
| lsu_mod.lsu_w_3__OA211X1P4H7L_A0:Y (OA211X1P4H7L)                                                           |        | 0.001       | 0.000      | 0.028      |             | 0.056  | 0.420r          |
| lsu_mod.lsu_w_3__OA211X1P4H7L_A0_Y (net)                                                                    | 1      |             |            |            | 0.000       |        |                 |
| lsu_mod.lsu_w_3__OA211X1P4H7L_A0_Y_BUFX5H7L_A:A (BUFX5H7L)                                                  |        | 0.001       | 0.000      | 0.028      |             | 0.000  | 0.420r          |
| lsu_mod.lsu_w_3__OA211X1P4H7L_A0_Y_BUFX5H7L_A:Y (BUFX5H7L)                                                  |        | 0.010       | 0.000      | 0.042      |             | 0.048  | 0.468r          |
| alu_mod.bus_in_lsu_re_NAND3X0P5H7L_B_C (net)                                                                | 12     |             |            |            | 0.000       |        |                 |
| alu_mod.valid_left_NAND2X1P4H7L_A:B (NAND2X1P4H7L)                                                          |        | 0.001       | 0.000      | 0.042      |             | 0.000  | 0.468r          |
| alu_mod.valid_left_NAND2X1P4H7L_A:Y (NAND2X1P4H7L)                                                          |        | 0.001       | 0.000      | 0.030      |             | 0.023  | 0.490f          |
| alu_mod.valid_left_NAND2X1P4H7L_A_Y (net)                                                                   | 1      |             |            |            | 0.000       |        |                 |
| alu_mod.valid_left_NAND2X1P4H7L_A_Y_BUFX5H7L_A:A (BUFX5H7L)                                                 |        | 0.001       | 0.000      | 0.030      |             | 0.000  | 0.490f          |
| alu_mod.valid_left_NAND2X1P4H7L_A_Y_BUFX5H7L_A:Y (BUFX5H7L)                                                 |        | 0.020       | 0.000      | 0.049      |             | 0.063  | 0.553f          |
| csr_mod.oper_0__OA21X0P7H7L_A0_B0_NOR2X6H7L_Y_B (net)                                                       | 22     |             |            |            | 0.000       |        |                 |
| csr_mod.oper_0__OA21X0P7H7L_A0_B0_NOR2X6H7L_Y:B (NOR2X6H7L)                                                 |        | 0.004       | 0.000      | 0.049      |             | 0.000  | 0.553f          |
| csr_mod.oper_0__OA21X0P7H7L_A0_B0_NOR2X6H7L_Y:Y (NOR2X6H7L)                                                 |        | 0.005       | 0.000      | 0.044      |             | 0.039  | 0.593r          |
| csr_mod.oper_0__OA21X0P7H7L_A0_B0 (net)                                                                     | 5      |             |            |            | 0.000       |        |                 |
| csr_mod.oper_1__NAND2X3H7L_A:B (NAND2X3H7L)                                                                 |        | 0.002       | 0.000      | 0.044      |             | 0.000  | 0.593r          |
| csr_mod.oper_1__NAND2X3H7L_A:Y (NAND2X3H7L)                                                                 |        | 0.004       | 0.000      | 0.036      |             | 0.031  | 0.623f          |
| csr_mod.oper_0__NOR2BX2H7L_AN_B (net)                                                                       | 5      |             |            |            | 0.000       |        |                 |
| csr_mod.oper_0__NOR2BX2H7L_AN:B (NOR2BX2H7L)                                                                |        | 0.001       | 0.000      | 0.036      |             | 0.000  | 0.623f          |
| csr_mod.oper_0__NOR2BX2H7L_AN:Z (NOR2BX2H7L)                                                                |        | 0.008       | 0.000      | 0.146      |             | 0.094  | 0.717r          |
| csr_mod.oper_0__NOR2BX2H7L_AN_Z (net)                                                                       | 10     |             |            |            | 0.000       |        |                 |
| csr_mod.oper_0__NOR2BX2H7L_AN_Z_NOR2BX1P4H7L_AN:AN (NOR2BX1P4H7L)                                           |        | 0.001       | 0.000      | 0.146      |             | 0.000  | 0.717r          |
| csr_mod.oper_0__NOR2BX2H7L_AN_Z_NOR2BX1P4H7L_AN:Z (NOR2BX1P4H7L)                                            |        | 0.001       | 0.000      | 0.058      |             | 0.058  | 0.776r          |
| csr_mod.oper_0__NOR2BX2H7L_AN_Z_NOR2BX1P4H7L_AN_Z (net)                                                     | 1      |             |            |            | 0.000       |        |                 |
| csr_mod.oper_0__NOR2BX2H7L_AN_Z_NOR2BX1P4H7L_AN_Z_BUFX5H7L_A:A (BUFX5H7L)                                   |        | 0.001       | 0.000      | 0.058      |             | 0.000  | 0.776r          |
| csr_mod.oper_0__NOR2BX2H7L_AN_Z_NOR2BX1P4H7L_AN_Z_BUFX5H7L_A:Y (BUFX5H7L)                                   |        | 0.018       | 0.000      | 0.072      |             | 0.071  | 0.847r          |
| csr_mod.oper_0__NOR2BX2H7L_AN_Z_NOR2BX1P4H7L_AN_Z_BUFX5H7L_A_Y (net)                                        | 23     |             |            |            | 0.000       |        |                 |
| csr_mod.regs[6]_29__AOI22X0P5H7L_A0_Y_NAND2X0P5H7L_B_Y_AOAI211X0P5H7L_A1_C0_NAND2X0P5H7L_Y:B (NAND2X0P5H7L) |        | 0.001       | 0.000      | 0.072      |             | 0.000  | 0.847r          |
| csr_mod.regs[6]_29__AOI22X0P5H7L_A0_Y_NAND2X0P5H7L_B_Y_AOAI211X0P5H7L_A1_C0_NAND2X0P5H7L_Y:Y (NAND2X0P5H7L) |        | 0.001       | 0.000      | 0.036      |             | 0.029  | 0.876f          |
| csr_mod.regs[6]_29__AOI22X0P5H7L_A0_Y_NAND2X0P5H7L_B_Y_AOAI211X0P5H7L_A1_C0 (net)                           | 1      |             |            |            | 0.000       |        |                 |
| csr_mod.regs[6]_29__AOI22X0P5H7L_A0_Y_NAND2X0P5H7L_B_Y_AOAI211X0P5H7L_A1:C0 (AOAI211X0P5H7L)                |        | 0.001       | 0.000      | 0.036      |             | 0.000  | 0.876f          |
| csr_mod.regs[6]_29__AOI22X0P5H7L_A0_Y_NAND2X0P5H7L_B_Y_AOAI211X0P5H7L_A1:Y (AOAI211X0P5H7L)                 |        | 0.005       | 0.000      | 0.187      |             | 0.062  | 0.938r          |
| csr_mod.regs[0]_29__reg_p_D_NOR2X0P5H7L_Y_A (net)                                                           | 7      |             |            |            | 0.000       |        |                 |
| csr_mod.regs[1]_29__reg_p_D_OAI21X0P5H7L_Y:A1 (OAI21X0P5H7L)                                                |        | 0.001       | 0.000      | 0.187      |             | 0.000  | 0.938r          |
| csr_mod.regs[1]_29__reg_p_D_OAI21X0P5H7L_Y:Y (OAI21X0P5H7L)                                                 |        | 0.001       | 0.000      | 0.049      |             | 0.040  | 0.978f          |
| csr_mod.regs[1]_29__reg_p_D (net)                                                                           | 1      |             |            |            | 0.000       |        |                 |
| csr_mod.regs[1]_29__reg_p:D (DFFQX1H7L)                                                                     |        | 0.001       | 0.000      | 0.049      |             | 0.000  | 0.978f          |
|                                                                                                             |        |             |            |            |             |        |                 |
| clock (port)                                                                                                |        | 0.568       | 0.000      | 0.000      |             | 0.000  | 0.000r          |
| clock (clock net)                                                                                           | 688    |             |            |            | NA          |        |                 |
| csr_mod.cause_0__AOI21X0P5H7L_A0_Y_NAND2X0P5H7L_B_1_Y_ICGX0P5H7L_E:CK (ICGX0P5H7L)                          |        | 0.002       | 0.000      | 0.000      |             | 0.000  | 0.000r          |
| csr_mod.cause_0__AOI21X0P5H7L_A0_Y_NAND2X0P5H7L_B_1_Y_ICGX0P5H7L_E:ECK (ICGX0P5H7L)                         |        | 0.025       | 0.000      | 0.000      |             | 0.000  | 0.000r          |
| csr_mod.regs[1]_9__reg_p_CK (clock net)                                                                     | 32     |             |            |            | NA          |        |                 |
| csr_mod.regs[1]_29__reg_p:CK (DFFQX1H7L)                                                                    |        | 0.001       | 0.000      | 0.000      |             | 0.000  | 0.000r          |
| clock core_clock (rise edge)                                                                                |        |             |            |            |             | 1.769  | 1.769           |
| clock network delay (ideal)                                                                                 |        |             |            |            |             | 0.000  | 1.769           |
| csr_mod.regs[1]_29__reg_p:CK (DFFQX1H7L)                                                                    |        |             |            |            |             |        | 1.769r          |
| library setup time                                                                                          |        |             |            |            |             | -0.049 | 1.720           |
| clock reconvergence pessimism                                                                               |        |             |            |            |             | 0.000  | 1.720           |
|                                                                                                             |        |             |            |            |             |        |                 |
| path cell delay                                                                                             |        |             |            |            |             |        | 0.978(100.000%) |
| path net delay                                                                                              |        |             |            |            |             |        | 0.000(0.000%)   |
|                                                                                                             |        |             |            |            |             |        |                 |
| data require time                                                                                           |        |             |            |            |             |        | 1.720           |
| data arrival time                                                                                           |        |             |            |            |             |        | 0.978           |
| slack (MET)                                                                                                 |        |             |            |            |             |        | 0.742           |
+-------------------------------------------------------------------------------------------------------------+--------+-------------+------------+------------+-------------+--------+-----------------+
+-------------------------------------------------------------------------------------------------------------+--------+-------------+------------+------------+-------------+--------+-----------------+
| Point                                                                                                       | Fanout | Capacitance | Resistance | Transition | Delta Delay | Incr   | Path            |
+-------------------------------------------------------------------------------------------------------------+--------+-------------+------------+------------+-------------+--------+-----------------+
| clock (port)                                                                                                |        | 0.724       | 0.000      | 0.000      |             | 0.000  | 0.000r          |
| clock (clock net)                                                                                           | 688    |             |            |            | NA          |        |                 |
| arbiter_mod.read_busy_reg_p_CK_ICGX0P5H7L_ECK:CK (ICGX0P5H7L)                                               |        | 0.002       | 0.000      | 0.000      |             | 0.000  | 0.000r          |
| arbiter_mod.read_busy_reg_p_CK_ICGX0P5H7L_ECK:ECK (ICGX0P5H7L)                                              |        | 0.001       | 0.000      | 0.000      |             | 0.000  | 0.000r          |
| arbiter_mod.read_busy_reg_p_CK (clock net)                                                                  | 1      |             |            |            | NA          |        |                 |
| arbiter_mod.read_busy_reg_p:CK (DFFQX1H7L)                                                                  |        | 0.001       | 0.000      | 0.000      |             | 0.000  | 0.000r          |
| clock core_clock (rise edge)                                                                                |        |             |            |            |             | 0      | 0               |
| clock network delay (ideal)                                                                                 |        |             |            |            |             | 0.000  | 0.000           |
| arbiter_mod.read_busy_reg_p:CK (DFFQX1H7L)                                                                  |        | 0.001       | 0.000      | 0.000      |             | 0.000  | 0.000r          |
| arbiter_mod.read_busy_reg_p:Q (DFFQX1H7L)                                                                   |        | 0.001       | 0.000      | 0.023      |             | 0.082  | 0.082r          |
| arbiter_mod.read_busy (net)                                                                                 | 1      |             |            |            | 0.000       |        |                 |
| arbiter_mod.read_busy_BUFX3P5H7L_A:A (BUFX3P5H7L)                                                           |        | 0.001       | 0.000      | 0.023      |             | 0.000  | 0.082r          |
| arbiter_mod.read_busy_BUFX3P5H7L_A:Y (BUFX3P5H7L)                                                           |        | 0.010       | 0.000      | 0.055      |             | 0.054  | 0.136r          |
| io_master_arready_NOR2BX1H7L_AN_B (net)                                                                     | 11     |             |            |            | 0.000       |        |                 |
| arbiter_mod.read_select_NOR2BX3H7L_B:AN (NOR2BX3H7L)                                                        |        | 0.001       | 0.000      | 0.055      |             | 0.000  | 0.136r          |
| arbiter_mod.read_select_NOR2BX3H7L_B:Z (NOR2BX3H7L)                                                         |        | 0.005       | 0.000      | 0.073      |             | 0.076  | 0.212r          |
| io_master_rvalid_NAND4BX2H7L_D_B (net)                                                                      | 6      |             |            |            | 0.000       |        |                 |
| io_master_rvalid_NAND4BX2H7L_D:B (NAND4BX2H7L)                                                              |        | 0.001       | 0.000      | 0.073      |             | 0.000  | 0.212r          |
| io_master_rvalid_NAND4BX2H7L_D:Y (NAND4BX2H7L)                                                              |        | 0.008       | 0.000      | 0.146      |             | 0.104  | 0.316f          |
| io_master_rvalid_NAND4BX2H7L_D_Y (net)                                                                      | 10     |             |            |            | 0.000       |        |                 |
| lsu_mod.lsu_w_3__OA211X1P4H7L_A0_B0_NAND2X1P4H7L_Y:B (NAND2X1P4H7L)                                         |        | 0.001       | 0.000      | 0.146      |             | 0.000  | 0.316f          |
| lsu_mod.lsu_w_3__OA211X1P4H7L_A0_B0_NAND2X1P4H7L_Y:Y (NAND2X1P4H7L)                                         |        | 0.002       | 0.000      | 0.056      |             | 0.048  | 0.364r          |
| lsu_mod.lsu_w_3__OA211X1P4H7L_A0_B0 (net)                                                                   | 2      |             |            |            | 0.000       |        |                 |
| lsu_mod.lsu_w_3__OA211X1P4H7L_A0:B0 (OA211X1P4H7L)                                                          |        | 0.001       | 0.000      | 0.056      |             | 0.000  | 0.364r          |
| lsu_mod.lsu_w_3__OA211X1P4H7L_A0:Y (OA211X1P4H7L)                                                           |        | 0.001       | 0.000      | 0.028      |             | 0.056  | 0.420r          |
| lsu_mod.lsu_w_3__OA211X1P4H7L_A0_Y (net)                                                                    | 1      |             |            |            | 0.000       |        |                 |
| lsu_mod.lsu_w_3__OA211X1P4H7L_A0_Y_BUFX5H7L_A:A (BUFX5H7L)                                                  |        | 0.001       | 0.000      | 0.028      |             | 0.000  | 0.420r          |
| lsu_mod.lsu_w_3__OA211X1P4H7L_A0_Y_BUFX5H7L_A:Y (BUFX5H7L)                                                  |        | 0.010       | 0.000      | 0.042      |             | 0.048  | 0.468r          |
| alu_mod.bus_in_lsu_re_NAND3X0P5H7L_B_C (net)                                                                | 12     |             |            |            | 0.000       |        |                 |
| alu_mod.valid_left_NAND2X1P4H7L_A:B (NAND2X1P4H7L)                                                          |        | 0.001       | 0.000      | 0.042      |             | 0.000  | 0.468r          |
| alu_mod.valid_left_NAND2X1P4H7L_A:Y (NAND2X1P4H7L)                                                          |        | 0.001       | 0.000      | 0.030      |             | 0.023  | 0.490f          |
| alu_mod.valid_left_NAND2X1P4H7L_A_Y (net)                                                                   | 1      |             |            |            | 0.000       |        |                 |
| alu_mod.valid_left_NAND2X1P4H7L_A_Y_BUFX5H7L_A:A (BUFX5H7L)                                                 |        | 0.001       | 0.000      | 0.030      |             | 0.000  | 0.490f          |
| alu_mod.valid_left_NAND2X1P4H7L_A_Y_BUFX5H7L_A:Y (BUFX5H7L)                                                 |        | 0.020       | 0.000      | 0.049      |             | 0.063  | 0.553f          |
| csr_mod.oper_0__OA21X0P7H7L_A0_B0_NOR2X6H7L_Y_B (net)                                                       | 22     |             |            |            | 0.000       |        |                 |
| csr_mod.oper_0__OA21X0P7H7L_A0_B0_NOR2X6H7L_Y:B (NOR2X6H7L)                                                 |        | 0.004       | 0.000      | 0.049      |             | 0.000  | 0.553f          |
| csr_mod.oper_0__OA21X0P7H7L_A0_B0_NOR2X6H7L_Y:Y (NOR2X6H7L)                                                 |        | 0.005       | 0.000      | 0.044      |             | 0.039  | 0.593r          |
| csr_mod.oper_0__OA21X0P7H7L_A0_B0 (net)                                                                     | 5      |             |            |            | 0.000       |        |                 |
| csr_mod.oper_1__NAND2X3H7L_A:B (NAND2X3H7L)                                                                 |        | 0.002       | 0.000      | 0.044      |             | 0.000  | 0.593r          |
| csr_mod.oper_1__NAND2X3H7L_A:Y (NAND2X3H7L)                                                                 |        | 0.004       | 0.000      | 0.036      |             | 0.031  | 0.623f          |
| csr_mod.oper_0__NOR2BX2H7L_AN_B (net)                                                                       | 5      |             |            |            | 0.000       |        |                 |
| csr_mod.oper_0__NOR2BX2H7L_AN:B (NOR2BX2H7L)                                                                |        | 0.001       | 0.000      | 0.036      |             | 0.000  | 0.623f          |
| csr_mod.oper_0__NOR2BX2H7L_AN:Z (NOR2BX2H7L)                                                                |        | 0.008       | 0.000      | 0.146      |             | 0.094  | 0.717r          |
| csr_mod.oper_0__NOR2BX2H7L_AN_Z (net)                                                                       | 10     |             |            |            | 0.000       |        |                 |
| csr_mod.oper_0__NOR2BX2H7L_AN_Z_NOR2BX1P4H7L_AN:AN (NOR2BX1P4H7L)                                           |        | 0.001       | 0.000      | 0.146      |             | 0.000  | 0.717r          |
| csr_mod.oper_0__NOR2BX2H7L_AN_Z_NOR2BX1P4H7L_AN:Z (NOR2BX1P4H7L)                                            |        | 0.001       | 0.000      | 0.058      |             | 0.058  | 0.776r          |
| csr_mod.oper_0__NOR2BX2H7L_AN_Z_NOR2BX1P4H7L_AN_Z (net)                                                     | 1      |             |            |            | 0.000       |        |                 |
| csr_mod.oper_0__NOR2BX2H7L_AN_Z_NOR2BX1P4H7L_AN_Z_BUFX5H7L_A:A (BUFX5H7L)                                   |        | 0.001       | 0.000      | 0.058      |             | 0.000  | 0.776r          |
| csr_mod.oper_0__NOR2BX2H7L_AN_Z_NOR2BX1P4H7L_AN_Z_BUFX5H7L_A:Y (BUFX5H7L)                                   |        | 0.018       | 0.000      | 0.072      |             | 0.071  | 0.847r          |
| csr_mod.oper_0__NOR2BX2H7L_AN_Z_NOR2BX1P4H7L_AN_Z_BUFX5H7L_A_Y (net)                                        | 23     |             |            |            | 0.000       |        |                 |
| csr_mod.regs[6]_25__AOI22X0P5H7L_A0_Y_NAND2X0P5H7L_B_Y_AOAI211X0P5H7L_A1_C0_NAND2X0P5H7L_Y:B (NAND2X0P5H7L) |        | 0.001       | 0.000      | 0.072      |             | 0.000  | 0.847r          |
| csr_mod.regs[6]_25__AOI22X0P5H7L_A0_Y_NAND2X0P5H7L_B_Y_AOAI211X0P5H7L_A1_C0_NAND2X0P5H7L_Y:Y (NAND2X0P5H7L) |        | 0.001       | 0.000      | 0.035      |             | 0.029  | 0.876f          |
| csr_mod.regs[6]_25__AOI22X0P5H7L_A0_Y_NAND2X0P5H7L_B_Y_AOAI211X0P5H7L_A1_C0 (net)                           | 1      |             |            |            | 0.000       |        |                 |
| csr_mod.regs[6]_25__AOI22X0P5H7L_A0_Y_NAND2X0P5H7L_B_Y_AOAI211X0P5H7L_A1:C0 (AOAI211X0P5H7L)                |        | 0.001       | 0.000      | 0.035      |             | 0.000  | 0.876f          |
| csr_mod.regs[6]_25__AOI22X0P5H7L_A0_Y_NAND2X0P5H7L_B_Y_AOAI211X0P5H7L_A1:Y (AOAI211X0P5H7L)                 |        | 0.005       | 0.000      | 0.187      |             | 0.062  | 0.938r          |
| csr_mod.regs[0]_25__reg_p_D_NOR2X0P5H7L_Y_A (net)                                                           | 7      |             |            |            | 0.000       |        |                 |
| csr_mod.regs[1]_25__reg_p_D_OAI21X0P5H7L_Y:A1 (OAI21X0P5H7L)                                                |        | 0.001       | 0.000      | 0.187      |             | 0.000  | 0.938r          |
| csr_mod.regs[1]_25__reg_p_D_OAI21X0P5H7L_Y:Y (OAI21X0P5H7L)                                                 |        | 0.001       | 0.000      | 0.049      |             | 0.040  | 0.978f          |
| csr_mod.regs[1]_25__reg_p_D (net)                                                                           | 1      |             |            |            | 0.000       |        |                 |
| csr_mod.regs[1]_25__reg_p:D (DFFQX1H7L)                                                                     |        | 0.001       | 0.000      | 0.049      |             | 0.000  | 0.978f          |
|                                                                                                             |        |             |            |            |             |        |                 |
| clock (port)                                                                                                |        | 0.568       | 0.000      | 0.000      |             | 0.000  | 0.000r          |
| clock (clock net)                                                                                           | 688    |             |            |            | NA          |        |                 |
| csr_mod.cause_0__AOI21X0P5H7L_A0_Y_NAND2X0P5H7L_B_1_Y_ICGX0P5H7L_E:CK (ICGX0P5H7L)                          |        | 0.002       | 0.000      | 0.000      |             | 0.000  | 0.000r          |
| csr_mod.cause_0__AOI21X0P5H7L_A0_Y_NAND2X0P5H7L_B_1_Y_ICGX0P5H7L_E:ECK (ICGX0P5H7L)                         |        | 0.025       | 0.000      | 0.000      |             | 0.000  | 0.000r          |
| csr_mod.regs[1]_9__reg_p_CK (clock net)                                                                     | 32     |             |            |            | NA          |        |                 |
| csr_mod.regs[1]_25__reg_p:CK (DFFQX1H7L)                                                                    |        | 0.001       | 0.000      | 0.000      |             | 0.000  | 0.000r          |
| clock core_clock (rise edge)                                                                                |        |             |            |            |             | 1.769  | 1.769           |
| clock network delay (ideal)                                                                                 |        |             |            |            |             | 0.000  | 1.769           |
| csr_mod.regs[1]_25__reg_p:CK (DFFQX1H7L)                                                                    |        |             |            |            |             |        | 1.769r          |
| library setup time                                                                                          |        |             |            |            |             | -0.049 | 1.720           |
| clock reconvergence pessimism                                                                               |        |             |            |            |             | 0.000  | 1.720           |
|                                                                                                             |        |             |            |            |             |        |                 |
| path cell delay                                                                                             |        |             |            |            |             |        | 0.978(100.000%) |
| path net delay                                                                                              |        |             |            |            |             |        | 0.000(0.000%)   |
|                                                                                                             |        |             |            |            |             |        |                 |
| data require time                                                                                           |        |             |            |            |             |        | 1.720           |
| data arrival time                                                                                           |        |             |            |            |             |        | 0.978           |
| slack (MET)                                                                                                 |        |             |            |            |             |        | 0.742           |
+-------------------------------------------------------------------------------------------------------------+--------+-------------+------------+------------+-------------+--------+-----------------+
+---------------------------------------------------------------------------------------------------------------------------------------------------+--------+-------------+------------+------------+-------------+--------+-----------------+
| Point                                                                                                                                             | Fanout | Capacitance | Resistance | Transition | Delta Delay | Incr   | Path            |
+---------------------------------------------------------------------------------------------------------------------------------------------------+--------+-------------+------------+------------+-------------+--------+-----------------+
| clock (port)                                                                                                                                      |        | 0.724       | 0.000      | 0.000      |             | 0.000  | 0.000r          |
| clock (clock net)                                                                                                                                 | 688    |             |            |            | NA          |        |                 |
| alu_mod.bus_in_imm_5__reg_p:CK (DFFQX1H7L)                                                                                                        |        | 0.001       | 0.000      | 0.000      |             | 0.000  | 0.000r          |
| clock core_clock (rise edge)                                                                                                                      |        |             |            |            |             | 0      | 0               |
| clock network delay (ideal)                                                                                                                       |        |             |            |            |             | 0.000  | 0.000           |
| alu_mod.bus_in_imm_5__reg_p:CK (DFFQX1H7L)                                                                                                        |        | 0.001       | 0.000      | 0.000      |             | 0.000  | 0.000r          |
| alu_mod.bus_in_imm_5__reg_p:Q (DFFQX1H7L)                                                                                                         |        | 0.004       | 0.000      | 0.041      |             | 0.078  | 0.078f          |
| alu_mod.bus_in_imm_5_ (net)                                                                                                                       | 4      |             |            |            | 0.000       |        |                 |
| alu_mod.bus_in_imm_3__reg_p_D_AOI211X0P5H7L_Y_A0_NAND4BBX0P5H7L_D_BN_NAND4BBX0P5H7L_Y:AN (NAND4BBX0P5H7L)                                         |        | 0.001       | 0.000      | 0.041      |             | 0.000  | 0.078f          |
| alu_mod.bus_in_imm_3__reg_p_D_AOI211X0P5H7L_Y_A0_NAND4BBX0P5H7L_D_BN_NAND4BBX0P5H7L_Y:Y (NAND4BBX0P5H7L)                                          |        | 0.002       | 0.000      | 0.080      |             | 0.084  | 0.162f          |
| alu_mod.bus_in_imm_3__reg_p_D_AOI211X0P5H7L_Y_A0_NAND4BBX0P5H7L_D_BN (net)                                                                        | 2      |             |            |            | 0.000       |        |                 |
| alu_mod.bus_in_imm_3__reg_p_D_AOI211X0P5H7L_Y_A0_NAND4BBX0P5H7L_D_BN_NOR3X0P5H7L_C:C (NOR3X0P5H7L)                                                |        | 0.001       | 0.000      | 0.080      |             | 0.000  | 0.162f          |
| alu_mod.bus_in_imm_3__reg_p_D_AOI211X0P5H7L_Y_A0_NAND4BBX0P5H7L_D_BN_NOR3X0P5H7L_C:Y (NOR3X0P5H7L)                                                |        | 0.002       | 0.000      | 0.108      |             | 0.085  | 0.247r          |
| alu_mod.bus_in_imm_3__reg_p_D_AOI211X0P5H7L_Y_A0_NAND4BBX0P5H7L_D_BN_NOR3X0P5H7L_C_Y (net)                                                        | 2      |             |            |            | 0.000       |        |                 |
| alu_mod.bus_in_imm_3__reg_p_D_AOI211X0P5H7L_Y_A0_NAND4BBX0P5H7L_D_BN_NOR3X0P5H7L_C_Y_NAND4X1P4H7L_C:C (NAND4X1P4H7L)                              |        | 0.001       | 0.000      | 0.108      |             | 0.000  | 0.247r          |
| alu_mod.bus_in_imm_3__reg_p_D_AOI211X0P5H7L_Y_A0_NAND4BBX0P5H7L_D_BN_NOR3X0P5H7L_C_Y_NAND4X1P4H7L_C:Y (NAND4X1P4H7L)                              |        | 0.003       | 0.000      | 0.094      |             | 0.078  | 0.325f          |
| alu_mod.bus_in_imm_3__reg_p_D_AOI211X0P5H7L_Y_A0_NAND4BBX0P5H7L_D_Y_NOR2BX1H7L_B_Z_NOR2BX1P4H7L_B_AN (net)                                        | 4      |             |            |            | 0.000       |        |                 |
| alu_mod.bus_in_imm_3__reg_p_D_AOI211X0P5H7L_Y_A0_NAND4BBX0P5H7L_D_Y_NOR2BX1H7L_B_Z_NOR2BX1P4H7L_B:AN (NOR2BX1P4H7L)                               |        | 0.001       | 0.000      | 0.094      |             | 0.000  | 0.325f          |
| alu_mod.bus_in_imm_3__reg_p_D_AOI211X0P5H7L_Y_A0_NAND4BBX0P5H7L_D_Y_NOR2BX1H7L_B_Z_NOR2BX1P4H7L_B:Z (NOR2BX1P4H7L)                                |        | 0.002       | 0.000      | 0.036      |             | 0.059  | 0.383f          |
| alu_mod.bus_in_imm_3__reg_p_D_AOI211X0P5H7L_Y_A0_NAND4BBX0P5H7L_D_Y_NOR2BX1H7L_B_Z_NOR2BX1P4H7L_B_Z (net)                                         | 3      |             |            |            | 0.000       |        |                 |
| alu_mod.bus_in_imm_3__reg_p_D_AOI211X0P5H7L_Y_A0_NAND4BBX0P5H7L_D_Y_NOR2BX1H7L_B_Z_NAND3X0P5H7L_C_1_Y_OAOI211X1P4H7L_B0:A1 (OAOI211X1P4H7L)       |        | 0.001       | 0.000      | 0.036      |             | 0.000  | 0.383f          |
| alu_mod.bus_in_imm_3__reg_p_D_AOI211X0P5H7L_Y_A0_NAND4BBX0P5H7L_D_Y_NOR2BX1H7L_B_Z_NAND3X0P5H7L_C_1_Y_OAOI211X1P4H7L_B0:Y (OAOI211X1P4H7L)        |        | 0.002       | 0.000      | 0.089      |             | 0.075  | 0.458r          |
| alu_mod.bus_in_imm_3__reg_p_D_AOI211X0P5H7L_Y_A0_NAND4BBX0P5H7L_D_Y_NOR2BX1H7L_B_Z_NAND3X0P5H7L_C_1_Y_OAOI211X1P4H7L_B0_Y (net)                   | 1      |             |            |            | 0.000       |        |                 |
| alu_mod.bus_in_imm_3__reg_p_D_AOI211X0P5H7L_Y_A0_NAND4BBX0P5H7L_D_Y_NOR2BX1H7L_B_Z_NAND3X0P5H7L_C_1_Y_OAOI211X1P4H7L_B0_Y_BUFX7H7L_A:A (BUFX7H7L) |        | 0.002       | 0.000      | 0.089      |             | 0.000  | 0.458r          |
| alu_mod.bus_in_imm_3__reg_p_D_AOI211X0P5H7L_Y_A0_NAND4BBX0P5H7L_D_Y_NOR2BX1H7L_B_Z_NAND3X0P5H7L_C_1_Y_OAOI211X1P4H7L_B0_Y_BUFX7H7L_A:Y (BUFX7H7L) |        | 0.029       | 0.000      | 0.079      |             | 0.077  | 0.535r          |
| csr_mod.regs[2]_3__MUX2X0P5H7L_A_S0 (net)                                                                                                         | 11     |             |            |            | 0.000       |        |                 |
| csr_mod.regs[2]_3__MUX2X0P5H7L_A_S0_BUFX7H7L_A:A (BUFX7H7L)                                                                                       |        | 0.002       | 0.000      | 0.079      |             | 0.000  | 0.535r          |
| csr_mod.regs[2]_3__MUX2X0P5H7L_A_S0_BUFX7H7L_A:Y (BUFX7H7L)                                                                                       |        | 0.023       | 0.000      | 0.065      |             | 0.067  | 0.602r          |
| csr_mod.regs[4]_9__NOR2BX1H7L_AN_B (net)                                                                                                          | 24     |             |            |            | 0.000       |        |                 |
| csr_mod.regs[4]_9__NOR2BX1H7L_AN_B_BUFX5H7L_A:A (BUFX5H7L)                                                                                        |        | 0.001       | 0.000      | 0.065      |             | 0.000  | 0.602r          |
| csr_mod.regs[4]_9__NOR2BX1H7L_AN_B_BUFX5H7L_A:Y (BUFX5H7L)                                                                                        |        | 0.021       | 0.000      | 0.082      |             | 0.077  | 0.680r          |
| csr_mod.regs[4]_27__NOR2BX1H7L_AN_B (net)                                                                                                         | 24     |             |            |            | 0.000       |        |                 |
| csr_mod.oper_0__OA21X0P7H7L_A0_Y_AND2X1H7L_B:A (AND2X1H7L)                                                                                        |        | 0.001       | 0.000      | 0.082      |             | 0.000  | 0.680r          |
| csr_mod.oper_0__OA21X0P7H7L_A0_Y_AND2X1H7L_B:Y (AND2X1H7L)                                                                                        |        | 0.003       | 0.000      | 0.046      |             | 0.063  | 0.743r          |
| csr_mod.oper_0__OA21X0P7H7L_A0_Y_AND2X1H7L_B_Y (net)                                                                                              | 3      |             |            |            | 0.000       |        |                 |
| csr_mod.oper_0__OA21X0P7H7L_A0_Y_AND2X1H7L_B_Y_NAND3X1P4H7L_C:C (NAND3X1P4H7L)                                                                    |        | 0.001       | 0.000      | 0.046      |             | 0.000  | 0.743r          |
| csr_mod.oper_0__OA21X0P7H7L_A0_Y_AND2X1H7L_B_Y_NAND3X1P4H7L_C:Y (NAND3X1P4H7L)                                                                    |        | 0.007       | 0.000      | 0.130      |             | 0.084  | 0.827f          |
| csr_mod.regs[3]_7__reg_p_D_NOR2X0P5H7L_Y_A (net)                                                                                                  | 10     |             |            |            | 0.000       |        |                 |
| csr_mod.regs[3]_7__reg_p_D_NOR2X0P5H7L_Y_A_BUFX3H7L_A:A (BUFX3H7L)                                                                                |        | 0.001       | 0.000      | 0.130      |             | 0.000  | 0.827f          |
| csr_mod.regs[3]_7__reg_p_D_NOR2X0P5H7L_Y_A_BUFX3H7L_A:Y (BUFX3H7L)                                                                                |        | 0.016       | 0.000      | 0.066      |             | 0.103  | 0.929f          |
| csr_mod.regs[3]_9__reg_p_D_NOR2X0P5H7L_Y_A (net)                                                                                                  | 24     |             |            |            | 0.000       |        |                 |
| csr_mod.cause_0__AOI21X0P5H7L_A0_Y_NAND2X0P5H7L_B:A (NAND2X0P5H7L)                                                                                |        | 0.001       | 0.000      | 0.066      |             | 0.000  | 0.929f          |
| csr_mod.cause_0__AOI21X0P5H7L_A0_Y_NAND2X0P5H7L_B:Y (NAND2X0P5H7L)                                                                                |        | 0.001       | 0.000      | 0.041      |             | 0.032  | 0.962r          |
| csr_mod.cause_0__AOI21X0P5H7L_A0_Y_NAND2X0P5H7L_B_Y (net)                                                                                         | 1      |             |            |            | 0.000       |        |                 |
| csr_mod.cause_0__AOI21X0P5H7L_A0_Y_NAND2X0P5H7L_B_Y_ICGX0P5H7L_E:E (ICGX0P5H7L)                                                                   |        | 0.001       | 0.000      | 0.041      |             | 0.000  | 0.962r          |
|                                                                                                                                                   |        |             |            |            |             |        |                 |
| clock (port)                                                                                                                                      |        | 0.568       | 0.000      | 0.000      |             | 0.000  | 0.000r          |
| clock (clock net)                                                                                                                                 | 688    |             |            |            | NA          |        |                 |
| csr_mod.cause_0__AOI21X0P5H7L_A0_Y_NAND2X0P5H7L_B_Y_ICGX0P5H7L_E:CK (ICGX0P5H7L)                                                                  |        | 0.002       | 0.000      | 0.000      |             | 0.000  | 0.000r          |
| clock core_clock (rise edge)                                                                                                                      |        |             |            |            |             | 1.769  | 1.769           |
| clock network delay (ideal)                                                                                                                       |        |             |            |            |             | 0.000  | 1.769           |
| csr_mod.cause_0__AOI21X0P5H7L_A0_Y_NAND2X0P5H7L_B_Y_ICGX0P5H7L_E:CK (ICGX0P5H7L)                                                                  |        |             |            |            |             |        | 1.769r          |
| library setup time                                                                                                                                |        |             |            |            |             | -0.054 | 1.715           |
| clock reconvergence pessimism                                                                                                                     |        |             |            |            |             | 0.000  | 1.715           |
|                                                                                                                                                   |        |             |            |            |             |        |                 |
| path cell delay                                                                                                                                   |        |             |            |            |             |        | 0.962(100.000%) |
| path net delay                                                                                                                                    |        |             |            |            |             |        | 0.000(0.000%)   |
|                                                                                                                                                   |        |             |            |            |             |        |                 |
| data require time                                                                                                                                 |        |             |            |            |             |        | 1.715           |
| data arrival time                                                                                                                                 |        |             |            |            |             |        | 0.962           |
| slack (MET)                                                                                                                                       |        |             |            |            |             |        | 0.753           |
+---------------------------------------------------------------------------------------------------------------------------------------------------+--------+-------------+------------+------------+-------------+--------+-----------------+
+---------------------------------------------------------------------------------------------------------------------------------------------------+--------+-------------+------------+------------+-------------+--------+-----------------+
| Point                                                                                                                                             | Fanout | Capacitance | Resistance | Transition | Delta Delay | Incr   | Path            |
+---------------------------------------------------------------------------------------------------------------------------------------------------+--------+-------------+------------+------------+-------------+--------+-----------------+
| clock (port)                                                                                                                                      |        | 0.724       | 0.000      | 0.000      |             | 0.000  | 0.000r          |
| clock (clock net)                                                                                                                                 | 688    |             |            |            | NA          |        |                 |
| alu_mod.bus_in_imm_5__reg_p:CK (DFFQX1H7L)                                                                                                        |        | 0.001       | 0.000      | 0.000      |             | 0.000  | 0.000r          |
| clock core_clock (rise edge)                                                                                                                      |        |             |            |            |             | 0      | 0               |
| clock network delay (ideal)                                                                                                                       |        |             |            |            |             | 0.000  | 0.000           |
| alu_mod.bus_in_imm_5__reg_p:CK (DFFQX1H7L)                                                                                                        |        | 0.001       | 0.000      | 0.000      |             | 0.000  | 0.000r          |
| alu_mod.bus_in_imm_5__reg_p:Q (DFFQX1H7L)                                                                                                         |        | 0.004       | 0.000      | 0.041      |             | 0.078  | 0.078f          |
| alu_mod.bus_in_imm_5_ (net)                                                                                                                       | 4      |             |            |            | 0.000       |        |                 |
| alu_mod.bus_in_imm_3__reg_p_D_AOI211X0P5H7L_Y_A0_NAND4BBX0P5H7L_D_BN_NAND4BBX0P5H7L_Y:AN (NAND4BBX0P5H7L)                                         |        | 0.001       | 0.000      | 0.041      |             | 0.000  | 0.078f          |
| alu_mod.bus_in_imm_3__reg_p_D_AOI211X0P5H7L_Y_A0_NAND4BBX0P5H7L_D_BN_NAND4BBX0P5H7L_Y:Y (NAND4BBX0P5H7L)                                          |        | 0.002       | 0.000      | 0.080      |             | 0.084  | 0.162f          |
| alu_mod.bus_in_imm_3__reg_p_D_AOI211X0P5H7L_Y_A0_NAND4BBX0P5H7L_D_BN (net)                                                                        | 2      |             |            |            | 0.000       |        |                 |
| alu_mod.bus_in_imm_3__reg_p_D_AOI211X0P5H7L_Y_A0_NAND4BBX0P5H7L_D_BN_NOR3X0P5H7L_C:C (NOR3X0P5H7L)                                                |        | 0.001       | 0.000      | 0.080      |             | 0.000  | 0.162f          |
| alu_mod.bus_in_imm_3__reg_p_D_AOI211X0P5H7L_Y_A0_NAND4BBX0P5H7L_D_BN_NOR3X0P5H7L_C:Y (NOR3X0P5H7L)                                                |        | 0.002       | 0.000      | 0.108      |             | 0.085  | 0.247r          |
| alu_mod.bus_in_imm_3__reg_p_D_AOI211X0P5H7L_Y_A0_NAND4BBX0P5H7L_D_BN_NOR3X0P5H7L_C_Y (net)                                                        | 2      |             |            |            | 0.000       |        |                 |
| alu_mod.bus_in_imm_3__reg_p_D_AOI211X0P5H7L_Y_A0_NAND4BBX0P5H7L_D_BN_NOR3X0P5H7L_C_Y_NAND4X1P4H7L_C:C (NAND4X1P4H7L)                              |        | 0.001       | 0.000      | 0.108      |             | 0.000  | 0.247r          |
| alu_mod.bus_in_imm_3__reg_p_D_AOI211X0P5H7L_Y_A0_NAND4BBX0P5H7L_D_BN_NOR3X0P5H7L_C_Y_NAND4X1P4H7L_C:Y (NAND4X1P4H7L)                              |        | 0.003       | 0.000      | 0.094      |             | 0.078  | 0.325f          |
| alu_mod.bus_in_imm_3__reg_p_D_AOI211X0P5H7L_Y_A0_NAND4BBX0P5H7L_D_Y_NOR2BX1H7L_B_Z_NOR2BX1P4H7L_B_AN (net)                                        | 4      |             |            |            | 0.000       |        |                 |
| alu_mod.bus_in_imm_3__reg_p_D_AOI211X0P5H7L_Y_A0_NAND4BBX0P5H7L_D_Y_NOR2BX1H7L_B_Z_NOR2BX1P4H7L_B:AN (NOR2BX1P4H7L)                               |        | 0.001       | 0.000      | 0.094      |             | 0.000  | 0.325f          |
| alu_mod.bus_in_imm_3__reg_p_D_AOI211X0P5H7L_Y_A0_NAND4BBX0P5H7L_D_Y_NOR2BX1H7L_B_Z_NOR2BX1P4H7L_B:Z (NOR2BX1P4H7L)                                |        | 0.002       | 0.000      | 0.036      |             | 0.059  | 0.383f          |
| alu_mod.bus_in_imm_3__reg_p_D_AOI211X0P5H7L_Y_A0_NAND4BBX0P5H7L_D_Y_NOR2BX1H7L_B_Z_NOR2BX1P4H7L_B_Z (net)                                         | 3      |             |            |            | 0.000       |        |                 |
| alu_mod.bus_in_imm_3__reg_p_D_AOI211X0P5H7L_Y_A0_NAND4BBX0P5H7L_D_Y_NOR2BX1H7L_B_Z_NAND3X0P5H7L_C_1_Y_OAOI211X1P4H7L_B0:A1 (OAOI211X1P4H7L)       |        | 0.001       | 0.000      | 0.036      |             | 0.000  | 0.383f          |
| alu_mod.bus_in_imm_3__reg_p_D_AOI211X0P5H7L_Y_A0_NAND4BBX0P5H7L_D_Y_NOR2BX1H7L_B_Z_NAND3X0P5H7L_C_1_Y_OAOI211X1P4H7L_B0:Y (OAOI211X1P4H7L)        |        | 0.002       | 0.000      | 0.089      |             | 0.075  | 0.458r          |
| alu_mod.bus_in_imm_3__reg_p_D_AOI211X0P5H7L_Y_A0_NAND4BBX0P5H7L_D_Y_NOR2BX1H7L_B_Z_NAND3X0P5H7L_C_1_Y_OAOI211X1P4H7L_B0_Y (net)                   | 1      |             |            |            | 0.000       |        |                 |
| alu_mod.bus_in_imm_3__reg_p_D_AOI211X0P5H7L_Y_A0_NAND4BBX0P5H7L_D_Y_NOR2BX1H7L_B_Z_NAND3X0P5H7L_C_1_Y_OAOI211X1P4H7L_B0_Y_BUFX7H7L_A:A (BUFX7H7L) |        | 0.002       | 0.000      | 0.089      |             | 0.000  | 0.458r          |
| alu_mod.bus_in_imm_3__reg_p_D_AOI211X0P5H7L_Y_A0_NAND4BBX0P5H7L_D_Y_NOR2BX1H7L_B_Z_NAND3X0P5H7L_C_1_Y_OAOI211X1P4H7L_B0_Y_BUFX7H7L_A:Y (BUFX7H7L) |        | 0.029       | 0.000      | 0.079      |             | 0.077  | 0.535r          |
| csr_mod.regs[2]_3__MUX2X0P5H7L_A_S0 (net)                                                                                                         | 11     |             |            |            | 0.000       |        |                 |
| csr_mod.regs[2]_3__MUX2X0P5H7L_A_S0_BUFX7H7L_A:A (BUFX7H7L)                                                                                       |        | 0.002       | 0.000      | 0.079      |             | 0.000  | 0.535r          |
| csr_mod.regs[2]_3__MUX2X0P5H7L_A_S0_BUFX7H7L_A:Y (BUFX7H7L)                                                                                       |        | 0.023       | 0.000      | 0.065      |             | 0.067  | 0.602r          |
| csr_mod.regs[4]_9__NOR2BX1H7L_AN_B (net)                                                                                                          | 24     |             |            |            | 0.000       |        |                 |
| csr_mod.regs[4]_9__NOR2BX1H7L_AN_B_BUFX5H7L_A:A (BUFX5H7L)                                                                                        |        | 0.001       | 0.000      | 0.065      |             | 0.000  | 0.602r          |
| csr_mod.regs[4]_9__NOR2BX1H7L_AN_B_BUFX5H7L_A:Y (BUFX5H7L)                                                                                        |        | 0.021       | 0.000      | 0.082      |             | 0.077  | 0.680r          |
| csr_mod.regs[4]_27__NOR2BX1H7L_AN_B (net)                                                                                                         | 24     |             |            |            | 0.000       |        |                 |
| csr_mod.oper_0__OA21X0P7H7L_A0_Y_AND2X1H7L_B:A (AND2X1H7L)                                                                                        |        | 0.001       | 0.000      | 0.082      |             | 0.000  | 0.680r          |
| csr_mod.oper_0__OA21X0P7H7L_A0_Y_AND2X1H7L_B:Y (AND2X1H7L)                                                                                        |        | 0.003       | 0.000      | 0.046      |             | 0.063  | 0.743r          |
| csr_mod.oper_0__OA21X0P7H7L_A0_Y_AND2X1H7L_B_Y (net)                                                                                              | 3      |             |            |            | 0.000       |        |                 |
| csr_mod.oper_0__OA21X0P7H7L_A0_Y_AND2X1H7L_B_Y_NAND2X1P4H7L_B:B (NAND2X1P4H7L)                                                                    |        | 0.001       | 0.000      | 0.046      |             | 0.000  | 0.743r          |
| csr_mod.oper_0__OA21X0P7H7L_A0_Y_AND2X1H7L_B_Y_NAND2X1P4H7L_B:Y (NAND2X1P4H7L)                                                                    |        | 0.008       | 0.000      | 0.104      |             | 0.069  | 0.812f          |
| csr_mod.regs[5]_7__reg_p_D_NOR2X0P5H7L_Y_B (net)                                                                                                  | 10     |             |            |            | 0.000       |        |                 |
| csr_mod.regs[5]_7__reg_p_D_NOR2X0P5H7L_Y_B_BUFX3H7L_A:A (BUFX3H7L)                                                                                |        | 0.001       | 0.000      | 0.104      |             | 0.000  | 0.812f          |
| csr_mod.regs[5]_7__reg_p_D_NOR2X0P5H7L_Y_B_BUFX3H7L_A:Y (BUFX3H7L)                                                                                |        | 0.020       | 0.000      | 0.076      |             | 0.104  | 0.915f          |
| csr_mod.regs[5]_9__reg_p_D_NOR2X0P5H7L_Y_B (net)                                                                                                  | 24     |             |            |            | 0.000       |        |                 |
| pc_mod.pc_29__reg_p_D_OAI211X1P4H7L_Y_C0_NAND2X0P5H7L_A_4:B (NAND2X0P5H7L)                                                                        |        | 0.001       | 0.000      | 0.076      |             | 0.000  | 0.915f          |
| pc_mod.pc_29__reg_p_D_OAI211X1P4H7L_Y_C0_NAND2X0P5H7L_A_4:Y (NAND2X0P5H7L)                                                                        |        | 0.001       | 0.000      | 0.039      |             | 0.037  | 0.952r          |
| csr_mod.regs[5]_0__reg_p_CK_ICGX0P5H7L_ECK_E (net)                                                                                                | 1      |             |            |            | 0.000       |        |                 |
| csr_mod.regs[5]_0__reg_p_CK_ICGX0P5H7L_ECK:E (ICGX0P5H7L)                                                                                         |        | 0.001       | 0.000      | 0.039      |             | 0.000  | 0.952r          |
|                                                                                                                                                   |        |             |            |            |             |        |                 |
| clock (port)                                                                                                                                      |        | 0.568       | 0.000      | 0.000      |             | 0.000  | 0.000r          |
| clock (clock net)                                                                                                                                 | 688    |             |            |            | NA          |        |                 |
| csr_mod.regs[5]_0__reg_p_CK_ICGX0P5H7L_ECK:CK (ICGX0P5H7L)                                                                                        |        | 0.002       | 0.000      | 0.000      |             | 0.000  | 0.000r          |
| clock core_clock (rise edge)                                                                                                                      |        |             |            |            |             | 1.769  | 1.769           |
| clock network delay (ideal)                                                                                                                       |        |             |            |            |             | 0.000  | 1.769           |
| csr_mod.regs[5]_0__reg_p_CK_ICGX0P5H7L_ECK:CK (ICGX0P5H7L)                                                                                        |        |             |            |            |             |        | 1.769r          |
| library setup time                                                                                                                                |        |             |            |            |             | -0.054 | 1.715           |
| clock reconvergence pessimism                                                                                                                     |        |             |            |            |             | 0.000  | 1.715           |
|                                                                                                                                                   |        |             |            |            |             |        |                 |
| path cell delay                                                                                                                                   |        |             |            |            |             |        | 0.952(100.000%) |
| path net delay                                                                                                                                    |        |             |            |            |             |        | 0.000(0.000%)   |
|                                                                                                                                                   |        |             |            |            |             |        |                 |
| data require time                                                                                                                                 |        |             |            |            |             |        | 1.715           |
| data arrival time                                                                                                                                 |        |             |            |            |             |        | 0.952           |
| slack (MET)                                                                                                                                       |        |             |            |            |             |        | 0.763           |
+---------------------------------------------------------------------------------------------------------------------------------------------------+--------+-------------+------------+------------+-------------+--------+-----------------+
+-------------------------------------------------------------------------------------------------------------+--------+-------------+------------+------------+-------------+--------+-----------------+
| Point                                                                                                       | Fanout | Capacitance | Resistance | Transition | Delta Delay | Incr   | Path            |
+-------------------------------------------------------------------------------------------------------------+--------+-------------+------------+------------+-------------+--------+-----------------+
| clock (port)                                                                                                |        | 0.724       | 0.000      | 0.000      |             | 0.000  | 0.000r          |
| clock (clock net)                                                                                           | 688    |             |            |            | NA          |        |                 |
| pc_mod.pc_5__reg_p:CK (DFFQX1H7L)                                                                           |        | 0.001       | 0.000      | 0.000      |             | 0.000  | 0.000r          |
| clock core_clock (rise edge)                                                                                |        |             |            |            |             | 0      | 0               |
| clock network delay (ideal)                                                                                 |        |             |            |            |             | 0.000  | 0.000           |
| pc_mod.pc_5__reg_p:CK (DFFQX1H7L)                                                                           |        | 0.001       | 0.000      | 0.000      |             | 0.000  | 0.000r          |
| pc_mod.pc_5__reg_p:Q (DFFQX1H7L)                                                                            |        | 0.002       | 0.000      | 0.030      |             | 0.067  | 0.067f          |
| pc_mod.pc_5_ (net)                                                                                          | 2      |             |            |            | 0.000       |        |                 |
| pc_mod.pc_5__BUFX3H7L_A:A (BUFX3H7L)                                                                        |        | 0.001       | 0.000      | 0.030      |             | 0.000  | 0.067f          |
| pc_mod.pc_5__BUFX3H7L_A:Y (BUFX3H7L)                                                                        |        | 0.011       | 0.000      | 0.047      |             | 0.066  | 0.132f          |
| pc_mod.pc_5__BUFX3H7L_A_Y (net)                                                                             | 10     |             |            |            | 0.000       |        |                 |
| icache_mod.miss_addr_5__MUX2X8H7L_B:A (MUX2X8H7L)                                                           |        | 0.002       | 0.000      | 0.047      |             | 0.000  | 0.132f          |
| icache_mod.miss_addr_5__MUX2X8H7L_B:Y (MUX2X8H7L)                                                           |        | 0.003       | 0.000      | 0.025      |             | 0.062  | 0.194f          |
| icache_mod.miss_addr_5__MUX2X8H7L_B_Y (net)                                                                 | 1      |             |            |            | 0.000       |        |                 |
| icache_mod.miss_addr_5__MUX2X8H7L_B_Y_BUFX16H7L_A:A (BUFX16H7L)                                             |        | 0.003       | 0.000      | 0.025      |             | 0.000  | 0.194f          |
| icache_mod.miss_addr_5__MUX2X8H7L_B_Y_BUFX16H7L_A:Y (BUFX16H7L)                                             |        | 0.036       | 0.000      | 0.032      |             | 0.049  | 0.243f          |
| icache_mod.block_tag[0]_1__MUX2X1P4H7L_A_S0 (net)                                                           | 18     |             |            |            | 0.000       |        |                 |
| icache_mod.block_tag[0]_1__MUX2X1P4H7L_A_S0_BUFX10H7L_A:A (BUFX10H7L)                                       |        | 0.002       | 0.000      | 0.032      |             | 0.000  | 0.243f          |
| icache_mod.block_tag[0]_1__MUX2X1P4H7L_A_S0_BUFX10H7L_A:Y (BUFX10H7L)                                       |        | 0.030       | 0.000      | 0.038      |             | 0.055  | 0.298f          |
| icache_mod.block_tag[0]_8__MUX2X0P5H7L_A_S0 (net)                                                           | 24     |             |            |            | 0.000       |        |                 |
| icache_mod.block_tag[0]_17__MUX2X0P5H7L_A:S0 (MUX2X0P5H7L)                                                  |        | 0.002       | 0.000      | 0.038      |             | 0.000  | 0.298f          |
| icache_mod.block_tag[0]_17__MUX2X0P5H7L_A:Y (MUX2X0P5H7L)                                                   |        | 0.001       | 0.000      | 0.024      |             | 0.050  | 0.348f          |
| icache_mod.block_tag[0]_17__MUX2X0P5H7L_A_Y (net)                                                           | 1      |             |            |            | 0.000       |        |                 |
| icache_mod.block_tag[0]_17__MUX2X0P5H7L_A_Y_XNOR2X0P5H7L_B:B (XNOR2X0P5H7L)                                 |        | 0.001       | 0.000      | 0.024      |             | 0.000  | 0.348f          |
| icache_mod.block_tag[0]_17__MUX2X0P5H7L_A_Y_XNOR2X0P5H7L_B:Y (XNOR2X0P5H7L)                                 |        | 0.001       | 0.000      | 0.025      |             | 0.061  | 0.409f          |
| icache_mod.block_tag[0]_17__MUX2X0P5H7L_A_Y_XNOR2X0P5H7L_B_Y (net)                                          | 1      |             |            |            | 0.000       |        |                 |
| icache_mod.block_tag[0]_9__MUX2X0P5H7L_A_Y_XNOR2X0P5H7L_B_Y_NAND4X0P5H7L_D:A (NAND4X0P5H7L)                 |        | 0.001       | 0.000      | 0.025      |             | 0.000  | 0.409f          |
| icache_mod.block_tag[0]_9__MUX2X0P5H7L_A_Y_XNOR2X0P5H7L_B_Y_NAND4X0P5H7L_D:Y (NAND4X0P5H7L)                 |        | 0.001       | 0.000      | 0.042      |             | 0.033  | 0.442r          |
| icache_mod.block_tag[0]_9__MUX2X0P5H7L_A_Y_XNOR2X0P5H7L_B_Y_NAND4X0P5H7L_D_Y (net)                          | 1      |             |            |            | 0.000       |        |                 |
| icache_mod.block_tag[0]_8__MUX2X0P5H7L_A_Y_XNOR2X0P5H7L_B_Y_NAND4X0P5H7L_C_Y_NOR4BX2H7L_B:C (NOR4BX2H7L)    |        | 0.001       | 0.000      | 0.042      |             | 0.000  | 0.442r          |
| icache_mod.block_tag[0]_8__MUX2X0P5H7L_A_Y_XNOR2X0P5H7L_B_Y_NAND4X0P5H7L_C_Y_NOR4BX2H7L_B:Y (NOR4BX2H7L)    |        | 0.003       | 0.000      | 0.027      |             | 0.024  | 0.466f          |
| decode_mod.valid_left_NAND4X1P4H7L_A_B_NAND4X2H7L_B_A (net)                                                 | 3      |             |            |            | 0.000       |        |                 |
| icache_mod.state_1__NAND4X0P5H7L_C_D_AOI2BB1X0P5H7L_Y:B0 (AOI2BB1X0P5H7L)                                   |        | 0.001       | 0.000      | 0.027      |             | 0.000  | 0.466f          |
| icache_mod.state_1__NAND4X0P5H7L_C_D_AOI2BB1X0P5H7L_Y:Y (AOI2BB1X0P5H7L)                                    |        | 0.002       | 0.000      | 0.065      |             | 0.048  | 0.515r          |
| icache_mod.state_1__NAND4X0P5H7L_C_D (net)                                                                  | 2      |             |            |            | 0.000       |        |                 |
| icache_mod.state_1__NAND4X0P5H7L_C:D (NAND4X0P5H7L)                                                         |        | 0.001       | 0.000      | 0.065      |             | 0.000  | 0.515r          |
| icache_mod.state_1__NAND4X0P5H7L_C:Y (NAND4X0P5H7L)                                                         |        | 0.002       | 0.000      | 0.085      |             | 0.064  | 0.579f          |
| io_master_rready_OAI21X0P5H7L_Y_B0 (net)                                                                    | 2      |             |            |            | 0.000       |        |                 |
| io_master_rvalid_INVX0P5H7L_A_Y_OR2X1P4H7L_A:B (OR2X1P4H7L)                                                 |        | 0.001       | 0.000      | 0.085      |             | 0.000  | 0.579f          |
| io_master_rvalid_INVX0P5H7L_A_Y_OR2X1P4H7L_A:Y (OR2X1P4H7L)                                                 |        | 0.005       | 0.000      | 0.045      |             | 0.086  | 0.665f          |
| io_master_rvalid_INVX0P5H7L_A_Y_OR2X1P4H7L_A_Y (net)                                                        | 6      |             |            |            | 0.000       |        |                 |
| icache_mod.fill_count_1__INVX0P5H7L_A_Y_NOR3BX0P5H7L_B:C (NOR3BX0P5H7L)                                     |        | 0.001       | 0.000      | 0.045      |             | 0.000  | 0.665f          |
| icache_mod.fill_count_1__INVX0P5H7L_A_Y_NOR3BX0P5H7L_B:Y (NOR3BX0P5H7L)                                     |        | 0.004       | 0.000      | 0.213      |             | 0.137  | 0.802r          |
| icache_mod.trans_reg_p_D_AOI22X0P5H7L_A1_B0 (net)                                                           | 5      |             |            |            | 0.000       |        |                 |
| icache_mod.trans_reg_p_D_AOI22X0P5H7L_A1_B0_NAND2X0P5H7L_B:B (NAND2X0P5H7L)                                 |        | 0.001       | 0.000      | 0.213      |             | 0.000  | 0.802r          |
| icache_mod.trans_reg_p_D_AOI22X0P5H7L_A1_B0_NAND2X0P5H7L_B:Y (NAND2X0P5H7L)                                 |        | 0.003       | 0.000      | 0.088      |             | 0.072  | 0.874f          |
| icache_mod.trans_reg_p_D_AOI22X0P5H7L_A1_B0_NAND2X0P5H7L_B_Y (net)                                          | 4      |             |            |            | 0.000       |        |                 |
| icache_mod.trans_reg_p_D_AOI22X0P5H7L_A1_B0_NAND2X0P5H7L_B_Y_NOR3X0P5H7L_C_1:C (NOR3X0P5H7L)                |        | 0.001       | 0.000      | 0.088      |             | 0.000  | 0.874f          |
| icache_mod.trans_reg_p_D_AOI22X0P5H7L_A1_B0_NAND2X0P5H7L_B_Y_NOR3X0P5H7L_C_1:Y (NOR3X0P5H7L)                |        | 0.001       | 0.000      | 0.080      |             | 0.067  | 0.941r          |
| icache_mod.trans_reg_p_D_AOI22X0P5H7L_A1_B0_NAND2X0P5H7L_B_Y_NOR3X0P5H7L_C_1_Y (net)                        | 1      |             |            |            | 0.000       |        |                 |
| icache_mod.trans_reg_p_D_AOI22X0P5H7L_A1_B0_NAND2X0P5H7L_B_Y_NOR3X0P5H7L_C_1_Y_ICGX0P5H7L_E:E (ICGX0P5H7L)  |        | 0.001       | 0.000      | 0.080      |             | 0.000  | 0.941r          |
|                                                                                                             |        |             |            |            |             |        |                 |
| clock (port)                                                                                                |        | 0.568       | 0.000      | 0.000      |             | 0.000  | 0.000r          |
| clock (clock net)                                                                                           | 688    |             |            |            | NA          |        |                 |
| icache_mod.trans_reg_p_D_AOI22X0P5H7L_A1_B0_NAND2X0P5H7L_B_Y_NOR3X0P5H7L_C_1_Y_ICGX0P5H7L_E:CK (ICGX0P5H7L) |        | 0.002       | 0.000      | 0.000      |             | 0.000  | 0.000r          |
| clock core_clock (rise edge)                                                                                |        |             |            |            |             | 1.769  | 1.769           |
| clock network delay (ideal)                                                                                 |        |             |            |            |             | 0.000  | 1.769           |
| icache_mod.trans_reg_p_D_AOI22X0P5H7L_A1_B0_NAND2X0P5H7L_B_Y_NOR3X0P5H7L_C_1_Y_ICGX0P5H7L_E:CK (ICGX0P5H7L) |        |             |            |            |             |        | 1.769r          |
| library setup time                                                                                          |        |             |            |            |             | -0.060 | 1.709           |
| clock reconvergence pessimism                                                                               |        |             |            |            |             | 0.000  | 1.709           |
|                                                                                                             |        |             |            |            |             |        |                 |
| path cell delay                                                                                             |        |             |            |            |             |        | 0.941(100.000%) |
| path net delay                                                                                              |        |             |            |            |             |        | 0.000(0.000%)   |
|                                                                                                             |        |             |            |            |             |        |                 |
| data require time                                                                                           |        |             |            |            |             |        | 1.709           |
| data arrival time                                                                                           |        |             |            |            |             |        | 0.941           |
| slack (MET)                                                                                                 |        |             |            |            |             |        | 0.768           |
+-------------------------------------------------------------------------------------------------------------+--------+-------------+------------+------------+-------------+--------+-----------------+
+-----------------------------------------------------------------------------------------------------------+--------+-------------+------------+------------+-------------+--------+-----------------+
| Point                                                                                                     | Fanout | Capacitance | Resistance | Transition | Delta Delay | Incr   | Path            |
+-----------------------------------------------------------------------------------------------------------+--------+-------------+------------+------------+-------------+--------+-----------------+
| clock (port)                                                                                              |        | 0.724       | 0.000      | 0.000      |             | 0.000  | 0.000r          |
| clock (clock net)                                                                                         | 688    |             |            |            | NA          |        |                 |
| pc_mod.pc_5__reg_p:CK (DFFQX1H7L)                                                                         |        | 0.001       | 0.000      | 0.000      |             | 0.000  | 0.000r          |
| clock core_clock (rise edge)                                                                              |        |             |            |            |             | 0      | 0               |
| clock network delay (ideal)                                                                               |        |             |            |            |             | 0.000  | 0.000           |
| pc_mod.pc_5__reg_p:CK (DFFQX1H7L)                                                                         |        | 0.001       | 0.000      | 0.000      |             | 0.000  | 0.000r          |
| pc_mod.pc_5__reg_p:Q (DFFQX1H7L)                                                                          |        | 0.002       | 0.000      | 0.030      |             | 0.067  | 0.067f          |
| pc_mod.pc_5_ (net)                                                                                        | 2      |             |            |            | 0.000       |        |                 |
| pc_mod.pc_5__BUFX3H7L_A:A (BUFX3H7L)                                                                      |        | 0.001       | 0.000      | 0.030      |             | 0.000  | 0.067f          |
| pc_mod.pc_5__BUFX3H7L_A:Y (BUFX3H7L)                                                                      |        | 0.011       | 0.000      | 0.047      |             | 0.066  | 0.132f          |
| pc_mod.pc_5__BUFX3H7L_A_Y (net)                                                                           | 10     |             |            |            | 0.000       |        |                 |
| icache_mod.miss_addr_5__MUX2X8H7L_B:A (MUX2X8H7L)                                                         |        | 0.002       | 0.000      | 0.047      |             | 0.000  | 0.132f          |
| icache_mod.miss_addr_5__MUX2X8H7L_B:Y (MUX2X8H7L)                                                         |        | 0.003       | 0.000      | 0.025      |             | 0.062  | 0.194f          |
| icache_mod.miss_addr_5__MUX2X8H7L_B_Y (net)                                                               | 1      |             |            |            | 0.000       |        |                 |
| icache_mod.miss_addr_5__MUX2X8H7L_B_Y_BUFX16H7L_A:A (BUFX16H7L)                                           |        | 0.003       | 0.000      | 0.025      |             | 0.000  | 0.194f          |
| icache_mod.miss_addr_5__MUX2X8H7L_B_Y_BUFX16H7L_A:Y (BUFX16H7L)                                           |        | 0.036       | 0.000      | 0.032      |             | 0.049  | 0.243f          |
| icache_mod.block_tag[0]_1__MUX2X1P4H7L_A_S0 (net)                                                         | 18     |             |            |            | 0.000       |        |                 |
| icache_mod.block_tag[0]_1__MUX2X1P4H7L_A_S0_BUFX10H7L_A:A (BUFX10H7L)                                     |        | 0.002       | 0.000      | 0.032      |             | 0.000  | 0.243f          |
| icache_mod.block_tag[0]_1__MUX2X1P4H7L_A_S0_BUFX10H7L_A:Y (BUFX10H7L)                                     |        | 0.030       | 0.000      | 0.038      |             | 0.055  | 0.298f          |
| icache_mod.block_tag[0]_8__MUX2X0P5H7L_A_S0 (net)                                                         | 24     |             |            |            | 0.000       |        |                 |
| icache_mod.block_tag[0]_17__MUX2X0P5H7L_A:S0 (MUX2X0P5H7L)                                                |        | 0.002       | 0.000      | 0.038      |             | 0.000  | 0.298f          |
| icache_mod.block_tag[0]_17__MUX2X0P5H7L_A:Y (MUX2X0P5H7L)                                                 |        | 0.001       | 0.000      | 0.024      |             | 0.050  | 0.348f          |
| icache_mod.block_tag[0]_17__MUX2X0P5H7L_A_Y (net)                                                         | 1      |             |            |            | 0.000       |        |                 |
| icache_mod.block_tag[0]_17__MUX2X0P5H7L_A_Y_XNOR2X0P5H7L_B:B (XNOR2X0P5H7L)                               |        | 0.001       | 0.000      | 0.024      |             | 0.000  | 0.348f          |
| icache_mod.block_tag[0]_17__MUX2X0P5H7L_A_Y_XNOR2X0P5H7L_B:Y (XNOR2X0P5H7L)                               |        | 0.001       | 0.000      | 0.025      |             | 0.061  | 0.409f          |
| icache_mod.block_tag[0]_17__MUX2X0P5H7L_A_Y_XNOR2X0P5H7L_B_Y (net)                                        | 1      |             |            |            | 0.000       |        |                 |
| icache_mod.block_tag[0]_9__MUX2X0P5H7L_A_Y_XNOR2X0P5H7L_B_Y_NAND4X0P5H7L_D:A (NAND4X0P5H7L)               |        | 0.001       | 0.000      | 0.025      |             | 0.000  | 0.409f          |
| icache_mod.block_tag[0]_9__MUX2X0P5H7L_A_Y_XNOR2X0P5H7L_B_Y_NAND4X0P5H7L_D:Y (NAND4X0P5H7L)               |        | 0.001       | 0.000      | 0.042      |             | 0.033  | 0.442r          |
| icache_mod.block_tag[0]_9__MUX2X0P5H7L_A_Y_XNOR2X0P5H7L_B_Y_NAND4X0P5H7L_D_Y (net)                        | 1      |             |            |            | 0.000       |        |                 |
| icache_mod.block_tag[0]_8__MUX2X0P5H7L_A_Y_XNOR2X0P5H7L_B_Y_NAND4X0P5H7L_C_Y_NOR4BX2H7L_B:C (NOR4BX2H7L)  |        | 0.001       | 0.000      | 0.042      |             | 0.000  | 0.442r          |
| icache_mod.block_tag[0]_8__MUX2X0P5H7L_A_Y_XNOR2X0P5H7L_B_Y_NAND4X0P5H7L_C_Y_NOR4BX2H7L_B:Y (NOR4BX2H7L)  |        | 0.003       | 0.000      | 0.027      |             | 0.024  | 0.466f          |
| decode_mod.valid_left_NAND4X1P4H7L_A_B_NAND4X2H7L_B_A (net)                                               | 3      |             |            |            | 0.000       |        |                 |
| icache_mod.state_1__NAND4X0P5H7L_C_D_AOI2BB1X0P5H7L_Y:B0 (AOI2BB1X0P5H7L)                                 |        | 0.001       | 0.000      | 0.027      |             | 0.000  | 0.466f          |
| icache_mod.state_1__NAND4X0P5H7L_C_D_AOI2BB1X0P5H7L_Y:Y (AOI2BB1X0P5H7L)                                  |        | 0.002       | 0.000      | 0.065      |             | 0.048  | 0.515r          |
| icache_mod.state_1__NAND4X0P5H7L_C_D (net)                                                                | 2      |             |            |            | 0.000       |        |                 |
| icache_mod.state_1__NAND4X0P5H7L_C:D (NAND4X0P5H7L)                                                       |        | 0.001       | 0.000      | 0.065      |             | 0.000  | 0.515r          |
| icache_mod.state_1__NAND4X0P5H7L_C:Y (NAND4X0P5H7L)                                                       |        | 0.002       | 0.000      | 0.085      |             | 0.064  | 0.579f          |
| io_master_rready_OAI21X0P5H7L_Y_B0 (net)                                                                  | 2      |             |            |            | 0.000       |        |                 |
| io_master_rvalid_INVX0P5H7L_A_Y_OR2X1P4H7L_A:B (OR2X1P4H7L)                                               |        | 0.001       | 0.000      | 0.085      |             | 0.000  | 0.579f          |
| io_master_rvalid_INVX0P5H7L_A_Y_OR2X1P4H7L_A:Y (OR2X1P4H7L)                                               |        | 0.005       | 0.000      | 0.045      |             | 0.086  | 0.665f          |
| io_master_rvalid_INVX0P5H7L_A_Y_OR2X1P4H7L_A_Y (net)                                                      | 6      |             |            |            | 0.000       |        |                 |
| icache_mod.fill_count_1__INVX0P5H7L_A_Y_NOR3BX0P5H7L_B:C (NOR3BX0P5H7L)                                   |        | 0.001       | 0.000      | 0.045      |             | 0.000  | 0.665f          |
| icache_mod.fill_count_1__INVX0P5H7L_A_Y_NOR3BX0P5H7L_B:Y (NOR3BX0P5H7L)                                   |        | 0.004       | 0.000      | 0.213      |             | 0.137  | 0.802r          |
| icache_mod.trans_reg_p_D_AOI22X0P5H7L_A1_B0 (net)                                                         | 5      |             |            |            | 0.000       |        |                 |
| icache_mod.trans_reg_p_D_AOI22X0P5H7L_A1_B0_NAND2X0P5H7L_B:B (NAND2X0P5H7L)                               |        | 0.001       | 0.000      | 0.213      |             | 0.000  | 0.802r          |
| icache_mod.trans_reg_p_D_AOI22X0P5H7L_A1_B0_NAND2X0P5H7L_B:Y (NAND2X0P5H7L)                               |        | 0.003       | 0.000      | 0.088      |             | 0.072  | 0.874f          |
| icache_mod.trans_reg_p_D_AOI22X0P5H7L_A1_B0_NAND2X0P5H7L_B_Y (net)                                        | 4      |             |            |            | 0.000       |        |                 |
| icache_mod.trans_reg_p_D_AOI22X0P5H7L_A1_B0_NAND2X0P5H7L_B_Y_NOR3X0P5H7L_C:C (NOR3X0P5H7L)                |        | 0.001       | 0.000      | 0.088      |             | 0.000  | 0.874f          |
| icache_mod.trans_reg_p_D_AOI22X0P5H7L_A1_B0_NAND2X0P5H7L_B_Y_NOR3X0P5H7L_C:Y (NOR3X0P5H7L)                |        | 0.001       | 0.000      | 0.080      |             | 0.067  | 0.941r          |
| icache_mod.trans_reg_p_D_AOI22X0P5H7L_A1_B0_NAND2X0P5H7L_B_Y_NOR3X0P5H7L_C_Y (net)                        | 1      |             |            |            | 0.000       |        |                 |
| icache_mod.trans_reg_p_D_AOI22X0P5H7L_A1_B0_NAND2X0P5H7L_B_Y_NOR3X0P5H7L_C_Y_ICGX0P5H7L_E:E (ICGX0P5H7L)  |        | 0.001       | 0.000      | 0.080      |             | 0.000  | 0.941r          |
|                                                                                                           |        |             |            |            |             |        |                 |
| clock (port)                                                                                              |        | 0.568       | 0.000      | 0.000      |             | 0.000  | 0.000r          |
| clock (clock net)                                                                                         | 688    |             |            |            | NA          |        |                 |
| icache_mod.trans_reg_p_D_AOI22X0P5H7L_A1_B0_NAND2X0P5H7L_B_Y_NOR3X0P5H7L_C_Y_ICGX0P5H7L_E:CK (ICGX0P5H7L) |        | 0.002       | 0.000      | 0.000      |             | 0.000  | 0.000r          |
| clock core_clock (rise edge)                                                                              |        |             |            |            |             | 1.769  | 1.769           |
| clock network delay (ideal)                                                                               |        |             |            |            |             | 0.000  | 1.769           |
| icache_mod.trans_reg_p_D_AOI22X0P5H7L_A1_B0_NAND2X0P5H7L_B_Y_NOR3X0P5H7L_C_Y_ICGX0P5H7L_E:CK (ICGX0P5H7L) |        |             |            |            |             |        | 1.769r          |
| library setup time                                                                                        |        |             |            |            |             | -0.060 | 1.709           |
| clock reconvergence pessimism                                                                             |        |             |            |            |             | 0.000  | 1.709           |
|                                                                                                           |        |             |            |            |             |        |                 |
| path cell delay                                                                                           |        |             |            |            |             |        | 0.941(100.000%) |
| path net delay                                                                                            |        |             |            |            |             |        | 0.000(0.000%)   |
|                                                                                                           |        |             |            |            |             |        |                 |
| data require time                                                                                         |        |             |            |            |             |        | 1.709           |
| data arrival time                                                                                         |        |             |            |            |             |        | 0.941           |
| slack (MET)                                                                                               |        |             |            |            |             |        | 0.768           |
+-----------------------------------------------------------------------------------------------------------+--------+-------------+------------+------------+-------------+--------+-----------------+
+---------------------------------------------------------------------------------------------------------------------------------------------------+--------+-------------+------------+------------+-------------+--------+-----------------+
| Point                                                                                                                                             | Fanout | Capacitance | Resistance | Transition | Delta Delay | Incr   | Path            |
+---------------------------------------------------------------------------------------------------------------------------------------------------+--------+-------------+------------+------------+-------------+--------+-----------------+
| clock (port)                                                                                                                                      |        | 0.724       | 0.000      | 0.000      |             | 0.000  | 0.000r          |
| clock (clock net)                                                                                                                                 | 688    |             |            |            | NA          |        |                 |
| alu_mod.bus_in_imm_5__reg_p:CK (DFFQX1H7L)                                                                                                        |        | 0.001       | 0.000      | 0.000      |             | 0.000  | 0.000r          |
| clock core_clock (rise edge)                                                                                                                      |        |             |            |            |             | 0      | 0               |
| clock network delay (ideal)                                                                                                                       |        |             |            |            |             | 0.000  | 0.000           |
| alu_mod.bus_in_imm_5__reg_p:CK (DFFQX1H7L)                                                                                                        |        | 0.001       | 0.000      | 0.000      |             | 0.000  | 0.000r          |
| alu_mod.bus_in_imm_5__reg_p:Q (DFFQX1H7L)                                                                                                         |        | 0.004       | 0.000      | 0.041      |             | 0.078  | 0.078f          |
| alu_mod.bus_in_imm_5_ (net)                                                                                                                       | 4      |             |            |            | 0.000       |        |                 |
| alu_mod.bus_in_imm_3__reg_p_D_AOI211X0P5H7L_Y_A0_NAND4BBX0P5H7L_D_BN_NAND4BBX0P5H7L_Y:AN (NAND4BBX0P5H7L)                                         |        | 0.001       | 0.000      | 0.041      |             | 0.000  | 0.078f          |
| alu_mod.bus_in_imm_3__reg_p_D_AOI211X0P5H7L_Y_A0_NAND4BBX0P5H7L_D_BN_NAND4BBX0P5H7L_Y:Y (NAND4BBX0P5H7L)                                          |        | 0.002       | 0.000      | 0.080      |             | 0.084  | 0.162f          |
| alu_mod.bus_in_imm_3__reg_p_D_AOI211X0P5H7L_Y_A0_NAND4BBX0P5H7L_D_BN (net)                                                                        | 2      |             |            |            | 0.000       |        |                 |
| alu_mod.bus_in_imm_3__reg_p_D_AOI211X0P5H7L_Y_A0_NAND4BBX0P5H7L_D_BN_NOR3X0P5H7L_C:C (NOR3X0P5H7L)                                                |        | 0.001       | 0.000      | 0.080      |             | 0.000  | 0.162f          |
| alu_mod.bus_in_imm_3__reg_p_D_AOI211X0P5H7L_Y_A0_NAND4BBX0P5H7L_D_BN_NOR3X0P5H7L_C:Y (NOR3X0P5H7L)                                                |        | 0.002       | 0.000      | 0.108      |             | 0.085  | 0.247r          |
| alu_mod.bus_in_imm_3__reg_p_D_AOI211X0P5H7L_Y_A0_NAND4BBX0P5H7L_D_BN_NOR3X0P5H7L_C_Y (net)                                                        | 2      |             |            |            | 0.000       |        |                 |
| alu_mod.bus_in_imm_3__reg_p_D_AOI211X0P5H7L_Y_A0_NAND4BBX0P5H7L_D_BN_NOR3X0P5H7L_C_Y_NAND4X1P4H7L_C:C (NAND4X1P4H7L)                              |        | 0.001       | 0.000      | 0.108      |             | 0.000  | 0.247r          |
| alu_mod.bus_in_imm_3__reg_p_D_AOI211X0P5H7L_Y_A0_NAND4BBX0P5H7L_D_BN_NOR3X0P5H7L_C_Y_NAND4X1P4H7L_C:Y (NAND4X1P4H7L)                              |        | 0.003       | 0.000      | 0.094      |             | 0.078  | 0.325f          |
| alu_mod.bus_in_imm_3__reg_p_D_AOI211X0P5H7L_Y_A0_NAND4BBX0P5H7L_D_Y_NOR2BX1H7L_B_Z_NOR2BX1P4H7L_B_AN (net)                                        | 4      |             |            |            | 0.000       |        |                 |
| alu_mod.bus_in_imm_3__reg_p_D_AOI211X0P5H7L_Y_A0_NAND4BBX0P5H7L_D_Y_NOR2BX1H7L_B_Z_NOR2BX1P4H7L_B:AN (NOR2BX1P4H7L)                               |        | 0.001       | 0.000      | 0.094      |             | 0.000  | 0.325f          |
| alu_mod.bus_in_imm_3__reg_p_D_AOI211X0P5H7L_Y_A0_NAND4BBX0P5H7L_D_Y_NOR2BX1H7L_B_Z_NOR2BX1P4H7L_B:Z (NOR2BX1P4H7L)                                |        | 0.002       | 0.000      | 0.036      |             | 0.059  | 0.383f          |
| alu_mod.bus_in_imm_3__reg_p_D_AOI211X0P5H7L_Y_A0_NAND4BBX0P5H7L_D_Y_NOR2BX1H7L_B_Z_NOR2BX1P4H7L_B_Z (net)                                         | 3      |             |            |            | 0.000       |        |                 |
| alu_mod.bus_in_imm_3__reg_p_D_AOI211X0P5H7L_Y_A0_NAND4BBX0P5H7L_D_Y_NOR2BX1H7L_B_Z_NAND3X0P5H7L_C_1_Y_OAOI211X1P4H7L_B0:A1 (OAOI211X1P4H7L)       |        | 0.001       | 0.000      | 0.036      |             | 0.000  | 0.383f          |
| alu_mod.bus_in_imm_3__reg_p_D_AOI211X0P5H7L_Y_A0_NAND4BBX0P5H7L_D_Y_NOR2BX1H7L_B_Z_NAND3X0P5H7L_C_1_Y_OAOI211X1P4H7L_B0:Y (OAOI211X1P4H7L)        |        | 0.002       | 0.000      | 0.089      |             | 0.075  | 0.458r          |
| alu_mod.bus_in_imm_3__reg_p_D_AOI211X0P5H7L_Y_A0_NAND4BBX0P5H7L_D_Y_NOR2BX1H7L_B_Z_NAND3X0P5H7L_C_1_Y_OAOI211X1P4H7L_B0_Y (net)                   | 1      |             |            |            | 0.000       |        |                 |
| alu_mod.bus_in_imm_3__reg_p_D_AOI211X0P5H7L_Y_A0_NAND4BBX0P5H7L_D_Y_NOR2BX1H7L_B_Z_NAND3X0P5H7L_C_1_Y_OAOI211X1P4H7L_B0_Y_BUFX7H7L_A:A (BUFX7H7L) |        | 0.002       | 0.000      | 0.089      |             | 0.000  | 0.458r          |
| alu_mod.bus_in_imm_3__reg_p_D_AOI211X0P5H7L_Y_A0_NAND4BBX0P5H7L_D_Y_NOR2BX1H7L_B_Z_NAND3X0P5H7L_C_1_Y_OAOI211X1P4H7L_B0_Y_BUFX7H7L_A:Y (BUFX7H7L) |        | 0.029       | 0.000      | 0.079      |             | 0.077  | 0.535r          |
| csr_mod.regs[2]_3__MUX2X0P5H7L_A_S0 (net)                                                                                                         | 11     |             |            |            | 0.000       |        |                 |
| csr_mod.regs[2]_3__MUX2X0P5H7L_A_S0_BUFX7H7L_A:A (BUFX7H7L)                                                                                       |        | 0.002       | 0.000      | 0.079      |             | 0.000  | 0.535r          |
| csr_mod.regs[2]_3__MUX2X0P5H7L_A_S0_BUFX7H7L_A:Y (BUFX7H7L)                                                                                       |        | 0.023       | 0.000      | 0.065      |             | 0.067  | 0.602r          |
| csr_mod.regs[4]_9__NOR2BX1H7L_AN_B (net)                                                                                                          | 24     |             |            |            | 0.000       |        |                 |
| csr_mod.regs[4]_9__NOR2BX1H7L_AN_B_BUFX5H7L_A:A (BUFX5H7L)                                                                                        |        | 0.001       | 0.000      | 0.065      |             | 0.000  | 0.602r          |
| csr_mod.regs[4]_9__NOR2BX1H7L_AN_B_BUFX5H7L_A:Y (BUFX5H7L)                                                                                        |        | 0.021       | 0.000      | 0.082      |             | 0.077  | 0.680r          |
| csr_mod.regs[4]_27__NOR2BX1H7L_AN_B (net)                                                                                                         | 24     |             |            |            | 0.000       |        |                 |
| csr_mod.oper_0__OA21X0P7H7L_A0_Y_AND2X1H7L_B:A (AND2X1H7L)                                                                                        |        | 0.001       | 0.000      | 0.082      |             | 0.000  | 0.680r          |
| csr_mod.oper_0__OA21X0P7H7L_A0_Y_AND2X1H7L_B:Y (AND2X1H7L)                                                                                        |        | 0.003       | 0.000      | 0.046      |             | 0.063  | 0.743r          |
| csr_mod.oper_0__OA21X0P7H7L_A0_Y_AND2X1H7L_B_Y (net)                                                                                              | 3      |             |            |            | 0.000       |        |                 |
| csr_mod.oper_0__OA21X0P7H7L_A0_Y_AND2X1H7L_B_Y_NAND2X1P4H7L_B_1:B (NAND2X1P4H7L)                                                                  |        | 0.001       | 0.000      | 0.046      |             | 0.000  | 0.743r          |
| csr_mod.oper_0__OA21X0P7H7L_A0_Y_AND2X1H7L_B_Y_NAND2X1P4H7L_B_1:Y (NAND2X1P4H7L)                                                                  |        | 0.008       | 0.000      | 0.107      |             | 0.064  | 0.807f          |
| csr_mod.regs[1]_9__reg_p_D_OAI21X0P5H7L_Y_A0 (net)                                                                                                | 10     |             |            |            | 0.000       |        |                 |
| csr_mod.regs[1]_9__reg_p_D_OAI21X0P5H7L_Y_A0_BUFX3H7L_A:A (BUFX3H7L)                                                                              |        | 0.001       | 0.000      | 0.107      |             | 0.000  | 0.807f          |
| csr_mod.regs[1]_9__reg_p_D_OAI21X0P5H7L_Y_A0_BUFX3H7L_A:Y (BUFX3H7L)                                                                              |        | 0.019       | 0.000      | 0.073      |             | 0.103  | 0.910f          |
| csr_mod.regs[1]_3__reg_p_D_OAI21X0P5H7L_Y_A1 (net)                                                                                                | 24     |             |            |            | 0.000       |        |                 |
| csr_mod.cause_0__AOI21X0P5H7L_A0_Y_NAND2X0P5H7L_B_1:A (NAND2X0P5H7L)                                                                              |        | 0.001       | 0.000      | 0.073      |             | 0.000  | 0.910f          |
| csr_mod.cause_0__AOI21X0P5H7L_A0_Y_NAND2X0P5H7L_B_1:Y (NAND2X0P5H7L)                                                                              |        | 0.001       | 0.000      | 0.041      |             | 0.034  | 0.944r          |
| csr_mod.cause_0__AOI21X0P5H7L_A0_Y_NAND2X0P5H7L_B_1_Y (net)                                                                                       | 1      |             |            |            | 0.000       |        |                 |
| csr_mod.cause_0__AOI21X0P5H7L_A0_Y_NAND2X0P5H7L_B_1_Y_ICGX0P5H7L_E:E (ICGX0P5H7L)                                                                 |        | 0.001       | 0.000      | 0.041      |             | 0.000  | 0.944r          |
|                                                                                                                                                   |        |             |            |            |             |        |                 |
| clock (port)                                                                                                                                      |        | 0.568       | 0.000      | 0.000      |             | 0.000  | 0.000r          |
| clock (clock net)                                                                                                                                 | 688    |             |            |            | NA          |        |                 |
| csr_mod.cause_0__AOI21X0P5H7L_A0_Y_NAND2X0P5H7L_B_1_Y_ICGX0P5H7L_E:CK (ICGX0P5H7L)                                                                |        | 0.002       | 0.000      | 0.000      |             | 0.000  | 0.000r          |
| clock core_clock (rise edge)                                                                                                                      |        |             |            |            |             | 1.769  | 1.769           |
| clock network delay (ideal)                                                                                                                       |        |             |            |            |             | 0.000  | 1.769           |
| csr_mod.cause_0__AOI21X0P5H7L_A0_Y_NAND2X0P5H7L_B_1_Y_ICGX0P5H7L_E:CK (ICGX0P5H7L)                                                                |        |             |            |            |             |        | 1.769r          |
| library setup time                                                                                                                                |        |             |            |            |             | -0.054 | 1.715           |
| clock reconvergence pessimism                                                                                                                     |        |             |            |            |             | 0.000  | 1.715           |
|                                                                                                                                                   |        |             |            |            |             |        |                 |
| path cell delay                                                                                                                                   |        |             |            |            |             |        | 0.944(100.000%) |
| path net delay                                                                                                                                    |        |             |            |            |             |        | 0.000(0.000%)   |
|                                                                                                                                                   |        |             |            |            |             |        |                 |
| data require time                                                                                                                                 |        |             |            |            |             |        | 1.715           |
| data arrival time                                                                                                                                 |        |             |            |            |             |        | 0.944           |
| slack (MET)                                                                                                                                       |        |             |            |            |             |        | 0.772           |
+---------------------------------------------------------------------------------------------------------------------------------------------------+--------+-------------+------------+------------+-------------+--------+-----------------+
+---------------------------------------------------------------+--------+-------------+------------+------------+-------------+--------+-----------------+
| Point                                                         | Fanout | Capacitance | Resistance | Transition | Delta Delay | Incr   | Path            |
+---------------------------------------------------------------+--------+-------------+------------+------------+-------------+--------+-----------------+
| clock (port)                                                  |        | 0.568       | 0.000      | 0.000      |             | 0.000  | 0.000r          |
| clock (clock net)                                             | 688    |             |            |            | NA          |        |                 |
| pc_mod.pc_30__reg_p:CK (DFFQX1H7L)                            |        | 0.001       | 0.000      | 0.000      |             | 0.000  | 0.000r          |
| clock core_clock (rise edge)                                  |        |             |            |            |             | 0      | 0               |
| clock network delay (ideal)                                   |        |             |            |            |             | 0.000  | 0.000           |
| pc_mod.pc_30__reg_p:CK (DFFQX1H7L)                            |        | 0.001       | 0.000      | 0.000      |             | 0.000  | 0.000r          |
| pc_mod.pc_30__reg_p:Q (DFFQX1H7L)                             |        | 0.001       | 0.000      | 0.026      |             | 0.063  | 0.063f          |
| pc_mod.pc_30_ (net)                                           | 2      |             |            |            | 0.000       |        |                 |
| icache_mod.miss_addr_30__reg_p:D (DFFQX1H7L)                  |        | 0.001       | 0.000      | 0.026      |             | 0.000  | 0.063f          |
|                                                               |        |             |            |            |             |        |                 |
| clock (port)                                                  |        | 0.724       | 0.000      | 0.000      |             | 0.000  | 0.000r          |
| clock (clock net)                                             | 688    |             |            |            | NA          |        |                 |
| icache_mod.burst_reg_reg_p_CK_ICGX0P5H7L_ECK:CK (ICGX0P5H7L)  |        | 0.002       | 0.000      | 0.000      |             | 0.000  | 0.000r          |
| icache_mod.burst_reg_reg_p_CK_ICGX0P5H7L_ECK:ECK (ICGX0P5H7L) |        | 0.031       | 0.000      | 0.000      |             | 0.000  | 0.000r          |
| icache_mod.burst_reg_reg_p_CK (clock net)                     | 31     |             |            |            | NA          |        |                 |
| icache_mod.miss_addr_30__reg_p:CK (DFFQX1H7L)                 |        | 0.001       | 0.000      | 0.000      |             | 0.000  | 0.000r          |
| clock core_clock (rise edge)                                  |        |             |            |            |             | 0      | 0               |
| clock network delay (ideal)                                   |        |             |            |            |             | 0.000  | 0.000           |
| icache_mod.miss_addr_30__reg_p:CK (DFFQX1H7L)                 |        |             |            |            |             |        | 0.000r          |
| library hold time                                             |        |             |            |            |             | -0.008 | -0.008          |
| clock reconvergence pessimism                                 |        |             |            |            |             | -0.000 | -0.008          |
|                                                               |        |             |            |            |             |        |                 |
| path cell delay                                               |        |             |            |            |             |        | 0.063(100.000%) |
| path net delay                                                |        |             |            |            |             |        | 0.000(0.000%)   |
|                                                               |        |             |            |            |             |        |                 |
| data require time                                             |        |             |            |            |             |        | -0.008          |
| data arrival time                                             |        |             |            |            |             |        | 0.063           |
| slack (MET)                                                   |        |             |            |            |             |        | 0.071           |
+---------------------------------------------------------------+--------+-------------+------------+------------+-------------+--------+-----------------+
+---------------------------------------------------------------+--------+-------------+------------+------------+-------------+--------+-----------------+
| Point                                                         | Fanout | Capacitance | Resistance | Transition | Delta Delay | Incr   | Path            |
+---------------------------------------------------------------+--------+-------------+------------+------------+-------------+--------+-----------------+
| clock (port)                                                  |        | 0.568       | 0.000      | 0.000      |             | 0.000  | 0.000r          |
| clock (clock net)                                             | 688    |             |            |            | NA          |        |                 |
| pc_mod.pc_5__reg_p:CK (DFFQX1H7L)                             |        | 0.001       | 0.000      | 0.000      |             | 0.000  | 0.000r          |
| clock core_clock (rise edge)                                  |        |             |            |            |             | 0      | 0               |
| clock network delay (ideal)                                   |        |             |            |            |             | 0.000  | 0.000           |
| pc_mod.pc_5__reg_p:CK (DFFQX1H7L)                             |        | 0.001       | 0.000      | 0.000      |             | 0.000  | 0.000r          |
| pc_mod.pc_5__reg_p:Q (DFFQX1H7L)                              |        | 0.001       | 0.000      | 0.027      |             | 0.064  | 0.064f          |
| pc_mod.pc_5_ (net)                                            | 2      |             |            |            | 0.000       |        |                 |
| icache_mod.miss_addr_5__reg_p:D (DFFQX1H7L)                   |        | 0.001       | 0.000      | 0.027      |             | 0.000  | 0.064f          |
|                                                               |        |             |            |            |             |        |                 |
| clock (port)                                                  |        | 0.724       | 0.000      | 0.000      |             | 0.000  | 0.000r          |
| clock (clock net)                                             | 688    |             |            |            | NA          |        |                 |
| icache_mod.burst_reg_reg_p_CK_ICGX0P5H7L_ECK:CK (ICGX0P5H7L)  |        | 0.002       | 0.000      | 0.000      |             | 0.000  | 0.000r          |
| icache_mod.burst_reg_reg_p_CK_ICGX0P5H7L_ECK:ECK (ICGX0P5H7L) |        | 0.031       | 0.000      | 0.000      |             | 0.000  | 0.000r          |
| icache_mod.burst_reg_reg_p_CK (clock net)                     | 31     |             |            |            | NA          |        |                 |
| icache_mod.miss_addr_5__reg_p:CK (DFFQX1H7L)                  |        | 0.001       | 0.000      | 0.000      |             | 0.000  | 0.000r          |
| clock core_clock (rise edge)                                  |        |             |            |            |             | 0      | 0               |
| clock network delay (ideal)                                   |        |             |            |            |             | 0.000  | 0.000           |
| icache_mod.miss_addr_5__reg_p:CK (DFFQX1H7L)                  |        |             |            |            |             |        | 0.000r          |
| library hold time                                             |        |             |            |            |             | -0.008 | -0.008          |
| clock reconvergence pessimism                                 |        |             |            |            |             | -0.000 | -0.008          |
|                                                               |        |             |            |            |             |        |                 |
| path cell delay                                               |        |             |            |            |             |        | 0.064(100.000%) |
| path net delay                                                |        |             |            |            |             |        | 0.000(0.000%)   |
|                                                               |        |             |            |            |             |        |                 |
| data require time                                             |        |             |            |            |             |        | -0.008          |
| data arrival time                                             |        |             |            |            |             |        | 0.064           |
| slack (MET)                                                   |        |             |            |            |             |        | 0.072           |
+---------------------------------------------------------------+--------+-------------+------------+------------+-------------+--------+-----------------+
+---------------------------------------------------------------+--------+-------------+------------+------------+-------------+--------+-----------------+
| Point                                                         | Fanout | Capacitance | Resistance | Transition | Delta Delay | Incr   | Path            |
+---------------------------------------------------------------+--------+-------------+------------+------------+-------------+--------+-----------------+
| clock (port)                                                  |        | 0.568       | 0.000      | 0.000      |             | 0.000  | 0.000r          |
| clock (clock net)                                             | 688    |             |            |            | NA          |        |                 |
| pc_mod.pc_31__reg_p:CK (DFFQX1H7L)                            |        | 0.001       | 0.000      | 0.000      |             | 0.000  | 0.000r          |
| clock core_clock (rise edge)                                  |        |             |            |            |             | 0      | 0               |
| clock network delay (ideal)                                   |        |             |            |            |             | 0.000  | 0.000           |
| pc_mod.pc_31__reg_p:CK (DFFQX1H7L)                            |        | 0.001       | 0.000      | 0.000      |             | 0.000  | 0.000r          |
| pc_mod.pc_31__reg_p:Q (DFFQX1H7L)                             |        | 0.005       | 0.000      | 0.046      |             | 0.082  | 0.082f          |
| pc_mod.pc_31_ (net)                                           | 6      |             |            |            | 0.000       |        |                 |
| icache_mod.miss_addr_31__reg_p:D (DFFQX1H7L)                  |        | 0.001       | 0.000      | 0.046      |             | 0.000  | 0.082f          |
|                                                               |        |             |            |            |             |        |                 |
| clock (port)                                                  |        | 0.724       | 0.000      | 0.000      |             | 0.000  | 0.000r          |
| clock (clock net)                                             | 688    |             |            |            | NA          |        |                 |
| icache_mod.burst_reg_reg_p_CK_ICGX0P5H7L_ECK:CK (ICGX0P5H7L)  |        | 0.002       | 0.000      | 0.000      |             | 0.000  | 0.000r          |
| icache_mod.burst_reg_reg_p_CK_ICGX0P5H7L_ECK:ECK (ICGX0P5H7L) |        | 0.031       | 0.000      | 0.000      |             | 0.000  | 0.000r          |
| icache_mod.burst_reg_reg_p_CK (clock net)                     | 31     |             |            |            | NA          |        |                 |
| icache_mod.miss_addr_31__reg_p:CK (DFFQX1H7L)                 |        | 0.001       | 0.000      | 0.000      |             | 0.000  | 0.000r          |
| clock core_clock (rise edge)                                  |        |             |            |            |             | 0      | 0               |
| clock network delay (ideal)                                   |        |             |            |            |             | 0.000  | 0.000           |
| icache_mod.miss_addr_31__reg_p:CK (DFFQX1H7L)                 |        |             |            |            |             |        | 0.000r          |
| library hold time                                             |        |             |            |            |             | -0.013 | -0.013          |
| clock reconvergence pessimism                                 |        |             |            |            |             | -0.000 | -0.013          |
|                                                               |        |             |            |            |             |        |                 |
| path cell delay                                               |        |             |            |            |             |        | 0.082(100.000%) |
| path net delay                                                |        |             |            |            |             |        | 0.000(0.000%)   |
|                                                               |        |             |            |            |             |        |                 |
| data require time                                             |        |             |            |            |             |        | -0.013          |
| data arrival time                                             |        |             |            |            |             |        | 0.082           |
| slack (MET)                                                   |        |             |            |            |             |        | 0.095           |
+---------------------------------------------------------------+--------+-------------+------------+------------+-------------+--------+-----------------+
+---------------------------------------------------------------+--------+-------------+------------+------------+-------------+--------+-----------------+
| Point                                                         | Fanout | Capacitance | Resistance | Transition | Delta Delay | Incr   | Path            |
+---------------------------------------------------------------+--------+-------------+------------+------------+-------------+--------+-----------------+
| clock (port)                                                  |        | 0.568       | 0.000      | 0.000      |             | 0.000  | 0.000r          |
| clock (clock net)                                             | 688    |             |            |            | NA          |        |                 |
| pc_mod.pc_7__reg_p:CK (DFFQX1H7L)                             |        | 0.001       | 0.000      | 0.000      |             | 0.000  | 0.000r          |
| clock core_clock (rise edge)                                  |        |             |            |            |             | 0      | 0               |
| clock network delay (ideal)                                   |        |             |            |            |             | 0.000  | 0.000           |
| pc_mod.pc_7__reg_p:CK (DFFQX1H7L)                             |        | 0.001       | 0.000      | 0.000      |             | 0.000  | 0.000r          |
| pc_mod.pc_7__reg_p:Q (DFFQX1H7L)                              |        | 0.005       | 0.000      | 0.046      |             | 0.082  | 0.082f          |
| pc_mod.pc_7_ (net)                                            | 6      |             |            |            | 0.000       |        |                 |
| icache_mod.miss_addr_7__reg_p:D (DFFQX1H7L)                   |        | 0.001       | 0.000      | 0.046      |             | 0.000  | 0.082f          |
|                                                               |        |             |            |            |             |        |                 |
| clock (port)                                                  |        | 0.724       | 0.000      | 0.000      |             | 0.000  | 0.000r          |
| clock (clock net)                                             | 688    |             |            |            | NA          |        |                 |
| icache_mod.burst_reg_reg_p_CK_ICGX0P5H7L_ECK:CK (ICGX0P5H7L)  |        | 0.002       | 0.000      | 0.000      |             | 0.000  | 0.000r          |
| icache_mod.burst_reg_reg_p_CK_ICGX0P5H7L_ECK:ECK (ICGX0P5H7L) |        | 0.031       | 0.000      | 0.000      |             | 0.000  | 0.000r          |
| icache_mod.burst_reg_reg_p_CK (clock net)                     | 31     |             |            |            | NA          |        |                 |
| icache_mod.miss_addr_7__reg_p:CK (DFFQX1H7L)                  |        | 0.001       | 0.000      | 0.000      |             | 0.000  | 0.000r          |
| clock core_clock (rise edge)                                  |        |             |            |            |             | 0      | 0               |
| clock network delay (ideal)                                   |        |             |            |            |             | 0.000  | 0.000           |
| icache_mod.miss_addr_7__reg_p:CK (DFFQX1H7L)                  |        |             |            |            |             |        | 0.000r          |
| library hold time                                             |        |             |            |            |             | -0.013 | -0.013          |
| clock reconvergence pessimism                                 |        |             |            |            |             | -0.000 | -0.013          |
|                                                               |        |             |            |            |             |        |                 |
| path cell delay                                               |        |             |            |            |             |        | 0.082(100.000%) |
| path net delay                                                |        |             |            |            |             |        | 0.000(0.000%)   |
|                                                               |        |             |            |            |             |        |                 |
| data require time                                             |        |             |            |            |             |        | -0.013          |
| data arrival time                                             |        |             |            |            |             |        | 0.082           |
| slack (MET)                                                   |        |             |            |            |             |        | 0.095           |
+---------------------------------------------------------------+--------+-------------+------------+------------+-------------+--------+-----------------+
+---------------------------------------------------------------+--------+-------------+------------+------------+-------------+--------+-----------------+
| Point                                                         | Fanout | Capacitance | Resistance | Transition | Delta Delay | Incr   | Path            |
+---------------------------------------------------------------+--------+-------------+------------+------------+-------------+--------+-----------------+
| clock (port)                                                  |        | 0.568       | 0.000      | 0.000      |             | 0.000  | 0.000r          |
| clock (clock net)                                             | 688    |             |            |            | NA          |        |                 |
| pc_mod.pc_4__reg_p:CK (DFFQX1H7L)                             |        | 0.001       | 0.000      | 0.000      |             | 0.000  | 0.000r          |
| clock core_clock (rise edge)                                  |        |             |            |            |             | 0      | 0               |
| clock network delay (ideal)                                   |        |             |            |            |             | 0.000  | 0.000           |
| pc_mod.pc_4__reg_p:CK (DFFQX1H7L)                             |        | 0.001       | 0.000      | 0.000      |             | 0.000  | 0.000r          |
| pc_mod.pc_4__reg_p:Q (DFFQX1H7L)                              |        | 0.005       | 0.000      | 0.047      |             | 0.083  | 0.083f          |
| pc_mod.pc_4_ (net)                                            | 6      |             |            |            | 0.000       |        |                 |
| icache_mod.miss_addr_4__reg_p:D (DFFQX1H7L)                   |        | 0.001       | 0.000      | 0.047      |             | 0.000  | 0.083f          |
|                                                               |        |             |            |            |             |        |                 |
| clock (port)                                                  |        | 0.724       | 0.000      | 0.000      |             | 0.000  | 0.000r          |
| clock (clock net)                                             | 688    |             |            |            | NA          |        |                 |
| icache_mod.burst_reg_reg_p_CK_ICGX0P5H7L_ECK:CK (ICGX0P5H7L)  |        | 0.002       | 0.000      | 0.000      |             | 0.000  | 0.000r          |
| icache_mod.burst_reg_reg_p_CK_ICGX0P5H7L_ECK:ECK (ICGX0P5H7L) |        | 0.031       | 0.000      | 0.000      |             | 0.000  | 0.000r          |
| icache_mod.burst_reg_reg_p_CK (clock net)                     | 31     |             |            |            | NA          |        |                 |
| icache_mod.miss_addr_4__reg_p:CK (DFFQX1H7L)                  |        | 0.001       | 0.000      | 0.000      |             | 0.000  | 0.000r          |
| clock core_clock (rise edge)                                  |        |             |            |            |             | 0      | 0               |
| clock network delay (ideal)                                   |        |             |            |            |             | 0.000  | 0.000           |
| icache_mod.miss_addr_4__reg_p:CK (DFFQX1H7L)                  |        |             |            |            |             |        | 0.000r          |
| library hold time                                             |        |             |            |            |             | -0.013 | -0.013          |
| clock reconvergence pessimism                                 |        |             |            |            |             | -0.000 | -0.013          |
|                                                               |        |             |            |            |             |        |                 |
| path cell delay                                               |        |             |            |            |             |        | 0.083(100.000%) |
| path net delay                                                |        |             |            |            |             |        | 0.000(0.000%)   |
|                                                               |        |             |            |            |             |        |                 |
| data require time                                             |        |             |            |            |             |        | -0.013          |
| data arrival time                                             |        |             |            |            |             |        | 0.083           |
| slack (MET)                                                   |        |             |            |            |             |        | 0.096           |
+---------------------------------------------------------------+--------+-------------+------------+------------+-------------+--------+-----------------+
+---------------------------------------------------------+--------+-------------+------------+------------+-------------+--------+-----------------+
| Point                                                   | Fanout | Capacitance | Resistance | Transition | Delta Delay | Incr   | Path            |
+---------------------------------------------------------+--------+-------------+------------+------------+-------------+--------+-----------------+
| clock (port)                                            |        | 0.568       | 0.000      | 0.000      |             | 0.000  | 0.000r          |
| clock (clock net)                                       | 688    |             |            |            | NA          |        |                 |
| lsu_mod.lsu_r_0__reg_p:CK (DFFQX1H7L)                   |        | 0.001       | 0.000      | 0.000      |             | 0.000  | 0.000r          |
| clock core_clock (rise edge)                            |        |             |            |            |             | 0      | 0               |
| clock network delay (ideal)                             |        |             |            |            |             | 0.000  | 0.000           |
| lsu_mod.lsu_r_0__reg_p:CK (DFFQX1H7L)                   |        | 0.001       | 0.000      | 0.000      |             | 0.000  | 0.000r          |
| lsu_mod.lsu_r_0__reg_p:Q (DFFQX1H7L)                    |        | 0.002       | 0.000      | 0.030      |             | 0.067  | 0.067f          |
| lsu_mod.lsu_r_0_ (net)                                  | 3      |             |            |            | 0.000       |        |                 |
| lsu_mod.lsu_r_0__AOA211X1P4H7L_A1:A1 (AOA211X1P4H7L)    |        | 0.001       | 0.000      | 0.030      |             | 0.000  | 0.067f          |
| lsu_mod.lsu_r_0__AOA211X1P4H7L_A1:Y (AOA211X1P4H7L)     |        | 0.001       | 0.000      | 0.013      |             | 0.068  | 0.135f          |
| lsu_mod.trans_r_reg_p_CK_ICGX0P5H7L_ECK_E (net)         | 1      |             |            |            | 0.000       |        |                 |
| lsu_mod.trans_r_reg_p_CK_ICGX0P5H7L_ECK:E (ICGX0P5H7L)  |        | 0.001       | 0.000      | 0.013      |             | 0.000  | 0.135f          |
|                                                         |        |             |            |            |             |        |                 |
| clock (port)                                            |        | 0.724       | 0.000      | 0.000      |             | 0.000  | 0.000r          |
| clock (clock net)                                       | 688    |             |            |            | NA          |        |                 |
| lsu_mod.trans_r_reg_p_CK_ICGX0P5H7L_ECK:CK (ICGX0P5H7L) |        | 0.002       | 0.000      | 0.000      |             | 0.000  | 0.000r          |
| clock core_clock (rise edge)                            |        |             |            |            |             | 0      | 0               |
| clock network delay (ideal)                             |        |             |            |            |             | 0.000  | 0.000           |
| lsu_mod.trans_r_reg_p_CK_ICGX0P5H7L_ECK:CK (ICGX0P5H7L) |        |             |            |            |             |        | 0.000r          |
| library hold time                                       |        |             |            |            |             | 0.001  | 0.001           |
| clock reconvergence pessimism                           |        |             |            |            |             | -0.000 | 0.001           |
|                                                         |        |             |            |            |             |        |                 |
| path cell delay                                         |        |             |            |            |             |        | 0.135(100.000%) |
| path net delay                                          |        |             |            |            |             |        | 0.000(0.000%)   |
|                                                         |        |             |            |            |             |        |                 |
| data require time                                       |        |             |            |            |             |        | 0.001           |
| data arrival time                                       |        |             |            |            |             |        | 0.135           |
| slack (MET)                                             |        |             |            |            |             |        | 0.134           |
+---------------------------------------------------------+--------+-------------+------------+------------+-------------+--------+-----------------+
+--------------------------------------------------------------------------+--------+-------------+------------+------------+-------------+--------+-----------------+
| Point                                                                    | Fanout | Capacitance | Resistance | Transition | Delta Delay | Incr   | Path            |
+--------------------------------------------------------------------------+--------+-------------+------------+------------+-------------+--------+-----------------+
| clock (port)                                                             |        | 0.568       | 0.000      | 0.000      |             | 0.000  | 0.000r          |
| clock (clock net)                                                        | 688    |             |            |            | NA          |        |                 |
| icache_mod.state_0__reg_p:CK (DFFQX1H7L)                                 |        | 0.001       | 0.000      | 0.000      |             | 0.000  | 0.000r          |
| clock core_clock (rise edge)                                             |        |             |            |            |             | 0      | 0               |
| clock network delay (ideal)                                              |        |             |            |            |             | 0.000  | 0.000           |
| icache_mod.state_0__reg_p:CK (DFFQX1H7L)                                 |        | 0.001       | 0.000      | 0.000      |             | 0.000  | 0.000r          |
| icache_mod.state_0__reg_p:Q (DFFQX1H7L)                                  |        | 0.002       | 0.000      | 0.033      |             | 0.070  | 0.070f          |
| icache_mod.state_0_ (net)                                                | 4      |             |            |            | 0.000       |        |                 |
| icache_mod.trans_reg_p_D_AOI22X0P5H7L_A1:A0 (AOI22X0P5H7L)               |        | 0.001       | 0.000      | 0.033      |             | 0.000  | 0.070f          |
| icache_mod.trans_reg_p_D_AOI22X0P5H7L_A1:Y (AOI22X0P5H7L)                |        | 0.001       | 0.000      | 0.039      |             | 0.049  | 0.119r          |
| icache_mod.trans_reg_p_CK_ICGX0P5H7L_ECK_E_NOR3X0P5H7L_Y_C (net)         | 1      |             |            |            | 0.000       |        |                 |
| icache_mod.trans_reg_p_CK_ICGX0P5H7L_ECK_E_NOR3X0P5H7L_Y:C (NOR3X0P5H7L) |        | 0.001       | 0.000      | 0.039      |             | 0.000  | 0.119r          |
| icache_mod.trans_reg_p_CK_ICGX0P5H7L_ECK_E_NOR3X0P5H7L_Y:Y (NOR3X0P5H7L) |        | 0.001       | 0.000      | 0.020      |             | 0.019  | 0.138f          |
| icache_mod.trans_reg_p_CK_ICGX0P5H7L_ECK_E (net)                         | 1      |             |            |            | 0.000       |        |                 |
| icache_mod.trans_reg_p_CK_ICGX0P5H7L_ECK:E (ICGX0P5H7L)                  |        | 0.001       | 0.000      | 0.020      |             | 0.000  | 0.138f          |
|                                                                          |        |             |            |            |             |        |                 |
| clock (port)                                                             |        | 0.724       | 0.000      | 0.000      |             | 0.000  | 0.000r          |
| clock (clock net)                                                        | 688    |             |            |            | NA          |        |                 |
| icache_mod.trans_reg_p_CK_ICGX0P5H7L_ECK:CK (ICGX0P5H7L)                 |        | 0.002       | 0.000      | 0.000      |             | 0.000  | 0.000r          |
| clock core_clock (rise edge)                                             |        |             |            |            |             | 0      | 0               |
| clock network delay (ideal)                                              |        |             |            |            |             | 0.000  | 0.000           |
| icache_mod.trans_reg_p_CK_ICGX0P5H7L_ECK:CK (ICGX0P5H7L)                 |        |             |            |            |             |        | 0.000r          |
| library hold time                                                        |        |             |            |            |             | -0.005 | -0.005          |
| clock reconvergence pessimism                                            |        |             |            |            |             | -0.000 | -0.005          |
|                                                                          |        |             |            |            |             |        |                 |
| path cell delay                                                          |        |             |            |            |             |        | 0.138(100.000%) |
| path net delay                                                           |        |             |            |            |             |        | 0.000(0.000%)   |
|                                                                          |        |             |            |            |             |        |                 |
| data require time                                                        |        |             |            |            |             |        | -0.005          |
| data arrival time                                                        |        |             |            |            |             |        | 0.138           |
| slack (MET)                                                              |        |             |            |            |             |        | 0.144           |
+--------------------------------------------------------------------------+--------+-------------+------------+------------+-------------+--------+-----------------+
+----------------------------------------------------------------------------------------------------------+--------+-------------+------------+------------+-------------+--------+-----------------+
| Point                                                                                                    | Fanout | Capacitance | Resistance | Transition | Delta Delay | Incr   | Path            |
+----------------------------------------------------------------------------------------------------------+--------+-------------+------------+------------+-------------+--------+-----------------+
| clock (port)                                                                                             |        | 0.568       | 0.000      | 0.000      |             | 0.000  | 0.000r          |
| clock (clock net)                                                                                        | 688    |             |            |            | NA          |        |                 |
| icache_mod.fill_count_0__reg_p:CK (DFFQX1H7L)                                                            |        | 0.001       | 0.000      | 0.000      |             | 0.000  | 0.000r          |
| clock core_clock (rise edge)                                                                             |        |             |            |            |             | 0      | 0               |
| clock network delay (ideal)                                                                              |        |             |            |            |             | 0.000  | 0.000           |
| icache_mod.fill_count_0__reg_p:CK (DFFQX1H7L)                                                            |        | 0.001       | 0.000      | 0.000      |             | 0.000  | 0.000r          |
| icache_mod.fill_count_0__reg_p:Q (DFFQX1H7L)                                                             |        | 0.005       | 0.000      | 0.050      |             | 0.085  | 0.085f          |
| icache_mod.fill_count_0_ (net)                                                                           | 8      |             |            |            | 0.000       |        |                 |
| icache_mod.fill_count_1__NOR3X0P5H7L_A_Y_NAND2X0P5H7L_B:A (NAND2X0P5H7L)                                 |        | 0.001       | 0.000      | 0.050      |             | 0.000  | 0.085f          |
| icache_mod.fill_count_1__NOR3X0P5H7L_A_Y_NAND2X0P5H7L_B:Y (NAND2X0P5H7L)                                 |        | 0.002       | 0.000      | 0.046      |             | 0.042  | 0.127r          |
| icache_mod.fill_count_1__NOR3X0P5H7L_A_Y_NAND2X0P5H7L_B_Y (net)                                          | 4      |             |            |            | 0.000       |        |                 |
| icache_mod.fill_count_1__NOR3X0P5H7L_A_Y_NAND2X0P5H7L_B_Y_NOR2X0P5H7L_B_1:B (NOR2X0P5H7L)                |        | 0.001       | 0.000      | 0.046      |             | 0.000  | 0.127r          |
| icache_mod.fill_count_1__NOR3X0P5H7L_A_Y_NAND2X0P5H7L_B_Y_NOR2X0P5H7L_B_1:Y (NOR2X0P5H7L)                |        | 0.001       | 0.000      | 0.021      |             | 0.018  | 0.145f          |
| icache_mod.fill_count_1__NOR3X0P5H7L_A_Y_NAND2X0P5H7L_B_Y_NOR2X0P5H7L_B_1_Y (net)                        | 1      |             |            |            | 0.000       |        |                 |
| icache_mod.fill_count_1__NOR3X0P5H7L_A_Y_NAND2X0P5H7L_B_Y_NOR2X0P5H7L_B_1_Y_ICGX0P5H7L_E:E (ICGX0P5H7L)  |        | 0.001       | 0.000      | 0.021      |             | 0.000  | 0.145f          |
|                                                                                                          |        |             |            |            |             |        |                 |
| clock (port)                                                                                             |        | 0.724       | 0.000      | 0.000      |             | 0.000  | 0.000r          |
| clock (clock net)                                                                                        | 688    |             |            |            | NA          |        |                 |
| icache_mod.fill_count_1__NOR3X0P5H7L_A_Y_NAND2X0P5H7L_B_Y_NOR2X0P5H7L_B_1_Y_ICGX0P5H7L_E:CK (ICGX0P5H7L) |        | 0.002       | 0.000      | 0.000      |             | 0.000  | 0.000r          |
| clock core_clock (rise edge)                                                                             |        |             |            |            |             | 0      | 0               |
| clock network delay (ideal)                                                                              |        |             |            |            |             | 0.000  | 0.000           |
| icache_mod.fill_count_1__NOR3X0P5H7L_A_Y_NAND2X0P5H7L_B_Y_NOR2X0P5H7L_B_1_Y_ICGX0P5H7L_E:CK (ICGX0P5H7L) |        |             |            |            |             |        | 0.000r          |
| library hold time                                                                                        |        |             |            |            |             | -0.006 | -0.006          |
| clock reconvergence pessimism                                                                            |        |             |            |            |             | -0.000 | -0.006          |
|                                                                                                          |        |             |            |            |             |        |                 |
| path cell delay                                                                                          |        |             |            |            |             |        | 0.145(100.000%) |
| path net delay                                                                                           |        |             |            |            |             |        | 0.000(0.000%)   |
|                                                                                                          |        |             |            |            |             |        |                 |
| data require time                                                                                        |        |             |            |            |             |        | -0.006          |
| data arrival time                                                                                        |        |             |            |            |             |        | 0.145           |
| slack (MET)                                                                                              |        |             |            |            |             |        | 0.151           |
+----------------------------------------------------------------------------------------------------------+--------+-------------+------------+------------+-------------+--------+-----------------+
+--------------------------------------------------------------------------------------------------------+--------+-------------+------------+------------+-------------+--------+-----------------+
| Point                                                                                                  | Fanout | Capacitance | Resistance | Transition | Delta Delay | Incr   | Path            |
+--------------------------------------------------------------------------------------------------------+--------+-------------+------------+------------+-------------+--------+-----------------+
| clock (port)                                                                                           |        | 0.568       | 0.000      | 0.000      |             | 0.000  | 0.000r          |
| clock (clock net)                                                                                      | 688    |             |            |            | NA          |        |                 |
| icache_mod.fill_count_0__reg_p:CK (DFFQX1H7L)                                                          |        | 0.001       | 0.000      | 0.000      |             | 0.000  | 0.000r          |
| clock core_clock (rise edge)                                                                           |        |             |            |            |             | 0      | 0               |
| clock network delay (ideal)                                                                            |        |             |            |            |             | 0.000  | 0.000           |
| icache_mod.fill_count_0__reg_p:CK (DFFQX1H7L)                                                          |        | 0.001       | 0.000      | 0.000      |             | 0.000  | 0.000r          |
| icache_mod.fill_count_0__reg_p:Q (DFFQX1H7L)                                                           |        | 0.005       | 0.000      | 0.050      |             | 0.085  | 0.085f          |
| icache_mod.fill_count_0_ (net)                                                                         | 8      |             |            |            | 0.000       |        |                 |
| icache_mod.fill_count_1__NOR3X0P5H7L_A_Y_NAND2X0P5H7L_B:A (NAND2X0P5H7L)                               |        | 0.001       | 0.000      | 0.050      |             | 0.000  | 0.085f          |
| icache_mod.fill_count_1__NOR3X0P5H7L_A_Y_NAND2X0P5H7L_B:Y (NAND2X0P5H7L)                               |        | 0.002       | 0.000      | 0.046      |             | 0.042  | 0.127r          |
| icache_mod.fill_count_1__NOR3X0P5H7L_A_Y_NAND2X0P5H7L_B_Y (net)                                        | 4      |             |            |            | 0.000       |        |                 |
| icache_mod.fill_count_1__NOR3X0P5H7L_A_Y_NAND2X0P5H7L_B_Y_NOR2X0P5H7L_B:B (NOR2X0P5H7L)                |        | 0.001       | 0.000      | 0.046      |             | 0.000  | 0.127r          |
| icache_mod.fill_count_1__NOR3X0P5H7L_A_Y_NAND2X0P5H7L_B_Y_NOR2X0P5H7L_B:Y (NOR2X0P5H7L)                |        | 0.001       | 0.000      | 0.021      |             | 0.018  | 0.145f          |
| icache_mod.fill_count_1__NOR3X0P5H7L_A_Y_NAND2X0P5H7L_B_Y_NOR2X0P5H7L_B_Y (net)                        | 1      |             |            |            | 0.000       |        |                 |
| icache_mod.fill_count_1__NOR3X0P5H7L_A_Y_NAND2X0P5H7L_B_Y_NOR2X0P5H7L_B_Y_ICGX0P5H7L_E:E (ICGX0P5H7L)  |        | 0.001       | 0.000      | 0.021      |             | 0.000  | 0.145f          |
|                                                                                                        |        |             |            |            |             |        |                 |
| clock (port)                                                                                           |        | 0.724       | 0.000      | 0.000      |             | 0.000  | 0.000r          |
| clock (clock net)                                                                                      | 688    |             |            |            | NA          |        |                 |
| icache_mod.fill_count_1__NOR3X0P5H7L_A_Y_NAND2X0P5H7L_B_Y_NOR2X0P5H7L_B_Y_ICGX0P5H7L_E:CK (ICGX0P5H7L) |        | 0.002       | 0.000      | 0.000      |             | 0.000  | 0.000r          |
| clock core_clock (rise edge)                                                                           |        |             |            |            |             | 0      | 0               |
| clock network delay (ideal)                                                                            |        |             |            |            |             | 0.000  | 0.000           |
| icache_mod.fill_count_1__NOR3X0P5H7L_A_Y_NAND2X0P5H7L_B_Y_NOR2X0P5H7L_B_Y_ICGX0P5H7L_E:CK (ICGX0P5H7L) |        |             |            |            |             |        | 0.000r          |
| library hold time                                                                                      |        |             |            |            |             | -0.006 | -0.006          |
| clock reconvergence pessimism                                                                          |        |             |            |            |             | -0.000 | -0.006          |
|                                                                                                        |        |             |            |            |             |        |                 |
| path cell delay                                                                                        |        |             |            |            |             |        | 0.145(100.000%) |
| path net delay                                                                                         |        |             |            |            |             |        | 0.000(0.000%)   |
|                                                                                                        |        |             |            |            |             |        |                 |
| data require time                                                                                      |        |             |            |            |             |        | -0.006          |
| data arrival time                                                                                      |        |             |            |            |             |        | 0.145           |
| slack (MET)                                                                                            |        |             |            |            |             |        | 0.151           |
+--------------------------------------------------------------------------------------------------------+--------+-------------+------------+------------+-------------+--------+-----------------+
+--------------------------------------------------------------------------------------------------------+--------+-------------+------------+------------+-------------+--------+-----------------+
| Point                                                                                                  | Fanout | Capacitance | Resistance | Transition | Delta Delay | Incr   | Path            |
+--------------------------------------------------------------------------------------------------------+--------+-------------+------------+------------+-------------+--------+-----------------+
| clock (port)                                                                                           |        | 0.568       | 0.000      | 0.000      |             | 0.000  | 0.000r          |
| clock (clock net)                                                                                      | 688    |             |            |            | NA          |        |                 |
| icache_mod.fill_count_0__reg_p:CK (DFFQX1H7L)                                                          |        | 0.001       | 0.000      | 0.000      |             | 0.000  | 0.000r          |
| clock core_clock (rise edge)                                                                           |        |             |            |            |             | 0      | 0               |
| clock network delay (ideal)                                                                            |        |             |            |            |             | 0.000  | 0.000           |
| icache_mod.fill_count_0__reg_p:CK (DFFQX1H7L)                                                          |        | 0.001       | 0.000      | 0.000      |             | 0.000  | 0.000r          |
| icache_mod.fill_count_0__reg_p:Q (DFFQX1H7L)                                                           |        | 0.005       | 0.000      | 0.050      |             | 0.085  | 0.085f          |
| icache_mod.fill_count_0_ (net)                                                                         | 8      |             |            |            | 0.000       |        |                 |
| icache_mod.fill_count_1__NOR3X0P5H7L_A_Y_NAND2X0P5H7L_B:A (NAND2X0P5H7L)                               |        | 0.001       | 0.000      | 0.050      |             | 0.000  | 0.085f          |
| icache_mod.fill_count_1__NOR3X0P5H7L_A_Y_NAND2X0P5H7L_B:Y (NAND2X0P5H7L)                               |        | 0.002       | 0.000      | 0.046      |             | 0.042  | 0.127r          |
| icache_mod.fill_count_1__NOR3X0P5H7L_A_Y_NAND2X0P5H7L_B_Y (net)                                        | 4      |             |            |            | 0.000       |        |                 |
| icache_mod.fill_count_1__NOR3X0P5H7L_A_Y_NAND2X0P5H7L_B_Y_NOR3X0P5H7L_C:C (NOR3X0P5H7L)                |        | 0.001       | 0.000      | 0.046      |             | 0.000  | 0.127r          |
| icache_mod.fill_count_1__NOR3X0P5H7L_A_Y_NAND2X0P5H7L_B_Y_NOR3X0P5H7L_C:Y (NOR3X0P5H7L)                |        | 0.001       | 0.000      | 0.023      |             | 0.020  | 0.147f          |
| icache_mod.fill_count_1__NOR3X0P5H7L_A_Y_NAND2X0P5H7L_B_Y_NOR3X0P5H7L_C_Y (net)                        | 1      |             |            |            | 0.000       |        |                 |
| icache_mod.fill_count_1__NOR3X0P5H7L_A_Y_NAND2X0P5H7L_B_Y_NOR3X0P5H7L_C_Y_ICGX0P5H7L_E:E (ICGX0P5H7L)  |        | 0.001       | 0.000      | 0.023      |             | 0.000  | 0.147f          |
|                                                                                                        |        |             |            |            |             |        |                 |
| clock (port)                                                                                           |        | 0.724       | 0.000      | 0.000      |             | 0.000  | 0.000r          |
| clock (clock net)                                                                                      | 688    |             |            |            | NA          |        |                 |
| icache_mod.fill_count_1__NOR3X0P5H7L_A_Y_NAND2X0P5H7L_B_Y_NOR3X0P5H7L_C_Y_ICGX0P5H7L_E:CK (ICGX0P5H7L) |        | 0.002       | 0.000      | 0.000      |             | 0.000  | 0.000r          |
| clock core_clock (rise edge)                                                                           |        |             |            |            |             | 0      | 0               |
| clock network delay (ideal)                                                                            |        |             |            |            |             | 0.000  | 0.000           |
| icache_mod.fill_count_1__NOR3X0P5H7L_A_Y_NAND2X0P5H7L_B_Y_NOR3X0P5H7L_C_Y_ICGX0P5H7L_E:CK (ICGX0P5H7L) |        |             |            |            |             |        | 0.000r          |
| library hold time                                                                                      |        |             |            |            |             | -0.007 | -0.007          |
| clock reconvergence pessimism                                                                          |        |             |            |            |             | -0.000 | -0.007          |
|                                                                                                        |        |             |            |            |             |        |                 |
| path cell delay                                                                                        |        |             |            |            |             |        | 0.147(100.000%) |
| path net delay                                                                                         |        |             |            |            |             |        | 0.000(0.000%)   |
|                                                                                                        |        |             |            |            |             |        |                 |
| data require time                                                                                      |        |             |            |            |             |        | -0.007          |
| data arrival time                                                                                      |        |             |            |            |             |        | 0.147           |
| slack (MET)                                                                                            |        |             |            |            |             |        | 0.155           |
+--------------------------------------------------------------------------------------------------------+--------+-------------+------------+------------+-------------+--------+-----------------+
