Generate the report at 2026-07-23T12:57:48, GitVersion: aa25008b3778a76ae1975c839d4cc459f7f7b3b7.
+---------------------------------------------------------------------------------+--------------------------+------------+------------+---------------+-------+-------+-----------+
| Endpoint                                                                        | Clock Group              | Delay Type | Path Delay | Path Required | CPPR  | Slack | Freq(MHz) |
+---------------------------------------------------------------------------------+--------------------------+------------+------------+---------------+-------+-------+-----------+
| cache_addr_29__reg_p:D                                                          | core_clock               | max        | 1.086r     | 1.734         | 0.000 | 0.648 | 892.180   |
| cache_addr_29__reg_p:D                                                          | core_clock               | max        | 1.086r     | 1.734         | 0.000 | 0.648 | 892.180   |
| cache_addr_30__reg_p:D                                                          | core_clock               | max        | 1.068f     | 1.725         | 0.000 | 0.658 | 899.706   |
| cache_addr_30__reg_p:D                                                          | core_clock               | max        | 1.068f     | 1.725         | 0.000 | 0.658 | 899.706   |
| cache_addr_29__reg_p:D                                                          | core_clock               | max        | 1.052f     | 1.726         | 0.000 | 0.674 | 913.153   |
| icache_mod.latest_row_NAND3_X1_A1_1_ZN_NOR2_X1_A1_ZN_CLKGATE_X1_E:E             | **clock_gating_default** | max        | 1.050r     | 1.718         | 0.000 | 0.667 | NA        |
| icache_mod.latest_row_INV_X1_A_ZN_OR3_X1_A1_ZN_NOR2_X1_A1_1_ZN_CLKGATE_X1_E:E   | **clock_gating_default** | max        | 1.050r     | 1.718         | 0.000 | 0.668 | NA        |
| icache_mod.latest_row_INV_X1_A_ZN_OR3_X1_A1_1_ZN_NOR2_X1_A1_1_ZN_CLKGATE_X1_E:E | **clock_gating_default** | max        | 1.050r     | 1.718         | 0.000 | 0.668 | NA        |
| icache_mod.latest_row_INV_X1_A_ZN_NAND3_X1_A1_ZN_NOR2_X1_A1_1_ZN_CLKGATE_X1_E:E | **clock_gating_default** | max        | 1.050r     | 1.718         | 0.000 | 0.668 | NA        |
| icache_mod.latest_row_OR3_X1_A1_1_ZN_NOR2_X1_A1_1_ZN_CLKGATE_X1_E:E             | **clock_gating_default** | max        | 1.050r     | 1.718         | 0.000 | 0.668 | NA        |
| ifu_mod.block_offset[0]_1__reg_p:D                                              | core_clock               | min        | 0.087f     | 0.002         | 0.000 | 0.085 | NA        |
| ifu_mod.block_offset[0]_1__reg_p:D                                              | core_clock               | min        | 0.087f     | 0.002         | 0.000 | 0.085 | NA        |
| ifu_mod.block_offset[1]_1__reg_p:D                                              | core_clock               | min        | 0.087f     | 0.002         | 0.000 | 0.085 | NA        |
| ifu_mod.block_offset[1]_1__reg_p:D                                              | core_clock               | min        | 0.087f     | 0.002         | 0.000 | 0.085 | NA        |
| ifu_mod.block_offset[2]_1__reg_p:D                                              | core_clock               | min        | 0.087f     | 0.002         | 0.000 | 0.085 | NA        |
| alu_mod.bus_out_next_pc_2__AND2_X1_A1_ZN_CLKGATE_X1_E:E                         | **clock_gating_default** | min        | 0.102r     | -0.001        | 0.000 | 0.103 | NA        |
| alu_mod.bus_out_next_pc_2__AND2_X1_A1_ZN_CLKGATE_X1_E:E                         | **clock_gating_default** | min        | 0.101f     | -0.016        | 0.000 | 0.117 | NA        |
| ifu_mod.block_valid[1]_reg_p_CK_CLKGATE_X1_GCK_E_OR2_X1_ZN_A2_CLKGATE_X1_E:E    | **clock_gating_default** | min        | 0.110f     | -0.015        | 0.000 | 0.125 | NA        |
| ifu_mod.block_valid[0]_reg_p_CK_CLKGATE_X1_GCK:E                                | **clock_gating_default** | min        | 0.125r     | -0.002        | 0.000 | 0.126 | NA        |
| ifu_mod.block_valid[1]_reg_p_CK_CLKGATE_X1_GCK_E_OR2_X1_ZN_A2_CLKGATE_X1_E:E    | **clock_gating_default** | min        | 0.135r     | 0.002         | 0.000 | 0.134 | NA        |
+---------------------------------------------------------------------------------+--------------------------+------------+------------+---------------+-------+-------+-----------+
+------------+------------+-------+
| Clock      | Delay Type | TNS   |
+------------+------------+-------+
| core_clock | max        | 0.000 |
| core_clock | min        | 0.000 |
+------------+------------+-------+
+---------------------------------------------------------------------------------------------------------------------------------------------+--------+-------------+------------+------------+-------------+--------+-----------------+
| Point                                                                                                                                       | Fanout | Capacitance | Resistance | Transition | Delta Delay | Incr   | Path            |
+---------------------------------------------------------------------------------------------------------------------------------------------+--------+-------------+------------+------------+-------------+--------+-----------------+
| clock (port)                                                                                                                                |        | 0.779       | 0.000      | 0.000      |             | 0.000  | 0.000r          |
| clock (clock net)                                                                                                                           | 761    |             |            |            | NA          |        |                 |
| ifu_mod.index_0__reg_p_D_MUX2_X1_B_S_CLKGATE_X1_E:CK (CLKGATE_X1)                                                                           |        | 0.002       | 0.000      | 0.000      |             | 0.000  | 0.000r          |
| ifu_mod.index_0__reg_p_D_MUX2_X1_B_S_CLKGATE_X1_E:GCK (CLKGATE_X1)                                                                          |        | 0.030       | 0.000      | 0.000      |             | 0.000  | 0.000r          |
| cache_addr_7__reg_p_CK (clock net)                                                                                                          | 32     |             |            |            | NA          |        |                 |
| ifu_mod.index_0__reg_p:CK (DFF_X1)                                                                                                          |        | 0.001       | 0.000      | 0.000      |             | 0.000  | 0.000r          |
| clock core_clock (rise edge)                                                                                                                |        |             |            |            |             | 0      | 0               |
| clock network delay (ideal)                                                                                                                 |        |             |            |            |             | 0.000  | 0.000           |
| ifu_mod.index_0__reg_p:CK (DFF_X1)                                                                                                          |        | 0.001       | 0.000      | 0.000      |             | 0.000  | 0.000r          |
| ifu_mod.index_0__reg_p:Q (DFF_X1)                                                                                                           |        | 0.029       | 0.000      | 0.036      |             | 0.119  | 0.119f          |
| cache_addr_2_ (net)                                                                                                                         | 14     |             |            |            | 0.000       |        |                 |
| cache_addr_2__BUF_X8_A:A (BUF_X8)                                                                                                           |        | 0.007       | 0.000      | 0.036      |             | 0.000  | 0.119f          |
| cache_addr_2__BUF_X8_A:Z (BUF_X8)                                                                                                           |        | 0.039       | 0.000      | 0.009      |             | 0.043  | 0.162f          |
| cache_addr_2__BUF_X8_A_Z (net)                                                                                                              | 24     |             |            |            | 0.000       |        |                 |
| ifu_mod.block_tag[1]_6__MUX2_X1_A:S (MUX2_X1)                                                                                               |        | 0.002       | 0.000      | 0.009      |             | 0.000  | 0.162f          |
| ifu_mod.block_tag[1]_6__MUX2_X1_A:Z (MUX2_X1)                                                                                               |        | 0.002       | 0.000      | 0.012      |             | 0.051  | 0.213f          |
| ifu_mod.block_tag[1]_6__MUX2_X1_A_Z (net)                                                                                                   | 1      |             |            |            | 0.000       |        |                 |
| ifu_mod.block_tag[1]_6__MUX2_X1_A_Z_XNOR2_X1_B:B (XNOR2_X1)                                                                                 |        | 0.003       | 0.000      | 0.012      |             | 0.000  | 0.213f          |
| ifu_mod.block_tag[1]_6__MUX2_X1_A_Z_XNOR2_X1_B:ZN (XNOR2_X1)                                                                                |        | 0.002       | 0.000      | 0.020      |             | 0.034  | 0.247r          |
| ifu_mod.block_tag[1]_6__MUX2_X1_A_Z_XNOR2_X1_B_ZN (net)                                                                                     | 1      |             |            |            | 0.000       |        |                 |
| ifu_mod.block_tag[1]_6__MUX2_X1_A_Z_XNOR2_X1_B_ZN_NAND4_X1_A3:A3 (NAND4_X1)                                                                 |        | 0.002       | 0.000      | 0.020      |             | 0.000  | 0.247r          |
| ifu_mod.block_tag[1]_6__MUX2_X1_A_Z_XNOR2_X1_B_ZN_NAND4_X1_A3:ZN (NAND4_X1)                                                                 |        | 0.006       | 0.000      | 0.033      |             | 0.053  | 0.300f          |
| ifu_mod.block_tag[1]_6__MUX2_X1_A_Z_XNOR2_X1_B_ZN_NAND4_X1_A3_ZN (net)                                                                      | 2      |             |            |            | 0.000       |        |                 |
| ifu_mod.block_tag[1]_5__MUX2_X1_A_Z_MUX2_X1_S_Z_NAND4_X1_A2_ZN_OR4_X1_A2:A3 (OR4_X1)                                                        |        | 0.001       | 0.000      | 0.033      |             | 0.000  | 0.300f          |
| ifu_mod.block_tag[1]_5__MUX2_X1_A_Z_MUX2_X1_S_Z_NAND4_X1_A2_ZN_OR4_X1_A2:ZN (OR4_X1)                                                        |        | 0.002       | 0.000      | 0.018      |             | 0.121  | 0.421f          |
| ifu_mod.block_tag[1]_5__MUX2_X1_A_Z_MUX2_X1_S_Z_NAND4_X1_A2_ZN_OR4_X1_A2_ZN (net)                                                           | 1      |             |            |            | 0.000       |        |                 |
| ifu_mod.block_tag[1]_5__MUX2_X1_A_Z_MUX2_X1_S_Z_NAND4_X1_A2_ZN_OR4_X1_A2_ZN_BUF_X2_A:A (BUF_X2)                                             |        | 0.002       | 0.000      | 0.018      |             | 0.000  | 0.421f          |
| ifu_mod.block_tag[1]_5__MUX2_X1_A_Z_MUX2_X1_S_Z_NAND4_X1_A2_ZN_OR4_X1_A2_ZN_BUF_X2_A:Z (BUF_X2)                                             |        | 0.015       | 0.000      | 0.011      |             | 0.039  | 0.460f          |
| ifu_mod.block_offset[0]_7__MUX2_X1_A_Z_OAI21_X1_A_B2 (net)                                                                                  | 10     |             |            |            | 0.000       |        |                 |
| ifu_mod.block_tag[0]_0__MUX2_X1_A_Z_XNOR2_X1_B_ZN_NAND2_X1_A1_ZN_OR4_X1_A1_ZN_OAI33_X1_B1:A1 (OAI33_X1)                                     |        | 0.002       | 0.000      | 0.011      |             | 0.000  | 0.460f          |
| ifu_mod.block_tag[0]_0__MUX2_X1_A_Z_XNOR2_X1_B_ZN_NAND2_X1_A1_ZN_OR4_X1_A1_ZN_OAI33_X1_B1:ZN (OAI33_X1)                                     |        | 0.003       | 0.000      | 0.075      |             | 0.060  | 0.520r          |
| ifu_mod.block_tag[0]_0__MUX2_X1_A_Z_XNOR2_X1_B_ZN_NAND2_X1_A1_ZN_OR4_X1_A1_ZN_OAI33_X1_B1_ZN (net)                                          | 1      |             |            |            | 0.000       |        |                 |
| ifu_mod.block_tag[0]_0__MUX2_X1_A_Z_XNOR2_X1_B_ZN_NAND2_X1_A1_ZN_OR4_X1_A1_ZN_OAI33_X1_B1_ZN_BUF_X4_A:A (BUF_X4)                            |        | 0.003       | 0.000      | 0.075      |             | 0.000  | 0.520r          |
| ifu_mod.block_tag[0]_0__MUX2_X1_A_Z_XNOR2_X1_B_ZN_NAND2_X1_A1_ZN_OR4_X1_A1_ZN_OAI33_X1_B1_ZN_BUF_X4_A:Z (BUF_X4)                            |        | 0.022       | 0.000      | 0.017      |             | 0.041  | 0.560r          |
| de_ex_bus_speculate_de_AOI22_X1_B2_A1 (net)                                                                                                 | 14     |             |            |            | 0.000       |        |                 |
| ifu_mod.block_offset[1]_7__MUX2_X1_A_Z_NAND3_X1_A3_1_A2_NAND3_X1_A2_ZN_OAI211_X2_B:A (OAI211_X2)                                            |        | 0.003       | 0.000      | 0.017      |             | 0.000  | 0.560r          |
| ifu_mod.block_offset[1]_7__MUX2_X1_A_Z_NAND3_X1_A3_1_A2_NAND3_X1_A2_ZN_OAI211_X2_B:ZN (OAI211_X2)                                           |        | 0.003       | 0.000      | 0.018      |             | 0.030  | 0.591f          |
| ifu_mod.block_offset[1]_7__MUX2_X1_A_Z_NAND3_X1_A3_1_A2_NAND3_X1_A2_ZN_OAI211_X2_B_ZN (net)                                                 | 1      |             |            |            | 0.000       |        |                 |
| ifu_mod.block_offset[1]_7__MUX2_X1_A_Z_NAND3_X1_A3_1_A2_NAND3_X1_A2_ZN_OAI211_X2_B_ZN_BUF_X4_A:A (BUF_X4)                                   |        | 0.003       | 0.000      | 0.018      |             | 0.000  | 0.591f          |
| ifu_mod.block_offset[1]_7__MUX2_X1_A_Z_NAND3_X1_A3_1_A2_NAND3_X1_A2_ZN_OAI211_X2_B_ZN_BUF_X4_A:Z (BUF_X4)                                   |        | 0.037       | 0.000      | 0.013      |             | 0.041  | 0.632f          |
| cache_addr_14__reg_p_D_OAI21_X1_ZN_B1_XNOR2_X1_ZN_B_MUX2_X1_Z_B (net)                                                                       | 23     |             |            |            | 0.000       |        |                 |
| icache_mod.miss_addr_16__reg_p_D_OAI21_X1_ZN_B2_NOR4_X1_A4_ZN_NAND2_X1_A2_ZN_MUX2_X1_B:S (MUX2_X1)                                          |        | 0.002       | 0.000      | 0.013      |             | 0.000  | 0.632f          |
| icache_mod.miss_addr_16__reg_p_D_OAI21_X1_ZN_B2_NOR4_X1_A4_ZN_NAND2_X1_A2_ZN_MUX2_X1_B:Z (MUX2_X1)                                          |        | 0.003       | 0.000      | 0.013      |             | 0.054  | 0.686f          |
| ifu_mod.block_offset[0]_6__AOI221_X1_C2_ZN_NOR2_X1_A1_ZN_AOI211_X1_C1_ZN_NOR4_X1_A4_A3 (net)                                                | 2      |             |            |            | 0.000       |        |                 |
| ifu_mod.block_offset[0]_6__AOI221_X1_C2_ZN_NOR2_X1_A1_ZN_AOI211_X1_C1_ZN_NOR4_X1_A4:A3 (NOR4_X1)                                            |        | 0.002       | 0.000      | 0.013      |             | 0.000  | 0.686f          |
| ifu_mod.block_offset[0]_6__AOI221_X1_C2_ZN_NOR2_X1_A1_ZN_AOI211_X1_C1_ZN_NOR4_X1_A4:ZN (NOR4_X1)                                            |        | 0.002       | 0.000      | 0.045      |             | 0.079  | 0.765r          |
| ifu_mod.block_offset[0]_6__AOI221_X1_C2_ZN_NOR2_X1_A1_ZN_AOI211_X1_C1_ZN_NOR4_X1_A4_ZN (net)                                                | 1      |             |            |            | 0.000       |        |                 |
| cache_addr_15__reg_p_D_OAI21_X1_ZN_B1_AOI21_X1_ZN_B1_MUX2_X1_Z_B_AOI211_X1_B_ZN_AOI22_X1_A2:B1 (AOI22_X1)                                   |        | 0.002       | 0.000      | 0.045      |             | 0.000  | 0.765r          |
| cache_addr_15__reg_p_D_OAI21_X1_ZN_B1_AOI21_X1_ZN_B1_MUX2_X1_Z_B_AOI211_X1_B_ZN_AOI22_X1_A2:ZN (AOI22_X1)                                   |        | 0.004       | 0.000      | 0.020      |             | 0.036  | 0.801f          |
| cache_addr_15__reg_p_D_OAI21_X1_ZN_B1_AOI21_X1_ZN_B1_MUX2_X1_Z_B_AOI211_X1_B_ZN_AOI22_X1_A2_ZN (net)                                        | 2      |             |            |            | 0.000       |        |                 |
| cache_addr_15__reg_p_D_OAI21_X1_ZN_B1_AOI21_X1_ZN_B1_MUX2_X1_Z_B_AOI211_X1_B_ZN_AOI22_X1_A2_ZN_OAI21_X2_A:A (OAI21_X2)                      |        | 0.003       | 0.000      | 0.020      |             | 0.000  | 0.801f          |
| cache_addr_15__reg_p_D_OAI21_X1_ZN_B1_AOI21_X1_ZN_B1_MUX2_X1_Z_B_AOI211_X1_B_ZN_AOI22_X1_A2_ZN_OAI21_X2_A:ZN (OAI21_X2)                     |        | 0.012       | 0.000      | 0.041      |             | 0.037  | 0.838r          |
| icache_mod.miss_addr_22__reg_p_D_OAI21_X1_ZN_B2_NOR2_X1_A2_ZN_NAND4_X2_A3_A4 (net)                                                          | 5      |             |            |            | 0.000       |        |                 |
| icache_mod.miss_addr_22__reg_p_D_OAI21_X1_ZN_B2_NOR2_X1_A2_ZN_NAND4_X2_A3:A4 (NAND4_X2)                                                     |        | 0.004       | 0.000      | 0.041      |             | 0.000  | 0.838r          |
| icache_mod.miss_addr_22__reg_p_D_OAI21_X1_ZN_B2_NOR2_X1_A2_ZN_NAND4_X2_A3:ZN (NAND4_X2)                                                     |        | 0.007       | 0.000      | 0.028      |             | 0.043  | 0.881f          |
| cache_addr_27__reg_p_D_OAI21_X1_ZN_B1_AOI21_X1_ZN_B2 (net)                                                                                  | 5      |             |            |            | 0.000       |        |                 |
| cache_addr_27__reg_p_D_OAI21_X1_ZN_B1_AOI21_X1_ZN_B1_XNOR2_X1_ZN_B_AND3_X1_ZN_A2_OAI21_X1_B2:A (OAI21_X1)                                   |        | 0.002       | 0.000      | 0.028      |             | 0.000  | 0.881f          |
| cache_addr_27__reg_p_D_OAI21_X1_ZN_B1_AOI21_X1_ZN_B1_XNOR2_X1_ZN_B_AND3_X1_ZN_A2_OAI21_X1_B2:ZN (OAI21_X1)                                  |        | 0.007       | 0.000      | 0.043      |             | 0.042  | 0.923r          |
| cache_addr_31__reg_p_D_MUX2_X1_Z_S_OAI21_X1_ZN_A_NAND3_X1_ZN_A2 (net)                                                                       | 4      |             |            |            | 0.000       |        |                 |
| ifu_mod.block_offset[0]_6__AOI221_X1_C2_ZN_OAI21_X1_B1_ZN_OAI211_X1_C2_A_NAND2_X1_A1_A2_NOR4_X1_ZN_A3_NOR3_X2_A3_ZN_AND2_X2_A1:A2 (AND2_X2) |        | 0.002       | 0.000      | 0.043      |             | 0.000  | 0.923r          |
| ifu_mod.block_offset[0]_6__AOI221_X1_C2_ZN_OAI21_X1_B1_ZN_OAI211_X1_C2_A_NAND2_X1_A1_A2_NOR4_X1_ZN_A3_NOR3_X2_A3_ZN_AND2_X2_A1:ZN (AND2_X2) |        | 0.009       | 0.000      | 0.015      |             | 0.046  | 0.969r          |
| cache_addr_30__reg_p_D_OAI211_X1_ZN_B_NAND4_X1_ZN_A2 (net)                                                                                  | 6      |             |            |            | 0.000       |        |                 |
| cache_addr_29__reg_p_D_OAI211_X1_ZN_C1_MUX2_X1_Z_B_OAI33_X1_ZN:A3 (OAI33_X1)                                                                |        | 0.002       | 0.000      | 0.015      |             | 0.000  | 0.969r          |
| cache_addr_29__reg_p_D_OAI211_X1_ZN_C1_MUX2_X1_Z_B_OAI33_X1_ZN:ZN (OAI33_X1)                                                                |        | 0.001       | 0.000      | 0.019      |             | 0.022  | 0.991f          |
| cache_addr_29__reg_p_D_OAI211_X1_ZN_C1_MUX2_X1_Z_B (net)                                                                                    | 1      |             |            |            | 0.000       |        |                 |
| cache_addr_29__reg_p_D_OAI211_X1_ZN_C1_MUX2_X1_Z:B (MUX2_X1)                                                                                |        | 0.001       | 0.000      | 0.019      |             | 0.000  | 0.991f          |
| cache_addr_29__reg_p_D_OAI211_X1_ZN_C1_MUX2_X1_Z:Z (MUX2_X1)                                                                                |        | 0.001       | 0.000      | 0.010      |             | 0.063  | 1.054f          |
| cache_addr_29__reg_p_D_OAI211_X1_ZN_C1 (net)                                                                                                | 1      |             |            |            | 0.000       |        |                 |
| cache_addr_29__reg_p_D_OAI211_X1_ZN:C1 (OAI211_X1)                                                                                          |        | 0.002       | 0.000      | 0.010      |             | 0.000  | 1.054f          |
| cache_addr_29__reg_p_D_OAI211_X1_ZN:ZN (OAI211_X1)                                                                                          |        | 0.001       | 0.000      | 0.022      |             | 0.031  | 1.086r          |
| cache_addr_29__reg_p_D (net)                                                                                                                | 1      |             |            |            | 0.000       |        |                 |
| cache_addr_29__reg_p:D (DFF_X1)                                                                                                             |        | 0.001       | 0.000      | 0.022      |             | 0.000  | 1.086r          |
|                                                                                                                                             |        |             |            |            |             |        |                 |
| clock (port)                                                                                                                                |        | 0.779       | 0.000      | 0.000      |             | 0.000  | 0.000r          |
| clock (clock net)                                                                                                                           | 761    |             |            |            | NA          |        |                 |
| ifu_mod.index_0__reg_p_D_MUX2_X1_B_S_CLKGATE_X1_E:CK (CLKGATE_X1)                                                                           |        | 0.002       | 0.000      | 0.000      |             | 0.000  | 0.000r          |
| ifu_mod.index_0__reg_p_D_MUX2_X1_B_S_CLKGATE_X1_E:GCK (CLKGATE_X1)                                                                          |        | 0.030       | 0.000      | 0.000      |             | 0.000  | 0.000r          |
| cache_addr_7__reg_p_CK (clock net)                                                                                                          | 32     |             |            |            | NA          |        |                 |
| cache_addr_29__reg_p:CK (DFF_X1)                                                                                                            |        | 0.001       | 0.000      | 0.000      |             | 0.000  | 0.000r          |
| clock core_clock (rise edge)                                                                                                                |        |             |            |            |             | 1.769  | 1.769           |
| clock network delay (ideal)                                                                                                                 |        |             |            |            |             | 0.000  | 1.769           |
| cache_addr_29__reg_p:CK (DFF_X1)                                                                                                            |        |             |            |            |             |        | 1.769r          |
| library setup time                                                                                                                          |        |             |            |            |             | -0.035 | 1.734           |
| clock reconvergence pessimism                                                                                                               |        |             |            |            |             | 0.000  | 1.734           |
|                                                                                                                                             |        |             |            |            |             |        |                 |
| path cell delay                                                                                                                             |        |             |            |            |             |        | 1.086(100.000%) |
| path net delay                                                                                                                              |        |             |            |            |             |        | 0.000(0.000%)   |
|                                                                                                                                             |        |             |            |            |             |        |                 |
| data require time                                                                                                                           |        |             |            |            |             |        | 1.734           |
| data arrival time                                                                                                                           |        |             |            |            |             |        | 1.086           |
| slack (MET)                                                                                                                                 |        |             |            |            |             |        | 0.648           |
+---------------------------------------------------------------------------------------------------------------------------------------------+--------+-------------+------------+------------+-------------+--------+-----------------+
+---------------------------------------------------------------------------------------------------------------------------------------------+--------+-------------+------------+------------+-------------+--------+-----------------+
| Point                                                                                                                                       | Fanout | Capacitance | Resistance | Transition | Delta Delay | Incr   | Path            |
+---------------------------------------------------------------------------------------------------------------------------------------------+--------+-------------+------------+------------+-------------+--------+-----------------+
| clock (port)                                                                                                                                |        | 0.779       | 0.000      | 0.000      |             | 0.000  | 0.000r          |
| clock (clock net)                                                                                                                           | 761    |             |            |            | NA          |        |                 |
| ifu_mod.index_0__reg_p_D_MUX2_X1_B_S_CLKGATE_X1_E:CK (CLKGATE_X1)                                                                           |        | 0.002       | 0.000      | 0.000      |             | 0.000  | 0.000r          |
| ifu_mod.index_0__reg_p_D_MUX2_X1_B_S_CLKGATE_X1_E:GCK (CLKGATE_X1)                                                                          |        | 0.030       | 0.000      | 0.000      |             | 0.000  | 0.000r          |
| cache_addr_7__reg_p_CK (clock net)                                                                                                          | 32     |             |            |            | NA          |        |                 |
| ifu_mod.index_0__reg_p:CK (DFF_X1)                                                                                                          |        | 0.001       | 0.000      | 0.000      |             | 0.000  | 0.000r          |
| clock core_clock (rise edge)                                                                                                                |        |             |            |            |             | 0      | 0               |
| clock network delay (ideal)                                                                                                                 |        |             |            |            |             | 0.000  | 0.000           |
| ifu_mod.index_0__reg_p:CK (DFF_X1)                                                                                                          |        | 0.001       | 0.000      | 0.000      |             | 0.000  | 0.000r          |
| ifu_mod.index_0__reg_p:Q (DFF_X1)                                                                                                           |        | 0.029       | 0.000      | 0.036      |             | 0.119  | 0.119f          |
| cache_addr_2_ (net)                                                                                                                         | 14     |             |            |            | 0.000       |        |                 |
| cache_addr_2__BUF_X8_A:A (BUF_X8)                                                                                                           |        | 0.007       | 0.000      | 0.036      |             | 0.000  | 0.119f          |
| cache_addr_2__BUF_X8_A:Z (BUF_X8)                                                                                                           |        | 0.039       | 0.000      | 0.009      |             | 0.043  | 0.162f          |
| cache_addr_2__BUF_X8_A_Z (net)                                                                                                              | 24     |             |            |            | 0.000       |        |                 |
| ifu_mod.block_tag[1]_6__MUX2_X1_A:S (MUX2_X1)                                                                                               |        | 0.002       | 0.000      | 0.009      |             | 0.000  | 0.162f          |
| ifu_mod.block_tag[1]_6__MUX2_X1_A:Z (MUX2_X1)                                                                                               |        | 0.002       | 0.000      | 0.012      |             | 0.051  | 0.213f          |
| ifu_mod.block_tag[1]_6__MUX2_X1_A_Z (net)                                                                                                   | 1      |             |            |            | 0.000       |        |                 |
| ifu_mod.block_tag[1]_6__MUX2_X1_A_Z_XNOR2_X1_B:B (XNOR2_X1)                                                                                 |        | 0.003       | 0.000      | 0.012      |             | 0.000  | 0.213f          |
| ifu_mod.block_tag[1]_6__MUX2_X1_A_Z_XNOR2_X1_B:ZN (XNOR2_X1)                                                                                |        | 0.002       | 0.000      | 0.020      |             | 0.034  | 0.247r          |
| ifu_mod.block_tag[1]_6__MUX2_X1_A_Z_XNOR2_X1_B_ZN (net)                                                                                     | 1      |             |            |            | 0.000       |        |                 |
| ifu_mod.block_tag[1]_6__MUX2_X1_A_Z_XNOR2_X1_B_ZN_NAND4_X1_A3:A3 (NAND4_X1)                                                                 |        | 0.002       | 0.000      | 0.020      |             | 0.000  | 0.247r          |
| ifu_mod.block_tag[1]_6__MUX2_X1_A_Z_XNOR2_X1_B_ZN_NAND4_X1_A3:ZN (NAND4_X1)                                                                 |        | 0.006       | 0.000      | 0.033      |             | 0.053  | 0.300f          |
| ifu_mod.block_tag[1]_6__MUX2_X1_A_Z_XNOR2_X1_B_ZN_NAND4_X1_A3_ZN (net)                                                                      | 2      |             |            |            | 0.000       |        |                 |
| ifu_mod.block_tag[1]_5__MUX2_X1_A_Z_MUX2_X1_S_Z_NAND4_X1_A2_ZN_OR4_X1_A2:A3 (OR4_X1)                                                        |        | 0.001       | 0.000      | 0.033      |             | 0.000  | 0.300f          |
| ifu_mod.block_tag[1]_5__MUX2_X1_A_Z_MUX2_X1_S_Z_NAND4_X1_A2_ZN_OR4_X1_A2:ZN (OR4_X1)                                                        |        | 0.002       | 0.000      | 0.018      |             | 0.121  | 0.421f          |
| ifu_mod.block_tag[1]_5__MUX2_X1_A_Z_MUX2_X1_S_Z_NAND4_X1_A2_ZN_OR4_X1_A2_ZN (net)                                                           | 1      |             |            |            | 0.000       |        |                 |
| ifu_mod.block_tag[1]_5__MUX2_X1_A_Z_MUX2_X1_S_Z_NAND4_X1_A2_ZN_OR4_X1_A2_ZN_BUF_X2_A:A (BUF_X2)                                             |        | 0.002       | 0.000      | 0.018      |             | 0.000  | 0.421f          |
| ifu_mod.block_tag[1]_5__MUX2_X1_A_Z_MUX2_X1_S_Z_NAND4_X1_A2_ZN_OR4_X1_A2_ZN_BUF_X2_A:Z (BUF_X2)                                             |        | 0.015       | 0.000      | 0.011      |             | 0.039  | 0.460f          |
| ifu_mod.block_offset[0]_7__MUX2_X1_A_Z_OAI21_X1_A_B2 (net)                                                                                  | 10     |             |            |            | 0.000       |        |                 |
| ifu_mod.block_tag[0]_0__MUX2_X1_A_Z_XNOR2_X1_B_ZN_NAND2_X1_A1_ZN_OR4_X1_A1_ZN_OAI33_X1_B1:A1 (OAI33_X1)                                     |        | 0.002       | 0.000      | 0.011      |             | 0.000  | 0.460f          |
| ifu_mod.block_tag[0]_0__MUX2_X1_A_Z_XNOR2_X1_B_ZN_NAND2_X1_A1_ZN_OR4_X1_A1_ZN_OAI33_X1_B1:ZN (OAI33_X1)                                     |        | 0.003       | 0.000      | 0.075      |             | 0.060  | 0.520r          |
| ifu_mod.block_tag[0]_0__MUX2_X1_A_Z_XNOR2_X1_B_ZN_NAND2_X1_A1_ZN_OR4_X1_A1_ZN_OAI33_X1_B1_ZN (net)                                          | 1      |             |            |            | 0.000       |        |                 |
| ifu_mod.block_tag[0]_0__MUX2_X1_A_Z_XNOR2_X1_B_ZN_NAND2_X1_A1_ZN_OR4_X1_A1_ZN_OAI33_X1_B1_ZN_BUF_X4_A:A (BUF_X4)                            |        | 0.003       | 0.000      | 0.075      |             | 0.000  | 0.520r          |
| ifu_mod.block_tag[0]_0__MUX2_X1_A_Z_XNOR2_X1_B_ZN_NAND2_X1_A1_ZN_OR4_X1_A1_ZN_OAI33_X1_B1_ZN_BUF_X4_A:Z (BUF_X4)                            |        | 0.022       | 0.000      | 0.017      |             | 0.041  | 0.560r          |
| de_ex_bus_speculate_de_AOI22_X1_B2_A1 (net)                                                                                                 | 14     |             |            |            | 0.000       |        |                 |
| ifu_mod.block_offset[1]_7__MUX2_X1_A_Z_NAND3_X1_A3_1_A2_NAND3_X1_A2_ZN_OAI211_X2_B:A (OAI211_X2)                                            |        | 0.003       | 0.000      | 0.017      |             | 0.000  | 0.560r          |
| ifu_mod.block_offset[1]_7__MUX2_X1_A_Z_NAND3_X1_A3_1_A2_NAND3_X1_A2_ZN_OAI211_X2_B:ZN (OAI211_X2)                                           |        | 0.003       | 0.000      | 0.018      |             | 0.030  | 0.591f          |
| ifu_mod.block_offset[1]_7__MUX2_X1_A_Z_NAND3_X1_A3_1_A2_NAND3_X1_A2_ZN_OAI211_X2_B_ZN (net)                                                 | 1      |             |            |            | 0.000       |        |                 |
| ifu_mod.block_offset[1]_7__MUX2_X1_A_Z_NAND3_X1_A3_1_A2_NAND3_X1_A2_ZN_OAI211_X2_B_ZN_BUF_X4_A:A (BUF_X4)                                   |        | 0.003       | 0.000      | 0.018      |             | 0.000  | 0.591f          |
| ifu_mod.block_offset[1]_7__MUX2_X1_A_Z_NAND3_X1_A3_1_A2_NAND3_X1_A2_ZN_OAI211_X2_B_ZN_BUF_X4_A:Z (BUF_X4)                                   |        | 0.037       | 0.000      | 0.013      |             | 0.041  | 0.632f          |
| cache_addr_14__reg_p_D_OAI21_X1_ZN_B1_XNOR2_X1_ZN_B_MUX2_X1_Z_B (net)                                                                       | 23     |             |            |            | 0.000       |        |                 |
| icache_mod.miss_addr_16__reg_p_D_OAI21_X1_ZN_B2_NOR4_X1_A4_ZN_NAND2_X1_A2_ZN_MUX2_X1_B:S (MUX2_X1)                                          |        | 0.002       | 0.000      | 0.013      |             | 0.000  | 0.632f          |
| icache_mod.miss_addr_16__reg_p_D_OAI21_X1_ZN_B2_NOR4_X1_A4_ZN_NAND2_X1_A2_ZN_MUX2_X1_B:Z (MUX2_X1)                                          |        | 0.003       | 0.000      | 0.013      |             | 0.054  | 0.686f          |
| ifu_mod.block_offset[0]_6__AOI221_X1_C2_ZN_NOR2_X1_A1_ZN_AOI211_X1_C1_ZN_NOR4_X1_A4_A3 (net)                                                | 2      |             |            |            | 0.000       |        |                 |
| ifu_mod.block_offset[0]_6__AOI221_X1_C2_ZN_NOR2_X1_A1_ZN_AOI211_X1_C1_ZN_NOR4_X1_A4:A3 (NOR4_X1)                                            |        | 0.002       | 0.000      | 0.013      |             | 0.000  | 0.686f          |
| ifu_mod.block_offset[0]_6__AOI221_X1_C2_ZN_NOR2_X1_A1_ZN_AOI211_X1_C1_ZN_NOR4_X1_A4:ZN (NOR4_X1)                                            |        | 0.002       | 0.000      | 0.045      |             | 0.079  | 0.765r          |
| ifu_mod.block_offset[0]_6__AOI221_X1_C2_ZN_NOR2_X1_A1_ZN_AOI211_X1_C1_ZN_NOR4_X1_A4_ZN (net)                                                | 1      |             |            |            | 0.000       |        |                 |
| cache_addr_15__reg_p_D_OAI21_X1_ZN_B1_AOI21_X1_ZN_B1_MUX2_X1_Z_B_AOI211_X1_B_ZN_AOI22_X1_A2:B1 (AOI22_X1)                                   |        | 0.002       | 0.000      | 0.045      |             | 0.000  | 0.765r          |
| cache_addr_15__reg_p_D_OAI21_X1_ZN_B1_AOI21_X1_ZN_B1_MUX2_X1_Z_B_AOI211_X1_B_ZN_AOI22_X1_A2:ZN (AOI22_X1)                                   |        | 0.004       | 0.000      | 0.020      |             | 0.036  | 0.801f          |
| cache_addr_15__reg_p_D_OAI21_X1_ZN_B1_AOI21_X1_ZN_B1_MUX2_X1_Z_B_AOI211_X1_B_ZN_AOI22_X1_A2_ZN (net)                                        | 2      |             |            |            | 0.000       |        |                 |
| cache_addr_15__reg_p_D_OAI21_X1_ZN_B1_AOI21_X1_ZN_B1_MUX2_X1_Z_B_AOI211_X1_B_ZN_AOI22_X1_A2_ZN_OAI21_X2_A:A (OAI21_X2)                      |        | 0.003       | 0.000      | 0.020      |             | 0.000  | 0.801f          |
| cache_addr_15__reg_p_D_OAI21_X1_ZN_B1_AOI21_X1_ZN_B1_MUX2_X1_Z_B_AOI211_X1_B_ZN_AOI22_X1_A2_ZN_OAI21_X2_A:ZN (OAI21_X2)                     |        | 0.012       | 0.000      | 0.041      |             | 0.037  | 0.838r          |
| icache_mod.miss_addr_22__reg_p_D_OAI21_X1_ZN_B2_NOR2_X1_A2_ZN_NAND4_X2_A3_A4 (net)                                                          | 5      |             |            |            | 0.000       |        |                 |
| icache_mod.miss_addr_22__reg_p_D_OAI21_X1_ZN_B2_NOR2_X1_A2_ZN_NAND4_X2_A3:A4 (NAND4_X2)                                                     |        | 0.004       | 0.000      | 0.041      |             | 0.000  | 0.838r          |
| icache_mod.miss_addr_22__reg_p_D_OAI21_X1_ZN_B2_NOR2_X1_A2_ZN_NAND4_X2_A3:ZN (NAND4_X2)                                                     |        | 0.007       | 0.000      | 0.028      |             | 0.043  | 0.881f          |
| cache_addr_27__reg_p_D_OAI21_X1_ZN_B1_AOI21_X1_ZN_B2 (net)                                                                                  | 5      |             |            |            | 0.000       |        |                 |
| cache_addr_27__reg_p_D_OAI21_X1_ZN_B1_AOI21_X1_ZN_B1_XNOR2_X1_ZN_B_AND3_X1_ZN_A2_OAI21_X1_B2:A (OAI21_X1)                                   |        | 0.002       | 0.000      | 0.028      |             | 0.000  | 0.881f          |
| cache_addr_27__reg_p_D_OAI21_X1_ZN_B1_AOI21_X1_ZN_B1_XNOR2_X1_ZN_B_AND3_X1_ZN_A2_OAI21_X1_B2:ZN (OAI21_X1)                                  |        | 0.007       | 0.000      | 0.043      |             | 0.042  | 0.923r          |
| cache_addr_31__reg_p_D_MUX2_X1_Z_S_OAI21_X1_ZN_A_NAND3_X1_ZN_A2 (net)                                                                       | 4      |             |            |            | 0.000       |        |                 |
| ifu_mod.block_offset[0]_6__AOI221_X1_C2_ZN_OAI21_X1_B1_ZN_OAI211_X1_C2_A_NAND2_X1_A1_A2_NOR4_X1_ZN_A3_NOR3_X2_A3_ZN_AND2_X2_A1:A2 (AND2_X2) |        | 0.002       | 0.000      | 0.043      |             | 0.000  | 0.923r          |
| ifu_mod.block_offset[0]_6__AOI221_X1_C2_ZN_OAI21_X1_B1_ZN_OAI211_X1_C2_A_NAND2_X1_A1_A2_NOR4_X1_ZN_A3_NOR3_X2_A3_ZN_AND2_X2_A1:ZN (AND2_X2) |        | 0.009       | 0.000      | 0.015      |             | 0.046  | 0.969r          |
| cache_addr_30__reg_p_D_OAI211_X1_ZN_B_NAND4_X1_ZN_A2 (net)                                                                                  | 6      |             |            |            | 0.000       |        |                 |
| cache_addr_29__reg_p_D_OAI211_X1_ZN_C1_MUX2_X1_Z_B_OAI33_X1_ZN:A3 (OAI33_X1)                                                                |        | 0.002       | 0.000      | 0.015      |             | 0.000  | 0.969r          |
| cache_addr_29__reg_p_D_OAI211_X1_ZN_C1_MUX2_X1_Z_B_OAI33_X1_ZN:ZN (OAI33_X1)                                                                |        | 0.001       | 0.000      | 0.019      |             | 0.022  | 0.991f          |
| cache_addr_29__reg_p_D_OAI211_X1_ZN_C1_MUX2_X1_Z_B (net)                                                                                    | 1      |             |            |            | 0.000       |        |                 |
| cache_addr_29__reg_p_D_OAI211_X1_ZN_C1_MUX2_X1_Z:B (MUX2_X1)                                                                                |        | 0.001       | 0.000      | 0.019      |             | 0.000  | 0.991f          |
| cache_addr_29__reg_p_D_OAI211_X1_ZN_C1_MUX2_X1_Z:Z (MUX2_X1)                                                                                |        | 0.001       | 0.000      | 0.010      |             | 0.063  | 1.054f          |
| cache_addr_29__reg_p_D_OAI211_X1_ZN_C1 (net)                                                                                                | 1      |             |            |            | 0.000       |        |                 |
| cache_addr_29__reg_p_D_OAI211_X1_ZN:C1 (OAI211_X1)                                                                                          |        | 0.002       | 0.000      | 0.010      |             | 0.000  | 1.054f          |
| cache_addr_29__reg_p_D_OAI211_X1_ZN:ZN (OAI211_X1)                                                                                          |        | 0.001       | 0.000      | 0.022      |             | 0.031  | 1.086r          |
| cache_addr_29__reg_p_D (net)                                                                                                                | 1      |             |            |            | 0.000       |        |                 |
| cache_addr_29__reg_p:D (DFF_X1)                                                                                                             |        | 0.001       | 0.000      | 0.022      |             | 0.000  | 1.086r          |
|                                                                                                                                             |        |             |            |            |             |        |                 |
| clock (port)                                                                                                                                |        | 0.779       | 0.000      | 0.000      |             | 0.000  | 0.000r          |
| clock (clock net)                                                                                                                           | 761    |             |            |            | NA          |        |                 |
| ifu_mod.index_0__reg_p_D_MUX2_X1_B_S_CLKGATE_X1_E:CK (CLKGATE_X1)                                                                           |        | 0.002       | 0.000      | 0.000      |             | 0.000  | 0.000r          |
| ifu_mod.index_0__reg_p_D_MUX2_X1_B_S_CLKGATE_X1_E:GCK (CLKGATE_X1)                                                                          |        | 0.030       | 0.000      | 0.000      |             | 0.000  | 0.000r          |
| cache_addr_7__reg_p_CK (clock net)                                                                                                          | 32     |             |            |            | NA          |        |                 |
| cache_addr_29__reg_p:CK (DFF_X1)                                                                                                            |        | 0.001       | 0.000      | 0.000      |             | 0.000  | 0.000r          |
| clock core_clock (rise edge)                                                                                                                |        |             |            |            |             | 1.769  | 1.769           |
| clock network delay (ideal)                                                                                                                 |        |             |            |            |             | 0.000  | 1.769           |
| cache_addr_29__reg_p:CK (DFF_X1)                                                                                                            |        |             |            |            |             |        | 1.769r          |
| library setup time                                                                                                                          |        |             |            |            |             | -0.035 | 1.734           |
| clock reconvergence pessimism                                                                                                               |        |             |            |            |             | 0.000  | 1.734           |
|                                                                                                                                             |        |             |            |            |             |        |                 |
| path cell delay                                                                                                                             |        |             |            |            |             |        | 1.086(100.000%) |
| path net delay                                                                                                                              |        |             |            |            |             |        | 0.000(0.000%)   |
|                                                                                                                                             |        |             |            |            |             |        |                 |
| data require time                                                                                                                           |        |             |            |            |             |        | 1.734           |
| data arrival time                                                                                                                           |        |             |            |            |             |        | 1.086           |
| slack (MET)                                                                                                                                 |        |             |            |            |             |        | 0.648           |
+---------------------------------------------------------------------------------------------------------------------------------------------+--------+-------------+------------+------------+-------------+--------+-----------------+
+-----------------------------------------------------------------------------------------------------------------------------------------------------------------------------------------------------+--------+-------------+------------+------------+-------------+--------+-----------------+
| Point                                                                                                                                                                                               | Fanout | Capacitance | Resistance | Transition | Delta Delay | Incr   | Path            |
+-----------------------------------------------------------------------------------------------------------------------------------------------------------------------------------------------------+--------+-------------+------------+------------+-------------+--------+-----------------+
| clock (port)                                                                                                                                                                                        |        | 0.779       | 0.000      | 0.000      |             | 0.000  | 0.000r          |
| clock (clock net)                                                                                                                                                                                   | 761    |             |            |            | NA          |        |                 |
| alu_mod.bus_in_alu_op_5__reg_p:CK (DFF_X1)                                                                                                                                                          |        | 0.001       | 0.000      | 0.000      |             | 0.000  | 0.000r          |
| clock core_clock (rise edge)                                                                                                                                                                        |        |             |            |            |             | 0      | 0               |
| clock network delay (ideal)                                                                                                                                                                         |        |             |            |            |             | 0.000  | 0.000           |
| alu_mod.bus_in_alu_op_5__reg_p:CK (DFF_X1)                                                                                                                                                          |        | 0.001       | 0.000      | 0.000      |             | 0.000  | 0.000r          |
| alu_mod.bus_in_alu_op_5__reg_p:Q (DFF_X1)                                                                                                                                                           |        | 0.011       | 0.000      | 0.017      |             | 0.095  | 0.095f          |
| alu_mod.bus_in_alu_op_5_ (net)                                                                                                                                                                      | 1      |             |            |            | 0.000       |        |                 |
| alu_mod.bus_in_alu_op_5__BUF_X16_A:A (BUF_X16)                                                                                                                                                      |        | 0.012       | 0.000      | 0.017      |             | 0.000  | 0.095f          |
| alu_mod.bus_in_alu_op_5__BUF_X16_A:Z (BUF_X16)                                                                                                                                                      |        | 0.036       | 0.000      | 0.006      |             | 0.031  | 0.127f          |
| alu_mod.bus_in_alu_op_5__BUF_X16_A_Z (net)                                                                                                                                                          | 21     |             |            |            | 0.000       |        |                 |
| alu_mod.bus_in_alu_op_4__OR2_X4_A1:A2 (OR2_X4)                                                                                                                                                      |        | 0.003       | 0.000      | 0.006      |             | 0.000  | 0.127f          |
| alu_mod.bus_in_alu_op_4__OR2_X4_A1:ZN (OR2_X4)                                                                                                                                                      |        | 0.006       | 0.000      | 0.009      |             | 0.044  | 0.171f          |
| alu_mod.bus_in_alu_op_4__OR2_X4_A1_ZN (net)                                                                                                                                                         | 1      |             |            |            | 0.000       |        |                 |
| alu_mod.bus_in_alu_op_4__OR2_X4_A1_ZN_BUF_X8_A:A (BUF_X8)                                                                                                                                           |        | 0.007       | 0.000      | 0.009      |             | 0.000  | 0.171f          |
| alu_mod.bus_in_alu_op_4__OR2_X4_A1_ZN_BUF_X8_A:Z (BUF_X8)                                                                                                                                           |        | 0.044       | 0.000      | 0.009      |             | 0.031  | 0.202f          |
| alu_mod.bus_in_data_rs2_21__OAI21_X1_A_B2 (net)                                                                                                                                                     | 20     |             |            |            | 0.000       |        |                 |
| alu_mod.bus_in_data_rs2_21__OAI21_X1_A_B2_BUF_X8_A:A (BUF_X8)                                                                                                                                       |        | 0.007       | 0.000      | 0.009      |             | 0.000  | 0.202f          |
| alu_mod.bus_in_data_rs2_21__OAI21_X1_A_B2_BUF_X8_A:Z (BUF_X8)                                                                                                                                       |        | 0.042       | 0.000      | 0.009      |             | 0.031  | 0.233f          |
| alu_mod.bus_in_data_rs1_15__OAI21_X1_A_B2 (net)                                                                                                                                                     | 24     |             |            |            | 0.000       |        |                 |
| alu_mod.bus_in_data_csr_9__OAI211_X1_B_C1_AOI21_X1_A_ZN_OAI211_X1_C2_ZN_AOI21_X1_B1_B2_OAI211_X1_ZN_B_OAI21_X1_ZN:B2 (OAI21_X1)                                                                     |        | 0.002       | 0.000      | 0.009      |             | 0.000  | 0.233f          |
| alu_mod.bus_in_data_csr_9__OAI211_X1_B_C1_AOI21_X1_A_ZN_OAI211_X1_C2_ZN_AOI21_X1_B1_B2_OAI211_X1_ZN_B_OAI21_X1_ZN:ZN (OAI21_X1)                                                                     |        | 0.005       | 0.000      | 0.039      |             | 0.054  | 0.287r          |
| alu_mod.bus_in_data_csr_9__OAI211_X1_B_C1_AOI21_X1_A_ZN_OAI211_X1_C2_ZN_AOI21_X1_B1_B2_OAI211_X1_ZN_B (net)                                                                                         | 3      |             |            |            | 0.000       |        |                 |
| alu_mod.bus_in_data_csr_9__OAI211_X1_B_C1_AOI21_X1_A_ZN_OAI211_X1_C2_ZN_AOI21_X1_B1_B2_OAI211_X1_ZN_C1_AOI211_X1_A:C2 (AOI211_X1)                                                                   |        | 0.002       | 0.000      | 0.039      |             | 0.000  | 0.287r          |
| alu_mod.bus_in_data_csr_9__OAI211_X1_B_C1_AOI21_X1_A_ZN_OAI211_X1_C2_ZN_AOI21_X1_B1_B2_OAI211_X1_ZN_C1_AOI211_X1_A:ZN (AOI211_X1)                                                                   |        | 0.002       | 0.000      | 0.013      |             | 0.025  | 0.312f          |
| csr_mod.regs[1]_8__MUX2_X1_A_Z_AOI22_X1_A2_B1_OAI21_X1_ZN_A_NAND2_X1_ZN_A2_NOR2_X1_A2_ZN_AOI211_X1_B_C1_XOR2_X1_Z_A_OR2_X1_ZN_A2 (net)                                                              | 2      |             |            |            | 0.000       |        |                 |
| csr_mod.regs[1]_8__MUX2_X1_A_Z_AOI22_X1_A2_B1_OAI21_X1_ZN_A_NAND2_X1_ZN_A2_NOR2_X1_A2_ZN_AOI211_X1_B_C1_XOR2_X1_Z_A_OR2_X1_ZN_A2_OR4_X2_A4:A4 (OR4_X2)                                              |        | 0.002       | 0.000      | 0.013      |             | 0.000  | 0.312f          |
| csr_mod.regs[1]_8__MUX2_X1_A_Z_AOI22_X1_A2_B1_OAI21_X1_ZN_A_NAND2_X1_ZN_A2_NOR2_X1_A2_ZN_AOI211_X1_B_C1_XOR2_X1_Z_A_OR2_X1_ZN_A2_OR4_X2_A4:ZN (OR4_X2)                                              |        | 0.006       | 0.000      | 0.018      |             | 0.115  | 0.427f          |
| alu_mod.bus_in_data_rs1_31__reg_p_D_AOI211_X1_ZN_C2_NAND2_X1_A2_ZN_OAI211_X1_C1_ZN_OAI21_X2_A_B2_OAI21_X4_A_B2_OR4_X2_ZN_A3 (net)                                                                   | 4      |             |            |            | 0.000       |        |                 |
| alu_mod.bus_in_data_rs1_31__reg_p_D_AOI211_X1_ZN_C2_NAND2_X1_A2_ZN_OAI211_X1_C1_ZN_OAI21_X2_A_B2_OAI21_X4_A_B2_OR4_X2_ZN:A3 (OR4_X2)                                                                |        | 0.002       | 0.000      | 0.018      |             | 0.000  | 0.427f          |
| alu_mod.bus_in_data_rs1_31__reg_p_D_AOI211_X1_ZN_C2_NAND2_X1_A2_ZN_OAI211_X1_C1_ZN_OAI21_X2_A_B2_OAI21_X4_A_B2_OR4_X2_ZN:ZN (OR4_X2)                                                                |        | 0.006       | 0.000      | 0.019      |             | 0.114  | 0.541f          |
| alu_mod.bus_in_data_rs1_31__reg_p_D_AOI211_X1_ZN_C2_NAND2_X1_A2_ZN_OAI211_X1_C1_ZN_OAI21_X2_A_B2_OAI21_X4_A_B2 (net)                                                                                | 1      |             |            |            | 0.000       |        |                 |
| alu_mod.bus_in_data_rs1_31__reg_p_D_AOI211_X1_ZN_C2_NAND2_X1_A2_ZN_OAI211_X1_C1_ZN_OAI21_X2_A_B2_OAI21_X4_A:B2 (OAI21_X4)                                                                           |        | 0.007       | 0.000      | 0.019      |             | 0.000  | 0.541f          |
| alu_mod.bus_in_data_rs1_31__reg_p_D_AOI211_X1_ZN_C2_NAND2_X1_A2_ZN_OAI211_X1_C1_ZN_OAI21_X2_A_B2_OAI21_X4_A:ZN (OAI21_X4)                                                                           |        | 0.016       | 0.000      | 0.030      |             | 0.049  | 0.590r          |
| alu_mod.bus_in_data_rs2_24__reg_p_D_AOI211_X1_ZN_C2_NAND3_X1_A2_ZN_OAI211_X1_A_C1_AOI221_X1_ZN_C2 (net)                                                                                             | 7      |             |            |            | 0.000       |        |                 |
| alu_mod.bus_in_data_rs1_30__reg_p_D_AOI211_X1_ZN_C2_NOR3_X1_A1_ZN_AOI21_X1_A_B1_NOR4_X1_A2_ZN_AOI221_X2_C2_A_AOI211_X1_ZN_B_NAND3_X1_ZN_A3_AOI21_X1_B1_ZN_NAND3_X1_A3_ZN_OAI211_X4_B:C2 (OAI211_X4) |        | 0.006       | 0.000      | 0.030      |             | 0.000  | 0.590r          |
| alu_mod.bus_in_data_rs1_30__reg_p_D_AOI211_X1_ZN_C2_NOR3_X1_A1_ZN_AOI21_X1_A_B1_NOR4_X1_A2_ZN_AOI221_X2_C2_A_AOI211_X1_ZN_B_NAND3_X1_ZN_A3_AOI21_X1_B1_ZN_NAND3_X1_A3_ZN_OAI211_X4_B:ZN (OAI211_X4) |        | 0.010       | 0.000      | 0.019      |             | 0.032  | 0.622f          |
| alu_mod.bus_in_data_csr_0__INV_X1_A_ZN_OAI221_X1_C2_B1_AOI21_X1_ZN_B1_XNOR2_X1_ZN_B (net)                                                                                                           | 5      |             |            |            | 0.000       |        |                 |
| alu_mod.bus_in_rs1_0__AOI21_X1_B1_ZN_AOI22_X1_B1_A1_OAI21_X1_B2_ZN_NAND3_X1_A3_ZN_OAI221_X2_A_B2_XNOR2_X1_ZN:B (XNOR2_X1)                                                                           |        | 0.003       | 0.000      | 0.019      |             | 0.000  | 0.622f          |
| alu_mod.bus_in_rs1_0__AOI21_X1_B1_ZN_AOI22_X1_B1_A1_OAI21_X1_B2_ZN_NAND3_X1_A3_ZN_OAI221_X2_A_B2_XNOR2_X1_ZN:ZN (XNOR2_X1)                                                                          |        | 0.003       | 0.000      | 0.030      |             | 0.048  | 0.670r          |
| alu_mod.bus_in_rs1_0__AOI21_X1_B1_ZN_AOI22_X1_B1_A1_OAI21_X1_B2_ZN_NAND3_X1_A3_ZN_OAI221_X2_A_B2 (net)                                                                                              | 1      |             |            |            | 0.000       |        |                 |
| alu_mod.bus_in_rs1_0__AOI21_X1_B1_ZN_AOI22_X1_B1_A1_OAI21_X1_B2_ZN_NAND3_X1_A3_ZN_OAI221_X2_A:B2 (OAI221_X2)                                                                                        |        | 0.003       | 0.000      | 0.030      |             | 0.000  | 0.670r          |
| alu_mod.bus_in_rs1_0__AOI21_X1_B1_ZN_AOI22_X1_B1_A1_OAI21_X1_B2_ZN_NAND3_X1_A3_ZN_OAI221_X2_A:ZN (OAI221_X2)                                                                                        |        | 0.008       | 0.000      | 0.032      |             | 0.044  | 0.714f          |
| ifu_mod.block_valid[3]_reg_p_CK_CLKGATE_X1_GCK_E_OAI21_X1_ZN_B1_OAI211_X1_ZN_C1 (net)                                                                                                               | 5      |             |            |            | 0.000       |        |                 |
| icache_mod.latest_row_reg_p_QN_NOR3_X1_A1_A3_OAI21_X1_A_B1_NAND2_X1_ZN_A1_INV_X1_ZN_A_AOI211_X4_B:C1 (AOI211_X4)                                                                                    |        | 0.002       | 0.000      | 0.032      |             | 0.000  | 0.714f          |
| icache_mod.latest_row_reg_p_QN_NOR3_X1_A1_A3_OAI21_X1_A_B1_NAND2_X1_ZN_A1_INV_X1_ZN_A_AOI211_X4_B:ZN (AOI211_X4)                                                                                    |        | 0.018       | 0.000      | 0.014      |             | 0.099  | 0.813r          |
| csr_mod.regs[1]_20__MUX2_X1_A_Z_AOI222_X1_B1_A1 (net)                                                                                                                                               | 6      |             |            |            | 0.000       |        |                 |
| ifu_mod.block_offset[0]_6__AOI221_X1_C2_ZN_OAI21_X1_B1_ZN_OAI211_X1_C2_A_NAND2_X1_A1_A2_NOR4_X1_ZN_A3_OR3_X2_A3:A2 (OR3_X2)                                                                         |        | 0.002       | 0.000      | 0.014      |             | 0.000  | 0.813r          |
| ifu_mod.block_offset[0]_6__AOI221_X1_C2_ZN_OAI21_X1_B1_ZN_OAI211_X1_C2_A_NAND2_X1_A1_A2_NOR4_X1_ZN_A3_OR3_X2_A3:ZN (OR3_X2)                                                                         |        | 0.003       | 0.000      | 0.009      |             | 0.028  | 0.841r          |
| ifu_mod.block_offset[0]_6__AOI221_X1_C2_ZN_OAI21_X1_B1_ZN_OAI211_X1_C2_A_NAND2_X1_A1_A2_NOR4_X1_ZN_A3_OR3_X2_A3_ZN (net)                                                                            | 1      |             |            |            | 0.000       |        |                 |
| ifu_mod.block_offset[0]_6__AOI221_X1_C2_ZN_OAI21_X1_B1_ZN_OAI211_X1_C2_A_NAND2_X1_A1_A2_NOR4_X1_ZN_A3_OR3_X2_A3_ZN_BUF_X4_A:A (BUF_X4)                                                              |        | 0.003       | 0.000      | 0.009      |             | 0.000  | 0.841r          |
| ifu_mod.block_offset[0]_6__AOI221_X1_C2_ZN_OAI21_X1_B1_ZN_OAI211_X1_C2_A_NAND2_X1_A1_A2_NOR4_X1_ZN_A3_OR3_X2_A3_ZN_BUF_X4_A:Z (BUF_X4)                                                              |        | 0.031       | 0.000      | 0.021      |             | 0.036  | 0.878r          |
| cache_addr_8__reg_p_D_OAI21_X1_ZN_B2 (net)                                                                                                                                                          | 19     |             |            |            | 0.000       |        |                 |
| icache_mod.miss_addr_28__reg_p_D_OAI21_X1_ZN_B2_OAI211_X2_B:C2 (OAI211_X2)                                                                                                                          |        | 0.003       | 0.000      | 0.021      |             | 0.000  | 0.878r          |
| icache_mod.miss_addr_28__reg_p_D_OAI21_X1_ZN_B2_OAI211_X2_B:ZN (OAI211_X2)                                                                                                                          |        | 0.006       | 0.000      | 0.020      |             | 0.032  | 0.910f          |
| icache_mod.miss_addr_28__reg_p_D_OAI21_X1_ZN_B2_OAI211_X2_B_ZN (net)                                                                                                                                | 5      |             |            |            | 0.000       |        |                 |
| cache_addr_30__reg_p_D_OAI211_X1_ZN_A_NOR4_X1_ZN_A4_AND3_X1_ZN:A2 (AND3_X1)                                                                                                                         |        | 0.001       | 0.000      | 0.020      |             | 0.000  | 0.910f          |
| cache_addr_30__reg_p_D_OAI211_X1_ZN_A_NOR4_X1_ZN_A4_AND3_X1_ZN:ZN (AND3_X1)                                                                                                                         |        | 0.002       | 0.000      | 0.007      |             | 0.039  | 0.949f          |
| cache_addr_30__reg_p_D_OAI211_X1_ZN_A_NOR4_X1_ZN_A4 (net)                                                                                                                                           | 1      |             |            |            | 0.000       |        |                 |
| cache_addr_30__reg_p_D_OAI211_X1_ZN_A_NOR4_X1_ZN:A4 (NOR4_X1)                                                                                                                                       |        | 0.002       | 0.000      | 0.007      |             | 0.000  | 0.949f          |
| cache_addr_30__reg_p_D_OAI211_X1_ZN_A_NOR4_X1_ZN:ZN (NOR4_X1)                                                                                                                                       |        | 0.002       | 0.000      | 0.045      |             | 0.081  | 1.030r          |
| cache_addr_30__reg_p_D_OAI211_X1_ZN_A (net)                                                                                                                                                         | 1      |             |            |            | 0.000       |        |                 |
| cache_addr_30__reg_p_D_OAI211_X1_ZN:A (OAI211_X1)                                                                                                                                                   |        | 0.002       | 0.000      | 0.045      |             | 0.000  | 1.030r          |
| cache_addr_30__reg_p_D_OAI211_X1_ZN:ZN (OAI211_X1)                                                                                                                                                  |        | 0.001       | 0.000      | 0.018      |             | 0.038  | 1.068f          |
| cache_addr_30__reg_p_D (net)                                                                                                                                                                        | 1      |             |            |            | 0.000       |        |                 |
| cache_addr_30__reg_p:D (DFF_X1)                                                                                                                                                                     |        | 0.001       | 0.000      | 0.018      |             | 0.000  | 1.068f          |
|                                                                                                                                                                                                     |        |             |            |            |             |        |                 |
| clock (port)                                                                                                                                                                                        |        | 0.779       | 0.000      | 0.000      |             | 0.000  | 0.000r          |
| clock (clock net)                                                                                                                                                                                   | 761    |             |            |            | NA          |        |                 |
| ifu_mod.index_0__reg_p_D_MUX2_X1_B_S_CLKGATE_X1_E:CK (CLKGATE_X1)                                                                                                                                   |        | 0.002       | 0.000      | 0.000      |             | 0.000  | 0.000r          |
| ifu_mod.index_0__reg_p_D_MUX2_X1_B_S_CLKGATE_X1_E:GCK (CLKGATE_X1)                                                                                                                                  |        | 0.030       | 0.000      | 0.000      |             | 0.000  | 0.000r          |
| cache_addr_7__reg_p_CK (clock net)                                                                                                                                                                  | 32     |             |            |            | NA          |        |                 |
| cache_addr_30__reg_p:CK (DFF_X1)                                                                                                                                                                    |        | 0.001       | 0.000      | 0.000      |             | 0.000  | 0.000r          |
| clock core_clock (rise edge)                                                                                                                                                                        |        |             |            |            |             | 1.769  | 1.769           |
| clock network delay (ideal)                                                                                                                                                                         |        |             |            |            |             | 0.000  | 1.769           |
| cache_addr_30__reg_p:CK (DFF_X1)                                                                                                                                                                    |        |             |            |            |             |        | 1.769r          |
| library setup time                                                                                                                                                                                  |        |             |            |            |             | -0.044 | 1.725           |
| clock reconvergence pessimism                                                                                                                                                                       |        |             |            |            |             | 0.000  | 1.725           |
|                                                                                                                                                                                                     |        |             |            |            |             |        |                 |
| path cell delay                                                                                                                                                                                     |        |             |            |            |             |        | 1.068(100.000%) |
| path net delay                                                                                                                                                                                      |        |             |            |            |             |        | 0.000(0.000%)   |
|                                                                                                                                                                                                     |        |             |            |            |             |        |                 |
| data require time                                                                                                                                                                                   |        |             |            |            |             |        | 1.725           |
| data arrival time                                                                                                                                                                                   |        |             |            |            |             |        | 1.068           |
| slack (MET)                                                                                                                                                                                         |        |             |            |            |             |        | 0.658           |
+-----------------------------------------------------------------------------------------------------------------------------------------------------------------------------------------------------+--------+-------------+------------+------------+-------------+--------+-----------------+
+-----------------------------------------------------------------------------------------------------------------------------------------------------------------------------------------------------+--------+-------------+------------+------------+-------------+--------+-----------------+
| Point                                                                                                                                                                                               | Fanout | Capacitance | Resistance | Transition | Delta Delay | Incr   | Path            |
+-----------------------------------------------------------------------------------------------------------------------------------------------------------------------------------------------------+--------+-------------+------------+------------+-------------+--------+-----------------+
| clock (port)                                                                                                                                                                                        |        | 0.779       | 0.000      | 0.000      |             | 0.000  | 0.000r          |
| clock (clock net)                                                                                                                                                                                   | 761    |             |            |            | NA          |        |                 |
| alu_mod.bus_in_alu_op_5__reg_p:CK (DFF_X1)                                                                                                                                                          |        | 0.001       | 0.000      | 0.000      |             | 0.000  | 0.000r          |
| clock core_clock (rise edge)                                                                                                                                                                        |        |             |            |            |             | 0      | 0               |
| clock network delay (ideal)                                                                                                                                                                         |        |             |            |            |             | 0.000  | 0.000           |
| alu_mod.bus_in_alu_op_5__reg_p:CK (DFF_X1)                                                                                                                                                          |        | 0.001       | 0.000      | 0.000      |             | 0.000  | 0.000r          |
| alu_mod.bus_in_alu_op_5__reg_p:Q (DFF_X1)                                                                                                                                                           |        | 0.011       | 0.000      | 0.017      |             | 0.095  | 0.095f          |
| alu_mod.bus_in_alu_op_5_ (net)                                                                                                                                                                      | 1      |             |            |            | 0.000       |        |                 |
| alu_mod.bus_in_alu_op_5__BUF_X16_A:A (BUF_X16)                                                                                                                                                      |        | 0.012       | 0.000      | 0.017      |             | 0.000  | 0.095f          |
| alu_mod.bus_in_alu_op_5__BUF_X16_A:Z (BUF_X16)                                                                                                                                                      |        | 0.036       | 0.000      | 0.006      |             | 0.031  | 0.127f          |
| alu_mod.bus_in_alu_op_5__BUF_X16_A_Z (net)                                                                                                                                                          | 21     |             |            |            | 0.000       |        |                 |
| alu_mod.bus_in_alu_op_4__OR2_X4_A1:A2 (OR2_X4)                                                                                                                                                      |        | 0.003       | 0.000      | 0.006      |             | 0.000  | 0.127f          |
| alu_mod.bus_in_alu_op_4__OR2_X4_A1:ZN (OR2_X4)                                                                                                                                                      |        | 0.006       | 0.000      | 0.009      |             | 0.044  | 0.171f          |
| alu_mod.bus_in_alu_op_4__OR2_X4_A1_ZN (net)                                                                                                                                                         | 1      |             |            |            | 0.000       |        |                 |
| alu_mod.bus_in_alu_op_4__OR2_X4_A1_ZN_BUF_X8_A:A (BUF_X8)                                                                                                                                           |        | 0.007       | 0.000      | 0.009      |             | 0.000  | 0.171f          |
| alu_mod.bus_in_alu_op_4__OR2_X4_A1_ZN_BUF_X8_A:Z (BUF_X8)                                                                                                                                           |        | 0.044       | 0.000      | 0.009      |             | 0.031  | 0.202f          |
| alu_mod.bus_in_data_rs2_21__OAI21_X1_A_B2 (net)                                                                                                                                                     | 20     |             |            |            | 0.000       |        |                 |
| alu_mod.bus_in_data_rs2_21__OAI21_X1_A_B2_BUF_X8_A:A (BUF_X8)                                                                                                                                       |        | 0.007       | 0.000      | 0.009      |             | 0.000  | 0.202f          |
| alu_mod.bus_in_data_rs2_21__OAI21_X1_A_B2_BUF_X8_A:Z (BUF_X8)                                                                                                                                       |        | 0.042       | 0.000      | 0.009      |             | 0.031  | 0.233f          |
| alu_mod.bus_in_data_rs1_15__OAI21_X1_A_B2 (net)                                                                                                                                                     | 24     |             |            |            | 0.000       |        |                 |
| alu_mod.bus_in_data_csr_9__OAI211_X1_B_C1_AOI21_X1_A_ZN_OAI211_X1_C2_ZN_AOI21_X1_B1_B2_OAI211_X1_ZN_B_OAI21_X1_ZN:B2 (OAI21_X1)                                                                     |        | 0.002       | 0.000      | 0.009      |             | 0.000  | 0.233f          |
| alu_mod.bus_in_data_csr_9__OAI211_X1_B_C1_AOI21_X1_A_ZN_OAI211_X1_C2_ZN_AOI21_X1_B1_B2_OAI211_X1_ZN_B_OAI21_X1_ZN:ZN (OAI21_X1)                                                                     |        | 0.005       | 0.000      | 0.039      |             | 0.054  | 0.287r          |
| alu_mod.bus_in_data_csr_9__OAI211_X1_B_C1_AOI21_X1_A_ZN_OAI211_X1_C2_ZN_AOI21_X1_B1_B2_OAI211_X1_ZN_B (net)                                                                                         | 3      |             |            |            | 0.000       |        |                 |
| alu_mod.bus_in_data_csr_9__OAI211_X1_B_C1_AOI21_X1_A_ZN_OAI211_X1_C2_ZN_AOI21_X1_B1_B2_OAI211_X1_ZN_C1_AOI211_X1_A:C2 (AOI211_X1)                                                                   |        | 0.002       | 0.000      | 0.039      |             | 0.000  | 0.287r          |
| alu_mod.bus_in_data_csr_9__OAI211_X1_B_C1_AOI21_X1_A_ZN_OAI211_X1_C2_ZN_AOI21_X1_B1_B2_OAI211_X1_ZN_C1_AOI211_X1_A:ZN (AOI211_X1)                                                                   |        | 0.002       | 0.000      | 0.013      |             | 0.025  | 0.312f          |
| csr_mod.regs[1]_8__MUX2_X1_A_Z_AOI22_X1_A2_B1_OAI21_X1_ZN_A_NAND2_X1_ZN_A2_NOR2_X1_A2_ZN_AOI211_X1_B_C1_XOR2_X1_Z_A_OR2_X1_ZN_A2 (net)                                                              | 2      |             |            |            | 0.000       |        |                 |
| csr_mod.regs[1]_8__MUX2_X1_A_Z_AOI22_X1_A2_B1_OAI21_X1_ZN_A_NAND2_X1_ZN_A2_NOR2_X1_A2_ZN_AOI211_X1_B_C1_XOR2_X1_Z_A_OR2_X1_ZN_A2_OR4_X2_A4:A4 (OR4_X2)                                              |        | 0.002       | 0.000      | 0.013      |             | 0.000  | 0.312f          |
| csr_mod.regs[1]_8__MUX2_X1_A_Z_AOI22_X1_A2_B1_OAI21_X1_ZN_A_NAND2_X1_ZN_A2_NOR2_X1_A2_ZN_AOI211_X1_B_C1_XOR2_X1_Z_A_OR2_X1_ZN_A2_OR4_X2_A4:ZN (OR4_X2)                                              |        | 0.006       | 0.000      | 0.018      |             | 0.115  | 0.427f          |
| alu_mod.bus_in_data_rs1_31__reg_p_D_AOI211_X1_ZN_C2_NAND2_X1_A2_ZN_OAI211_X1_C1_ZN_OAI21_X2_A_B2_OAI21_X4_A_B2_OR4_X2_ZN_A3 (net)                                                                   | 4      |             |            |            | 0.000       |        |                 |
| alu_mod.bus_in_data_rs1_31__reg_p_D_AOI211_X1_ZN_C2_NAND2_X1_A2_ZN_OAI211_X1_C1_ZN_OAI21_X2_A_B2_OAI21_X4_A_B2_OR4_X2_ZN:A3 (OR4_X2)                                                                |        | 0.002       | 0.000      | 0.018      |             | 0.000  | 0.427f          |
| alu_mod.bus_in_data_rs1_31__reg_p_D_AOI211_X1_ZN_C2_NAND2_X1_A2_ZN_OAI211_X1_C1_ZN_OAI21_X2_A_B2_OAI21_X4_A_B2_OR4_X2_ZN:ZN (OR4_X2)                                                                |        | 0.006       | 0.000      | 0.019      |             | 0.114  | 0.541f          |
| alu_mod.bus_in_data_rs1_31__reg_p_D_AOI211_X1_ZN_C2_NAND2_X1_A2_ZN_OAI211_X1_C1_ZN_OAI21_X2_A_B2_OAI21_X4_A_B2 (net)                                                                                | 1      |             |            |            | 0.000       |        |                 |
| alu_mod.bus_in_data_rs1_31__reg_p_D_AOI211_X1_ZN_C2_NAND2_X1_A2_ZN_OAI211_X1_C1_ZN_OAI21_X2_A_B2_OAI21_X4_A:B2 (OAI21_X4)                                                                           |        | 0.007       | 0.000      | 0.019      |             | 0.000  | 0.541f          |
| alu_mod.bus_in_data_rs1_31__reg_p_D_AOI211_X1_ZN_C2_NAND2_X1_A2_ZN_OAI211_X1_C1_ZN_OAI21_X2_A_B2_OAI21_X4_A:ZN (OAI21_X4)                                                                           |        | 0.016       | 0.000      | 0.030      |             | 0.049  | 0.590r          |
| alu_mod.bus_in_data_rs2_24__reg_p_D_AOI211_X1_ZN_C2_NAND3_X1_A2_ZN_OAI211_X1_A_C1_AOI221_X1_ZN_C2 (net)                                                                                             | 7      |             |            |            | 0.000       |        |                 |
| alu_mod.bus_in_data_rs1_30__reg_p_D_AOI211_X1_ZN_C2_NOR3_X1_A1_ZN_AOI21_X1_A_B1_NOR4_X1_A2_ZN_AOI221_X2_C2_A_AOI211_X1_ZN_B_NAND3_X1_ZN_A3_AOI21_X1_B1_ZN_NAND3_X1_A3_ZN_OAI211_X4_B:C2 (OAI211_X4) |        | 0.006       | 0.000      | 0.030      |             | 0.000  | 0.590r          |
| alu_mod.bus_in_data_rs1_30__reg_p_D_AOI211_X1_ZN_C2_NOR3_X1_A1_ZN_AOI21_X1_A_B1_NOR4_X1_A2_ZN_AOI221_X2_C2_A_AOI211_X1_ZN_B_NAND3_X1_ZN_A3_AOI21_X1_B1_ZN_NAND3_X1_A3_ZN_OAI211_X4_B:ZN (OAI211_X4) |        | 0.010       | 0.000      | 0.019      |             | 0.032  | 0.622f          |
| alu_mod.bus_in_data_csr_0__INV_X1_A_ZN_OAI221_X1_C2_B1_AOI21_X1_ZN_B1_XNOR2_X1_ZN_B (net)                                                                                                           | 5      |             |            |            | 0.000       |        |                 |
| alu_mod.bus_in_rs1_0__AOI21_X1_B1_ZN_AOI22_X1_B1_A1_OAI21_X1_B2_ZN_NAND3_X1_A3_ZN_OAI221_X2_A_B2_XNOR2_X1_ZN:B (XNOR2_X1)                                                                           |        | 0.003       | 0.000      | 0.019      |             | 0.000  | 0.622f          |
| alu_mod.bus_in_rs1_0__AOI21_X1_B1_ZN_AOI22_X1_B1_A1_OAI21_X1_B2_ZN_NAND3_X1_A3_ZN_OAI221_X2_A_B2_XNOR2_X1_ZN:ZN (XNOR2_X1)                                                                          |        | 0.003       | 0.000      | 0.030      |             | 0.048  | 0.670r          |
| alu_mod.bus_in_rs1_0__AOI21_X1_B1_ZN_AOI22_X1_B1_A1_OAI21_X1_B2_ZN_NAND3_X1_A3_ZN_OAI221_X2_A_B2 (net)                                                                                              | 1      |             |            |            | 0.000       |        |                 |
| alu_mod.bus_in_rs1_0__AOI21_X1_B1_ZN_AOI22_X1_B1_A1_OAI21_X1_B2_ZN_NAND3_X1_A3_ZN_OAI221_X2_A:B2 (OAI221_X2)                                                                                        |        | 0.003       | 0.000      | 0.030      |             | 0.000  | 0.670r          |
| alu_mod.bus_in_rs1_0__AOI21_X1_B1_ZN_AOI22_X1_B1_A1_OAI21_X1_B2_ZN_NAND3_X1_A3_ZN_OAI221_X2_A:ZN (OAI221_X2)                                                                                        |        | 0.008       | 0.000      | 0.032      |             | 0.044  | 0.714f          |
| ifu_mod.block_valid[3]_reg_p_CK_CLKGATE_X1_GCK_E_OAI21_X1_ZN_B1_OAI211_X1_ZN_C1 (net)                                                                                                               | 5      |             |            |            | 0.000       |        |                 |
| icache_mod.latest_row_reg_p_QN_NOR3_X1_A1_A3_OAI21_X1_A_B1_NAND2_X1_ZN_A1_INV_X1_ZN_A_AOI211_X4_B:C1 (AOI211_X4)                                                                                    |        | 0.002       | 0.000      | 0.032      |             | 0.000  | 0.714f          |
| icache_mod.latest_row_reg_p_QN_NOR3_X1_A1_A3_OAI21_X1_A_B1_NAND2_X1_ZN_A1_INV_X1_ZN_A_AOI211_X4_B:ZN (AOI211_X4)                                                                                    |        | 0.018       | 0.000      | 0.014      |             | 0.099  | 0.813r          |
| csr_mod.regs[1]_20__MUX2_X1_A_Z_AOI222_X1_B1_A1 (net)                                                                                                                                               | 6      |             |            |            | 0.000       |        |                 |
| ifu_mod.block_offset[0]_6__AOI221_X1_C2_ZN_OAI21_X1_B1_ZN_OAI211_X1_C2_A_NAND2_X1_A1_A2_NOR4_X1_ZN_A3_OR3_X2_A3:A2 (OR3_X2)                                                                         |        | 0.002       | 0.000      | 0.014      |             | 0.000  | 0.813r          |
| ifu_mod.block_offset[0]_6__AOI221_X1_C2_ZN_OAI21_X1_B1_ZN_OAI211_X1_C2_A_NAND2_X1_A1_A2_NOR4_X1_ZN_A3_OR3_X2_A3:ZN (OR3_X2)                                                                         |        | 0.003       | 0.000      | 0.009      |             | 0.028  | 0.841r          |
| ifu_mod.block_offset[0]_6__AOI221_X1_C2_ZN_OAI21_X1_B1_ZN_OAI211_X1_C2_A_NAND2_X1_A1_A2_NOR4_X1_ZN_A3_OR3_X2_A3_ZN (net)                                                                            | 1      |             |            |            | 0.000       |        |                 |
| ifu_mod.block_offset[0]_6__AOI221_X1_C2_ZN_OAI21_X1_B1_ZN_OAI211_X1_C2_A_NAND2_X1_A1_A2_NOR4_X1_ZN_A3_OR3_X2_A3_ZN_BUF_X4_A:A (BUF_X4)                                                              |        | 0.003       | 0.000      | 0.009      |             | 0.000  | 0.841r          |
| ifu_mod.block_offset[0]_6__AOI221_X1_C2_ZN_OAI21_X1_B1_ZN_OAI211_X1_C2_A_NAND2_X1_A1_A2_NOR4_X1_ZN_A3_OR3_X2_A3_ZN_BUF_X4_A:Z (BUF_X4)                                                              |        | 0.031       | 0.000      | 0.021      |             | 0.036  | 0.878r          |
| cache_addr_8__reg_p_D_OAI21_X1_ZN_B2 (net)                                                                                                                                                          | 19     |             |            |            | 0.000       |        |                 |
| icache_mod.miss_addr_28__reg_p_D_OAI21_X1_ZN_B2_OAI211_X2_B:C2 (OAI211_X2)                                                                                                                          |        | 0.003       | 0.000      | 0.021      |             | 0.000  | 0.878r          |
| icache_mod.miss_addr_28__reg_p_D_OAI21_X1_ZN_B2_OAI211_X2_B:ZN (OAI211_X2)                                                                                                                          |        | 0.006       | 0.000      | 0.020      |             | 0.032  | 0.910f          |
| icache_mod.miss_addr_28__reg_p_D_OAI21_X1_ZN_B2_OAI211_X2_B_ZN (net)                                                                                                                                | 5      |             |            |            | 0.000       |        |                 |
| cache_addr_30__reg_p_D_OAI211_X1_ZN_A_NOR4_X1_ZN_A4_AND3_X1_ZN:A2 (AND3_X1)                                                                                                                         |        | 0.001       | 0.000      | 0.020      |             | 0.000  | 0.910f          |
| cache_addr_30__reg_p_D_OAI211_X1_ZN_A_NOR4_X1_ZN_A4_AND3_X1_ZN:ZN (AND3_X1)                                                                                                                         |        | 0.002       | 0.000      | 0.007      |             | 0.039  | 0.949f          |
| cache_addr_30__reg_p_D_OAI211_X1_ZN_A_NOR4_X1_ZN_A4 (net)                                                                                                                                           | 1      |             |            |            | 0.000       |        |                 |
| cache_addr_30__reg_p_D_OAI211_X1_ZN_A_NOR4_X1_ZN:A4 (NOR4_X1)                                                                                                                                       |        | 0.002       | 0.000      | 0.007      |             | 0.000  | 0.949f          |
| cache_addr_30__reg_p_D_OAI211_X1_ZN_A_NOR4_X1_ZN:ZN (NOR4_X1)                                                                                                                                       |        | 0.002       | 0.000      | 0.045      |             | 0.081  | 1.030r          |
| cache_addr_30__reg_p_D_OAI211_X1_ZN_A (net)                                                                                                                                                         | 1      |             |            |            | 0.000       |        |                 |
| cache_addr_30__reg_p_D_OAI211_X1_ZN:A (OAI211_X1)                                                                                                                                                   |        | 0.002       | 0.000      | 0.045      |             | 0.000  | 1.030r          |
| cache_addr_30__reg_p_D_OAI211_X1_ZN:ZN (OAI211_X1)                                                                                                                                                  |        | 0.001       | 0.000      | 0.018      |             | 0.038  | 1.068f          |
| cache_addr_30__reg_p_D (net)                                                                                                                                                                        | 1      |             |            |            | 0.000       |        |                 |
| cache_addr_30__reg_p:D (DFF_X1)                                                                                                                                                                     |        | 0.001       | 0.000      | 0.018      |             | 0.000  | 1.068f          |
|                                                                                                                                                                                                     |        |             |            |            |             |        |                 |
| clock (port)                                                                                                                                                                                        |        | 0.779       | 0.000      | 0.000      |             | 0.000  | 0.000r          |
| clock (clock net)                                                                                                                                                                                   | 761    |             |            |            | NA          |        |                 |
| ifu_mod.index_0__reg_p_D_MUX2_X1_B_S_CLKGATE_X1_E:CK (CLKGATE_X1)                                                                                                                                   |        | 0.002       | 0.000      | 0.000      |             | 0.000  | 0.000r          |
| ifu_mod.index_0__reg_p_D_MUX2_X1_B_S_CLKGATE_X1_E:GCK (CLKGATE_X1)                                                                                                                                  |        | 0.030       | 0.000      | 0.000      |             | 0.000  | 0.000r          |
| cache_addr_7__reg_p_CK (clock net)                                                                                                                                                                  | 32     |             |            |            | NA          |        |                 |
| cache_addr_30__reg_p:CK (DFF_X1)                                                                                                                                                                    |        | 0.001       | 0.000      | 0.000      |             | 0.000  | 0.000r          |
| clock core_clock (rise edge)                                                                                                                                                                        |        |             |            |            |             | 1.769  | 1.769           |
| clock network delay (ideal)                                                                                                                                                                         |        |             |            |            |             | 0.000  | 1.769           |
| cache_addr_30__reg_p:CK (DFF_X1)                                                                                                                                                                    |        |             |            |            |             |        | 1.769r          |
| library setup time                                                                                                                                                                                  |        |             |            |            |             | -0.044 | 1.725           |
| clock reconvergence pessimism                                                                                                                                                                       |        |             |            |            |             | 0.000  | 1.725           |
|                                                                                                                                                                                                     |        |             |            |            |             |        |                 |
| path cell delay                                                                                                                                                                                     |        |             |            |            |             |        | 1.068(100.000%) |
| path net delay                                                                                                                                                                                      |        |             |            |            |             |        | 0.000(0.000%)   |
|                                                                                                                                                                                                     |        |             |            |            |             |        |                 |
| data require time                                                                                                                                                                                   |        |             |            |            |             |        | 1.725           |
| data arrival time                                                                                                                                                                                   |        |             |            |            |             |        | 1.068           |
| slack (MET)                                                                                                                                                                                         |        |             |            |            |             |        | 0.658           |
+-----------------------------------------------------------------------------------------------------------------------------------------------------------------------------------------------------+--------+-------------+------------+------------+-------------+--------+-----------------+
+---------------------------------------------------------------------------------------------------------------------------------------------+--------+-------------+------------+------------+-------------+--------+-----------------+
| Point                                                                                                                                       | Fanout | Capacitance | Resistance | Transition | Delta Delay | Incr   | Path            |
+---------------------------------------------------------------------------------------------------------------------------------------------+--------+-------------+------------+------------+-------------+--------+-----------------+
| clock (port)                                                                                                                                |        | 0.779       | 0.000      | 0.000      |             | 0.000  | 0.000r          |
| clock (clock net)                                                                                                                           | 761    |             |            |            | NA          |        |                 |
| ifu_mod.index_0__reg_p_D_MUX2_X1_B_S_CLKGATE_X1_E:CK (CLKGATE_X1)                                                                           |        | 0.002       | 0.000      | 0.000      |             | 0.000  | 0.000r          |
| ifu_mod.index_0__reg_p_D_MUX2_X1_B_S_CLKGATE_X1_E:GCK (CLKGATE_X1)                                                                          |        | 0.030       | 0.000      | 0.000      |             | 0.000  | 0.000r          |
| cache_addr_7__reg_p_CK (clock net)                                                                                                          | 32     |             |            |            | NA          |        |                 |
| ifu_mod.index_0__reg_p:CK (DFF_X1)                                                                                                          |        | 0.001       | 0.000      | 0.000      |             | 0.000  | 0.000r          |
| clock core_clock (rise edge)                                                                                                                |        |             |            |            |             | 0      | 0               |
| clock network delay (ideal)                                                                                                                 |        |             |            |            |             | 0.000  | 0.000           |
| ifu_mod.index_0__reg_p:CK (DFF_X1)                                                                                                          |        | 0.001       | 0.000      | 0.000      |             | 0.000  | 0.000r          |
| ifu_mod.index_0__reg_p:Q (DFF_X1)                                                                                                           |        | 0.029       | 0.000      | 0.036      |             | 0.119  | 0.119f          |
| cache_addr_2_ (net)                                                                                                                         | 14     |             |            |            | 0.000       |        |                 |
| cache_addr_2__BUF_X8_A:A (BUF_X8)                                                                                                           |        | 0.007       | 0.000      | 0.036      |             | 0.000  | 0.119f          |
| cache_addr_2__BUF_X8_A:Z (BUF_X8)                                                                                                           |        | 0.039       | 0.000      | 0.009      |             | 0.043  | 0.162f          |
| cache_addr_2__BUF_X8_A_Z (net)                                                                                                              | 24     |             |            |            | 0.000       |        |                 |
| ifu_mod.block_tag[1]_6__MUX2_X1_A:S (MUX2_X1)                                                                                               |        | 0.002       | 0.000      | 0.009      |             | 0.000  | 0.162f          |
| ifu_mod.block_tag[1]_6__MUX2_X1_A:Z (MUX2_X1)                                                                                               |        | 0.002       | 0.000      | 0.012      |             | 0.051  | 0.213f          |
| ifu_mod.block_tag[1]_6__MUX2_X1_A_Z (net)                                                                                                   | 1      |             |            |            | 0.000       |        |                 |
| ifu_mod.block_tag[1]_6__MUX2_X1_A_Z_XNOR2_X1_B:B (XNOR2_X1)                                                                                 |        | 0.003       | 0.000      | 0.012      |             | 0.000  | 0.213f          |
| ifu_mod.block_tag[1]_6__MUX2_X1_A_Z_XNOR2_X1_B:ZN (XNOR2_X1)                                                                                |        | 0.002       | 0.000      | 0.020      |             | 0.034  | 0.247r          |
| ifu_mod.block_tag[1]_6__MUX2_X1_A_Z_XNOR2_X1_B_ZN (net)                                                                                     | 1      |             |            |            | 0.000       |        |                 |
| ifu_mod.block_tag[1]_6__MUX2_X1_A_Z_XNOR2_X1_B_ZN_NAND4_X1_A3:A3 (NAND4_X1)                                                                 |        | 0.002       | 0.000      | 0.020      |             | 0.000  | 0.247r          |
| ifu_mod.block_tag[1]_6__MUX2_X1_A_Z_XNOR2_X1_B_ZN_NAND4_X1_A3:ZN (NAND4_X1)                                                                 |        | 0.006       | 0.000      | 0.033      |             | 0.053  | 0.300f          |
| ifu_mod.block_tag[1]_6__MUX2_X1_A_Z_XNOR2_X1_B_ZN_NAND4_X1_A3_ZN (net)                                                                      | 2      |             |            |            | 0.000       |        |                 |
| ifu_mod.block_tag[1]_5__MUX2_X1_A_Z_MUX2_X1_S_Z_NAND4_X1_A2_ZN_OR4_X1_A2:A3 (OR4_X1)                                                        |        | 0.001       | 0.000      | 0.033      |             | 0.000  | 0.300f          |
| ifu_mod.block_tag[1]_5__MUX2_X1_A_Z_MUX2_X1_S_Z_NAND4_X1_A2_ZN_OR4_X1_A2:ZN (OR4_X1)                                                        |        | 0.002       | 0.000      | 0.018      |             | 0.121  | 0.421f          |
| ifu_mod.block_tag[1]_5__MUX2_X1_A_Z_MUX2_X1_S_Z_NAND4_X1_A2_ZN_OR4_X1_A2_ZN (net)                                                           | 1      |             |            |            | 0.000       |        |                 |
| ifu_mod.block_tag[1]_5__MUX2_X1_A_Z_MUX2_X1_S_Z_NAND4_X1_A2_ZN_OR4_X1_A2_ZN_BUF_X2_A:A (BUF_X2)                                             |        | 0.002       | 0.000      | 0.018      |             | 0.000  | 0.421f          |
| ifu_mod.block_tag[1]_5__MUX2_X1_A_Z_MUX2_X1_S_Z_NAND4_X1_A2_ZN_OR4_X1_A2_ZN_BUF_X2_A:Z (BUF_X2)                                             |        | 0.015       | 0.000      | 0.011      |             | 0.039  | 0.460f          |
| ifu_mod.block_offset[0]_7__MUX2_X1_A_Z_OAI21_X1_A_B2 (net)                                                                                  | 10     |             |            |            | 0.000       |        |                 |
| ifu_mod.block_tag[0]_0__MUX2_X1_A_Z_XNOR2_X1_B_ZN_NAND2_X1_A1_ZN_OR4_X1_A1_ZN_OAI33_X1_B1:A1 (OAI33_X1)                                     |        | 0.002       | 0.000      | 0.011      |             | 0.000  | 0.460f          |
| ifu_mod.block_tag[0]_0__MUX2_X1_A_Z_XNOR2_X1_B_ZN_NAND2_X1_A1_ZN_OR4_X1_A1_ZN_OAI33_X1_B1:ZN (OAI33_X1)                                     |        | 0.003       | 0.000      | 0.075      |             | 0.060  | 0.520r          |
| ifu_mod.block_tag[0]_0__MUX2_X1_A_Z_XNOR2_X1_B_ZN_NAND2_X1_A1_ZN_OR4_X1_A1_ZN_OAI33_X1_B1_ZN (net)                                          | 1      |             |            |            | 0.000       |        |                 |
| ifu_mod.block_tag[0]_0__MUX2_X1_A_Z_XNOR2_X1_B_ZN_NAND2_X1_A1_ZN_OR4_X1_A1_ZN_OAI33_X1_B1_ZN_BUF_X4_A:A (BUF_X4)                            |        | 0.003       | 0.000      | 0.075      |             | 0.000  | 0.520r          |
| ifu_mod.block_tag[0]_0__MUX2_X1_A_Z_XNOR2_X1_B_ZN_NAND2_X1_A1_ZN_OR4_X1_A1_ZN_OAI33_X1_B1_ZN_BUF_X4_A:Z (BUF_X4)                            |        | 0.022       | 0.000      | 0.017      |             | 0.041  | 0.560r          |
| de_ex_bus_speculate_de_AOI22_X1_B2_A1 (net)                                                                                                 | 14     |             |            |            | 0.000       |        |                 |
| ifu_mod.block_offset[1]_7__MUX2_X1_A_Z_NAND3_X1_A3_1_A2_NAND3_X1_A2_ZN_OAI211_X2_B:A (OAI211_X2)                                            |        | 0.003       | 0.000      | 0.017      |             | 0.000  | 0.560r          |
| ifu_mod.block_offset[1]_7__MUX2_X1_A_Z_NAND3_X1_A3_1_A2_NAND3_X1_A2_ZN_OAI211_X2_B:ZN (OAI211_X2)                                           |        | 0.003       | 0.000      | 0.018      |             | 0.030  | 0.591f          |
| ifu_mod.block_offset[1]_7__MUX2_X1_A_Z_NAND3_X1_A3_1_A2_NAND3_X1_A2_ZN_OAI211_X2_B_ZN (net)                                                 | 1      |             |            |            | 0.000       |        |                 |
| ifu_mod.block_offset[1]_7__MUX2_X1_A_Z_NAND3_X1_A3_1_A2_NAND3_X1_A2_ZN_OAI211_X2_B_ZN_BUF_X4_A:A (BUF_X4)                                   |        | 0.003       | 0.000      | 0.018      |             | 0.000  | 0.591f          |
| ifu_mod.block_offset[1]_7__MUX2_X1_A_Z_NAND3_X1_A3_1_A2_NAND3_X1_A2_ZN_OAI211_X2_B_ZN_BUF_X4_A:Z (BUF_X4)                                   |        | 0.037       | 0.000      | 0.013      |             | 0.041  | 0.632f          |
| cache_addr_14__reg_p_D_OAI21_X1_ZN_B1_XNOR2_X1_ZN_B_MUX2_X1_Z_B (net)                                                                       | 23     |             |            |            | 0.000       |        |                 |
| icache_mod.miss_addr_16__reg_p_D_OAI21_X1_ZN_B2_NOR4_X1_A4_ZN_NAND2_X1_A2_ZN_MUX2_X1_B:S (MUX2_X1)                                          |        | 0.002       | 0.000      | 0.013      |             | 0.000  | 0.632f          |
| icache_mod.miss_addr_16__reg_p_D_OAI21_X1_ZN_B2_NOR4_X1_A4_ZN_NAND2_X1_A2_ZN_MUX2_X1_B:Z (MUX2_X1)                                          |        | 0.003       | 0.000      | 0.013      |             | 0.054  | 0.686f          |
| ifu_mod.block_offset[0]_6__AOI221_X1_C2_ZN_NOR2_X1_A1_ZN_AOI211_X1_C1_ZN_NOR4_X1_A4_A3 (net)                                                | 2      |             |            |            | 0.000       |        |                 |
| ifu_mod.block_offset[0]_6__AOI221_X1_C2_ZN_NOR2_X1_A1_ZN_AOI211_X1_C1_ZN_NOR4_X1_A4:A3 (NOR4_X1)                                            |        | 0.002       | 0.000      | 0.013      |             | 0.000  | 0.686f          |
| ifu_mod.block_offset[0]_6__AOI221_X1_C2_ZN_NOR2_X1_A1_ZN_AOI211_X1_C1_ZN_NOR4_X1_A4:ZN (NOR4_X1)                                            |        | 0.002       | 0.000      | 0.045      |             | 0.079  | 0.765r          |
| ifu_mod.block_offset[0]_6__AOI221_X1_C2_ZN_NOR2_X1_A1_ZN_AOI211_X1_C1_ZN_NOR4_X1_A4_ZN (net)                                                | 1      |             |            |            | 0.000       |        |                 |
| cache_addr_15__reg_p_D_OAI21_X1_ZN_B1_AOI21_X1_ZN_B1_MUX2_X1_Z_B_AOI211_X1_B_ZN_AOI22_X1_A2:B1 (AOI22_X1)                                   |        | 0.002       | 0.000      | 0.045      |             | 0.000  | 0.765r          |
| cache_addr_15__reg_p_D_OAI21_X1_ZN_B1_AOI21_X1_ZN_B1_MUX2_X1_Z_B_AOI211_X1_B_ZN_AOI22_X1_A2:ZN (AOI22_X1)                                   |        | 0.004       | 0.000      | 0.020      |             | 0.036  | 0.801f          |
| cache_addr_15__reg_p_D_OAI21_X1_ZN_B1_AOI21_X1_ZN_B1_MUX2_X1_Z_B_AOI211_X1_B_ZN_AOI22_X1_A2_ZN (net)                                        | 2      |             |            |            | 0.000       |        |                 |
| cache_addr_15__reg_p_D_OAI21_X1_ZN_B1_AOI21_X1_ZN_B1_MUX2_X1_Z_B_AOI211_X1_B_ZN_AOI22_X1_A2_ZN_OAI21_X2_A:A (OAI21_X2)                      |        | 0.003       | 0.000      | 0.020      |             | 0.000  | 0.801f          |
| cache_addr_15__reg_p_D_OAI21_X1_ZN_B1_AOI21_X1_ZN_B1_MUX2_X1_Z_B_AOI211_X1_B_ZN_AOI22_X1_A2_ZN_OAI21_X2_A:ZN (OAI21_X2)                     |        | 0.012       | 0.000      | 0.041      |             | 0.037  | 0.838r          |
| icache_mod.miss_addr_22__reg_p_D_OAI21_X1_ZN_B2_NOR2_X1_A2_ZN_NAND4_X2_A3_A4 (net)                                                          | 5      |             |            |            | 0.000       |        |                 |
| icache_mod.miss_addr_22__reg_p_D_OAI21_X1_ZN_B2_NOR2_X1_A2_ZN_NAND4_X2_A3:A4 (NAND4_X2)                                                     |        | 0.004       | 0.000      | 0.041      |             | 0.000  | 0.838r          |
| icache_mod.miss_addr_22__reg_p_D_OAI21_X1_ZN_B2_NOR2_X1_A2_ZN_NAND4_X2_A3:ZN (NAND4_X2)                                                     |        | 0.007       | 0.000      | 0.028      |             | 0.043  | 0.881f          |
| cache_addr_27__reg_p_D_OAI21_X1_ZN_B1_AOI21_X1_ZN_B2 (net)                                                                                  | 5      |             |            |            | 0.000       |        |                 |
| cache_addr_27__reg_p_D_OAI21_X1_ZN_B1_AOI21_X1_ZN_B1_XNOR2_X1_ZN_B_AND3_X1_ZN_A2_OAI21_X1_B2:A (OAI21_X1)                                   |        | 0.002       | 0.000      | 0.028      |             | 0.000  | 0.881f          |
| cache_addr_27__reg_p_D_OAI21_X1_ZN_B1_AOI21_X1_ZN_B1_XNOR2_X1_ZN_B_AND3_X1_ZN_A2_OAI21_X1_B2:ZN (OAI21_X1)                                  |        | 0.007       | 0.000      | 0.043      |             | 0.042  | 0.923r          |
| cache_addr_31__reg_p_D_MUX2_X1_Z_S_OAI21_X1_ZN_A_NAND3_X1_ZN_A2 (net)                                                                       | 4      |             |            |            | 0.000       |        |                 |
| ifu_mod.block_offset[0]_6__AOI221_X1_C2_ZN_OAI21_X1_B1_ZN_OAI211_X1_C2_A_NAND2_X1_A1_A2_NOR4_X1_ZN_A3_NOR3_X2_A3_ZN_AND2_X2_A1:A2 (AND2_X2) |        | 0.002       | 0.000      | 0.043      |             | 0.000  | 0.923r          |
| ifu_mod.block_offset[0]_6__AOI221_X1_C2_ZN_OAI21_X1_B1_ZN_OAI211_X1_C2_A_NAND2_X1_A1_A2_NOR4_X1_ZN_A3_NOR3_X2_A3_ZN_AND2_X2_A1:ZN (AND2_X2) |        | 0.009       | 0.000      | 0.015      |             | 0.046  | 0.969r          |
| cache_addr_30__reg_p_D_OAI211_X1_ZN_B_NAND4_X1_ZN_A2 (net)                                                                                  | 6      |             |            |            | 0.000       |        |                 |
| cache_addr_29__reg_p_D_OAI211_X1_ZN_C1_MUX2_X1_Z_A_OR3_X1_ZN:A3 (OR3_X1)                                                                    |        | 0.001       | 0.000      | 0.015      |             | 0.000  | 0.969r          |
| cache_addr_29__reg_p_D_OAI211_X1_ZN_C1_MUX2_X1_Z_A_OR3_X1_ZN:ZN (OR3_X1)                                                                    |        | 0.001       | 0.000      | 0.008      |             | 0.027  | 0.996r          |
| cache_addr_29__reg_p_D_OAI211_X1_ZN_C1_MUX2_X1_Z_A (net)                                                                                    | 1      |             |            |            | 0.000       |        |                 |
| cache_addr_29__reg_p_D_OAI211_X1_ZN_C1_MUX2_X1_Z:A (MUX2_X1)                                                                                |        | 0.001       | 0.000      | 0.008      |             | 0.000  | 0.996r          |
| cache_addr_29__reg_p_D_OAI211_X1_ZN_C1_MUX2_X1_Z:Z (MUX2_X1)                                                                                |        | 0.002       | 0.000      | 0.010      |             | 0.037  | 1.032r          |
| cache_addr_29__reg_p_D_OAI211_X1_ZN_C1 (net)                                                                                                | 1      |             |            |            | 0.000       |        |                 |
| cache_addr_29__reg_p_D_OAI211_X1_ZN:C1 (OAI211_X1)                                                                                          |        | 0.002       | 0.000      | 0.010      |             | 0.000  | 1.032r          |
| cache_addr_29__reg_p_D_OAI211_X1_ZN:ZN (OAI211_X1)                                                                                          |        | 0.001       | 0.000      | 0.016      |             | 0.020  | 1.052f          |
| cache_addr_29__reg_p_D (net)                                                                                                                | 1      |             |            |            | 0.000       |        |                 |
| cache_addr_29__reg_p:D (DFF_X1)                                                                                                             |        | 0.001       | 0.000      | 0.016      |             | 0.000  | 1.052f          |
|                                                                                                                                             |        |             |            |            |             |        |                 |
| clock (port)                                                                                                                                |        | 0.779       | 0.000      | 0.000      |             | 0.000  | 0.000r          |
| clock (clock net)                                                                                                                           | 761    |             |            |            | NA          |        |                 |
| ifu_mod.index_0__reg_p_D_MUX2_X1_B_S_CLKGATE_X1_E:CK (CLKGATE_X1)                                                                           |        | 0.002       | 0.000      | 0.000      |             | 0.000  | 0.000r          |
| ifu_mod.index_0__reg_p_D_MUX2_X1_B_S_CLKGATE_X1_E:GCK (CLKGATE_X1)                                                                          |        | 0.030       | 0.000      | 0.000      |             | 0.000  | 0.000r          |
| cache_addr_7__reg_p_CK (clock net)                                                                                                          | 32     |             |            |            | NA          |        |                 |
| cache_addr_29__reg_p:CK (DFF_X1)                                                                                                            |        | 0.001       | 0.000      | 0.000      |             | 0.000  | 0.000r          |
| clock core_clock (rise edge)                                                                                                                |        |             |            |            |             | 1.769  | 1.769           |
| clock network delay (ideal)                                                                                                                 |        |             |            |            |             | 0.000  | 1.769           |
| cache_addr_29__reg_p:CK (DFF_X1)                                                                                                            |        |             |            |            |             |        | 1.769r          |
| library setup time                                                                                                                          |        |             |            |            |             | -0.043 | 1.726           |
| clock reconvergence pessimism                                                                                                               |        |             |            |            |             | 0.000  | 1.726           |
|                                                                                                                                             |        |             |            |            |             |        |                 |
| path cell delay                                                                                                                             |        |             |            |            |             |        | 1.052(100.000%) |
| path net delay                                                                                                                              |        |             |            |            |             |        | 0.000(0.000%)   |
|                                                                                                                                             |        |             |            |            |             |        |                 |
| data require time                                                                                                                           |        |             |            |            |             |        | 1.726           |
| data arrival time                                                                                                                           |        |             |            |            |             |        | 1.052           |
| slack (MET)                                                                                                                                 |        |             |            |            |             |        | 0.674           |
+---------------------------------------------------------------------------------------------------------------------------------------------+--------+-------------+------------+------------+-------------+--------+-----------------+
+----------------------------------------------------------------------------------------------------------------------------------------------------------+--------+-------------+------------+------------+-------------+--------+-----------------+
| Point                                                                                                                                                    | Fanout | Capacitance | Resistance | Transition | Delta Delay | Incr   | Path            |
+----------------------------------------------------------------------------------------------------------------------------------------------------------+--------+-------------+------------+------------+-------------+--------+-----------------+
| clock (port)                                                                                                                                             |        | 0.779       | 0.000      | 0.000      |             | 0.000  | 0.000r          |
| clock (clock net)                                                                                                                                        | 761    |             |            |            | NA          |        |                 |
| alu_mod.bus_in_alu_op_4__reg_p:CK (DFF_X1)                                                                                                               |        | 0.001       | 0.000      | 0.000      |             | 0.000  | 0.000r          |
| clock core_clock (rise edge)                                                                                                                             |        |             |            |            |             | 0      | 0               |
| clock network delay (ideal)                                                                                                                              |        |             |            |            |             | 0.000  | 0.000           |
| alu_mod.bus_in_alu_op_4__reg_p:CK (DFF_X1)                                                                                                               |        | 0.001       | 0.000      | 0.000      |             | 0.000  | 0.000r          |
| alu_mod.bus_in_alu_op_4__reg_p:Q (DFF_X1)                                                                                                                |        | 0.025       | 0.000      | 0.062      |             | 0.141  | 0.141r          |
| alu_mod.bus_in_alu_op_4_ (net)                                                                                                                           | 12     |             |            |            | 0.000       |        |                 |
| alu_mod.bus_in_alu_op_4__NOR2_X4_A1:A1 (NOR2_X4)                                                                                                         |        | 0.007       | 0.000      | 0.062      |             | 0.000  | 0.141r          |
| alu_mod.bus_in_alu_op_4__NOR2_X4_A1:ZN (NOR2_X4)                                                                                                         |        | 0.011       | 0.000      | 0.016      |             | 0.014  | 0.155f          |
| alu_mod.bus_in_alu_op_4__NOR2_X4_A1_ZN (net)                                                                                                             | 1      |             |            |            | 0.000       |        |                 |
| alu_mod.bus_in_alu_op_4__NOR2_X4_A1_ZN_BUF_X16_A:A (BUF_X16)                                                                                             |        | 0.012       | 0.000      | 0.016      |             | 0.000  | 0.155f          |
| alu_mod.bus_in_alu_op_4__NOR2_X4_A1_ZN_BUF_X16_A:Z (BUF_X16)                                                                                             |        | 0.047       | 0.000      | 0.007      |             | 0.032  | 0.186f          |
| alu_mod.bus_in_alu_op_4__NOR2_X4_A1_ZN_BUF_X16_A_Z (net)                                                                                                 | 20     |             |            |            | 0.000       |        |                 |
| alu_mod.bus_in_alu_op_4__NOR2_X4_A1_ZN_BUF_X16_A_Z_BUF_X16_A_1:A (BUF_X16)                                                                               |        | 0.012       | 0.000      | 0.007      |             | 0.000  | 0.186f          |
| alu_mod.bus_in_alu_op_4__NOR2_X4_A1_ZN_BUF_X16_A_Z_BUF_X16_A_1:Z (BUF_X16)                                                                               |        | 0.041       | 0.000      | 0.006      |             | 0.026  | 0.213f          |
| alu_mod.bus_in_data_rs2_21__INV_X1_A_ZN_AOI21_X1_A_B2 (net)                                                                                              | 24     |             |            |            | 0.000       |        |                 |
| ex_ls_bus_data_rs2_ls_19__INV_X1_A_ZN_MUX2_X1_B_A_AOI21_X1_A_ZN_OAI221_X1_B2_ZN_NAND4_X1_A2_A1_OAI221_X1_ZN_B2_AND3_X1_ZN:A3 (AND3_X1)                   |        | 0.001       | 0.000      | 0.006      |             | 0.000  | 0.213f          |
| ex_ls_bus_data_rs2_ls_19__INV_X1_A_ZN_MUX2_X1_B_A_AOI21_X1_A_ZN_OAI221_X1_B2_ZN_NAND4_X1_A2_A1_OAI221_X1_ZN_B2_AND3_X1_ZN:ZN (AND3_X1)                   |        | 0.002       | 0.000      | 0.007      |             | 0.034  | 0.247f          |
| ex_ls_bus_data_rs2_ls_19__INV_X1_A_ZN_MUX2_X1_B_A_AOI21_X1_A_ZN_OAI221_X1_B2_ZN_NAND4_X1_A2_A1_OAI221_X1_ZN_B2 (net)                                     | 1      |             |            |            | 0.000       |        |                 |
| ex_ls_bus_data_rs2_ls_19__INV_X1_A_ZN_MUX2_X1_B_A_AOI21_X1_A_ZN_OAI221_X1_B2_ZN_NAND4_X1_A2_A1_OAI221_X1_ZN:B2 (OAI221_X1)                               |        | 0.002       | 0.000      | 0.007      |             | 0.000  | 0.247f          |
| ex_ls_bus_data_rs2_ls_19__INV_X1_A_ZN_MUX2_X1_B_A_AOI21_X1_A_ZN_OAI221_X1_B2_ZN_NAND4_X1_A2_A1_OAI221_X1_ZN:ZN (OAI221_X1)                               |        | 0.004       | 0.000      | 0.046      |             | 0.060  | 0.307r          |
| ex_ls_bus_data_rs2_ls_19__INV_X1_A_ZN_MUX2_X1_B_A_AOI21_X1_A_ZN_OAI221_X1_B2_ZN_NAND4_X1_A2_A1 (net)                                                     | 3      |             |            |            | 0.000       |        |                 |
| alu_mod.bus_in_data_rs2_24__reg_p_D_AOI211_X1_ZN_C2_NAND3_X1_A2_ZN_OAI211_X1_A_C1_AOI221_X1_ZN_C1_AND4_X2_ZN_A1_AND4_X1_ZN:A1 (AND4_X1)                  |        | 0.001       | 0.000      | 0.046      |             | 0.000  | 0.307r          |
| alu_mod.bus_in_data_rs2_24__reg_p_D_AOI211_X1_ZN_C2_NAND3_X1_A2_ZN_OAI211_X1_A_C1_AOI221_X1_ZN_C1_AND4_X2_ZN_A1_AND4_X1_ZN:ZN (AND4_X1)                  |        | 0.003       | 0.000      | 0.017      |             | 0.071  | 0.378r          |
| alu_mod.bus_in_data_rs2_24__reg_p_D_AOI211_X1_ZN_C2_NAND3_X1_A2_ZN_OAI211_X1_A_C1_AOI221_X1_ZN_C1_AND4_X2_ZN_A1 (net)                                    | 2      |             |            |            | 0.000       |        |                 |
| alu_mod.bus_in_data_rs2_24__reg_p_D_AOI211_X1_ZN_C2_NAND3_X1_A2_ZN_OAI211_X1_A_C1_AOI221_X1_ZN_C1_AND4_X2_ZN:A1 (AND4_X2)                                |        | 0.002       | 0.000      | 0.017      |             | 0.000  | 0.378r          |
| alu_mod.bus_in_data_rs2_24__reg_p_D_AOI211_X1_ZN_C2_NAND3_X1_A2_ZN_OAI211_X1_A_C1_AOI221_X1_ZN_C1_AND4_X2_ZN:ZN (AND4_X2)                                |        | 0.008       | 0.000      | 0.017      |             | 0.058  | 0.436r          |
| alu_mod.bus_in_data_rs2_24__reg_p_D_AOI211_X1_ZN_C2_NAND3_X1_A2_ZN_OAI211_X1_A_C1_AOI221_X1_ZN_C1 (net)                                                  | 2      |             |            |            | 0.000       |        |                 |
| alu_mod.bus_in_data_rs2_31__reg_p_D_AOI211_X1_ZN_C2_NAND2_X1_A1_ZN_NAND3_X1_A2_ZN_AOI22_X1_B1_ZN_NAND4_X4_A4:A3 (NAND4_X4)                               |        | 0.006       | 0.000      | 0.017      |             | 0.000  | 0.436r          |
| alu_mod.bus_in_data_rs2_31__reg_p_D_AOI211_X1_ZN_C2_NAND2_X1_A1_ZN_NAND3_X1_A2_ZN_AOI22_X1_B1_ZN_NAND4_X4_A4:ZN (NAND4_X4)                               |        | 0.011       | 0.000      | 0.021      |             | 0.036  | 0.473f          |
| alu_mod.bus_in_rs1_0__AOI21_X1_B1_ZN_AOI22_X1_B1_A1_OR2_X1_ZN_A1 (net)                                                                                   | 4      |             |            |            | 0.000       |        |                 |
| csr_mod.regs[1]_7__MUX2_X1_A_Z_AOI22_X1_A2_B1_OAI22_X1_ZN_A2_MUX2_X1_A_B_XOR2_X1_Z_B_NOR4_X1_A3_ZN_NAND4_X1_A3_A2_NAND2_X1_A2_ZN_NOR4_X4_A1:A4 (NOR4_X4) |        | 0.006       | 0.000      | 0.021      |             | 0.000  | 0.473f          |
| csr_mod.regs[1]_7__MUX2_X1_A_Z_AOI22_X1_A2_B1_OAI22_X1_ZN_A2_MUX2_X1_A_B_XOR2_X1_Z_B_NOR4_X1_A3_ZN_NAND4_X1_A3_A2_NAND2_X1_A2_ZN_NOR4_X4_A1:ZN (NOR4_X4) |        | 0.011       | 0.000      | 0.053      |             | 0.098  | 0.570r          |
| alu_mod.bus_in_rs1_0__AOI21_X1_B1_ZN_AOI22_X1_B1_ZN_OR3_X2_A3_A2_NOR4_X1_ZN_A2 (net)                                                                     | 7      |             |            |            | 0.000       |        |                 |
| alu_mod.bus_in_rs1_0__AOI21_X1_B1_ZN_AOI22_X1_B1_ZN_OR3_X2_A3_A2_NOR4_X1_ZN:A2 (NOR4_X1)                                                                 |        | 0.002       | 0.000      | 0.053      |             | 0.000  | 0.570r          |
| alu_mod.bus_in_rs1_0__AOI21_X1_B1_ZN_AOI22_X1_B1_ZN_OR3_X2_A3_A2_NOR4_X1_ZN:ZN (NOR4_X1)                                                                 |        | 0.003       | 0.000      | 0.016      |             | 0.021  | 0.591f          |
| alu_mod.bus_in_rs1_0__AOI21_X1_B1_ZN_AOI22_X1_B1_ZN_OR3_X2_A3_A2 (net)                                                                                   | 2      |             |            |            | 0.000       |        |                 |
| alu_mod.bus_in_rs1_0__AOI21_X1_B1_ZN_AOI22_X1_B1_ZN_OR3_X2_A3:A2 (OR3_X2)                                                                                |        | 0.002       | 0.000      | 0.016      |             | 0.000  | 0.591f          |
| alu_mod.bus_in_rs1_0__AOI21_X1_B1_ZN_AOI22_X1_B1_ZN_OR3_X2_A3:ZN (OR3_X2)                                                                                |        | 0.005       | 0.000      | 0.014      |             | 0.077  | 0.668f          |
| alu_mod.bus_in_rs1_0__AOI21_X1_B1_ZN_AOI22_X1_B1_ZN_OR3_X2_A3_ZN (net)                                                                                   | 4      |             |            |            | 0.000       |        |                 |
| icache_mod.latest_row_reg_p_QN_NOR3_X1_A1_A3_OAI21_X1_A_B1_NAND2_X1_ZN_A1_INV_X1_ZN_A_AOI211_X4_B_A_NOR3_X1_ZN:A3 (NOR3_X1)                              |        | 0.002       | 0.000      | 0.014      |             | 0.000  | 0.668f          |
| icache_mod.latest_row_reg_p_QN_NOR3_X1_A1_A3_OAI21_X1_A_B1_NAND2_X1_ZN_A1_INV_X1_ZN_A_AOI211_X4_B_A_NOR3_X1_ZN:ZN (NOR3_X1)                              |        | 0.002       | 0.000      | 0.029      |             | 0.053  | 0.721r          |
| icache_mod.latest_row_reg_p_QN_NOR3_X1_A1_A3_OAI21_X1_A_B1_NAND2_X1_ZN_A1_INV_X1_ZN_A_AOI211_X4_B_A (net)                                                | 1      |             |            |            | 0.000       |        |                 |
| icache_mod.latest_row_reg_p_QN_NOR3_X1_A1_A3_OAI21_X1_A_B1_NAND2_X1_ZN_A1_INV_X1_ZN_A_AOI211_X4_B:A (AOI211_X4)                                          |        | 0.002       | 0.000      | 0.029      |             | 0.000  | 0.721r          |
| icache_mod.latest_row_reg_p_QN_NOR3_X1_A1_A3_OAI21_X1_A_B1_NAND2_X1_ZN_A1_INV_X1_ZN_A_AOI211_X4_B:ZN (AOI211_X4)                                         |        | 0.016       | 0.000      | 0.008      |             | 0.053  | 0.774f          |
| csr_mod.regs[1]_20__MUX2_X1_A_Z_AOI222_X1_B1_A1 (net)                                                                                                    | 6      |             |            |            | 0.000       |        |                 |
| io_master_arready_AND4_X1_A1_A4_OR2_X1_ZN_A2_NOR3_X1_ZN_A3_NOR4_X4_A4:A3 (NOR4_X4)                                                                       |        | 0.006       | 0.000      | 0.008      |             | 0.000  | 0.774f          |
| io_master_arready_AND4_X1_A1_A4_OR2_X1_ZN_A2_NOR3_X1_ZN_A3_NOR4_X4_A4:ZN (NOR4_X4)                                                                       |        | 0.009       | 0.000      | 0.049      |             | 0.083  | 0.857r          |
| io_master_rready_NAND2_X1_ZN_A2_OAI211_X1_ZN_C1 (net)                                                                                                    | 5      |             |            |            | 0.000       |        |                 |
| io_master_rvalid_NAND3_X1_A1_ZN_NOR2_X1_A2_ZN_OAI21_X1_A:B1 (OAI21_X1)                                                                                   |        | 0.002       | 0.000      | 0.049      |             | 0.000  | 0.857r          |
| io_master_rvalid_NAND3_X1_A1_ZN_NOR2_X1_A2_ZN_OAI21_X1_A:ZN (OAI21_X1)                                                                                   |        | 0.009       | 0.000      | 0.031      |             | 0.045  | 0.902f          |
| icache_mod.fill_count_0__reg_p_QN_MUX2_X1_A_S (net)                                                                                                      | 5      |             |            |            | 0.000       |        |                 |
| icache_mod.fill_count_0__reg_p_QN_MUX2_X1_A_S_NOR2_X2_A2:A2 (NOR2_X2)                                                                                    |        | 0.003       | 0.000      | 0.031      |             | 0.000  | 0.902f          |
| icache_mod.fill_count_0__reg_p_QN_MUX2_X1_A_S_NOR2_X2_A2:ZN (NOR2_X2)                                                                                    |        | 0.016       | 0.000      | 0.045      |             | 0.069  | 0.971r          |
| icache_mod.fill_count_0__reg_p_QN_MUX2_X1_A_S_NOR2_X2_A2_ZN (net)                                                                                        | 5      |             |            |            | 0.000       |        |                 |
| icache_mod.fill_count_0__reg_p_QN_MUX2_X1_A_S_NOR2_X2_A2_ZN_NAND3_X2_A3_1:A3 (NAND3_X2)                                                                  |        | 0.004       | 0.000      | 0.045      |             | 0.000  | 0.971r          |
| icache_mod.fill_count_0__reg_p_QN_MUX2_X1_A_S_NOR2_X2_A2_ZN_NAND3_X2_A3_1:ZN (NAND3_X2)                                                                  |        | 0.015       | 0.000      | 0.031      |             | 0.047  | 1.018f          |
| icache_mod.block_valid[3]_reg_p_D_OAI21_X1_ZN_B1 (net)                                                                                                   | 10     |             |            |            | 0.000       |        |                 |
| icache_mod.latest_row_NAND3_X1_A1_1_ZN_NOR2_X1_A1:A2 (NOR2_X1)                                                                                           |        | 0.002       | 0.000      | 0.031      |             | 0.000  | 1.018f          |
| icache_mod.latest_row_NAND3_X1_A1_1_ZN_NOR2_X1_A1:ZN (NOR2_X1)                                                                                           |        | 0.001       | 0.000      | 0.017      |             | 0.032  | 1.050r          |
| icache_mod.latest_row_NAND3_X1_A1_1_ZN_NOR2_X1_A1_ZN (net)                                                                                               | 1      |             |            |            | 0.000       |        |                 |
| icache_mod.latest_row_NAND3_X1_A1_1_ZN_NOR2_X1_A1_ZN_CLKGATE_X1_E:E (CLKGATE_X1)                                                                         |        | 0.001       | 0.000      | 0.017      |             | 0.000  | 1.050r          |
|                                                                                                                                                          |        |             |            |            |             |        |                 |
| clock (port)                                                                                                                                             |        | 0.779       | 0.000      | 0.000      |             | 0.000  | 0.000r          |
| clock (clock net)                                                                                                                                        | 761    |             |            |            | NA          |        |                 |
| icache_mod.latest_row_NAND3_X1_A1_1_ZN_NOR2_X1_A1_ZN_CLKGATE_X1_E:CK (CLKGATE_X1)                                                                        |        | 0.002       | 0.000      | 0.000      |             | 0.000  | 0.000r          |
| clock core_clock (rise edge)                                                                                                                             |        |             |            |            |             | 1.769  | 1.769           |
| clock network delay (ideal)                                                                                                                              |        |             |            |            |             | 0.000  | 1.769           |
| icache_mod.latest_row_NAND3_X1_A1_1_ZN_NOR2_X1_A1_ZN_CLKGATE_X1_E:CK (CLKGATE_X1)                                                                        |        |             |            |            |             |        | 1.769r          |
| library setup time                                                                                                                                       |        |             |            |            |             | -0.051 | 1.718           |
| clock reconvergence pessimism                                                                                                                            |        |             |            |            |             | 0.000  | 1.718           |
|                                                                                                                                                          |        |             |            |            |             |        |                 |
| path cell delay                                                                                                                                          |        |             |            |            |             |        | 1.050(100.000%) |
| path net delay                                                                                                                                           |        |             |            |            |             |        | 0.000(0.000%)   |
|                                                                                                                                                          |        |             |            |            |             |        |                 |
| data require time                                                                                                                                        |        |             |            |            |             |        | 1.718           |
| data arrival time                                                                                                                                        |        |             |            |            |             |        | 1.050           |
| slack (MET)                                                                                                                                              |        |             |            |            |             |        | 0.667           |
+----------------------------------------------------------------------------------------------------------------------------------------------------------+--------+-------------+------------+------------+-------------+--------+-----------------+
+----------------------------------------------------------------------------------------------------------------------------------------------------------+--------+-------------+------------+------------+-------------+--------+-----------------+
| Point                                                                                                                                                    | Fanout | Capacitance | Resistance | Transition | Delta Delay | Incr   | Path            |
+----------------------------------------------------------------------------------------------------------------------------------------------------------+--------+-------------+------------+------------+-------------+--------+-----------------+
| clock (port)                                                                                                                                             |        | 0.779       | 0.000      | 0.000      |             | 0.000  | 0.000r          |
| clock (clock net)                                                                                                                                        | 761    |             |            |            | NA          |        |                 |
| alu_mod.bus_in_alu_op_4__reg_p:CK (DFF_X1)                                                                                                               |        | 0.001       | 0.000      | 0.000      |             | 0.000  | 0.000r          |
| clock core_clock (rise edge)                                                                                                                             |        |             |            |            |             | 0      | 0               |
| clock network delay (ideal)                                                                                                                              |        |             |            |            |             | 0.000  | 0.000           |
| alu_mod.bus_in_alu_op_4__reg_p:CK (DFF_X1)                                                                                                               |        | 0.001       | 0.000      | 0.000      |             | 0.000  | 0.000r          |
| alu_mod.bus_in_alu_op_4__reg_p:Q (DFF_X1)                                                                                                                |        | 0.025       | 0.000      | 0.062      |             | 0.141  | 0.141r          |
| alu_mod.bus_in_alu_op_4_ (net)                                                                                                                           | 12     |             |            |            | 0.000       |        |                 |
| alu_mod.bus_in_alu_op_4__NOR2_X4_A1:A1 (NOR2_X4)                                                                                                         |        | 0.007       | 0.000      | 0.062      |             | 0.000  | 0.141r          |
| alu_mod.bus_in_alu_op_4__NOR2_X4_A1:ZN (NOR2_X4)                                                                                                         |        | 0.011       | 0.000      | 0.016      |             | 0.014  | 0.155f          |
| alu_mod.bus_in_alu_op_4__NOR2_X4_A1_ZN (net)                                                                                                             | 1      |             |            |            | 0.000       |        |                 |
| alu_mod.bus_in_alu_op_4__NOR2_X4_A1_ZN_BUF_X16_A:A (BUF_X16)                                                                                             |        | 0.012       | 0.000      | 0.016      |             | 0.000  | 0.155f          |
| alu_mod.bus_in_alu_op_4__NOR2_X4_A1_ZN_BUF_X16_A:Z (BUF_X16)                                                                                             |        | 0.047       | 0.000      | 0.007      |             | 0.032  | 0.186f          |
| alu_mod.bus_in_alu_op_4__NOR2_X4_A1_ZN_BUF_X16_A_Z (net)                                                                                                 | 20     |             |            |            | 0.000       |        |                 |
| alu_mod.bus_in_alu_op_4__NOR2_X4_A1_ZN_BUF_X16_A_Z_BUF_X16_A_1:A (BUF_X16)                                                                               |        | 0.012       | 0.000      | 0.007      |             | 0.000  | 0.186f          |
| alu_mod.bus_in_alu_op_4__NOR2_X4_A1_ZN_BUF_X16_A_Z_BUF_X16_A_1:Z (BUF_X16)                                                                               |        | 0.041       | 0.000      | 0.006      |             | 0.026  | 0.213f          |
| alu_mod.bus_in_data_rs2_21__INV_X1_A_ZN_AOI21_X1_A_B2 (net)                                                                                              | 24     |             |            |            | 0.000       |        |                 |
| ex_ls_bus_data_rs2_ls_19__INV_X1_A_ZN_MUX2_X1_B_A_AOI21_X1_A_ZN_OAI221_X1_B2_ZN_NAND4_X1_A2_A1_OAI221_X1_ZN_B2_AND3_X1_ZN:A3 (AND3_X1)                   |        | 0.001       | 0.000      | 0.006      |             | 0.000  | 0.213f          |
| ex_ls_bus_data_rs2_ls_19__INV_X1_A_ZN_MUX2_X1_B_A_AOI21_X1_A_ZN_OAI221_X1_B2_ZN_NAND4_X1_A2_A1_OAI221_X1_ZN_B2_AND3_X1_ZN:ZN (AND3_X1)                   |        | 0.002       | 0.000      | 0.007      |             | 0.034  | 0.247f          |
| ex_ls_bus_data_rs2_ls_19__INV_X1_A_ZN_MUX2_X1_B_A_AOI21_X1_A_ZN_OAI221_X1_B2_ZN_NAND4_X1_A2_A1_OAI221_X1_ZN_B2 (net)                                     | 1      |             |            |            | 0.000       |        |                 |
| ex_ls_bus_data_rs2_ls_19__INV_X1_A_ZN_MUX2_X1_B_A_AOI21_X1_A_ZN_OAI221_X1_B2_ZN_NAND4_X1_A2_A1_OAI221_X1_ZN:B2 (OAI221_X1)                               |        | 0.002       | 0.000      | 0.007      |             | 0.000  | 0.247f          |
| ex_ls_bus_data_rs2_ls_19__INV_X1_A_ZN_MUX2_X1_B_A_AOI21_X1_A_ZN_OAI221_X1_B2_ZN_NAND4_X1_A2_A1_OAI221_X1_ZN:ZN (OAI221_X1)                               |        | 0.004       | 0.000      | 0.046      |             | 0.060  | 0.307r          |
| ex_ls_bus_data_rs2_ls_19__INV_X1_A_ZN_MUX2_X1_B_A_AOI21_X1_A_ZN_OAI221_X1_B2_ZN_NAND4_X1_A2_A1 (net)                                                     | 3      |             |            |            | 0.000       |        |                 |
| alu_mod.bus_in_data_rs2_24__reg_p_D_AOI211_X1_ZN_C2_NAND3_X1_A2_ZN_OAI211_X1_A_C1_AOI221_X1_ZN_C1_AND4_X2_ZN_A1_AND4_X1_ZN:A1 (AND4_X1)                  |        | 0.001       | 0.000      | 0.046      |             | 0.000  | 0.307r          |
| alu_mod.bus_in_data_rs2_24__reg_p_D_AOI211_X1_ZN_C2_NAND3_X1_A2_ZN_OAI211_X1_A_C1_AOI221_X1_ZN_C1_AND4_X2_ZN_A1_AND4_X1_ZN:ZN (AND4_X1)                  |        | 0.003       | 0.000      | 0.017      |             | 0.071  | 0.378r          |
| alu_mod.bus_in_data_rs2_24__reg_p_D_AOI211_X1_ZN_C2_NAND3_X1_A2_ZN_OAI211_X1_A_C1_AOI221_X1_ZN_C1_AND4_X2_ZN_A1 (net)                                    | 2      |             |            |            | 0.000       |        |                 |
| alu_mod.bus_in_data_rs2_24__reg_p_D_AOI211_X1_ZN_C2_NAND3_X1_A2_ZN_OAI211_X1_A_C1_AOI221_X1_ZN_C1_AND4_X2_ZN:A1 (AND4_X2)                                |        | 0.002       | 0.000      | 0.017      |             | 0.000  | 0.378r          |
| alu_mod.bus_in_data_rs2_24__reg_p_D_AOI211_X1_ZN_C2_NAND3_X1_A2_ZN_OAI211_X1_A_C1_AOI221_X1_ZN_C1_AND4_X2_ZN:ZN (AND4_X2)                                |        | 0.008       | 0.000      | 0.017      |             | 0.058  | 0.436r          |
| alu_mod.bus_in_data_rs2_24__reg_p_D_AOI211_X1_ZN_C2_NAND3_X1_A2_ZN_OAI211_X1_A_C1_AOI221_X1_ZN_C1 (net)                                                  | 2      |             |            |            | 0.000       |        |                 |
| alu_mod.bus_in_data_rs2_31__reg_p_D_AOI211_X1_ZN_C2_NAND2_X1_A1_ZN_NAND3_X1_A2_ZN_AOI22_X1_B1_ZN_NAND4_X4_A4:A3 (NAND4_X4)                               |        | 0.006       | 0.000      | 0.017      |             | 0.000  | 0.436r          |
| alu_mod.bus_in_data_rs2_31__reg_p_D_AOI211_X1_ZN_C2_NAND2_X1_A1_ZN_NAND3_X1_A2_ZN_AOI22_X1_B1_ZN_NAND4_X4_A4:ZN (NAND4_X4)                               |        | 0.011       | 0.000      | 0.021      |             | 0.036  | 0.473f          |
| alu_mod.bus_in_rs1_0__AOI21_X1_B1_ZN_AOI22_X1_B1_A1_OR2_X1_ZN_A1 (net)                                                                                   | 4      |             |            |            | 0.000       |        |                 |
| csr_mod.regs[1]_7__MUX2_X1_A_Z_AOI22_X1_A2_B1_OAI22_X1_ZN_A2_MUX2_X1_A_B_XOR2_X1_Z_B_NOR4_X1_A3_ZN_NAND4_X1_A3_A2_NAND2_X1_A2_ZN_NOR4_X4_A1:A4 (NOR4_X4) |        | 0.006       | 0.000      | 0.021      |             | 0.000  | 0.473f          |
| csr_mod.regs[1]_7__MUX2_X1_A_Z_AOI22_X1_A2_B1_OAI22_X1_ZN_A2_MUX2_X1_A_B_XOR2_X1_Z_B_NOR4_X1_A3_ZN_NAND4_X1_A3_A2_NAND2_X1_A2_ZN_NOR4_X4_A1:ZN (NOR4_X4) |        | 0.011       | 0.000      | 0.053      |             | 0.098  | 0.570r          |
| alu_mod.bus_in_rs1_0__AOI21_X1_B1_ZN_AOI22_X1_B1_ZN_OR3_X2_A3_A2_NOR4_X1_ZN_A2 (net)                                                                     | 7      |             |            |            | 0.000       |        |                 |
| alu_mod.bus_in_rs1_0__AOI21_X1_B1_ZN_AOI22_X1_B1_ZN_OR3_X2_A3_A2_NOR4_X1_ZN:A2 (NOR4_X1)                                                                 |        | 0.002       | 0.000      | 0.053      |             | 0.000  | 0.570r          |
| alu_mod.bus_in_rs1_0__AOI21_X1_B1_ZN_AOI22_X1_B1_ZN_OR3_X2_A3_A2_NOR4_X1_ZN:ZN (NOR4_X1)                                                                 |        | 0.003       | 0.000      | 0.016      |             | 0.021  | 0.591f          |
| alu_mod.bus_in_rs1_0__AOI21_X1_B1_ZN_AOI22_X1_B1_ZN_OR3_X2_A3_A2 (net)                                                                                   | 2      |             |            |            | 0.000       |        |                 |
| alu_mod.bus_in_rs1_0__AOI21_X1_B1_ZN_AOI22_X1_B1_ZN_OR3_X2_A3:A2 (OR3_X2)                                                                                |        | 0.002       | 0.000      | 0.016      |             | 0.000  | 0.591f          |
| alu_mod.bus_in_rs1_0__AOI21_X1_B1_ZN_AOI22_X1_B1_ZN_OR3_X2_A3:ZN (OR3_X2)                                                                                |        | 0.005       | 0.000      | 0.014      |             | 0.077  | 0.668f          |
| alu_mod.bus_in_rs1_0__AOI21_X1_B1_ZN_AOI22_X1_B1_ZN_OR3_X2_A3_ZN (net)                                                                                   | 4      |             |            |            | 0.000       |        |                 |
| icache_mod.latest_row_reg_p_QN_NOR3_X1_A1_A3_OAI21_X1_A_B1_NAND2_X1_ZN_A1_INV_X1_ZN_A_AOI211_X4_B_A_NOR3_X1_ZN:A3 (NOR3_X1)                              |        | 0.002       | 0.000      | 0.014      |             | 0.000  | 0.668f          |
| icache_mod.latest_row_reg_p_QN_NOR3_X1_A1_A3_OAI21_X1_A_B1_NAND2_X1_ZN_A1_INV_X1_ZN_A_AOI211_X4_B_A_NOR3_X1_ZN:ZN (NOR3_X1)                              |        | 0.002       | 0.000      | 0.029      |             | 0.053  | 0.721r          |
| icache_mod.latest_row_reg_p_QN_NOR3_X1_A1_A3_OAI21_X1_A_B1_NAND2_X1_ZN_A1_INV_X1_ZN_A_AOI211_X4_B_A (net)                                                | 1      |             |            |            | 0.000       |        |                 |
| icache_mod.latest_row_reg_p_QN_NOR3_X1_A1_A3_OAI21_X1_A_B1_NAND2_X1_ZN_A1_INV_X1_ZN_A_AOI211_X4_B:A (AOI211_X4)                                          |        | 0.002       | 0.000      | 0.029      |             | 0.000  | 0.721r          |
| icache_mod.latest_row_reg_p_QN_NOR3_X1_A1_A3_OAI21_X1_A_B1_NAND2_X1_ZN_A1_INV_X1_ZN_A_AOI211_X4_B:ZN (AOI211_X4)                                         |        | 0.016       | 0.000      | 0.008      |             | 0.053  | 0.774f          |
| csr_mod.regs[1]_20__MUX2_X1_A_Z_AOI222_X1_B1_A1 (net)                                                                                                    | 6      |             |            |            | 0.000       |        |                 |
| io_master_arready_AND4_X1_A1_A4_OR2_X1_ZN_A2_NOR3_X1_ZN_A3_NOR4_X4_A4:A3 (NOR4_X4)                                                                       |        | 0.006       | 0.000      | 0.008      |             | 0.000  | 0.774f          |
| io_master_arready_AND4_X1_A1_A4_OR2_X1_ZN_A2_NOR3_X1_ZN_A3_NOR4_X4_A4:ZN (NOR4_X4)                                                                       |        | 0.009       | 0.000      | 0.049      |             | 0.083  | 0.857r          |
| io_master_rready_NAND2_X1_ZN_A2_OAI211_X1_ZN_C1 (net)                                                                                                    | 5      |             |            |            | 0.000       |        |                 |
| io_master_rvalid_NAND3_X1_A1_ZN_NOR2_X1_A2_ZN_OAI21_X1_A:B1 (OAI21_X1)                                                                                   |        | 0.002       | 0.000      | 0.049      |             | 0.000  | 0.857r          |
| io_master_rvalid_NAND3_X1_A1_ZN_NOR2_X1_A2_ZN_OAI21_X1_A:ZN (OAI21_X1)                                                                                   |        | 0.009       | 0.000      | 0.031      |             | 0.045  | 0.902f          |
| icache_mod.fill_count_0__reg_p_QN_MUX2_X1_A_S (net)                                                                                                      | 5      |             |            |            | 0.000       |        |                 |
| icache_mod.fill_count_0__reg_p_QN_MUX2_X1_A_S_NOR2_X2_A2:A2 (NOR2_X2)                                                                                    |        | 0.003       | 0.000      | 0.031      |             | 0.000  | 0.902f          |
| icache_mod.fill_count_0__reg_p_QN_MUX2_X1_A_S_NOR2_X2_A2:ZN (NOR2_X2)                                                                                    |        | 0.016       | 0.000      | 0.045      |             | 0.069  | 0.971r          |
| icache_mod.fill_count_0__reg_p_QN_MUX2_X1_A_S_NOR2_X2_A2_ZN (net)                                                                                        | 5      |             |            |            | 0.000       |        |                 |
| icache_mod.fill_count_0__reg_p_QN_MUX2_X1_A_S_NOR2_X2_A2_ZN_NAND3_X2_A3_1:A3 (NAND3_X2)                                                                  |        | 0.004       | 0.000      | 0.045      |             | 0.000  | 0.971r          |
| icache_mod.fill_count_0__reg_p_QN_MUX2_X1_A_S_NOR2_X2_A2_ZN_NAND3_X2_A3_1:ZN (NAND3_X2)                                                                  |        | 0.015       | 0.000      | 0.031      |             | 0.047  | 1.018f          |
| icache_mod.block_valid[3]_reg_p_D_OAI21_X1_ZN_B1 (net)                                                                                                   | 10     |             |            |            | 0.000       |        |                 |
| icache_mod.latest_row_INV_X1_A_ZN_OR3_X1_A1_ZN_NOR2_X1_A1_1:A2 (NOR2_X1)                                                                                 |        | 0.002       | 0.000      | 0.031      |             | 0.000  | 1.018f          |
| icache_mod.latest_row_INV_X1_A_ZN_OR3_X1_A1_ZN_NOR2_X1_A1_1:ZN (NOR2_X1)                                                                                 |        | 0.001       | 0.000      | 0.014      |             | 0.032  | 1.050r          |
| icache_mod.latest_row_INV_X1_A_ZN_OR3_X1_A1_ZN_NOR2_X1_A1_1_ZN (net)                                                                                     | 1      |             |            |            | 0.000       |        |                 |
| icache_mod.latest_row_INV_X1_A_ZN_OR3_X1_A1_ZN_NOR2_X1_A1_1_ZN_CLKGATE_X1_E:E (CLKGATE_X1)                                                               |        | 0.001       | 0.000      | 0.014      |             | 0.000  | 1.050r          |
|                                                                                                                                                          |        |             |            |            |             |        |                 |
| clock (port)                                                                                                                                             |        | 0.779       | 0.000      | 0.000      |             | 0.000  | 0.000r          |
| clock (clock net)                                                                                                                                        | 761    |             |            |            | NA          |        |                 |
| icache_mod.latest_row_INV_X1_A_ZN_OR3_X1_A1_ZN_NOR2_X1_A1_1_ZN_CLKGATE_X1_E:CK (CLKGATE_X1)                                                              |        | 0.002       | 0.000      | 0.000      |             | 0.000  | 0.000r          |
| clock core_clock (rise edge)                                                                                                                             |        |             |            |            |             | 1.769  | 1.769           |
| clock network delay (ideal)                                                                                                                              |        |             |            |            |             | 0.000  | 1.769           |
| icache_mod.latest_row_INV_X1_A_ZN_OR3_X1_A1_ZN_NOR2_X1_A1_1_ZN_CLKGATE_X1_E:CK (CLKGATE_X1)                                                              |        |             |            |            |             |        | 1.769r          |
| library setup time                                                                                                                                       |        |             |            |            |             | -0.051 | 1.718           |
| clock reconvergence pessimism                                                                                                                            |        |             |            |            |             | 0.000  | 1.718           |
|                                                                                                                                                          |        |             |            |            |             |        |                 |
| path cell delay                                                                                                                                          |        |             |            |            |             |        | 1.050(100.000%) |
| path net delay                                                                                                                                           |        |             |            |            |             |        | 0.000(0.000%)   |
|                                                                                                                                                          |        |             |            |            |             |        |                 |
| data require time                                                                                                                                        |        |             |            |            |             |        | 1.718           |
| data arrival time                                                                                                                                        |        |             |            |            |             |        | 1.050           |
| slack (MET)                                                                                                                                              |        |             |            |            |             |        | 0.668           |
+----------------------------------------------------------------------------------------------------------------------------------------------------------+--------+-------------+------------+------------+-------------+--------+-----------------+
+----------------------------------------------------------------------------------------------------------------------------------------------------------+--------+-------------+------------+------------+-------------+--------+-----------------+
| Point                                                                                                                                                    | Fanout | Capacitance | Resistance | Transition | Delta Delay | Incr   | Path            |
+----------------------------------------------------------------------------------------------------------------------------------------------------------+--------+-------------+------------+------------+-------------+--------+-----------------+
| clock (port)                                                                                                                                             |        | 0.779       | 0.000      | 0.000      |             | 0.000  | 0.000r          |
| clock (clock net)                                                                                                                                        | 761    |             |            |            | NA          |        |                 |
| alu_mod.bus_in_alu_op_4__reg_p:CK (DFF_X1)                                                                                                               |        | 0.001       | 0.000      | 0.000      |             | 0.000  | 0.000r          |
| clock core_clock (rise edge)                                                                                                                             |        |             |            |            |             | 0      | 0               |
| clock network delay (ideal)                                                                                                                              |        |             |            |            |             | 0.000  | 0.000           |
| alu_mod.bus_in_alu_op_4__reg_p:CK (DFF_X1)                                                                                                               |        | 0.001       | 0.000      | 0.000      |             | 0.000  | 0.000r          |
| alu_mod.bus_in_alu_op_4__reg_p:Q (DFF_X1)                                                                                                                |        | 0.025       | 0.000      | 0.062      |             | 0.141  | 0.141r          |
| alu_mod.bus_in_alu_op_4_ (net)                                                                                                                           | 12     |             |            |            | 0.000       |        |                 |
| alu_mod.bus_in_alu_op_4__NOR2_X4_A1:A1 (NOR2_X4)                                                                                                         |        | 0.007       | 0.000      | 0.062      |             | 0.000  | 0.141r          |
| alu_mod.bus_in_alu_op_4__NOR2_X4_A1:ZN (NOR2_X4)                                                                                                         |        | 0.011       | 0.000      | 0.016      |             | 0.014  | 0.155f          |
| alu_mod.bus_in_alu_op_4__NOR2_X4_A1_ZN (net)                                                                                                             | 1      |             |            |            | 0.000       |        |                 |
| alu_mod.bus_in_alu_op_4__NOR2_X4_A1_ZN_BUF_X16_A:A (BUF_X16)                                                                                             |        | 0.012       | 0.000      | 0.016      |             | 0.000  | 0.155f          |
| alu_mod.bus_in_alu_op_4__NOR2_X4_A1_ZN_BUF_X16_A:Z (BUF_X16)                                                                                             |        | 0.047       | 0.000      | 0.007      |             | 0.032  | 0.186f          |
| alu_mod.bus_in_alu_op_4__NOR2_X4_A1_ZN_BUF_X16_A_Z (net)                                                                                                 | 20     |             |            |            | 0.000       |        |                 |
| alu_mod.bus_in_alu_op_4__NOR2_X4_A1_ZN_BUF_X16_A_Z_BUF_X16_A_1:A (BUF_X16)                                                                               |        | 0.012       | 0.000      | 0.007      |             | 0.000  | 0.186f          |
| alu_mod.bus_in_alu_op_4__NOR2_X4_A1_ZN_BUF_X16_A_Z_BUF_X16_A_1:Z (BUF_X16)                                                                               |        | 0.041       | 0.000      | 0.006      |             | 0.026  | 0.213f          |
| alu_mod.bus_in_data_rs2_21__INV_X1_A_ZN_AOI21_X1_A_B2 (net)                                                                                              | 24     |             |            |            | 0.000       |        |                 |
| ex_ls_bus_data_rs2_ls_19__INV_X1_A_ZN_MUX2_X1_B_A_AOI21_X1_A_ZN_OAI221_X1_B2_ZN_NAND4_X1_A2_A1_OAI221_X1_ZN_B2_AND3_X1_ZN:A3 (AND3_X1)                   |        | 0.001       | 0.000      | 0.006      |             | 0.000  | 0.213f          |
| ex_ls_bus_data_rs2_ls_19__INV_X1_A_ZN_MUX2_X1_B_A_AOI21_X1_A_ZN_OAI221_X1_B2_ZN_NAND4_X1_A2_A1_OAI221_X1_ZN_B2_AND3_X1_ZN:ZN (AND3_X1)                   |        | 0.002       | 0.000      | 0.007      |             | 0.034  | 0.247f          |
| ex_ls_bus_data_rs2_ls_19__INV_X1_A_ZN_MUX2_X1_B_A_AOI21_X1_A_ZN_OAI221_X1_B2_ZN_NAND4_X1_A2_A1_OAI221_X1_ZN_B2 (net)                                     | 1      |             |            |            | 0.000       |        |                 |
| ex_ls_bus_data_rs2_ls_19__INV_X1_A_ZN_MUX2_X1_B_A_AOI21_X1_A_ZN_OAI221_X1_B2_ZN_NAND4_X1_A2_A1_OAI221_X1_ZN:B2 (OAI221_X1)                               |        | 0.002       | 0.000      | 0.007      |             | 0.000  | 0.247f          |
| ex_ls_bus_data_rs2_ls_19__INV_X1_A_ZN_MUX2_X1_B_A_AOI21_X1_A_ZN_OAI221_X1_B2_ZN_NAND4_X1_A2_A1_OAI221_X1_ZN:ZN (OAI221_X1)                               |        | 0.004       | 0.000      | 0.046      |             | 0.060  | 0.307r          |
| ex_ls_bus_data_rs2_ls_19__INV_X1_A_ZN_MUX2_X1_B_A_AOI21_X1_A_ZN_OAI221_X1_B2_ZN_NAND4_X1_A2_A1 (net)                                                     | 3      |             |            |            | 0.000       |        |                 |
| alu_mod.bus_in_data_rs2_24__reg_p_D_AOI211_X1_ZN_C2_NAND3_X1_A2_ZN_OAI211_X1_A_C1_AOI221_X1_ZN_C1_AND4_X2_ZN_A1_AND4_X1_ZN:A1 (AND4_X1)                  |        | 0.001       | 0.000      | 0.046      |             | 0.000  | 0.307r          |
| alu_mod.bus_in_data_rs2_24__reg_p_D_AOI211_X1_ZN_C2_NAND3_X1_A2_ZN_OAI211_X1_A_C1_AOI221_X1_ZN_C1_AND4_X2_ZN_A1_AND4_X1_ZN:ZN (AND4_X1)                  |        | 0.003       | 0.000      | 0.017      |             | 0.071  | 0.378r          |
| alu_mod.bus_in_data_rs2_24__reg_p_D_AOI211_X1_ZN_C2_NAND3_X1_A2_ZN_OAI211_X1_A_C1_AOI221_X1_ZN_C1_AND4_X2_ZN_A1 (net)                                    | 2      |             |            |            | 0.000       |        |                 |
| alu_mod.bus_in_data_rs2_24__reg_p_D_AOI211_X1_ZN_C2_NAND3_X1_A2_ZN_OAI211_X1_A_C1_AOI221_X1_ZN_C1_AND4_X2_ZN:A1 (AND4_X2)                                |        | 0.002       | 0.000      | 0.017      |             | 0.000  | 0.378r          |
| alu_mod.bus_in_data_rs2_24__reg_p_D_AOI211_X1_ZN_C2_NAND3_X1_A2_ZN_OAI211_X1_A_C1_AOI221_X1_ZN_C1_AND4_X2_ZN:ZN (AND4_X2)                                |        | 0.008       | 0.000      | 0.017      |             | 0.058  | 0.436r          |
| alu_mod.bus_in_data_rs2_24__reg_p_D_AOI211_X1_ZN_C2_NAND3_X1_A2_ZN_OAI211_X1_A_C1_AOI221_X1_ZN_C1 (net)                                                  | 2      |             |            |            | 0.000       |        |                 |
| alu_mod.bus_in_data_rs2_31__reg_p_D_AOI211_X1_ZN_C2_NAND2_X1_A1_ZN_NAND3_X1_A2_ZN_AOI22_X1_B1_ZN_NAND4_X4_A4:A3 (NAND4_X4)                               |        | 0.006       | 0.000      | 0.017      |             | 0.000  | 0.436r          |
| alu_mod.bus_in_data_rs2_31__reg_p_D_AOI211_X1_ZN_C2_NAND2_X1_A1_ZN_NAND3_X1_A2_ZN_AOI22_X1_B1_ZN_NAND4_X4_A4:ZN (NAND4_X4)                               |        | 0.011       | 0.000      | 0.021      |             | 0.036  | 0.473f          |
| alu_mod.bus_in_rs1_0__AOI21_X1_B1_ZN_AOI22_X1_B1_A1_OR2_X1_ZN_A1 (net)                                                                                   | 4      |             |            |            | 0.000       |        |                 |
| csr_mod.regs[1]_7__MUX2_X1_A_Z_AOI22_X1_A2_B1_OAI22_X1_ZN_A2_MUX2_X1_A_B_XOR2_X1_Z_B_NOR4_X1_A3_ZN_NAND4_X1_A3_A2_NAND2_X1_A2_ZN_NOR4_X4_A1:A4 (NOR4_X4) |        | 0.006       | 0.000      | 0.021      |             | 0.000  | 0.473f          |
| csr_mod.regs[1]_7__MUX2_X1_A_Z_AOI22_X1_A2_B1_OAI22_X1_ZN_A2_MUX2_X1_A_B_XOR2_X1_Z_B_NOR4_X1_A3_ZN_NAND4_X1_A3_A2_NAND2_X1_A2_ZN_NOR4_X4_A1:ZN (NOR4_X4) |        | 0.011       | 0.000      | 0.053      |             | 0.098  | 0.570r          |
| alu_mod.bus_in_rs1_0__AOI21_X1_B1_ZN_AOI22_X1_B1_ZN_OR3_X2_A3_A2_NOR4_X1_ZN_A2 (net)                                                                     | 7      |             |            |            | 0.000       |        |                 |
| alu_mod.bus_in_rs1_0__AOI21_X1_B1_ZN_AOI22_X1_B1_ZN_OR3_X2_A3_A2_NOR4_X1_ZN:A2 (NOR4_X1)                                                                 |        | 0.002       | 0.000      | 0.053      |             | 0.000  | 0.570r          |
| alu_mod.bus_in_rs1_0__AOI21_X1_B1_ZN_AOI22_X1_B1_ZN_OR3_X2_A3_A2_NOR4_X1_ZN:ZN (NOR4_X1)                                                                 |        | 0.003       | 0.000      | 0.016      |             | 0.021  | 0.591f          |
| alu_mod.bus_in_rs1_0__AOI21_X1_B1_ZN_AOI22_X1_B1_ZN_OR3_X2_A3_A2 (net)                                                                                   | 2      |             |            |            | 0.000       |        |                 |
| alu_mod.bus_in_rs1_0__AOI21_X1_B1_ZN_AOI22_X1_B1_ZN_OR3_X2_A3:A2 (OR3_X2)                                                                                |        | 0.002       | 0.000      | 0.016      |             | 0.000  | 0.591f          |
| alu_mod.bus_in_rs1_0__AOI21_X1_B1_ZN_AOI22_X1_B1_ZN_OR3_X2_A3:ZN (OR3_X2)                                                                                |        | 0.005       | 0.000      | 0.014      |             | 0.077  | 0.668f          |
| alu_mod.bus_in_rs1_0__AOI21_X1_B1_ZN_AOI22_X1_B1_ZN_OR3_X2_A3_ZN (net)                                                                                   | 4      |             |            |            | 0.000       |        |                 |
| icache_mod.latest_row_reg_p_QN_NOR3_X1_A1_A3_OAI21_X1_A_B1_NAND2_X1_ZN_A1_INV_X1_ZN_A_AOI211_X4_B_A_NOR3_X1_ZN:A3 (NOR3_X1)                              |        | 0.002       | 0.000      | 0.014      |             | 0.000  | 0.668f          |
| icache_mod.latest_row_reg_p_QN_NOR3_X1_A1_A3_OAI21_X1_A_B1_NAND2_X1_ZN_A1_INV_X1_ZN_A_AOI211_X4_B_A_NOR3_X1_ZN:ZN (NOR3_X1)                              |        | 0.002       | 0.000      | 0.029      |             | 0.053  | 0.721r          |
| icache_mod.latest_row_reg_p_QN_NOR3_X1_A1_A3_OAI21_X1_A_B1_NAND2_X1_ZN_A1_INV_X1_ZN_A_AOI211_X4_B_A (net)                                                | 1      |             |            |            | 0.000       |        |                 |
| icache_mod.latest_row_reg_p_QN_NOR3_X1_A1_A3_OAI21_X1_A_B1_NAND2_X1_ZN_A1_INV_X1_ZN_A_AOI211_X4_B:A (AOI211_X4)                                          |        | 0.002       | 0.000      | 0.029      |             | 0.000  | 0.721r          |
| icache_mod.latest_row_reg_p_QN_NOR3_X1_A1_A3_OAI21_X1_A_B1_NAND2_X1_ZN_A1_INV_X1_ZN_A_AOI211_X4_B:ZN (AOI211_X4)                                         |        | 0.016       | 0.000      | 0.008      |             | 0.053  | 0.774f          |
| csr_mod.regs[1]_20__MUX2_X1_A_Z_AOI222_X1_B1_A1 (net)                                                                                                    | 6      |             |            |            | 0.000       |        |                 |
| io_master_arready_AND4_X1_A1_A4_OR2_X1_ZN_A2_NOR3_X1_ZN_A3_NOR4_X4_A4:A3 (NOR4_X4)                                                                       |        | 0.006       | 0.000      | 0.008      |             | 0.000  | 0.774f          |
| io_master_arready_AND4_X1_A1_A4_OR2_X1_ZN_A2_NOR3_X1_ZN_A3_NOR4_X4_A4:ZN (NOR4_X4)                                                                       |        | 0.009       | 0.000      | 0.049      |             | 0.083  | 0.857r          |
| io_master_rready_NAND2_X1_ZN_A2_OAI211_X1_ZN_C1 (net)                                                                                                    | 5      |             |            |            | 0.000       |        |                 |
| io_master_rvalid_NAND3_X1_A1_ZN_NOR2_X1_A2_ZN_OAI21_X1_A:B1 (OAI21_X1)                                                                                   |        | 0.002       | 0.000      | 0.049      |             | 0.000  | 0.857r          |
| io_master_rvalid_NAND3_X1_A1_ZN_NOR2_X1_A2_ZN_OAI21_X1_A:ZN (OAI21_X1)                                                                                   |        | 0.009       | 0.000      | 0.031      |             | 0.045  | 0.902f          |
| icache_mod.fill_count_0__reg_p_QN_MUX2_X1_A_S (net)                                                                                                      | 5      |             |            |            | 0.000       |        |                 |
| icache_mod.fill_count_0__reg_p_QN_MUX2_X1_A_S_NOR2_X2_A2:A2 (NOR2_X2)                                                                                    |        | 0.003       | 0.000      | 0.031      |             | 0.000  | 0.902f          |
| icache_mod.fill_count_0__reg_p_QN_MUX2_X1_A_S_NOR2_X2_A2:ZN (NOR2_X2)                                                                                    |        | 0.016       | 0.000      | 0.045      |             | 0.069  | 0.971r          |
| icache_mod.fill_count_0__reg_p_QN_MUX2_X1_A_S_NOR2_X2_A2_ZN (net)                                                                                        | 5      |             |            |            | 0.000       |        |                 |
| icache_mod.fill_count_0__reg_p_QN_MUX2_X1_A_S_NOR2_X2_A2_ZN_NAND3_X2_A3_1:A3 (NAND3_X2)                                                                  |        | 0.004       | 0.000      | 0.045      |             | 0.000  | 0.971r          |
| icache_mod.fill_count_0__reg_p_QN_MUX2_X1_A_S_NOR2_X2_A2_ZN_NAND3_X2_A3_1:ZN (NAND3_X2)                                                                  |        | 0.015       | 0.000      | 0.031      |             | 0.047  | 1.018f          |
| icache_mod.block_valid[3]_reg_p_D_OAI21_X1_ZN_B1 (net)                                                                                                   | 10     |             |            |            | 0.000       |        |                 |
| icache_mod.latest_row_INV_X1_A_ZN_OR3_X1_A1_1_ZN_NOR2_X1_A1_1:A2 (NOR2_X1)                                                                               |        | 0.002       | 0.000      | 0.031      |             | 0.000  | 1.018f          |
| icache_mod.latest_row_INV_X1_A_ZN_OR3_X1_A1_1_ZN_NOR2_X1_A1_1:ZN (NOR2_X1)                                                                               |        | 0.001       | 0.000      | 0.014      |             | 0.032  | 1.050r          |
| icache_mod.latest_row_INV_X1_A_ZN_OR3_X1_A1_1_ZN_NOR2_X1_A1_1_ZN (net)                                                                                   | 1      |             |            |            | 0.000       |        |                 |
| icache_mod.latest_row_INV_X1_A_ZN_OR3_X1_A1_1_ZN_NOR2_X1_A1_1_ZN_CLKGATE_X1_E:E (CLKGATE_X1)                                                             |        | 0.001       | 0.000      | 0.014      |             | 0.000  | 1.050r          |
|                                                                                                                                                          |        |             |            |            |             |        |                 |
| clock (port)                                                                                                                                             |        | 0.779       | 0.000      | 0.000      |             | 0.000  | 0.000r          |
| clock (clock net)                                                                                                                                        | 761    |             |            |            | NA          |        |                 |
| icache_mod.latest_row_INV_X1_A_ZN_OR3_X1_A1_1_ZN_NOR2_X1_A1_1_ZN_CLKGATE_X1_E:CK (CLKGATE_X1)                                                            |        | 0.002       | 0.000      | 0.000      |             | 0.000  | 0.000r          |
| clock core_clock (rise edge)                                                                                                                             |        |             |            |            |             | 1.769  | 1.769           |
| clock network delay (ideal)                                                                                                                              |        |             |            |            |             | 0.000  | 1.769           |
| icache_mod.latest_row_INV_X1_A_ZN_OR3_X1_A1_1_ZN_NOR2_X1_A1_1_ZN_CLKGATE_X1_E:CK (CLKGATE_X1)                                                            |        |             |            |            |             |        | 1.769r          |
| library setup time                                                                                                                                       |        |             |            |            |             | -0.051 | 1.718           |
| clock reconvergence pessimism                                                                                                                            |        |             |            |            |             | 0.000  | 1.718           |
|                                                                                                                                                          |        |             |            |            |             |        |                 |
| path cell delay                                                                                                                                          |        |             |            |            |             |        | 1.050(100.000%) |
| path net delay                                                                                                                                           |        |             |            |            |             |        | 0.000(0.000%)   |
|                                                                                                                                                          |        |             |            |            |             |        |                 |
| data require time                                                                                                                                        |        |             |            |            |             |        | 1.718           |
| data arrival time                                                                                                                                        |        |             |            |            |             |        | 1.050           |
| slack (MET)                                                                                                                                              |        |             |            |            |             |        | 0.668           |
+----------------------------------------------------------------------------------------------------------------------------------------------------------+--------+-------------+------------+------------+-------------+--------+-----------------+
+----------------------------------------------------------------------------------------------------------------------------------------------------------+--------+-------------+------------+------------+-------------+--------+-----------------+
| Point                                                                                                                                                    | Fanout | Capacitance | Resistance | Transition | Delta Delay | Incr   | Path            |
+----------------------------------------------------------------------------------------------------------------------------------------------------------+--------+-------------+------------+------------+-------------+--------+-----------------+
| clock (port)                                                                                                                                             |        | 0.779       | 0.000      | 0.000      |             | 0.000  | 0.000r          |
| clock (clock net)                                                                                                                                        | 761    |             |            |            | NA          |        |                 |
| alu_mod.bus_in_alu_op_4__reg_p:CK (DFF_X1)                                                                                                               |        | 0.001       | 0.000      | 0.000      |             | 0.000  | 0.000r          |
| clock core_clock (rise edge)                                                                                                                             |        |             |            |            |             | 0      | 0               |
| clock network delay (ideal)                                                                                                                              |        |             |            |            |             | 0.000  | 0.000           |
| alu_mod.bus_in_alu_op_4__reg_p:CK (DFF_X1)                                                                                                               |        | 0.001       | 0.000      | 0.000      |             | 0.000  | 0.000r          |
| alu_mod.bus_in_alu_op_4__reg_p:Q (DFF_X1)                                                                                                                |        | 0.025       | 0.000      | 0.062      |             | 0.141  | 0.141r          |
| alu_mod.bus_in_alu_op_4_ (net)                                                                                                                           | 12     |             |            |            | 0.000       |        |                 |
| alu_mod.bus_in_alu_op_4__NOR2_X4_A1:A1 (NOR2_X4)                                                                                                         |        | 0.007       | 0.000      | 0.062      |             | 0.000  | 0.141r          |
| alu_mod.bus_in_alu_op_4__NOR2_X4_A1:ZN (NOR2_X4)                                                                                                         |        | 0.011       | 0.000      | 0.016      |             | 0.014  | 0.155f          |
| alu_mod.bus_in_alu_op_4__NOR2_X4_A1_ZN (net)                                                                                                             | 1      |             |            |            | 0.000       |        |                 |
| alu_mod.bus_in_alu_op_4__NOR2_X4_A1_ZN_BUF_X16_A:A (BUF_X16)                                                                                             |        | 0.012       | 0.000      | 0.016      |             | 0.000  | 0.155f          |
| alu_mod.bus_in_alu_op_4__NOR2_X4_A1_ZN_BUF_X16_A:Z (BUF_X16)                                                                                             |        | 0.047       | 0.000      | 0.007      |             | 0.032  | 0.186f          |
| alu_mod.bus_in_alu_op_4__NOR2_X4_A1_ZN_BUF_X16_A_Z (net)                                                                                                 | 20     |             |            |            | 0.000       |        |                 |
| alu_mod.bus_in_alu_op_4__NOR2_X4_A1_ZN_BUF_X16_A_Z_BUF_X16_A_1:A (BUF_X16)                                                                               |        | 0.012       | 0.000      | 0.007      |             | 0.000  | 0.186f          |
| alu_mod.bus_in_alu_op_4__NOR2_X4_A1_ZN_BUF_X16_A_Z_BUF_X16_A_1:Z (BUF_X16)                                                                               |        | 0.041       | 0.000      | 0.006      |             | 0.026  | 0.213f          |
| alu_mod.bus_in_data_rs2_21__INV_X1_A_ZN_AOI21_X1_A_B2 (net)                                                                                              | 24     |             |            |            | 0.000       |        |                 |
| ex_ls_bus_data_rs2_ls_19__INV_X1_A_ZN_MUX2_X1_B_A_AOI21_X1_A_ZN_OAI221_X1_B2_ZN_NAND4_X1_A2_A1_OAI221_X1_ZN_B2_AND3_X1_ZN:A3 (AND3_X1)                   |        | 0.001       | 0.000      | 0.006      |             | 0.000  | 0.213f          |
| ex_ls_bus_data_rs2_ls_19__INV_X1_A_ZN_MUX2_X1_B_A_AOI21_X1_A_ZN_OAI221_X1_B2_ZN_NAND4_X1_A2_A1_OAI221_X1_ZN_B2_AND3_X1_ZN:ZN (AND3_X1)                   |        | 0.002       | 0.000      | 0.007      |             | 0.034  | 0.247f          |
| ex_ls_bus_data_rs2_ls_19__INV_X1_A_ZN_MUX2_X1_B_A_AOI21_X1_A_ZN_OAI221_X1_B2_ZN_NAND4_X1_A2_A1_OAI221_X1_ZN_B2 (net)                                     | 1      |             |            |            | 0.000       |        |                 |
| ex_ls_bus_data_rs2_ls_19__INV_X1_A_ZN_MUX2_X1_B_A_AOI21_X1_A_ZN_OAI221_X1_B2_ZN_NAND4_X1_A2_A1_OAI221_X1_ZN:B2 (OAI221_X1)                               |        | 0.002       | 0.000      | 0.007      |             | 0.000  | 0.247f          |
| ex_ls_bus_data_rs2_ls_19__INV_X1_A_ZN_MUX2_X1_B_A_AOI21_X1_A_ZN_OAI221_X1_B2_ZN_NAND4_X1_A2_A1_OAI221_X1_ZN:ZN (OAI221_X1)                               |        | 0.004       | 0.000      | 0.046      |             | 0.060  | 0.307r          |
| ex_ls_bus_data_rs2_ls_19__INV_X1_A_ZN_MUX2_X1_B_A_AOI21_X1_A_ZN_OAI221_X1_B2_ZN_NAND4_X1_A2_A1 (net)                                                     | 3      |             |            |            | 0.000       |        |                 |
| alu_mod.bus_in_data_rs2_24__reg_p_D_AOI211_X1_ZN_C2_NAND3_X1_A2_ZN_OAI211_X1_A_C1_AOI221_X1_ZN_C1_AND4_X2_ZN_A1_AND4_X1_ZN:A1 (AND4_X1)                  |        | 0.001       | 0.000      | 0.046      |             | 0.000  | 0.307r          |
| alu_mod.bus_in_data_rs2_24__reg_p_D_AOI211_X1_ZN_C2_NAND3_X1_A2_ZN_OAI211_X1_A_C1_AOI221_X1_ZN_C1_AND4_X2_ZN_A1_AND4_X1_ZN:ZN (AND4_X1)                  |        | 0.003       | 0.000      | 0.017      |             | 0.071  | 0.378r          |
| alu_mod.bus_in_data_rs2_24__reg_p_D_AOI211_X1_ZN_C2_NAND3_X1_A2_ZN_OAI211_X1_A_C1_AOI221_X1_ZN_C1_AND4_X2_ZN_A1 (net)                                    | 2      |             |            |            | 0.000       |        |                 |
| alu_mod.bus_in_data_rs2_24__reg_p_D_AOI211_X1_ZN_C2_NAND3_X1_A2_ZN_OAI211_X1_A_C1_AOI221_X1_ZN_C1_AND4_X2_ZN:A1 (AND4_X2)                                |        | 0.002       | 0.000      | 0.017      |             | 0.000  | 0.378r          |
| alu_mod.bus_in_data_rs2_24__reg_p_D_AOI211_X1_ZN_C2_NAND3_X1_A2_ZN_OAI211_X1_A_C1_AOI221_X1_ZN_C1_AND4_X2_ZN:ZN (AND4_X2)                                |        | 0.008       | 0.000      | 0.017      |             | 0.058  | 0.436r          |
| alu_mod.bus_in_data_rs2_24__reg_p_D_AOI211_X1_ZN_C2_NAND3_X1_A2_ZN_OAI211_X1_A_C1_AOI221_X1_ZN_C1 (net)                                                  | 2      |             |            |            | 0.000       |        |                 |
| alu_mod.bus_in_data_rs2_31__reg_p_D_AOI211_X1_ZN_C2_NAND2_X1_A1_ZN_NAND3_X1_A2_ZN_AOI22_X1_B1_ZN_NAND4_X4_A4:A3 (NAND4_X4)                               |        | 0.006       | 0.000      | 0.017      |             | 0.000  | 0.436r          |
| alu_mod.bus_in_data_rs2_31__reg_p_D_AOI211_X1_ZN_C2_NAND2_X1_A1_ZN_NAND3_X1_A2_ZN_AOI22_X1_B1_ZN_NAND4_X4_A4:ZN (NAND4_X4)                               |        | 0.011       | 0.000      | 0.021      |             | 0.036  | 0.473f          |
| alu_mod.bus_in_rs1_0__AOI21_X1_B1_ZN_AOI22_X1_B1_A1_OR2_X1_ZN_A1 (net)                                                                                   | 4      |             |            |            | 0.000       |        |                 |
| csr_mod.regs[1]_7__MUX2_X1_A_Z_AOI22_X1_A2_B1_OAI22_X1_ZN_A2_MUX2_X1_A_B_XOR2_X1_Z_B_NOR4_X1_A3_ZN_NAND4_X1_A3_A2_NAND2_X1_A2_ZN_NOR4_X4_A1:A4 (NOR4_X4) |        | 0.006       | 0.000      | 0.021      |             | 0.000  | 0.473f          |
| csr_mod.regs[1]_7__MUX2_X1_A_Z_AOI22_X1_A2_B1_OAI22_X1_ZN_A2_MUX2_X1_A_B_XOR2_X1_Z_B_NOR4_X1_A3_ZN_NAND4_X1_A3_A2_NAND2_X1_A2_ZN_NOR4_X4_A1:ZN (NOR4_X4) |        | 0.011       | 0.000      | 0.053      |             | 0.098  | 0.570r          |
| alu_mod.bus_in_rs1_0__AOI21_X1_B1_ZN_AOI22_X1_B1_ZN_OR3_X2_A3_A2_NOR4_X1_ZN_A2 (net)                                                                     | 7      |             |            |            | 0.000       |        |                 |
| alu_mod.bus_in_rs1_0__AOI21_X1_B1_ZN_AOI22_X1_B1_ZN_OR3_X2_A3_A2_NOR4_X1_ZN:A2 (NOR4_X1)                                                                 |        | 0.002       | 0.000      | 0.053      |             | 0.000  | 0.570r          |
| alu_mod.bus_in_rs1_0__AOI21_X1_B1_ZN_AOI22_X1_B1_ZN_OR3_X2_A3_A2_NOR4_X1_ZN:ZN (NOR4_X1)                                                                 |        | 0.003       | 0.000      | 0.016      |             | 0.021  | 0.591f          |
| alu_mod.bus_in_rs1_0__AOI21_X1_B1_ZN_AOI22_X1_B1_ZN_OR3_X2_A3_A2 (net)                                                                                   | 2      |             |            |            | 0.000       |        |                 |
| alu_mod.bus_in_rs1_0__AOI21_X1_B1_ZN_AOI22_X1_B1_ZN_OR3_X2_A3:A2 (OR3_X2)                                                                                |        | 0.002       | 0.000      | 0.016      |             | 0.000  | 0.591f          |
| alu_mod.bus_in_rs1_0__AOI21_X1_B1_ZN_AOI22_X1_B1_ZN_OR3_X2_A3:ZN (OR3_X2)                                                                                |        | 0.005       | 0.000      | 0.014      |             | 0.077  | 0.668f          |
| alu_mod.bus_in_rs1_0__AOI21_X1_B1_ZN_AOI22_X1_B1_ZN_OR3_X2_A3_ZN (net)                                                                                   | 4      |             |            |            | 0.000       |        |                 |
| icache_mod.latest_row_reg_p_QN_NOR3_X1_A1_A3_OAI21_X1_A_B1_NAND2_X1_ZN_A1_INV_X1_ZN_A_AOI211_X4_B_A_NOR3_X1_ZN:A3 (NOR3_X1)                              |        | 0.002       | 0.000      | 0.014      |             | 0.000  | 0.668f          |
| icache_mod.latest_row_reg_p_QN_NOR3_X1_A1_A3_OAI21_X1_A_B1_NAND2_X1_ZN_A1_INV_X1_ZN_A_AOI211_X4_B_A_NOR3_X1_ZN:ZN (NOR3_X1)                              |        | 0.002       | 0.000      | 0.029      |             | 0.053  | 0.721r          |
| icache_mod.latest_row_reg_p_QN_NOR3_X1_A1_A3_OAI21_X1_A_B1_NAND2_X1_ZN_A1_INV_X1_ZN_A_AOI211_X4_B_A (net)                                                | 1      |             |            |            | 0.000       |        |                 |
| icache_mod.latest_row_reg_p_QN_NOR3_X1_A1_A3_OAI21_X1_A_B1_NAND2_X1_ZN_A1_INV_X1_ZN_A_AOI211_X4_B:A (AOI211_X4)                                          |        | 0.002       | 0.000      | 0.029      |             | 0.000  | 0.721r          |
| icache_mod.latest_row_reg_p_QN_NOR3_X1_A1_A3_OAI21_X1_A_B1_NAND2_X1_ZN_A1_INV_X1_ZN_A_AOI211_X4_B:ZN (AOI211_X4)                                         |        | 0.016       | 0.000      | 0.008      |             | 0.053  | 0.774f          |
| csr_mod.regs[1]_20__MUX2_X1_A_Z_AOI222_X1_B1_A1 (net)                                                                                                    | 6      |             |            |            | 0.000       |        |                 |
| io_master_arready_AND4_X1_A1_A4_OR2_X1_ZN_A2_NOR3_X1_ZN_A3_NOR4_X4_A4:A3 (NOR4_X4)                                                                       |        | 0.006       | 0.000      | 0.008      |             | 0.000  | 0.774f          |
| io_master_arready_AND4_X1_A1_A4_OR2_X1_ZN_A2_NOR3_X1_ZN_A3_NOR4_X4_A4:ZN (NOR4_X4)                                                                       |        | 0.009       | 0.000      | 0.049      |             | 0.083  | 0.857r          |
| io_master_rready_NAND2_X1_ZN_A2_OAI211_X1_ZN_C1 (net)                                                                                                    | 5      |             |            |            | 0.000       |        |                 |
| io_master_rvalid_NAND3_X1_A1_ZN_NOR2_X1_A2_ZN_OAI21_X1_A:B1 (OAI21_X1)                                                                                   |        | 0.002       | 0.000      | 0.049      |             | 0.000  | 0.857r          |
| io_master_rvalid_NAND3_X1_A1_ZN_NOR2_X1_A2_ZN_OAI21_X1_A:ZN (OAI21_X1)                                                                                   |        | 0.009       | 0.000      | 0.031      |             | 0.045  | 0.902f          |
| icache_mod.fill_count_0__reg_p_QN_MUX2_X1_A_S (net)                                                                                                      | 5      |             |            |            | 0.000       |        |                 |
| icache_mod.fill_count_0__reg_p_QN_MUX2_X1_A_S_NOR2_X2_A2:A2 (NOR2_X2)                                                                                    |        | 0.003       | 0.000      | 0.031      |             | 0.000  | 0.902f          |
| icache_mod.fill_count_0__reg_p_QN_MUX2_X1_A_S_NOR2_X2_A2:ZN (NOR2_X2)                                                                                    |        | 0.016       | 0.000      | 0.045      |             | 0.069  | 0.971r          |
| icache_mod.fill_count_0__reg_p_QN_MUX2_X1_A_S_NOR2_X2_A2_ZN (net)                                                                                        | 5      |             |            |            | 0.000       |        |                 |
| icache_mod.fill_count_0__reg_p_QN_MUX2_X1_A_S_NOR2_X2_A2_ZN_NAND3_X2_A3_1:A3 (NAND3_X2)                                                                  |        | 0.004       | 0.000      | 0.045      |             | 0.000  | 0.971r          |
| icache_mod.fill_count_0__reg_p_QN_MUX2_X1_A_S_NOR2_X2_A2_ZN_NAND3_X2_A3_1:ZN (NAND3_X2)                                                                  |        | 0.015       | 0.000      | 0.031      |             | 0.047  | 1.018f          |
| icache_mod.block_valid[3]_reg_p_D_OAI21_X1_ZN_B1 (net)                                                                                                   | 10     |             |            |            | 0.000       |        |                 |
| icache_mod.latest_row_INV_X1_A_ZN_NAND3_X1_A1_ZN_NOR2_X1_A1_1:A2 (NOR2_X1)                                                                               |        | 0.002       | 0.000      | 0.031      |             | 0.000  | 1.018f          |
| icache_mod.latest_row_INV_X1_A_ZN_NAND3_X1_A1_ZN_NOR2_X1_A1_1:ZN (NOR2_X1)                                                                               |        | 0.001       | 0.000      | 0.014      |             | 0.032  | 1.050r          |
| icache_mod.latest_row_INV_X1_A_ZN_NAND3_X1_A1_ZN_NOR2_X1_A1_1_ZN (net)                                                                                   | 1      |             |            |            | 0.000       |        |                 |
| icache_mod.latest_row_INV_X1_A_ZN_NAND3_X1_A1_ZN_NOR2_X1_A1_1_ZN_CLKGATE_X1_E:E (CLKGATE_X1)                                                             |        | 0.001       | 0.000      | 0.014      |             | 0.000  | 1.050r          |
|                                                                                                                                                          |        |             |            |            |             |        |                 |
| clock (port)                                                                                                                                             |        | 0.779       | 0.000      | 0.000      |             | 0.000  | 0.000r          |
| clock (clock net)                                                                                                                                        | 761    |             |            |            | NA          |        |                 |
| icache_mod.latest_row_INV_X1_A_ZN_NAND3_X1_A1_ZN_NOR2_X1_A1_1_ZN_CLKGATE_X1_E:CK (CLKGATE_X1)                                                            |        | 0.002       | 0.000      | 0.000      |             | 0.000  | 0.000r          |
| clock core_clock (rise edge)                                                                                                                             |        |             |            |            |             | 1.769  | 1.769           |
| clock network delay (ideal)                                                                                                                              |        |             |            |            |             | 0.000  | 1.769           |
| icache_mod.latest_row_INV_X1_A_ZN_NAND3_X1_A1_ZN_NOR2_X1_A1_1_ZN_CLKGATE_X1_E:CK (CLKGATE_X1)                                                            |        |             |            |            |             |        | 1.769r          |
| library setup time                                                                                                                                       |        |             |            |            |             | -0.051 | 1.718           |
| clock reconvergence pessimism                                                                                                                            |        |             |            |            |             | 0.000  | 1.718           |
|                                                                                                                                                          |        |             |            |            |             |        |                 |
| path cell delay                                                                                                                                          |        |             |            |            |             |        | 1.050(100.000%) |
| path net delay                                                                                                                                           |        |             |            |            |             |        | 0.000(0.000%)   |
|                                                                                                                                                          |        |             |            |            |             |        |                 |
| data require time                                                                                                                                        |        |             |            |            |             |        | 1.718           |
| data arrival time                                                                                                                                        |        |             |            |            |             |        | 1.050           |
| slack (MET)                                                                                                                                              |        |             |            |            |             |        | 0.668           |
+----------------------------------------------------------------------------------------------------------------------------------------------------------+--------+-------------+------------+------------+-------------+--------+-----------------+
+----------------------------------------------------------------------------------------------------------------------------------------------------------+--------+-------------+------------+------------+-------------+--------+-----------------+
| Point                                                                                                                                                    | Fanout | Capacitance | Resistance | Transition | Delta Delay | Incr   | Path            |
+----------------------------------------------------------------------------------------------------------------------------------------------------------+--------+-------------+------------+------------+-------------+--------+-----------------+
| clock (port)                                                                                                                                             |        | 0.779       | 0.000      | 0.000      |             | 0.000  | 0.000r          |
| clock (clock net)                                                                                                                                        | 761    |             |            |            | NA          |        |                 |
| alu_mod.bus_in_alu_op_4__reg_p:CK (DFF_X1)                                                                                                               |        | 0.001       | 0.000      | 0.000      |             | 0.000  | 0.000r          |
| clock core_clock (rise edge)                                                                                                                             |        |             |            |            |             | 0      | 0               |
| clock network delay (ideal)                                                                                                                              |        |             |            |            |             | 0.000  | 0.000           |
| alu_mod.bus_in_alu_op_4__reg_p:CK (DFF_X1)                                                                                                               |        | 0.001       | 0.000      | 0.000      |             | 0.000  | 0.000r          |
| alu_mod.bus_in_alu_op_4__reg_p:Q (DFF_X1)                                                                                                                |        | 0.025       | 0.000      | 0.062      |             | 0.141  | 0.141r          |
| alu_mod.bus_in_alu_op_4_ (net)                                                                                                                           | 12     |             |            |            | 0.000       |        |                 |
| alu_mod.bus_in_alu_op_4__NOR2_X4_A1:A1 (NOR2_X4)                                                                                                         |        | 0.007       | 0.000      | 0.062      |             | 0.000  | 0.141r          |
| alu_mod.bus_in_alu_op_4__NOR2_X4_A1:ZN (NOR2_X4)                                                                                                         |        | 0.011       | 0.000      | 0.016      |             | 0.014  | 0.155f          |
| alu_mod.bus_in_alu_op_4__NOR2_X4_A1_ZN (net)                                                                                                             | 1      |             |            |            | 0.000       |        |                 |
| alu_mod.bus_in_alu_op_4__NOR2_X4_A1_ZN_BUF_X16_A:A (BUF_X16)                                                                                             |        | 0.012       | 0.000      | 0.016      |             | 0.000  | 0.155f          |
| alu_mod.bus_in_alu_op_4__NOR2_X4_A1_ZN_BUF_X16_A:Z (BUF_X16)                                                                                             |        | 0.047       | 0.000      | 0.007      |             | 0.032  | 0.186f          |
| alu_mod.bus_in_alu_op_4__NOR2_X4_A1_ZN_BUF_X16_A_Z (net)                                                                                                 | 20     |             |            |            | 0.000       |        |                 |
| alu_mod.bus_in_alu_op_4__NOR2_X4_A1_ZN_BUF_X16_A_Z_BUF_X16_A_1:A (BUF_X16)                                                                               |        | 0.012       | 0.000      | 0.007      |             | 0.000  | 0.186f          |
| alu_mod.bus_in_alu_op_4__NOR2_X4_A1_ZN_BUF_X16_A_Z_BUF_X16_A_1:Z (BUF_X16)                                                                               |        | 0.041       | 0.000      | 0.006      |             | 0.026  | 0.213f          |
| alu_mod.bus_in_data_rs2_21__INV_X1_A_ZN_AOI21_X1_A_B2 (net)                                                                                              | 24     |             |            |            | 0.000       |        |                 |
| ex_ls_bus_data_rs2_ls_19__INV_X1_A_ZN_MUX2_X1_B_A_AOI21_X1_A_ZN_OAI221_X1_B2_ZN_NAND4_X1_A2_A1_OAI221_X1_ZN_B2_AND3_X1_ZN:A3 (AND3_X1)                   |        | 0.001       | 0.000      | 0.006      |             | 0.000  | 0.213f          |
| ex_ls_bus_data_rs2_ls_19__INV_X1_A_ZN_MUX2_X1_B_A_AOI21_X1_A_ZN_OAI221_X1_B2_ZN_NAND4_X1_A2_A1_OAI221_X1_ZN_B2_AND3_X1_ZN:ZN (AND3_X1)                   |        | 0.002       | 0.000      | 0.007      |             | 0.034  | 0.247f          |
| ex_ls_bus_data_rs2_ls_19__INV_X1_A_ZN_MUX2_X1_B_A_AOI21_X1_A_ZN_OAI221_X1_B2_ZN_NAND4_X1_A2_A1_OAI221_X1_ZN_B2 (net)                                     | 1      |             |            |            | 0.000       |        |                 |
| ex_ls_bus_data_rs2_ls_19__INV_X1_A_ZN_MUX2_X1_B_A_AOI21_X1_A_ZN_OAI221_X1_B2_ZN_NAND4_X1_A2_A1_OAI221_X1_ZN:B2 (OAI221_X1)                               |        | 0.002       | 0.000      | 0.007      |             | 0.000  | 0.247f          |
| ex_ls_bus_data_rs2_ls_19__INV_X1_A_ZN_MUX2_X1_B_A_AOI21_X1_A_ZN_OAI221_X1_B2_ZN_NAND4_X1_A2_A1_OAI221_X1_ZN:ZN (OAI221_X1)                               |        | 0.004       | 0.000      | 0.046      |             | 0.060  | 0.307r          |
| ex_ls_bus_data_rs2_ls_19__INV_X1_A_ZN_MUX2_X1_B_A_AOI21_X1_A_ZN_OAI221_X1_B2_ZN_NAND4_X1_A2_A1 (net)                                                     | 3      |             |            |            | 0.000       |        |                 |
| alu_mod.bus_in_data_rs2_24__reg_p_D_AOI211_X1_ZN_C2_NAND3_X1_A2_ZN_OAI211_X1_A_C1_AOI221_X1_ZN_C1_AND4_X2_ZN_A1_AND4_X1_ZN:A1 (AND4_X1)                  |        | 0.001       | 0.000      | 0.046      |             | 0.000  | 0.307r          |
| alu_mod.bus_in_data_rs2_24__reg_p_D_AOI211_X1_ZN_C2_NAND3_X1_A2_ZN_OAI211_X1_A_C1_AOI221_X1_ZN_C1_AND4_X2_ZN_A1_AND4_X1_ZN:ZN (AND4_X1)                  |        | 0.003       | 0.000      | 0.017      |             | 0.071  | 0.378r          |
| alu_mod.bus_in_data_rs2_24__reg_p_D_AOI211_X1_ZN_C2_NAND3_X1_A2_ZN_OAI211_X1_A_C1_AOI221_X1_ZN_C1_AND4_X2_ZN_A1 (net)                                    | 2      |             |            |            | 0.000       |        |                 |
| alu_mod.bus_in_data_rs2_24__reg_p_D_AOI211_X1_ZN_C2_NAND3_X1_A2_ZN_OAI211_X1_A_C1_AOI221_X1_ZN_C1_AND4_X2_ZN:A1 (AND4_X2)                                |        | 0.002       | 0.000      | 0.017      |             | 0.000  | 0.378r          |
| alu_mod.bus_in_data_rs2_24__reg_p_D_AOI211_X1_ZN_C2_NAND3_X1_A2_ZN_OAI211_X1_A_C1_AOI221_X1_ZN_C1_AND4_X2_ZN:ZN (AND4_X2)                                |        | 0.008       | 0.000      | 0.017      |             | 0.058  | 0.436r          |
| alu_mod.bus_in_data_rs2_24__reg_p_D_AOI211_X1_ZN_C2_NAND3_X1_A2_ZN_OAI211_X1_A_C1_AOI221_X1_ZN_C1 (net)                                                  | 2      |             |            |            | 0.000       |        |                 |
| alu_mod.bus_in_data_rs2_31__reg_p_D_AOI211_X1_ZN_C2_NAND2_X1_A1_ZN_NAND3_X1_A2_ZN_AOI22_X1_B1_ZN_NAND4_X4_A4:A3 (NAND4_X4)                               |        | 0.006       | 0.000      | 0.017      |             | 0.000  | 0.436r          |
| alu_mod.bus_in_data_rs2_31__reg_p_D_AOI211_X1_ZN_C2_NAND2_X1_A1_ZN_NAND3_X1_A2_ZN_AOI22_X1_B1_ZN_NAND4_X4_A4:ZN (NAND4_X4)                               |        | 0.011       | 0.000      | 0.021      |             | 0.036  | 0.473f          |
| alu_mod.bus_in_rs1_0__AOI21_X1_B1_ZN_AOI22_X1_B1_A1_OR2_X1_ZN_A1 (net)                                                                                   | 4      |             |            |            | 0.000       |        |                 |
| csr_mod.regs[1]_7__MUX2_X1_A_Z_AOI22_X1_A2_B1_OAI22_X1_ZN_A2_MUX2_X1_A_B_XOR2_X1_Z_B_NOR4_X1_A3_ZN_NAND4_X1_A3_A2_NAND2_X1_A2_ZN_NOR4_X4_A1:A4 (NOR4_X4) |        | 0.006       | 0.000      | 0.021      |             | 0.000  | 0.473f          |
| csr_mod.regs[1]_7__MUX2_X1_A_Z_AOI22_X1_A2_B1_OAI22_X1_ZN_A2_MUX2_X1_A_B_XOR2_X1_Z_B_NOR4_X1_A3_ZN_NAND4_X1_A3_A2_NAND2_X1_A2_ZN_NOR4_X4_A1:ZN (NOR4_X4) |        | 0.011       | 0.000      | 0.053      |             | 0.098  | 0.570r          |
| alu_mod.bus_in_rs1_0__AOI21_X1_B1_ZN_AOI22_X1_B1_ZN_OR3_X2_A3_A2_NOR4_X1_ZN_A2 (net)                                                                     | 7      |             |            |            | 0.000       |        |                 |
| alu_mod.bus_in_rs1_0__AOI21_X1_B1_ZN_AOI22_X1_B1_ZN_OR3_X2_A3_A2_NOR4_X1_ZN:A2 (NOR4_X1)                                                                 |        | 0.002       | 0.000      | 0.053      |             | 0.000  | 0.570r          |
| alu_mod.bus_in_rs1_0__AOI21_X1_B1_ZN_AOI22_X1_B1_ZN_OR3_X2_A3_A2_NOR4_X1_ZN:ZN (NOR4_X1)                                                                 |        | 0.003       | 0.000      | 0.016      |             | 0.021  | 0.591f          |
| alu_mod.bus_in_rs1_0__AOI21_X1_B1_ZN_AOI22_X1_B1_ZN_OR3_X2_A3_A2 (net)                                                                                   | 2      |             |            |            | 0.000       |        |                 |
| alu_mod.bus_in_rs1_0__AOI21_X1_B1_ZN_AOI22_X1_B1_ZN_OR3_X2_A3:A2 (OR3_X2)                                                                                |        | 0.002       | 0.000      | 0.016      |             | 0.000  | 0.591f          |
| alu_mod.bus_in_rs1_0__AOI21_X1_B1_ZN_AOI22_X1_B1_ZN_OR3_X2_A3:ZN (OR3_X2)                                                                                |        | 0.005       | 0.000      | 0.014      |             | 0.077  | 0.668f          |
| alu_mod.bus_in_rs1_0__AOI21_X1_B1_ZN_AOI22_X1_B1_ZN_OR3_X2_A3_ZN (net)                                                                                   | 4      |             |            |            | 0.000       |        |                 |
| icache_mod.latest_row_reg_p_QN_NOR3_X1_A1_A3_OAI21_X1_A_B1_NAND2_X1_ZN_A1_INV_X1_ZN_A_AOI211_X4_B_A_NOR3_X1_ZN:A3 (NOR3_X1)                              |        | 0.002       | 0.000      | 0.014      |             | 0.000  | 0.668f          |
| icache_mod.latest_row_reg_p_QN_NOR3_X1_A1_A3_OAI21_X1_A_B1_NAND2_X1_ZN_A1_INV_X1_ZN_A_AOI211_X4_B_A_NOR3_X1_ZN:ZN (NOR3_X1)                              |        | 0.002       | 0.000      | 0.029      |             | 0.053  | 0.721r          |
| icache_mod.latest_row_reg_p_QN_NOR3_X1_A1_A3_OAI21_X1_A_B1_NAND2_X1_ZN_A1_INV_X1_ZN_A_AOI211_X4_B_A (net)                                                | 1      |             |            |            | 0.000       |        |                 |
| icache_mod.latest_row_reg_p_QN_NOR3_X1_A1_A3_OAI21_X1_A_B1_NAND2_X1_ZN_A1_INV_X1_ZN_A_AOI211_X4_B:A (AOI211_X4)                                          |        | 0.002       | 0.000      | 0.029      |             | 0.000  | 0.721r          |
| icache_mod.latest_row_reg_p_QN_NOR3_X1_A1_A3_OAI21_X1_A_B1_NAND2_X1_ZN_A1_INV_X1_ZN_A_AOI211_X4_B:ZN (AOI211_X4)                                         |        | 0.016       | 0.000      | 0.008      |             | 0.053  | 0.774f          |
| csr_mod.regs[1]_20__MUX2_X1_A_Z_AOI222_X1_B1_A1 (net)                                                                                                    | 6      |             |            |            | 0.000       |        |                 |
| io_master_arready_AND4_X1_A1_A4_OR2_X1_ZN_A2_NOR3_X1_ZN_A3_NOR4_X4_A4:A3 (NOR4_X4)                                                                       |        | 0.006       | 0.000      | 0.008      |             | 0.000  | 0.774f          |
| io_master_arready_AND4_X1_A1_A4_OR2_X1_ZN_A2_NOR3_X1_ZN_A3_NOR4_X4_A4:ZN (NOR4_X4)                                                                       |        | 0.009       | 0.000      | 0.049      |             | 0.083  | 0.857r          |
| io_master_rready_NAND2_X1_ZN_A2_OAI211_X1_ZN_C1 (net)                                                                                                    | 5      |             |            |            | 0.000       |        |                 |
| io_master_rvalid_NAND3_X1_A1_ZN_NOR2_X1_A2_ZN_OAI21_X1_A:B1 (OAI21_X1)                                                                                   |        | 0.002       | 0.000      | 0.049      |             | 0.000  | 0.857r          |
| io_master_rvalid_NAND3_X1_A1_ZN_NOR2_X1_A2_ZN_OAI21_X1_A:ZN (OAI21_X1)                                                                                   |        | 0.009       | 0.000      | 0.031      |             | 0.045  | 0.902f          |
| icache_mod.fill_count_0__reg_p_QN_MUX2_X1_A_S (net)                                                                                                      | 5      |             |            |            | 0.000       |        |                 |
| icache_mod.fill_count_0__reg_p_QN_MUX2_X1_A_S_NOR2_X2_A2:A2 (NOR2_X2)                                                                                    |        | 0.003       | 0.000      | 0.031      |             | 0.000  | 0.902f          |
| icache_mod.fill_count_0__reg_p_QN_MUX2_X1_A_S_NOR2_X2_A2:ZN (NOR2_X2)                                                                                    |        | 0.016       | 0.000      | 0.045      |             | 0.069  | 0.971r          |
| icache_mod.fill_count_0__reg_p_QN_MUX2_X1_A_S_NOR2_X2_A2_ZN (net)                                                                                        | 5      |             |            |            | 0.000       |        |                 |
| icache_mod.fill_count_0__reg_p_QN_MUX2_X1_A_S_NOR2_X2_A2_ZN_NAND3_X2_A3_1:A3 (NAND3_X2)                                                                  |        | 0.004       | 0.000      | 0.045      |             | 0.000  | 0.971r          |
| icache_mod.fill_count_0__reg_p_QN_MUX2_X1_A_S_NOR2_X2_A2_ZN_NAND3_X2_A3_1:ZN (NAND3_X2)                                                                  |        | 0.015       | 0.000      | 0.031      |             | 0.047  | 1.018f          |
| icache_mod.block_valid[3]_reg_p_D_OAI21_X1_ZN_B1 (net)                                                                                                   | 10     |             |            |            | 0.000       |        |                 |
| icache_mod.latest_row_OR3_X1_A1_1_ZN_NOR2_X1_A1_1:A2 (NOR2_X1)                                                                                           |        | 0.002       | 0.000      | 0.031      |             | 0.000  | 1.018f          |
| icache_mod.latest_row_OR3_X1_A1_1_ZN_NOR2_X1_A1_1:ZN (NOR2_X1)                                                                                           |        | 0.001       | 0.000      | 0.014      |             | 0.032  | 1.050r          |
| icache_mod.latest_row_OR3_X1_A1_1_ZN_NOR2_X1_A1_1_ZN (net)                                                                                               | 1      |             |            |            | 0.000       |        |                 |
| icache_mod.latest_row_OR3_X1_A1_1_ZN_NOR2_X1_A1_1_ZN_CLKGATE_X1_E:E (CLKGATE_X1)                                                                         |        | 0.001       | 0.000      | 0.014      |             | 0.000  | 1.050r          |
|                                                                                                                                                          |        |             |            |            |             |        |                 |
| clock (port)                                                                                                                                             |        | 0.779       | 0.000      | 0.000      |             | 0.000  | 0.000r          |
| clock (clock net)                                                                                                                                        | 761    |             |            |            | NA          |        |                 |
| icache_mod.latest_row_OR3_X1_A1_1_ZN_NOR2_X1_A1_1_ZN_CLKGATE_X1_E:CK (CLKGATE_X1)                                                                        |        | 0.002       | 0.000      | 0.000      |             | 0.000  | 0.000r          |
| clock core_clock (rise edge)                                                                                                                             |        |             |            |            |             | 1.769  | 1.769           |
| clock network delay (ideal)                                                                                                                              |        |             |            |            |             | 0.000  | 1.769           |
| icache_mod.latest_row_OR3_X1_A1_1_ZN_NOR2_X1_A1_1_ZN_CLKGATE_X1_E:CK (CLKGATE_X1)                                                                        |        |             |            |            |             |        | 1.769r          |
| library setup time                                                                                                                                       |        |             |            |            |             | -0.051 | 1.718           |
| clock reconvergence pessimism                                                                                                                            |        |             |            |            |             | 0.000  | 1.718           |
|                                                                                                                                                          |        |             |            |            |             |        |                 |
| path cell delay                                                                                                                                          |        |             |            |            |             |        | 1.050(100.000%) |
| path net delay                                                                                                                                           |        |             |            |            |             |        | 0.000(0.000%)   |
|                                                                                                                                                          |        |             |            |            |             |        |                 |
| data require time                                                                                                                                        |        |             |            |            |             |        | 1.718           |
| data arrival time                                                                                                                                        |        |             |            |            |             |        | 1.050           |
| slack (MET)                                                                                                                                              |        |             |            |            |             |        | 0.668           |
+----------------------------------------------------------------------------------------------------------------------------------------------------------+--------+-------------+------------+------------+-------------+--------+-----------------+
+------------------------------------------------------------------------+--------+-------------+------------+------------+-------------+--------+-----------------+
| Point                                                                  | Fanout | Capacitance | Resistance | Transition | Delta Delay | Incr   | Path            |
+------------------------------------------------------------------------+--------+-------------+------------+------------+-------------+--------+-----------------+
| clock (port)                                                           |        | 0.779       | 0.000      | 0.000      |             | 0.000  | 0.000r          |
| clock (clock net)                                                      | 761    |             |            |            | NA          |        |                 |
| alu_mod.bus_in_imm_2__reg_p:CK (DFF_X1)                                |        | 0.001       | 0.000      | 0.000      |             | 0.000  | 0.000r          |
| clock core_clock (rise edge)                                           |        |             |            |            |             | 0      | 0               |
| clock network delay (ideal)                                            |        |             |            |            |             | 0.000  | 0.000           |
| alu_mod.bus_in_imm_2__reg_p:CK (DFF_X1)                                |        | 0.001       | 0.000      | 0.000      |             | 0.000  | 0.000r          |
| alu_mod.bus_in_imm_2__reg_p:Q (DFF_X1)                                 |        | 0.007       | 0.000      | 0.011      |             | 0.087  | 0.087f          |
| alu_mod.bus_in_imm_2_ (net)                                            | 6      |             |            |            | 0.000       |        |                 |
| ifu_mod.block_offset[0]_1__reg_p:D (DFF_X1)                            |        | 0.001       | 0.000      | 0.011      |             | 0.000  | 0.087f          |
|                                                                        |        |             |            |            |             |        |                 |
| clock (port)                                                           |        | 0.779       | 0.000      | 0.000      |             | 0.000  | 0.000r          |
| clock (clock net)                                                      | 761    |             |            |            | NA          |        |                 |
| alu_mod.bus_out_next_pc_2__AND2_X1_A1_ZN_CLKGATE_X1_E:CK (CLKGATE_X1)  |        | 0.002       | 0.000      | 0.000      |             | 0.000  | 0.000r          |
| alu_mod.bus_out_next_pc_2__AND2_X1_A1_ZN_CLKGATE_X1_E:GCK (CLKGATE_X1) |        | 0.039       | 0.000      | 0.000      |             | 0.000  | 0.000r          |
| ifu_mod.block_tag[0]_9__reg_p_CK (clock net)                           | 41     |             |            |            | NA          |        |                 |
| ifu_mod.block_offset[0]_1__reg_p:CK (DFF_X1)                           |        | 0.001       | 0.000      | 0.000      |             | 0.000  | 0.000r          |
| clock core_clock (rise edge)                                           |        |             |            |            |             | 0      | 0               |
| clock network delay (ideal)                                            |        |             |            |            |             | 0.000  | 0.000           |
| ifu_mod.block_offset[0]_1__reg_p:CK (DFF_X1)                           |        |             |            |            |             |        | 0.000r          |
| library hold time                                                      |        |             |            |            |             | 0.002  | 0.002           |
| clock reconvergence pessimism                                          |        |             |            |            |             | -0.000 | 0.002           |
|                                                                        |        |             |            |            |             |        |                 |
| path cell delay                                                        |        |             |            |            |             |        | 0.087(100.000%) |
| path net delay                                                         |        |             |            |            |             |        | 0.000(0.000%)   |
|                                                                        |        |             |            |            |             |        |                 |
| data require time                                                      |        |             |            |            |             |        | 0.002           |
| data arrival time                                                      |        |             |            |            |             |        | 0.087           |
| slack (MET)                                                            |        |             |            |            |             |        | 0.085           |
+------------------------------------------------------------------------+--------+-------------+------------+------------+-------------+--------+-----------------+
+------------------------------------------------------------------------+--------+-------------+------------+------------+-------------+--------+-----------------+
| Point                                                                  | Fanout | Capacitance | Resistance | Transition | Delta Delay | Incr   | Path            |
+------------------------------------------------------------------------+--------+-------------+------------+------------+-------------+--------+-----------------+
| clock (port)                                                           |        | 0.779       | 0.000      | 0.000      |             | 0.000  | 0.000r          |
| clock (clock net)                                                      | 761    |             |            |            | NA          |        |                 |
| alu_mod.bus_in_imm_2__reg_p:CK (DFF_X1)                                |        | 0.001       | 0.000      | 0.000      |             | 0.000  | 0.000r          |
| clock core_clock (rise edge)                                           |        |             |            |            |             | 0      | 0               |
| clock network delay (ideal)                                            |        |             |            |            |             | 0.000  | 0.000           |
| alu_mod.bus_in_imm_2__reg_p:CK (DFF_X1)                                |        | 0.001       | 0.000      | 0.000      |             | 0.000  | 0.000r          |
| alu_mod.bus_in_imm_2__reg_p:Q (DFF_X1)                                 |        | 0.007       | 0.000      | 0.011      |             | 0.087  | 0.087f          |
| alu_mod.bus_in_imm_2_ (net)                                            | 6      |             |            |            | 0.000       |        |                 |
| ifu_mod.block_offset[0]_1__reg_p:D (DFF_X1)                            |        | 0.001       | 0.000      | 0.011      |             | 0.000  | 0.087f          |
|                                                                        |        |             |            |            |             |        |                 |
| clock (port)                                                           |        | 0.779       | 0.000      | 0.000      |             | 0.000  | 0.000r          |
| clock (clock net)                                                      | 761    |             |            |            | NA          |        |                 |
| alu_mod.bus_out_next_pc_2__AND2_X1_A1_ZN_CLKGATE_X1_E:CK (CLKGATE_X1)  |        | 0.002       | 0.000      | 0.000      |             | 0.000  | 0.000r          |
| alu_mod.bus_out_next_pc_2__AND2_X1_A1_ZN_CLKGATE_X1_E:GCK (CLKGATE_X1) |        | 0.039       | 0.000      | 0.000      |             | 0.000  | 0.000r          |
| ifu_mod.block_tag[0]_9__reg_p_CK (clock net)                           | 41     |             |            |            | NA          |        |                 |
| ifu_mod.block_offset[0]_1__reg_p:CK (DFF_X1)                           |        | 0.001       | 0.000      | 0.000      |             | 0.000  | 0.000r          |
| clock core_clock (rise edge)                                           |        |             |            |            |             | 0      | 0               |
| clock network delay (ideal)                                            |        |             |            |            |             | 0.000  | 0.000           |
| ifu_mod.block_offset[0]_1__reg_p:CK (DFF_X1)                           |        |             |            |            |             |        | 0.000r          |
| library hold time                                                      |        |             |            |            |             | 0.002  | 0.002           |
| clock reconvergence pessimism                                          |        |             |            |            |             | -0.000 | 0.002           |
|                                                                        |        |             |            |            |             |        |                 |
| path cell delay                                                        |        |             |            |            |             |        | 0.087(100.000%) |
| path net delay                                                         |        |             |            |            |             |        | 0.000(0.000%)   |
|                                                                        |        |             |            |            |             |        |                 |
| data require time                                                      |        |             |            |            |             |        | 0.002           |
| data arrival time                                                      |        |             |            |            |             |        | 0.087           |
| slack (MET)                                                            |        |             |            |            |             |        | 0.085           |
+------------------------------------------------------------------------+--------+-------------+------------+------------+-------------+--------+-----------------+
+---------------------------------------------------------------------------------------------+--------+-------------+------------+------------+-------------+--------+-----------------+
| Point                                                                                       | Fanout | Capacitance | Resistance | Transition | Delta Delay | Incr   | Path            |
+---------------------------------------------------------------------------------------------+--------+-------------+------------+------------+-------------+--------+-----------------+
| clock (port)                                                                                |        | 0.779       | 0.000      | 0.000      |             | 0.000  | 0.000r          |
| clock (clock net)                                                                           | 761    |             |            |            | NA          |        |                 |
| alu_mod.bus_in_imm_2__reg_p:CK (DFF_X1)                                                     |        | 0.001       | 0.000      | 0.000      |             | 0.000  | 0.000r          |
| clock core_clock (rise edge)                                                                |        |             |            |            |             | 0      | 0               |
| clock network delay (ideal)                                                                 |        |             |            |            |             | 0.000  | 0.000           |
| alu_mod.bus_in_imm_2__reg_p:CK (DFF_X1)                                                     |        | 0.001       | 0.000      | 0.000      |             | 0.000  | 0.000r          |
| alu_mod.bus_in_imm_2__reg_p:Q (DFF_X1)                                                      |        | 0.007       | 0.000      | 0.011      |             | 0.087  | 0.087f          |
| alu_mod.bus_in_imm_2_ (net)                                                                 | 6      |             |            |            | 0.000       |        |                 |
| ifu_mod.block_offset[1]_1__reg_p:D (DFF_X1)                                                 |        | 0.001       | 0.000      | 0.011      |             | 0.000  | 0.087f          |
|                                                                                             |        |             |            |            |             |        |                 |
| clock (port)                                                                                |        | 0.779       | 0.000      | 0.000      |             | 0.000  | 0.000r          |
| clock (clock net)                                                                           | 761    |             |            |            | NA          |        |                 |
| ifu_mod.block_valid[1]_reg_p_CK_CLKGATE_X1_GCK_E_OR2_X1_ZN_A2_CLKGATE_X1_E:CK (CLKGATE_X1)  |        | 0.002       | 0.000      | 0.000      |             | 0.000  | 0.000r          |
| ifu_mod.block_valid[1]_reg_p_CK_CLKGATE_X1_GCK_E_OR2_X1_ZN_A2_CLKGATE_X1_E:GCK (CLKGATE_X1) |        | 0.039       | 0.000      | 0.000      |             | 0.000  | 0.000r          |
| ifu_mod.block_tag[1]_9__reg_p_CK (clock net)                                                | 41     |             |            |            | NA          |        |                 |
| ifu_mod.block_offset[1]_1__reg_p:CK (DFF_X1)                                                |        | 0.001       | 0.000      | 0.000      |             | 0.000  | 0.000r          |
| clock core_clock (rise edge)                                                                |        |             |            |            |             | 0      | 0               |
| clock network delay (ideal)                                                                 |        |             |            |            |             | 0.000  | 0.000           |
| ifu_mod.block_offset[1]_1__reg_p:CK (DFF_X1)                                                |        |             |            |            |             |        | 0.000r          |
| library hold time                                                                           |        |             |            |            |             | 0.002  | 0.002           |
| clock reconvergence pessimism                                                               |        |             |            |            |             | -0.000 | 0.002           |
|                                                                                             |        |             |            |            |             |        |                 |
| path cell delay                                                                             |        |             |            |            |             |        | 0.087(100.000%) |
| path net delay                                                                              |        |             |            |            |             |        | 0.000(0.000%)   |
|                                                                                             |        |             |            |            |             |        |                 |
| data require time                                                                           |        |             |            |            |             |        | 0.002           |
| data arrival time                                                                           |        |             |            |            |             |        | 0.087           |
| slack (MET)                                                                                 |        |             |            |            |             |        | 0.085           |
+---------------------------------------------------------------------------------------------+--------+-------------+------------+------------+-------------+--------+-----------------+
+---------------------------------------------------------------------------------------------+--------+-------------+------------+------------+-------------+--------+-----------------+
| Point                                                                                       | Fanout | Capacitance | Resistance | Transition | Delta Delay | Incr   | Path            |
+---------------------------------------------------------------------------------------------+--------+-------------+------------+------------+-------------+--------+-----------------+
| clock (port)                                                                                |        | 0.779       | 0.000      | 0.000      |             | 0.000  | 0.000r          |
| clock (clock net)                                                                           | 761    |             |            |            | NA          |        |                 |
| alu_mod.bus_in_imm_2__reg_p:CK (DFF_X1)                                                     |        | 0.001       | 0.000      | 0.000      |             | 0.000  | 0.000r          |
| clock core_clock (rise edge)                                                                |        |             |            |            |             | 0      | 0               |
| clock network delay (ideal)                                                                 |        |             |            |            |             | 0.000  | 0.000           |
| alu_mod.bus_in_imm_2__reg_p:CK (DFF_X1)                                                     |        | 0.001       | 0.000      | 0.000      |             | 0.000  | 0.000r          |
| alu_mod.bus_in_imm_2__reg_p:Q (DFF_X1)                                                      |        | 0.007       | 0.000      | 0.011      |             | 0.087  | 0.087f          |
| alu_mod.bus_in_imm_2_ (net)                                                                 | 6      |             |            |            | 0.000       |        |                 |
| ifu_mod.block_offset[1]_1__reg_p:D (DFF_X1)                                                 |        | 0.001       | 0.000      | 0.011      |             | 0.000  | 0.087f          |
|                                                                                             |        |             |            |            |             |        |                 |
| clock (port)                                                                                |        | 0.779       | 0.000      | 0.000      |             | 0.000  | 0.000r          |
| clock (clock net)                                                                           | 761    |             |            |            | NA          |        |                 |
| ifu_mod.block_valid[1]_reg_p_CK_CLKGATE_X1_GCK_E_OR2_X1_ZN_A2_CLKGATE_X1_E:CK (CLKGATE_X1)  |        | 0.002       | 0.000      | 0.000      |             | 0.000  | 0.000r          |
| ifu_mod.block_valid[1]_reg_p_CK_CLKGATE_X1_GCK_E_OR2_X1_ZN_A2_CLKGATE_X1_E:GCK (CLKGATE_X1) |        | 0.039       | 0.000      | 0.000      |             | 0.000  | 0.000r          |
| ifu_mod.block_tag[1]_9__reg_p_CK (clock net)                                                | 41     |             |            |            | NA          |        |                 |
| ifu_mod.block_offset[1]_1__reg_p:CK (DFF_X1)                                                |        | 0.001       | 0.000      | 0.000      |             | 0.000  | 0.000r          |
| clock core_clock (rise edge)                                                                |        |             |            |            |             | 0      | 0               |
| clock network delay (ideal)                                                                 |        |             |            |            |             | 0.000  | 0.000           |
| ifu_mod.block_offset[1]_1__reg_p:CK (DFF_X1)                                                |        |             |            |            |             |        | 0.000r          |
| library hold time                                                                           |        |             |            |            |             | 0.002  | 0.002           |
| clock reconvergence pessimism                                                               |        |             |            |            |             | -0.000 | 0.002           |
|                                                                                             |        |             |            |            |             |        |                 |
| path cell delay                                                                             |        |             |            |            |             |        | 0.087(100.000%) |
| path net delay                                                                              |        |             |            |            |             |        | 0.000(0.000%)   |
|                                                                                             |        |             |            |            |             |        |                 |
| data require time                                                                           |        |             |            |            |             |        | 0.002           |
| data arrival time                                                                           |        |             |            |            |             |        | 0.087           |
| slack (MET)                                                                                 |        |             |            |            |             |        | 0.085           |
+---------------------------------------------------------------------------------------------+--------+-------------+------------+------------+-------------+--------+-----------------+
+---------------------------------------------------------------------------------------------+--------+-------------+------------+------------+-------------+--------+-----------------+
| Point                                                                                       | Fanout | Capacitance | Resistance | Transition | Delta Delay | Incr   | Path            |
+---------------------------------------------------------------------------------------------+--------+-------------+------------+------------+-------------+--------+-----------------+
| clock (port)                                                                                |        | 0.779       | 0.000      | 0.000      |             | 0.000  | 0.000r          |
| clock (clock net)                                                                           | 761    |             |            |            | NA          |        |                 |
| alu_mod.bus_in_imm_2__reg_p:CK (DFF_X1)                                                     |        | 0.001       | 0.000      | 0.000      |             | 0.000  | 0.000r          |
| clock core_clock (rise edge)                                                                |        |             |            |            |             | 0      | 0               |
| clock network delay (ideal)                                                                 |        |             |            |            |             | 0.000  | 0.000           |
| alu_mod.bus_in_imm_2__reg_p:CK (DFF_X1)                                                     |        | 0.001       | 0.000      | 0.000      |             | 0.000  | 0.000r          |
| alu_mod.bus_in_imm_2__reg_p:Q (DFF_X1)                                                      |        | 0.007       | 0.000      | 0.011      |             | 0.087  | 0.087f          |
| alu_mod.bus_in_imm_2_ (net)                                                                 | 6      |             |            |            | 0.000       |        |                 |
| ifu_mod.block_offset[2]_1__reg_p:D (DFF_X1)                                                 |        | 0.001       | 0.000      | 0.011      |             | 0.000  | 0.087f          |
|                                                                                             |        |             |            |            |             |        |                 |
| clock (port)                                                                                |        | 0.779       | 0.000      | 0.000      |             | 0.000  | 0.000r          |
| clock (clock net)                                                                           | 761    |             |            |            | NA          |        |                 |
| ifu_mod.block_valid[2]_reg_p_CK_CLKGATE_X1_GCK_E_OR2_X1_ZN_A2_CLKGATE_X1_E:CK (CLKGATE_X1)  |        | 0.002       | 0.000      | 0.000      |             | 0.000  | 0.000r          |
| ifu_mod.block_valid[2]_reg_p_CK_CLKGATE_X1_GCK_E_OR2_X1_ZN_A2_CLKGATE_X1_E:GCK (CLKGATE_X1) |        | 0.039       | 0.000      | 0.000      |             | 0.000  | 0.000r          |
| ifu_mod.block_tag[2]_9__reg_p_CK (clock net)                                                | 41     |             |            |            | NA          |        |                 |
| ifu_mod.block_offset[2]_1__reg_p:CK (DFF_X1)                                                |        | 0.001       | 0.000      | 0.000      |             | 0.000  | 0.000r          |
| clock core_clock (rise edge)                                                                |        |             |            |            |             | 0      | 0               |
| clock network delay (ideal)                                                                 |        |             |            |            |             | 0.000  | 0.000           |
| ifu_mod.block_offset[2]_1__reg_p:CK (DFF_X1)                                                |        |             |            |            |             |        | 0.000r          |
| library hold time                                                                           |        |             |            |            |             | 0.002  | 0.002           |
| clock reconvergence pessimism                                                               |        |             |            |            |             | -0.000 | 0.002           |
|                                                                                             |        |             |            |            |             |        |                 |
| path cell delay                                                                             |        |             |            |            |             |        | 0.087(100.000%) |
| path net delay                                                                              |        |             |            |            |             |        | 0.000(0.000%)   |
|                                                                                             |        |             |            |            |             |        |                 |
| data require time                                                                           |        |             |            |            |             |        | 0.002           |
| data arrival time                                                                           |        |             |            |            |             |        | 0.087           |
| slack (MET)                                                                                 |        |             |            |            |             |        | 0.085           |
+---------------------------------------------------------------------------------------------+--------+-------------+------------+------------+-------------+--------+-----------------+
+-----------------------------------------------------------------------+--------+-------------+------------+------------+-------------+--------+-----------------+
| Point                                                                 | Fanout | Capacitance | Resistance | Transition | Delta Delay | Incr   | Path            |
+-----------------------------------------------------------------------+--------+-------------+------------+------------+-------------+--------+-----------------+
| clock (port)                                                          |        | 0.779       | 0.000      | 0.000      |             | 0.000  | 0.000r          |
| clock (clock net)                                                     | 761    |             |            |            | NA          |        |                 |
| alu_mod.bus_in_pc_2__reg_p:CK (DFF_X1)                                |        | 0.001       | 0.000      | 0.000      |             | 0.000  | 0.000r          |
| clock core_clock (rise edge)                                          |        |             |            |            |             | 0      | 0               |
| clock network delay (ideal)                                           |        |             |            |            |             | 0.000  | 0.000           |
| alu_mod.bus_in_pc_2__reg_p:CK (DFF_X1)                                |        | 0.001       | 0.000      | 0.000      |             | 0.000  | 0.000r          |
| alu_mod.bus_in_pc_2__reg_p:QN (DFF_X1)                                |        | 0.003       | 0.000      | 0.015      |             | 0.069  | 0.069r          |
| alu_mod.bus_out_next_pc_2_ (net)                                      | 3      |             |            |            | 0.000       |        |                 |
| alu_mod.bus_out_next_pc_2__AND2_X1_A1:A1 (AND2_X1)                    |        | 0.001       | 0.000      | 0.015      |             | 0.000  | 0.069r          |
| alu_mod.bus_out_next_pc_2__AND2_X1_A1:ZN (AND2_X1)                    |        | 0.002       | 0.000      | 0.009      |             | 0.033  | 0.102r          |
| alu_mod.bus_out_next_pc_2__AND2_X1_A1_ZN (net)                        | 2      |             |            |            | 0.000       |        |                 |
| alu_mod.bus_out_next_pc_2__AND2_X1_A1_ZN_CLKGATE_X1_E:E (CLKGATE_X1)  |        | 0.001       | 0.000      | 0.009      |             | 0.000  | 0.102r          |
|                                                                       |        |             |            |            |             |        |                 |
| clock (port)                                                          |        | 0.779       | 0.000      | 0.000      |             | 0.000  | 0.000r          |
| clock (clock net)                                                     | 761    |             |            |            | NA          |        |                 |
| alu_mod.bus_out_next_pc_2__AND2_X1_A1_ZN_CLKGATE_X1_E:CK (CLKGATE_X1) |        | 0.002       | 0.000      | 0.000      |             | 0.000  | 0.000r          |
| clock core_clock (rise edge)                                          |        |             |            |            |             | 0      | 0               |
| clock network delay (ideal)                                           |        |             |            |            |             | 0.000  | 0.000           |
| alu_mod.bus_out_next_pc_2__AND2_X1_A1_ZN_CLKGATE_X1_E:CK (CLKGATE_X1) |        |             |            |            |             |        | 0.000r          |
| library hold time                                                     |        |             |            |            |             | -0.001 | -0.001          |
| clock reconvergence pessimism                                         |        |             |            |            |             | -0.000 | -0.001          |
|                                                                       |        |             |            |            |             |        |                 |
| path cell delay                                                       |        |             |            |            |             |        | 0.102(100.000%) |
| path net delay                                                        |        |             |            |            |             |        | 0.000(0.000%)   |
|                                                                       |        |             |            |            |             |        |                 |
| data require time                                                     |        |             |            |            |             |        | -0.001          |
| data arrival time                                                     |        |             |            |            |             |        | 0.102           |
| slack (MET)                                                           |        |             |            |            |             |        | 0.103           |
+-----------------------------------------------------------------------+--------+-------------+------------+------------+-------------+--------+-----------------+
+-----------------------------------------------------------------------+--------+-------------+------------+------------+-------------+--------+-----------------+
| Point                                                                 | Fanout | Capacitance | Resistance | Transition | Delta Delay | Incr   | Path            |
+-----------------------------------------------------------------------+--------+-------------+------------+------------+-------------+--------+-----------------+
| clock (port)                                                          |        | 0.779       | 0.000      | 0.000      |             | 0.000  | 0.000r          |
| clock (clock net)                                                     | 761    |             |            |            | NA          |        |                 |
| alu_mod.bus_in_pc_2__reg_p:CK (DFF_X1)                                |        | 0.001       | 0.000      | 0.000      |             | 0.000  | 0.000r          |
| clock core_clock (rise edge)                                          |        |             |            |            |             | 0      | 0               |
| clock network delay (ideal)                                           |        |             |            |            |             | 0.000  | 0.000           |
| alu_mod.bus_in_pc_2__reg_p:CK (DFF_X1)                                |        | 0.001       | 0.000      | 0.000      |             | 0.000  | 0.000r          |
| alu_mod.bus_in_pc_2__reg_p:QN (DFF_X1)                                |        | 0.003       | 0.000      | 0.014      |             | 0.069  | 0.069f          |
| alu_mod.bus_out_next_pc_2_ (net)                                      | 3      |             |            |            | 0.000       |        |                 |
| alu_mod.bus_out_next_pc_2__AND2_X1_A1:A1 (AND2_X1)                    |        | 0.001       | 0.000      | 0.014      |             | 0.000  | 0.069f          |
| alu_mod.bus_out_next_pc_2__AND2_X1_A1:ZN (AND2_X1)                    |        | 0.002       | 0.000      | 0.006      |             | 0.032  | 0.101f          |
| alu_mod.bus_out_next_pc_2__AND2_X1_A1_ZN (net)                        | 2      |             |            |            | 0.000       |        |                 |
| alu_mod.bus_out_next_pc_2__AND2_X1_A1_ZN_CLKGATE_X1_E:E (CLKGATE_X1)  |        | 0.001       | 0.000      | 0.006      |             | 0.000  | 0.101f          |
|                                                                       |        |             |            |            |             |        |                 |
| clock (port)                                                          |        | 0.779       | 0.000      | 0.000      |             | 0.000  | 0.000r          |
| clock (clock net)                                                     | 761    |             |            |            | NA          |        |                 |
| alu_mod.bus_out_next_pc_2__AND2_X1_A1_ZN_CLKGATE_X1_E:CK (CLKGATE_X1) |        | 0.002       | 0.000      | 0.000      |             | 0.000  | 0.000r          |
| clock core_clock (rise edge)                                          |        |             |            |            |             | 0      | 0               |
| clock network delay (ideal)                                           |        |             |            |            |             | 0.000  | 0.000           |
| alu_mod.bus_out_next_pc_2__AND2_X1_A1_ZN_CLKGATE_X1_E:CK (CLKGATE_X1) |        |             |            |            |             |        | 0.000r          |
| library hold time                                                     |        |             |            |            |             | -0.016 | -0.016          |
| clock reconvergence pessimism                                         |        |             |            |            |             | -0.000 | -0.016          |
|                                                                       |        |             |            |            |             |        |                 |
| path cell delay                                                       |        |             |            |            |             |        | 0.101(100.000%) |
| path net delay                                                        |        |             |            |            |             |        | 0.000(0.000%)   |
|                                                                       |        |             |            |            |             |        |                 |
| data require time                                                     |        |             |            |            |             |        | -0.016          |
| data arrival time                                                     |        |             |            |            |             |        | 0.101           |
| slack (MET)                                                           |        |             |            |            |             |        | 0.117           |
+-----------------------------------------------------------------------+--------+-------------+------------+------------+-------------+--------+-----------------+
+--------------------------------------------------------------------------------------------+--------+-------------+------------+------------+-------------+--------+-----------------+
| Point                                                                                      | Fanout | Capacitance | Resistance | Transition | Delta Delay | Incr   | Path            |
+--------------------------------------------------------------------------------------------+--------+-------------+------------+------------+-------------+--------+-----------------+
| clock (port)                                                                               |        | 0.779       | 0.000      | 0.000      |             | 0.000  | 0.000r          |
| clock (clock net)                                                                          | 761    |             |            |            | NA          |        |                 |
| ifu_mod.latest_row_reg_p:CK (DFF_X1)                                                       |        | 0.001       | 0.000      | 0.000      |             | 0.000  | 0.000r          |
| clock core_clock (rise edge)                                                               |        |             |            |            |             | 0      | 0               |
| clock network delay (ideal)                                                                |        |             |            |            |             | 0.000  | 0.000           |
| ifu_mod.latest_row_reg_p:CK (DFF_X1)                                                       |        | 0.001       | 0.000      | 0.000      |             | 0.000  | 0.000r          |
| ifu_mod.latest_row_reg_p:Q (DFF_X1)                                                        |        | 0.007       | 0.000      | 0.019      |             | 0.096  | 0.096r          |
| ifu_mod.latest_row (net)                                                                   | 5      |             |            |            | 0.000       |        |                 |
| ifu_mod.block_valid[1]_reg_p_CK_CLKGATE_X1_GCK_E_OR2_X1_ZN_A2_NOR3_X1_ZN:A2 (NOR3_X1)      |        | 0.002       | 0.000      | 0.019      |             | 0.000  | 0.096r          |
| ifu_mod.block_valid[1]_reg_p_CK_CLKGATE_X1_GCK_E_OR2_X1_ZN_A2_NOR3_X1_ZN:ZN (NOR3_X1)      |        | 0.002       | 0.000      | 0.008      |             | 0.014  | 0.110f          |
| ifu_mod.block_valid[1]_reg_p_CK_CLKGATE_X1_GCK_E_OR2_X1_ZN_A2 (net)                        | 2      |             |            |            | 0.000       |        |                 |
| ifu_mod.block_valid[1]_reg_p_CK_CLKGATE_X1_GCK_E_OR2_X1_ZN_A2_CLKGATE_X1_E:E (CLKGATE_X1)  |        | 0.001       | 0.000      | 0.008      |             | 0.000  | 0.110f          |
|                                                                                            |        |             |            |            |             |        |                 |
| clock (port)                                                                               |        | 0.779       | 0.000      | 0.000      |             | 0.000  | 0.000r          |
| clock (clock net)                                                                          | 761    |             |            |            | NA          |        |                 |
| ifu_mod.block_valid[1]_reg_p_CK_CLKGATE_X1_GCK_E_OR2_X1_ZN_A2_CLKGATE_X1_E:CK (CLKGATE_X1) |        | 0.002       | 0.000      | 0.000      |             | 0.000  | 0.000r          |
| clock core_clock (rise edge)                                                               |        |             |            |            |             | 0      | 0               |
| clock network delay (ideal)                                                                |        |             |            |            |             | 0.000  | 0.000           |
| ifu_mod.block_valid[1]_reg_p_CK_CLKGATE_X1_GCK_E_OR2_X1_ZN_A2_CLKGATE_X1_E:CK (CLKGATE_X1) |        |             |            |            |             |        | 0.000r          |
| library hold time                                                                          |        |             |            |            |             | -0.015 | -0.015          |
| clock reconvergence pessimism                                                              |        |             |            |            |             | -0.000 | -0.015          |
|                                                                                            |        |             |            |            |             |        |                 |
| path cell delay                                                                            |        |             |            |            |             |        | 0.110(100.000%) |
| path net delay                                                                             |        |             |            |            |             |        | 0.000(0.000%)   |
|                                                                                            |        |             |            |            |             |        |                 |
| data require time                                                                          |        |             |            |            |             |        | -0.015          |
| data arrival time                                                                          |        |             |            |            |             |        | 0.110           |
| slack (MET)                                                                                |        |             |            |            |             |        | 0.125           |
+--------------------------------------------------------------------------------------------+--------+-------------+------------+------------+-------------+--------+-----------------+
+------------------------------------------------------------------------+--------+-------------+------------+------------+-------------+--------+-----------------+
| Point                                                                  | Fanout | Capacitance | Resistance | Transition | Delta Delay | Incr   | Path            |
+------------------------------------------------------------------------+--------+-------------+------------+------------+-------------+--------+-----------------+
| clock (port)                                                           |        | 0.779       | 0.000      | 0.000      |             | 0.000  | 0.000r          |
| clock (clock net)                                                      | 761    |             |            |            | NA          |        |                 |
| alu_mod.bus_in_pc_2__reg_p:CK (DFF_X1)                                 |        | 0.001       | 0.000      | 0.000      |             | 0.000  | 0.000r          |
| clock core_clock (rise edge)                                           |        |             |            |            |             | 0      | 0               |
| clock network delay (ideal)                                            |        |             |            |            |             | 0.000  | 0.000           |
| alu_mod.bus_in_pc_2__reg_p:CK (DFF_X1)                                 |        | 0.001       | 0.000      | 0.000      |             | 0.000  | 0.000r          |
| alu_mod.bus_in_pc_2__reg_p:QN (DFF_X1)                                 |        | 0.003       | 0.000      | 0.015      |             | 0.069  | 0.069r          |
| alu_mod.bus_out_next_pc_2_ (net)                                       | 3      |             |            |            | 0.000       |        |                 |
| alu_mod.bus_out_next_pc_2__AND2_X1_A1:A1 (AND2_X1)                     |        | 0.001       | 0.000      | 0.015      |             | 0.000  | 0.069r          |
| alu_mod.bus_out_next_pc_2__AND2_X1_A1:ZN (AND2_X1)                     |        | 0.002       | 0.000      | 0.009      |             | 0.033  | 0.102r          |
| alu_mod.bus_out_next_pc_2__AND2_X1_A1_ZN (net)                         | 2      |             |            |            | 0.000       |        |                 |
| ifu_mod.block_valid[0]_reg_p_CK_CLKGATE_X1_GCK_E_OR2_X1_ZN:A2 (OR2_X1) |        | 0.001       | 0.000      | 0.009      |             | 0.000  | 0.102r          |
| ifu_mod.block_valid[0]_reg_p_CK_CLKGATE_X1_GCK_E_OR2_X1_ZN:ZN (OR2_X1) |        | 0.001       | 0.000      | 0.006      |             | 0.022  | 0.125r          |
| ifu_mod.block_valid[0]_reg_p_CK_CLKGATE_X1_GCK_E (net)                 | 1      |             |            |            | 0.000       |        |                 |
| ifu_mod.block_valid[0]_reg_p_CK_CLKGATE_X1_GCK:E (CLKGATE_X1)          |        | 0.001       | 0.000      | 0.006      |             | 0.000  | 0.125r          |
|                                                                        |        |             |            |            |             |        |                 |
| clock (port)                                                           |        | 0.779       | 0.000      | 0.000      |             | 0.000  | 0.000r          |
| clock (clock net)                                                      | 761    |             |            |            | NA          |        |                 |
| ifu_mod.block_valid[0]_reg_p_CK_CLKGATE_X1_GCK:CK (CLKGATE_X1)         |        | 0.002       | 0.000      | 0.000      |             | 0.000  | 0.000r          |
| clock core_clock (rise edge)                                           |        |             |            |            |             | 0      | 0               |
| clock network delay (ideal)                                            |        |             |            |            |             | 0.000  | 0.000           |
| ifu_mod.block_valid[0]_reg_p_CK_CLKGATE_X1_GCK:CK (CLKGATE_X1)         |        |             |            |            |             |        | 0.000r          |
| library hold time                                                      |        |             |            |            |             | -0.002 | -0.002          |
| clock reconvergence pessimism                                          |        |             |            |            |             | -0.000 | -0.002          |
|                                                                        |        |             |            |            |             |        |                 |
| path cell delay                                                        |        |             |            |            |             |        | 0.125(100.000%) |
| path net delay                                                         |        |             |            |            |             |        | 0.000(0.000%)   |
|                                                                        |        |             |            |            |             |        |                 |
| data require time                                                      |        |             |            |            |             |        | -0.002          |
| data arrival time                                                      |        |             |            |            |             |        | 0.125           |
| slack (MET)                                                            |        |             |            |            |             |        | 0.126           |
+------------------------------------------------------------------------+--------+-------------+------------+------------+-------------+--------+-----------------+
+--------------------------------------------------------------------------------------------+--------+-------------+------------+------------+-------------+--------+-----------------+
| Point                                                                                      | Fanout | Capacitance | Resistance | Transition | Delta Delay | Incr   | Path            |
+--------------------------------------------------------------------------------------------+--------+-------------+------------+------------+-------------+--------+-----------------+
| clock (port)                                                                               |        | 0.779       | 0.000      | 0.000      |             | 0.000  | 0.000r          |
| clock (clock net)                                                                          | 761    |             |            |            | NA          |        |                 |
| ifu_mod.latest_row_reg_p:CK (DFF_X1)                                                       |        | 0.001       | 0.000      | 0.000      |             | 0.000  | 0.000r          |
| clock core_clock (rise edge)                                                               |        |             |            |            |             | 0      | 0               |
| clock network delay (ideal)                                                                |        |             |            |            |             | 0.000  | 0.000           |
| ifu_mod.latest_row_reg_p:CK (DFF_X1)                                                       |        | 0.001       | 0.000      | 0.000      |             | 0.000  | 0.000r          |
| ifu_mod.latest_row_reg_p:Q (DFF_X1)                                                        |        | 0.006       | 0.000      | 0.011      |             | 0.087  | 0.087f          |
| ifu_mod.latest_row (net)                                                                   | 5      |             |            |            | 0.000       |        |                 |
| ifu_mod.block_valid[1]_reg_p_CK_CLKGATE_X1_GCK_E_OR2_X1_ZN_A2_NOR3_X1_ZN:A2 (NOR3_X1)      |        | 0.002       | 0.000      | 0.011      |             | 0.000  | 0.087f          |
| ifu_mod.block_valid[1]_reg_p_CK_CLKGATE_X1_GCK_E_OR2_X1_ZN_A2_NOR3_X1_ZN:ZN (NOR3_X1)      |        | 0.002       | 0.000      | 0.029      |             | 0.048  | 0.135r          |
| ifu_mod.block_valid[1]_reg_p_CK_CLKGATE_X1_GCK_E_OR2_X1_ZN_A2 (net)                        | 2      |             |            |            | 0.000       |        |                 |
| ifu_mod.block_valid[1]_reg_p_CK_CLKGATE_X1_GCK_E_OR2_X1_ZN_A2_CLKGATE_X1_E:E (CLKGATE_X1)  |        | 0.001       | 0.000      | 0.029      |             | 0.000  | 0.135r          |
|                                                                                            |        |             |            |            |             |        |                 |
| clock (port)                                                                               |        | 0.779       | 0.000      | 0.000      |             | 0.000  | 0.000r          |
| clock (clock net)                                                                          | 761    |             |            |            | NA          |        |                 |
| ifu_mod.block_valid[1]_reg_p_CK_CLKGATE_X1_GCK_E_OR2_X1_ZN_A2_CLKGATE_X1_E:CK (CLKGATE_X1) |        | 0.002       | 0.000      | 0.000      |             | 0.000  | 0.000r          |
| clock core_clock (rise edge)                                                               |        |             |            |            |             | 0      | 0               |
| clock network delay (ideal)                                                                |        |             |            |            |             | 0.000  | 0.000           |
| ifu_mod.block_valid[1]_reg_p_CK_CLKGATE_X1_GCK_E_OR2_X1_ZN_A2_CLKGATE_X1_E:CK (CLKGATE_X1) |        |             |            |            |             |        | 0.000r          |
| library hold time                                                                          |        |             |            |            |             | 0.002  | 0.002           |
| clock reconvergence pessimism                                                              |        |             |            |            |             | -0.000 | 0.002           |
|                                                                                            |        |             |            |            |             |        |                 |
| path cell delay                                                                            |        |             |            |            |             |        | 0.135(100.000%) |
| path net delay                                                                             |        |             |            |            |             |        | 0.000(0.000%)   |
|                                                                                            |        |             |            |            |             |        |                 |
| data require time                                                                          |        |             |            |            |             |        | 0.002           |
| data arrival time                                                                          |        |             |            |            |             |        | 0.135           |
| slack (MET)                                                                                |        |             |            |            |             |        | 0.134           |
+--------------------------------------------------------------------------------------------+--------+-------------+------------+------------+-------------+--------+-----------------+
