Generate the report at 2026-07-23T09:13:00, GitVersion: aa25008b3778a76ae1975c839d4cc459f7f7b3b7.
+-----------------------------------------------------------------------------------------------------------------+--------------------------+------------+------------+---------------+-------+-------+-----------+
| Endpoint                                                                                                        | Clock Group              | Delay Type | Path Delay | Path Required | CPPR  | Slack | Freq(MHz) |
+-----------------------------------------------------------------------------------------------------------------+--------------------------+------------+------------+---------------+-------+-------+-----------+
| cache_addr_30__reg_p:D                                                                                          | core_clock               | max        | 1.133f     | 1.727         | 0.000 | 0.594 | 851.123   |
| cache_addr_30__reg_p:D                                                                                          | core_clock               | max        | 1.133f     | 1.727         | 0.000 | 0.594 | 851.123   |
| cache_addr_16__reg_p:D                                                                                          | core_clock               | max        | 1.132r     | 1.736         | 0.000 | 0.604 | 858.278   |
| cache_addr_16__reg_p:D                                                                                          | core_clock               | max        | 1.132r     | 1.736         | 0.000 | 0.604 | 858.278   |
| cache_addr_28__reg_p:D                                                                                          | core_clock               | max        | 1.132r     | 1.737         | 0.000 | 0.604 | 858.668   |
| icache_mod.block_valid[5]_reg_p_D_OAI21_X1_ZN_B2_NOR2_X1_A1_ZN_CLKGATE_X1_E:E                                   | **clock_gating_default** | max        | 1.096r     | 1.718         | 0.000 | 0.622 | NA        |
| icache_mod.block_valid[5]_reg_p_D_OAI21_X1_ZN_B2_NOR2_X1_A1_1_ZN_CLKGATE_X1_E:E                                 | **clock_gating_default** | max        | 1.096r     | 1.718         | 0.000 | 0.622 | NA        |
| cache_addr_3__reg_p_D_OAI21_X1_ZN_B1_MUX2_X1_Z_A_NAND2_X1_A1_A2_NAND3_X1_A3_ZN_NOR2_X1_A2_1_ZN_CLKGATE_X1_E:E   | **clock_gating_default** | max        | 1.093r     | 1.718         | 0.000 | 0.625 | NA        |
| icache_mod.block_valid[6]_reg_p_D_OAI21_X1_ZN_B1_NOR2_X1_A2_1_ZN_CLKGATE_X1_E:E                                 | **clock_gating_default** | max        | 1.093r     | 1.718         | 0.000 | 0.625 | NA        |
| cache_addr_3__reg_p_D_OAI21_X1_ZN_B1_MUX2_X1_Z_A_NAND2_X1_A1_ZN_NOR2_X1_A2_1_ZN_CLKGATE_X1_E:E                  | **clock_gating_default** | max        | 1.093r     | 1.718         | 0.000 | 0.625 | NA        |
| icache_mod.trans_reg_p:D                                                                                        | core_clock               | min        | 0.063r     | 0.006         | 0.000 | 0.057 | NA        |
| icache_mod.trans_reg_p:D                                                                                        | core_clock               | min        | 0.063r     | 0.006         | 0.000 | 0.057 | NA        |
| icache_mod.trans_reg_p:D                                                                                        | core_clock               | min        | 0.064f     | 0.002         | 0.000 | 0.062 | NA        |
| icache_mod.trans_reg_p:D                                                                                        | core_clock               | min        | 0.064f     | 0.002         | 0.000 | 0.062 | NA        |
| lsu_mod.trans_r_reg_p:D                                                                                         | core_clock               | min        | 0.071r     | 0.008         | 0.000 | 0.063 | NA        |
| lsu_mod.trans_r_reg_p_CK_CLKGATE_X1_GCK:E                                                                       | **clock_gating_default** | min        | 0.119r     | -0.002        | 0.000 | 0.120 | NA        |
| lsu_mod.trans_r_reg_p_CK_CLKGATE_X1_GCK:E                                                                       | **clock_gating_default** | min        | 0.122f     | -0.016        | 0.000 | 0.137 | NA        |
| cache_addr_2__reg_p_D_NAND2_X1_ZN_A2_OAI21_X1_ZN_B2_NOR3_X1_ZN_A1_NAND2_X1_A1_ZN_NOR2_X1_A2_3_ZN_CLKGATE_X1_E:E | **clock_gating_default** | min        | 0.125f     | -0.016        | 0.000 | 0.141 | NA        |
| cache_addr_2__reg_p_D_NAND2_X1_ZN_A2_OAI21_X1_ZN_B2_NOR3_X1_ZN_A2_NAND2_X1_A1_ZN_NOR2_X1_A2_3_ZN_CLKGATE_X1_E:E | **clock_gating_default** | min        | 0.125f     | -0.016        | 0.000 | 0.141 | NA        |
| icache_mod.block_valid[1]_reg_p_D_OAI21_X1_ZN_B1_NOR2_X1_A2_3_ZN_CLKGATE_X1_E:E                                 | **clock_gating_default** | min        | 0.125f     | -0.016        | 0.000 | 0.141 | NA        |
+-----------------------------------------------------------------------------------------------------------------+--------------------------+------------+------------+---------------+-------+-------+-----------+
+------------+------------+-------+
| Clock      | Delay Type | TNS   |
+------------+------------+-------+
| core_clock | max        | 0.000 |
| core_clock | min        | 0.000 |
+------------+------------+-------+
+---------------------------------------------------------------------------------------------------------------------------------------------------------------+--------+-------------+------------+------------+-------------+--------+-----------------+
| Point                                                                                                                                                         | Fanout | Capacitance | Resistance | Transition | Delta Delay | Incr   | Path            |
+---------------------------------------------------------------------------------------------------------------------------------------------------------------+--------+-------------+------------+------------+-------------+--------+-----------------+
| clock (port)                                                                                                                                                  |        | 0.762       | 0.000      | 0.000      |             | 0.000  | 0.000r          |
| clock (clock net)                                                                                                                                             | 740    |             |            |            | NA          |        |                 |
| alu_mod.bus_in_alu_op_4__reg_p:CK (DFF_X1)                                                                                                                    |        | 0.001       | 0.000      | 0.000      |             | 0.000  | 0.000r          |
| clock core_clock (rise edge)                                                                                                                                  |        |             |            |            |             | 0      | 0               |
| clock network delay (ideal)                                                                                                                                   |        |             |            |            |             | 0.000  | 0.000           |
| alu_mod.bus_in_alu_op_4__reg_p:CK (DFF_X1)                                                                                                                    |        | 0.001       | 0.000      | 0.000      |             | 0.000  | 0.000r          |
| alu_mod.bus_in_alu_op_4__reg_p:Q (DFF_X1)                                                                                                                     |        | 0.036       | 0.000      | 0.047      |             | 0.132  | 0.132f          |
| alu_mod.bus_in_alu_op_4_ (net)                                                                                                                                | 22     |             |            |            | 0.000       |        |                 |
| alu_mod.bus_in_alu_op_5__NOR2_X4_A2:A1 (NOR2_X4)                                                                                                              |        | 0.007       | 0.000      | 0.047      |             | 0.000  | 0.132f          |
| alu_mod.bus_in_alu_op_5__NOR2_X4_A2:ZN (NOR2_X4)                                                                                                              |        | 0.007       | 0.000      | 0.022      |             | 0.040  | 0.172r          |
| alu_mod.bus_in_alu_op_5__NOR2_X4_A2_ZN (net)                                                                                                                  | 1      |             |            |            | 0.000       |        |                 |
| alu_mod.bus_in_alu_op_5__NOR2_X4_A2_ZN_BUF_X8_A:A (BUF_X8)                                                                                                    |        | 0.007       | 0.000      | 0.022      |             | 0.000  | 0.172r          |
| alu_mod.bus_in_alu_op_5__NOR2_X4_A2_ZN_BUF_X8_A:Z (BUF_X8)                                                                                                    |        | 0.038       | 0.000      | 0.014      |             | 0.033  | 0.205r          |
| alu_mod.bus_in_alu_op_5__NOR2_X4_A2_ZN_BUF_X8_A_Z (net)                                                                                                       | 24     |             |            |            | 0.000       |        |                 |
| alu_mod.bus_in_data_csr_19__INV_X1_A_ZN_OAI21_X1_A_ZN_AOI22_X1_B1_A2_OAI21_X1_A_B2_BUF_X4_Z_A_NAND2_X1_ZN:A2 (NAND2_X1)                                       |        | 0.002       | 0.000      | 0.014      |             | 0.000  | 0.205r          |
| alu_mod.bus_in_data_csr_19__INV_X1_A_ZN_OAI21_X1_A_ZN_AOI22_X1_B1_A2_OAI21_X1_A_B2_BUF_X4_Z_A_NAND2_X1_ZN:ZN (NAND2_X1)                                       |        | 0.003       | 0.000      | 0.012      |             | 0.020  | 0.225f          |
| alu_mod.bus_in_data_csr_19__INV_X1_A_ZN_OAI21_X1_A_ZN_AOI22_X1_B1_A2_OAI21_X1_A_B2_BUF_X4_Z_A (net)                                                           | 1      |             |            |            | 0.000       |        |                 |
| alu_mod.bus_in_data_csr_19__INV_X1_A_ZN_OAI21_X1_A_ZN_AOI22_X1_B1_A2_OAI21_X1_A_B2_BUF_X4_Z:A (BUF_X4)                                                        |        | 0.003       | 0.000      | 0.012      |             | 0.000  | 0.225f          |
| alu_mod.bus_in_data_csr_19__INV_X1_A_ZN_OAI21_X1_A_ZN_AOI22_X1_B1_A2_OAI21_X1_A_B2_BUF_X4_Z:Z (BUF_X4)                                                        |        | 0.025       | 0.000      | 0.010      |             | 0.034  | 0.259f          |
| alu_mod.bus_in_data_csr_19__INV_X1_A_ZN_OAI21_X1_A_ZN_AOI22_X1_B1_A2_OAI21_X1_A_B2 (net)                                                                      | 14     |             |            |            | 0.000       |        |                 |
| alu_mod.bus_in_alu_op_3__AOI21_X1_B1_ZN_BUF_X2_A_Z_NOR2_X4_A2:A1 (NOR2_X4)                                                                                    |        | 0.007       | 0.000      | 0.010      |             | 0.000  | 0.259f          |
| alu_mod.bus_in_alu_op_3__AOI21_X1_B1_ZN_BUF_X2_A_Z_NOR2_X4_A2:ZN (NOR2_X4)                                                                                    |        | 0.003       | 0.000      | 0.012      |             | 0.020  | 0.279r          |
| alu_mod.bus_in_alu_op_3__AOI21_X1_B1_ZN_BUF_X2_A_Z_NOR2_X4_A2_ZN (net)                                                                                        | 1      |             |            |            | 0.000       |        |                 |
| alu_mod.bus_in_data_csr_20__INV_X1_A_ZN_NOR2_X1_A1_ZN_AOI21_X1_A_B1_MUX2_X1_A_S_BUF_X4_Z:A (BUF_X4)                                                           |        | 0.003       | 0.000      | 0.012      |             | 0.000  | 0.279r          |
| alu_mod.bus_in_data_csr_20__INV_X1_A_ZN_NOR2_X1_A1_ZN_AOI21_X1_A_B1_MUX2_X1_A_S_BUF_X4_Z:Z (BUF_X4)                                                           |        | 0.030       | 0.000      | 0.020      |             | 0.036  | 0.315r          |
| alu_mod.bus_in_data_csr_20__INV_X1_A_ZN_NOR2_X1_A1_ZN_AOI21_X1_A_B1_MUX2_X1_A_S (net)                                                                         | 13     |             |            |            | 0.000       |        |                 |
| alu_mod.bus_in_data_csr_20__INV_X1_A_ZN_NOR2_X1_A1_ZN_AOI21_X1_A_B1_MUX2_X1_A_S_BUF_X8_A:A (BUF_X8)                                                           |        | 0.007       | 0.000      | 0.020      |             | 0.000  | 0.315r          |
| alu_mod.bus_in_data_csr_20__INV_X1_A_ZN_NOR2_X1_A1_ZN_AOI21_X1_A_B1_MUX2_X1_A_S_BUF_X8_A:Z (BUF_X8)                                                           |        | 0.045       | 0.000      | 0.016      |             | 0.035  | 0.350r          |
| alu_mod.bus_in_data_csr_20__INV_X1_A_ZN_NOR2_X1_A1_ZN_AOI21_X1_A_B1_MUX2_X1_A_S_BUF_X8_A_Z (net)                                                              | 24     |             |            |            | 0.000       |        |                 |
| ex_ls_bus_next_pc_ls_9__reg_p_D_AOI211_X1_ZN_C1_INV_X1_ZN_A_XNOR2_X1_ZN_B_NOR2_X1_A2_A1_NOR2_X1_A1_ZN_OAI33_X1_A1_B1_AOI21_X1_ZN:B2 (AOI21_X1)                |        | 0.002       | 0.000      | 0.016      |             | 0.000  | 0.350r          |
| ex_ls_bus_next_pc_ls_9__reg_p_D_AOI211_X1_ZN_C1_INV_X1_ZN_A_XNOR2_X1_ZN_B_NOR2_X1_A2_A1_NOR2_X1_A1_ZN_OAI33_X1_A1_B1_AOI21_X1_ZN:ZN (AOI21_X1)                |        | 0.001       | 0.000      | 0.011      |             | 0.017  | 0.368f          |
| ex_ls_bus_next_pc_ls_9__reg_p_D_AOI211_X1_ZN_C1_INV_X1_ZN_A_XNOR2_X1_ZN_B_NOR2_X1_A2_A1_NOR2_X1_A1_ZN_OAI33_X1_A1_B1 (net)                                    | 1      |             |            |            | 0.000       |        |                 |
| ex_ls_bus_next_pc_ls_9__reg_p_D_AOI211_X1_ZN_C1_INV_X1_ZN_A_XNOR2_X1_ZN_B_NOR2_X1_A2_A1_NOR2_X1_A1_ZN_OAI33_X1_A1:B1 (OAI33_X1)                               |        | 0.002       | 0.000      | 0.011      |             | 0.000  | 0.368f          |
| ex_ls_bus_next_pc_ls_9__reg_p_D_AOI211_X1_ZN_C1_INV_X1_ZN_A_XNOR2_X1_ZN_B_NOR2_X1_A2_A1_NOR2_X1_A1_ZN_OAI33_X1_A1:ZN (OAI33_X1)                               |        | 0.005       | 0.000      | 0.090      |             | 0.095  | 0.463r          |
| ex_ls_bus_next_pc_ls_9__reg_p_D_AOI211_X1_ZN_C1_INV_X1_ZN_A_XNOR2_X1_ZN_B_NOR2_X1_A2_A1_NOR2_X1_A1_ZN_OAI33_X1_A1_ZN (net)                                    | 2      |             |            |            | 0.000       |        |                 |
| ex_ls_bus_next_pc_ls_9__reg_p_D_AOI211_X1_ZN_C1_INV_X1_ZN_A_XNOR2_X1_ZN_B_NOR2_X1_A2_A1_NOR2_X1_A1_ZN_OAI33_X1_A1_ZN_OAI21_X1_A:A (OAI21_X1)                  |        | 0.002       | 0.000      | 0.090      |             | 0.000  | 0.463r          |
| ex_ls_bus_next_pc_ls_9__reg_p_D_AOI211_X1_ZN_C1_INV_X1_ZN_A_XNOR2_X1_ZN_B_NOR2_X1_A2_A1_NOR2_X1_A1_ZN_OAI33_X1_A1_ZN_OAI21_X1_A:ZN (OAI21_X1)                 |        | 0.007       | 0.000      | 0.028      |             | 0.051  | 0.514f          |
| csr_mod.regs[1]_11__MUX2_X1_A_Z_AOI22_X1_B1_A2_OAI22_X1_ZN_B1_XNOR2_X1_ZN_A_OAI21_X1_ZN_A_OAI211_X1_ZN_B_NAND3_X1_ZN_A2 (net)                                 | 4      |             |            |            | 0.000       |        |                 |
| csr_mod.regs[1]_11__MUX2_X1_A_Z_AOI22_X1_B1_A2_OAI22_X1_ZN_B1_XNOR2_X1_ZN_B_OR2_X1_ZN_A1_AOI21_X1_A_ZN_AOI21_X1_B1_ZN_OR2_X1_A2_ZN_AOI211_X2_A:C2 (AOI211_X2) |        | 0.003       | 0.000      | 0.028      |             | 0.000  | 0.514f          |
| csr_mod.regs[1]_11__MUX2_X1_A_Z_AOI22_X1_B1_A2_OAI22_X1_ZN_B1_XNOR2_X1_ZN_B_OR2_X1_ZN_A1_AOI21_X1_A_ZN_AOI21_X1_B1_ZN_OR2_X1_A2_ZN_AOI211_X2_A:ZN (AOI211_X2) |        | 0.005       | 0.000      | 0.043      |             | 0.060  | 0.574r          |
| alu_mod.bus_in_data_rs1_8__XOR2_X1_B_Z_AOI221_X1_A_ZN_NAND4_X1_A4_A1_OAI21_X1_A_ZN_OAI211_X1_C2_ZN_OAI211_X1_A_C1 (net)                                       | 3      |             |            |            | 0.000       |        |                 |
| alu_mod.bus_in_rs1_0__MUX2_X1_B_Z_AOI221_X1_C1_A_NOR3_X1_ZN_A3_OAI22_X1_B1_A1_AOI21_X1_ZN_A_NOR2_X1_A1_ZN_AOI21_X1_B2_ZN_OAI221_X1_A:C1 (OAI221_X1)           |        | 0.002       | 0.000      | 0.043      |             | 0.000  | 0.574r          |
| alu_mod.bus_in_rs1_0__MUX2_X1_B_Z_AOI221_X1_C1_A_NOR3_X1_ZN_A3_OAI22_X1_B1_A1_AOI21_X1_ZN_A_NOR2_X1_A1_ZN_AOI21_X1_B2_ZN_OAI221_X1_A:ZN (OAI221_X1)           |        | 0.006       | 0.000      | 0.030      |             | 0.051  | 0.625f          |
| alu_mod.bus_in_rs1_0__MUX2_X1_B_Z_AOI221_X1_C1_A_NOR3_X1_ZN_A3_OAI22_X1_B1_A1_AOI21_X1_ZN_A_NOR2_X1_A1_ZN_AOI21_X1_B2_ZN_OAI221_X1_A_ZN (net)                 | 3      |             |            |            | 0.000       |        |                 |
| alu_mod.bus_in_data_rs1_8__XOR2_X1_B_Z_AOI221_X1_A_ZN_NAND4_X1_A4_A1_OAI21_X1_A_ZN_OAI211_X1_C2_C1_OAI21_X1_B1_ZN_AOI22_X1_A2_ZN_AND3_X2_A2:A1 (AND3_X2)      |        | 0.002       | 0.000      | 0.030      |             | 0.000  | 0.625f          |
| alu_mod.bus_in_data_rs1_8__XOR2_X1_B_Z_AOI221_X1_A_ZN_NAND4_X1_A4_A1_OAI21_X1_A_ZN_OAI211_X1_C2_C1_OAI21_X1_B1_ZN_AOI22_X1_A2_ZN_AND3_X2_A2:ZN (AND3_X2)      |        | 0.009       | 0.000      | 0.009      |             | 0.045  | 0.670f          |
| alu_mod.bus_in_rs1_0__MUX2_X1_B_Z_AOI221_X1_C1_B1_AOI221_X1_B1_C1_NOR2_X1_ZN_A1 (net)                                                                         | 4      |             |            |            | 0.000       |        |                 |
| alu_mod.bus_in_rs1_0__MUX2_X1_B_Z_AOI221_X1_C1_B1_NAND2_X1_ZN_A1_AOI211_X2_C1_B_AOI21_X1_ZN_B1_OR3_X4_ZN:A2 (OR3_X4)                                          |        | 0.003       | 0.000      | 0.009      |             | 0.000  | 0.670f          |
| alu_mod.bus_in_rs1_0__MUX2_X1_B_Z_AOI221_X1_C1_B1_NAND2_X1_ZN_A1_AOI211_X2_C1_B_AOI21_X1_ZN_B1_OR3_X4_ZN:ZN (OR3_X4)                                          |        | 0.006       | 0.000      | 0.012      |             | 0.069  | 0.738f          |
| alu_mod.bus_in_rs1_0__MUX2_X1_B_Z_AOI221_X1_C1_B1_NAND2_X1_ZN_A1_AOI211_X2_C1_B_AOI21_X1_ZN_B1 (net)                                                          | 3      |             |            |            | 0.000       |        |                 |
| icache_mod.state_1__NAND4_X1_A2_A4_AOI21_X1_ZN_B2_AOI22_X1_A2_B2_OAI221_X1_ZN_B2_AOI211_X2_ZN:C2 (AOI211_X2)                                                  |        | 0.003       | 0.000      | 0.012      |             | 0.000  | 0.738f          |
| icache_mod.state_1__NAND4_X1_A2_A4_AOI21_X1_ZN_B2_AOI22_X1_A2_B2_OAI221_X1_ZN_B2_AOI211_X2_ZN:ZN (AOI211_X2)                                                  |        | 0.006       | 0.000      | 0.050      |             | 0.061  | 0.799r          |
| icache_mod.state_1__NAND4_X1_A2_A4_AOI21_X1_ZN_B2_AOI22_X1_A2_B2_OAI221_X1_ZN_B2 (net)                                                                        | 3      |             |            |            | 0.000       |        |                 |
| cache_addr_27__reg_p_D_OAI211_X1_ZN_B_OAI211_X1_ZN_C1_AOI21_X1_ZN_B1_NAND4_X1_ZN_A2_OAI21_X1_A_B2_OAI211_X1_ZN:C1 (OAI211_X1)                                 |        | 0.002       | 0.000      | 0.050      |             | 0.000  | 0.799r          |
| cache_addr_27__reg_p_D_OAI211_X1_ZN_B_OAI211_X1_ZN_C1_AOI21_X1_ZN_B1_NAND4_X1_ZN_A2_OAI21_X1_A_B2_OAI211_X1_ZN:ZN (OAI211_X1)                                 |        | 0.003       | 0.000      | 0.024      |             | 0.038  | 0.837f          |
| cache_addr_27__reg_p_D_OAI211_X1_ZN_B_OAI211_X1_ZN_C1_AOI21_X1_ZN_B1_NAND4_X1_ZN_A2_OAI21_X1_A_B2 (net)                                                       | 2      |             |            |            | 0.000       |        |                 |
| cache_addr_27__reg_p_D_OAI211_X1_ZN_B_OAI211_X1_ZN_C1_AOI21_X1_ZN_B1_NAND4_X1_ZN_A2_OAI21_X1_A:B2 (OAI21_X1)                                                  |        | 0.002       | 0.000      | 0.024      |             | 0.000  | 0.837f          |
| cache_addr_27__reg_p_D_OAI211_X1_ZN_B_OAI211_X1_ZN_C1_AOI21_X1_ZN_B1_NAND4_X1_ZN_A2_OAI21_X1_A:ZN (OAI21_X1)                                                  |        | 0.011       | 0.000      | 0.066      |             | 0.090  | 0.927r          |
| cache_addr_27__reg_p_D_OAI211_X1_ZN_B_OAI211_X1_ZN_B_MUX2_X1_Z_S_NOR4_X2_ZN_A2 (net)                                                                          | 3      |             |            |            | 0.000       |        |                 |
| cache_addr_31__reg_p_D_OAI211_X1_ZN_B_OAI21_X1_ZN_B2_NOR4_X1_ZN_A3_NOR3_X4_A3:A2 (NOR3_X4)                                                                    |        | 0.006       | 0.000      | 0.066      |             | 0.000  | 0.927r          |
| cache_addr_31__reg_p_D_OAI211_X1_ZN_B_OAI21_X1_ZN_B2_NOR4_X1_ZN_A3_NOR3_X4_A3:ZN (NOR3_X4)                                                                    |        | 0.008       | 0.000      | 0.017      |             | 0.017  | 0.944f          |
| cache_addr_31__reg_p_D_OAI211_X1_ZN_C1_MUX2_X1_Z_S_NOR3_X1_ZN_A2 (net)                                                                                        | 5      |             |            |            | 0.000       |        |                 |
| cache_addr_30__reg_p_D_NAND2_X1_ZN_A1_AOI221_X1_ZN_B1_OR4_X2_ZN:A4 (OR4_X2)                                                                                   |        | 0.002       | 0.000      | 0.017      |             | 0.000  | 0.944f          |
| cache_addr_30__reg_p_D_NAND2_X1_ZN_A1_AOI221_X1_ZN_B1_OR4_X2_ZN:ZN (OR4_X2)                                                                                   |        | 0.002       | 0.000      | 0.016      |             | 0.109  | 1.053f          |
| cache_addr_30__reg_p_D_NAND2_X1_ZN_A1_AOI221_X1_ZN_B1 (net)                                                                                                   | 1      |             |            |            | 0.000       |        |                 |
| cache_addr_30__reg_p_D_NAND2_X1_ZN_A1_AOI221_X1_ZN:B1 (AOI221_X1)                                                                                             |        | 0.002       | 0.000      | 0.016      |             | 0.000  | 1.053f          |
| cache_addr_30__reg_p_D_NAND2_X1_ZN_A1_AOI221_X1_ZN:ZN (AOI221_X1)                                                                                             |        | 0.002       | 0.000      | 0.036      |             | 0.061  | 1.114r          |
| cache_addr_30__reg_p_D_NAND2_X1_ZN_A1 (net)                                                                                                                   | 1      |             |            |            | 0.000       |        |                 |
| cache_addr_30__reg_p_D_NAND2_X1_ZN:A1 (NAND2_X1)                                                                                                              |        | 0.002       | 0.000      | 0.036      |             | 0.000  | 1.114r          |
| cache_addr_30__reg_p_D_NAND2_X1_ZN:ZN (NAND2_X1)                                                                                                              |        | 0.001       | 0.000      | 0.013      |             | 0.019  | 1.133f          |
| cache_addr_30__reg_p_D (net)                                                                                                                                  | 1      |             |            |            | 0.000       |        |                 |
| cache_addr_30__reg_p:D (DFF_X1)                                                                                                                               |        | 0.001       | 0.000      | 0.013      |             | 0.000  | 1.133f          |
|                                                                                                                                                               |        |             |            |            |             |        |                 |
| clock (port)                                                                                                                                                  |        | 0.762       | 0.000      | 0.000      |             | 0.000  | 0.000r          |
| clock (clock net)                                                                                                                                             | 740    |             |            |            | NA          |        |                 |
| cache_addr_3__reg_p_D_MUX2_X1_B_S_CLKGATE_X1_E:CK (CLKGATE_X1)                                                                                                |        | 0.002       | 0.000      | 0.000      |             | 0.000  | 0.000r          |
| cache_addr_3__reg_p_D_MUX2_X1_B_S_CLKGATE_X1_E:GCK (CLKGATE_X1)                                                                                               |        | 0.030       | 0.000      | 0.000      |             | 0.000  | 0.000r          |
| cache_addr_9__reg_p_CK (clock net)                                                                                                                            | 32     |             |            |            | NA          |        |                 |
| cache_addr_30__reg_p:CK (DFF_X1)                                                                                                                              |        | 0.001       | 0.000      | 0.000      |             | 0.000  | 0.000r          |
| clock core_clock (rise edge)                                                                                                                                  |        |             |            |            |             | 1.769  | 1.769           |
| clock network delay (ideal)                                                                                                                                   |        |             |            |            |             | 0.000  | 1.769           |
| cache_addr_30__reg_p:CK (DFF_X1)                                                                                                                              |        |             |            |            |             |        | 1.769r          |
| library setup time                                                                                                                                            |        |             |            |            |             | -0.042 | 1.727           |
| clock reconvergence pessimism                                                                                                                                 |        |             |            |            |             | 0.000  | 1.727           |
|                                                                                                                                                               |        |             |            |            |             |        |                 |
| path cell delay                                                                                                                                               |        |             |            |            |             |        | 1.133(100.000%) |
| path net delay                                                                                                                                                |        |             |            |            |             |        | 0.000(0.000%)   |
|                                                                                                                                                               |        |             |            |            |             |        |                 |
| data require time                                                                                                                                             |        |             |            |            |             |        | 1.727           |
| data arrival time                                                                                                                                             |        |             |            |            |             |        | 1.133           |
| slack (MET)                                                                                                                                                   |        |             |            |            |             |        | 0.594           |
+---------------------------------------------------------------------------------------------------------------------------------------------------------------+--------+-------------+------------+------------+-------------+--------+-----------------+
+---------------------------------------------------------------------------------------------------------------------------------------------------------------+--------+-------------+------------+------------+-------------+--------+-----------------+
| Point                                                                                                                                                         | Fanout | Capacitance | Resistance | Transition | Delta Delay | Incr   | Path            |
+---------------------------------------------------------------------------------------------------------------------------------------------------------------+--------+-------------+------------+------------+-------------+--------+-----------------+
| clock (port)                                                                                                                                                  |        | 0.762       | 0.000      | 0.000      |             | 0.000  | 0.000r          |
| clock (clock net)                                                                                                                                             | 740    |             |            |            | NA          |        |                 |
| alu_mod.bus_in_alu_op_4__reg_p:CK (DFF_X1)                                                                                                                    |        | 0.001       | 0.000      | 0.000      |             | 0.000  | 0.000r          |
| clock core_clock (rise edge)                                                                                                                                  |        |             |            |            |             | 0      | 0               |
| clock network delay (ideal)                                                                                                                                   |        |             |            |            |             | 0.000  | 0.000           |
| alu_mod.bus_in_alu_op_4__reg_p:CK (DFF_X1)                                                                                                                    |        | 0.001       | 0.000      | 0.000      |             | 0.000  | 0.000r          |
| alu_mod.bus_in_alu_op_4__reg_p:Q (DFF_X1)                                                                                                                     |        | 0.036       | 0.000      | 0.047      |             | 0.132  | 0.132f          |
| alu_mod.bus_in_alu_op_4_ (net)                                                                                                                                | 22     |             |            |            | 0.000       |        |                 |
| alu_mod.bus_in_alu_op_5__NOR2_X4_A2:A1 (NOR2_X4)                                                                                                              |        | 0.007       | 0.000      | 0.047      |             | 0.000  | 0.132f          |
| alu_mod.bus_in_alu_op_5__NOR2_X4_A2:ZN (NOR2_X4)                                                                                                              |        | 0.007       | 0.000      | 0.022      |             | 0.040  | 0.172r          |
| alu_mod.bus_in_alu_op_5__NOR2_X4_A2_ZN (net)                                                                                                                  | 1      |             |            |            | 0.000       |        |                 |
| alu_mod.bus_in_alu_op_5__NOR2_X4_A2_ZN_BUF_X8_A:A (BUF_X8)                                                                                                    |        | 0.007       | 0.000      | 0.022      |             | 0.000  | 0.172r          |
| alu_mod.bus_in_alu_op_5__NOR2_X4_A2_ZN_BUF_X8_A:Z (BUF_X8)                                                                                                    |        | 0.038       | 0.000      | 0.014      |             | 0.033  | 0.205r          |
| alu_mod.bus_in_alu_op_5__NOR2_X4_A2_ZN_BUF_X8_A_Z (net)                                                                                                       | 24     |             |            |            | 0.000       |        |                 |
| alu_mod.bus_in_data_csr_19__INV_X1_A_ZN_OAI21_X1_A_ZN_AOI22_X1_B1_A2_OAI21_X1_A_B2_BUF_X4_Z_A_NAND2_X1_ZN:A2 (NAND2_X1)                                       |        | 0.002       | 0.000      | 0.014      |             | 0.000  | 0.205r          |
| alu_mod.bus_in_data_csr_19__INV_X1_A_ZN_OAI21_X1_A_ZN_AOI22_X1_B1_A2_OAI21_X1_A_B2_BUF_X4_Z_A_NAND2_X1_ZN:ZN (NAND2_X1)                                       |        | 0.003       | 0.000      | 0.012      |             | 0.020  | 0.225f          |
| alu_mod.bus_in_data_csr_19__INV_X1_A_ZN_OAI21_X1_A_ZN_AOI22_X1_B1_A2_OAI21_X1_A_B2_BUF_X4_Z_A (net)                                                           | 1      |             |            |            | 0.000       |        |                 |
| alu_mod.bus_in_data_csr_19__INV_X1_A_ZN_OAI21_X1_A_ZN_AOI22_X1_B1_A2_OAI21_X1_A_B2_BUF_X4_Z:A (BUF_X4)                                                        |        | 0.003       | 0.000      | 0.012      |             | 0.000  | 0.225f          |
| alu_mod.bus_in_data_csr_19__INV_X1_A_ZN_OAI21_X1_A_ZN_AOI22_X1_B1_A2_OAI21_X1_A_B2_BUF_X4_Z:Z (BUF_X4)                                                        |        | 0.025       | 0.000      | 0.010      |             | 0.034  | 0.259f          |
| alu_mod.bus_in_data_csr_19__INV_X1_A_ZN_OAI21_X1_A_ZN_AOI22_X1_B1_A2_OAI21_X1_A_B2 (net)                                                                      | 14     |             |            |            | 0.000       |        |                 |
| alu_mod.bus_in_alu_op_3__AOI21_X1_B1_ZN_BUF_X2_A_Z_NOR2_X4_A2:A1 (NOR2_X4)                                                                                    |        | 0.007       | 0.000      | 0.010      |             | 0.000  | 0.259f          |
| alu_mod.bus_in_alu_op_3__AOI21_X1_B1_ZN_BUF_X2_A_Z_NOR2_X4_A2:ZN (NOR2_X4)                                                                                    |        | 0.003       | 0.000      | 0.012      |             | 0.020  | 0.279r          |
| alu_mod.bus_in_alu_op_3__AOI21_X1_B1_ZN_BUF_X2_A_Z_NOR2_X4_A2_ZN (net)                                                                                        | 1      |             |            |            | 0.000       |        |                 |
| alu_mod.bus_in_data_csr_20__INV_X1_A_ZN_NOR2_X1_A1_ZN_AOI21_X1_A_B1_MUX2_X1_A_S_BUF_X4_Z:A (BUF_X4)                                                           |        | 0.003       | 0.000      | 0.012      |             | 0.000  | 0.279r          |
| alu_mod.bus_in_data_csr_20__INV_X1_A_ZN_NOR2_X1_A1_ZN_AOI21_X1_A_B1_MUX2_X1_A_S_BUF_X4_Z:Z (BUF_X4)                                                           |        | 0.030       | 0.000      | 0.020      |             | 0.036  | 0.315r          |
| alu_mod.bus_in_data_csr_20__INV_X1_A_ZN_NOR2_X1_A1_ZN_AOI21_X1_A_B1_MUX2_X1_A_S (net)                                                                         | 13     |             |            |            | 0.000       |        |                 |
| alu_mod.bus_in_data_csr_20__INV_X1_A_ZN_NOR2_X1_A1_ZN_AOI21_X1_A_B1_MUX2_X1_A_S_BUF_X8_A:A (BUF_X8)                                                           |        | 0.007       | 0.000      | 0.020      |             | 0.000  | 0.315r          |
| alu_mod.bus_in_data_csr_20__INV_X1_A_ZN_NOR2_X1_A1_ZN_AOI21_X1_A_B1_MUX2_X1_A_S_BUF_X8_A:Z (BUF_X8)                                                           |        | 0.045       | 0.000      | 0.016      |             | 0.035  | 0.350r          |
| alu_mod.bus_in_data_csr_20__INV_X1_A_ZN_NOR2_X1_A1_ZN_AOI21_X1_A_B1_MUX2_X1_A_S_BUF_X8_A_Z (net)                                                              | 24     |             |            |            | 0.000       |        |                 |
| ex_ls_bus_next_pc_ls_9__reg_p_D_AOI211_X1_ZN_C1_INV_X1_ZN_A_XNOR2_X1_ZN_B_NOR2_X1_A2_A1_NOR2_X1_A1_ZN_OAI33_X1_A1_B1_AOI21_X1_ZN:B2 (AOI21_X1)                |        | 0.002       | 0.000      | 0.016      |             | 0.000  | 0.350r          |
| ex_ls_bus_next_pc_ls_9__reg_p_D_AOI211_X1_ZN_C1_INV_X1_ZN_A_XNOR2_X1_ZN_B_NOR2_X1_A2_A1_NOR2_X1_A1_ZN_OAI33_X1_A1_B1_AOI21_X1_ZN:ZN (AOI21_X1)                |        | 0.001       | 0.000      | 0.011      |             | 0.017  | 0.368f          |
| ex_ls_bus_next_pc_ls_9__reg_p_D_AOI211_X1_ZN_C1_INV_X1_ZN_A_XNOR2_X1_ZN_B_NOR2_X1_A2_A1_NOR2_X1_A1_ZN_OAI33_X1_A1_B1 (net)                                    | 1      |             |            |            | 0.000       |        |                 |
| ex_ls_bus_next_pc_ls_9__reg_p_D_AOI211_X1_ZN_C1_INV_X1_ZN_A_XNOR2_X1_ZN_B_NOR2_X1_A2_A1_NOR2_X1_A1_ZN_OAI33_X1_A1:B1 (OAI33_X1)                               |        | 0.002       | 0.000      | 0.011      |             | 0.000  | 0.368f          |
| ex_ls_bus_next_pc_ls_9__reg_p_D_AOI211_X1_ZN_C1_INV_X1_ZN_A_XNOR2_X1_ZN_B_NOR2_X1_A2_A1_NOR2_X1_A1_ZN_OAI33_X1_A1:ZN (OAI33_X1)                               |        | 0.005       | 0.000      | 0.090      |             | 0.095  | 0.463r          |
| ex_ls_bus_next_pc_ls_9__reg_p_D_AOI211_X1_ZN_C1_INV_X1_ZN_A_XNOR2_X1_ZN_B_NOR2_X1_A2_A1_NOR2_X1_A1_ZN_OAI33_X1_A1_ZN (net)                                    | 2      |             |            |            | 0.000       |        |                 |
| ex_ls_bus_next_pc_ls_9__reg_p_D_AOI211_X1_ZN_C1_INV_X1_ZN_A_XNOR2_X1_ZN_B_NOR2_X1_A2_A1_NOR2_X1_A1_ZN_OAI33_X1_A1_ZN_OAI21_X1_A:A (OAI21_X1)                  |        | 0.002       | 0.000      | 0.090      |             | 0.000  | 0.463r          |
| ex_ls_bus_next_pc_ls_9__reg_p_D_AOI211_X1_ZN_C1_INV_X1_ZN_A_XNOR2_X1_ZN_B_NOR2_X1_A2_A1_NOR2_X1_A1_ZN_OAI33_X1_A1_ZN_OAI21_X1_A:ZN (OAI21_X1)                 |        | 0.007       | 0.000      | 0.028      |             | 0.051  | 0.514f          |
| csr_mod.regs[1]_11__MUX2_X1_A_Z_AOI22_X1_B1_A2_OAI22_X1_ZN_B1_XNOR2_X1_ZN_A_OAI21_X1_ZN_A_OAI211_X1_ZN_B_NAND3_X1_ZN_A2 (net)                                 | 4      |             |            |            | 0.000       |        |                 |
| csr_mod.regs[1]_11__MUX2_X1_A_Z_AOI22_X1_B1_A2_OAI22_X1_ZN_B1_XNOR2_X1_ZN_B_OR2_X1_ZN_A1_AOI21_X1_A_ZN_AOI21_X1_B1_ZN_OR2_X1_A2_ZN_AOI211_X2_A:C2 (AOI211_X2) |        | 0.003       | 0.000      | 0.028      |             | 0.000  | 0.514f          |
| csr_mod.regs[1]_11__MUX2_X1_A_Z_AOI22_X1_B1_A2_OAI22_X1_ZN_B1_XNOR2_X1_ZN_B_OR2_X1_ZN_A1_AOI21_X1_A_ZN_AOI21_X1_B1_ZN_OR2_X1_A2_ZN_AOI211_X2_A:ZN (AOI211_X2) |        | 0.005       | 0.000      | 0.043      |             | 0.060  | 0.574r          |
| alu_mod.bus_in_data_rs1_8__XOR2_X1_B_Z_AOI221_X1_A_ZN_NAND4_X1_A4_A1_OAI21_X1_A_ZN_OAI211_X1_C2_ZN_OAI211_X1_A_C1 (net)                                       | 3      |             |            |            | 0.000       |        |                 |
| alu_mod.bus_in_rs1_0__MUX2_X1_B_Z_AOI221_X1_C1_A_NOR3_X1_ZN_A3_OAI22_X1_B1_A1_AOI21_X1_ZN_A_NOR2_X1_A1_ZN_AOI21_X1_B2_ZN_OAI221_X1_A:C1 (OAI221_X1)           |        | 0.002       | 0.000      | 0.043      |             | 0.000  | 0.574r          |
| alu_mod.bus_in_rs1_0__MUX2_X1_B_Z_AOI221_X1_C1_A_NOR3_X1_ZN_A3_OAI22_X1_B1_A1_AOI21_X1_ZN_A_NOR2_X1_A1_ZN_AOI21_X1_B2_ZN_OAI221_X1_A:ZN (OAI221_X1)           |        | 0.006       | 0.000      | 0.030      |             | 0.051  | 0.625f          |
| alu_mod.bus_in_rs1_0__MUX2_X1_B_Z_AOI221_X1_C1_A_NOR3_X1_ZN_A3_OAI22_X1_B1_A1_AOI21_X1_ZN_A_NOR2_X1_A1_ZN_AOI21_X1_B2_ZN_OAI221_X1_A_ZN (net)                 | 3      |             |            |            | 0.000       |        |                 |
| alu_mod.bus_in_data_rs1_8__XOR2_X1_B_Z_AOI221_X1_A_ZN_NAND4_X1_A4_A1_OAI21_X1_A_ZN_OAI211_X1_C2_C1_OAI21_X1_B1_ZN_AOI22_X1_A2_ZN_AND3_X2_A2:A1 (AND3_X2)      |        | 0.002       | 0.000      | 0.030      |             | 0.000  | 0.625f          |
| alu_mod.bus_in_data_rs1_8__XOR2_X1_B_Z_AOI221_X1_A_ZN_NAND4_X1_A4_A1_OAI21_X1_A_ZN_OAI211_X1_C2_C1_OAI21_X1_B1_ZN_AOI22_X1_A2_ZN_AND3_X2_A2:ZN (AND3_X2)      |        | 0.009       | 0.000      | 0.009      |             | 0.045  | 0.670f          |
| alu_mod.bus_in_rs1_0__MUX2_X1_B_Z_AOI221_X1_C1_B1_AOI221_X1_B1_C1_NOR2_X1_ZN_A1 (net)                                                                         | 4      |             |            |            | 0.000       |        |                 |
| alu_mod.bus_in_rs1_0__MUX2_X1_B_Z_AOI221_X1_C1_B1_NAND2_X1_ZN_A1_AOI211_X2_C1_B_AOI21_X1_ZN_B1_OR3_X4_ZN:A2 (OR3_X4)                                          |        | 0.003       | 0.000      | 0.009      |             | 0.000  | 0.670f          |
| alu_mod.bus_in_rs1_0__MUX2_X1_B_Z_AOI221_X1_C1_B1_NAND2_X1_ZN_A1_AOI211_X2_C1_B_AOI21_X1_ZN_B1_OR3_X4_ZN:ZN (OR3_X4)                                          |        | 0.006       | 0.000      | 0.012      |             | 0.069  | 0.738f          |
| alu_mod.bus_in_rs1_0__MUX2_X1_B_Z_AOI221_X1_C1_B1_NAND2_X1_ZN_A1_AOI211_X2_C1_B_AOI21_X1_ZN_B1 (net)                                                          | 3      |             |            |            | 0.000       |        |                 |
| icache_mod.state_1__NAND4_X1_A2_A4_AOI21_X1_ZN_B2_AOI22_X1_A2_B2_OAI221_X1_ZN_B2_AOI211_X2_ZN:C2 (AOI211_X2)                                                  |        | 0.003       | 0.000      | 0.012      |             | 0.000  | 0.738f          |
| icache_mod.state_1__NAND4_X1_A2_A4_AOI21_X1_ZN_B2_AOI22_X1_A2_B2_OAI221_X1_ZN_B2_AOI211_X2_ZN:ZN (AOI211_X2)                                                  |        | 0.006       | 0.000      | 0.050      |             | 0.061  | 0.799r          |
| icache_mod.state_1__NAND4_X1_A2_A4_AOI21_X1_ZN_B2_AOI22_X1_A2_B2_OAI221_X1_ZN_B2 (net)                                                                        | 3      |             |            |            | 0.000       |        |                 |
| cache_addr_27__reg_p_D_OAI211_X1_ZN_B_OAI211_X1_ZN_C1_AOI21_X1_ZN_B1_NAND4_X1_ZN_A2_OAI21_X1_A_B2_OAI211_X1_ZN:C1 (OAI211_X1)                                 |        | 0.002       | 0.000      | 0.050      |             | 0.000  | 0.799r          |
| cache_addr_27__reg_p_D_OAI211_X1_ZN_B_OAI211_X1_ZN_C1_AOI21_X1_ZN_B1_NAND4_X1_ZN_A2_OAI21_X1_A_B2_OAI211_X1_ZN:ZN (OAI211_X1)                                 |        | 0.003       | 0.000      | 0.024      |             | 0.038  | 0.837f          |
| cache_addr_27__reg_p_D_OAI211_X1_ZN_B_OAI211_X1_ZN_C1_AOI21_X1_ZN_B1_NAND4_X1_ZN_A2_OAI21_X1_A_B2 (net)                                                       | 2      |             |            |            | 0.000       |        |                 |
| cache_addr_27__reg_p_D_OAI211_X1_ZN_B_OAI211_X1_ZN_C1_AOI21_X1_ZN_B1_NAND4_X1_ZN_A2_OAI21_X1_A:B2 (OAI21_X1)                                                  |        | 0.002       | 0.000      | 0.024      |             | 0.000  | 0.837f          |
| cache_addr_27__reg_p_D_OAI211_X1_ZN_B_OAI211_X1_ZN_C1_AOI21_X1_ZN_B1_NAND4_X1_ZN_A2_OAI21_X1_A:ZN (OAI21_X1)                                                  |        | 0.011       | 0.000      | 0.066      |             | 0.090  | 0.927r          |
| cache_addr_27__reg_p_D_OAI211_X1_ZN_B_OAI211_X1_ZN_B_MUX2_X1_Z_S_NOR4_X2_ZN_A2 (net)                                                                          | 3      |             |            |            | 0.000       |        |                 |
| cache_addr_31__reg_p_D_OAI211_X1_ZN_B_OAI21_X1_ZN_B2_NOR4_X1_ZN_A3_NOR3_X4_A3:A2 (NOR3_X4)                                                                    |        | 0.006       | 0.000      | 0.066      |             | 0.000  | 0.927r          |
| cache_addr_31__reg_p_D_OAI211_X1_ZN_B_OAI21_X1_ZN_B2_NOR4_X1_ZN_A3_NOR3_X4_A3:ZN (NOR3_X4)                                                                    |        | 0.008       | 0.000      | 0.017      |             | 0.017  | 0.944f          |
| cache_addr_31__reg_p_D_OAI211_X1_ZN_C1_MUX2_X1_Z_S_NOR3_X1_ZN_A2 (net)                                                                                        | 5      |             |            |            | 0.000       |        |                 |
| cache_addr_30__reg_p_D_NAND2_X1_ZN_A1_AOI221_X1_ZN_B1_OR4_X2_ZN:A4 (OR4_X2)                                                                                   |        | 0.002       | 0.000      | 0.017      |             | 0.000  | 0.944f          |
| cache_addr_30__reg_p_D_NAND2_X1_ZN_A1_AOI221_X1_ZN_B1_OR4_X2_ZN:ZN (OR4_X2)                                                                                   |        | 0.002       | 0.000      | 0.016      |             | 0.109  | 1.053f          |
| cache_addr_30__reg_p_D_NAND2_X1_ZN_A1_AOI221_X1_ZN_B1 (net)                                                                                                   | 1      |             |            |            | 0.000       |        |                 |
| cache_addr_30__reg_p_D_NAND2_X1_ZN_A1_AOI221_X1_ZN:B1 (AOI221_X1)                                                                                             |        | 0.002       | 0.000      | 0.016      |             | 0.000  | 1.053f          |
| cache_addr_30__reg_p_D_NAND2_X1_ZN_A1_AOI221_X1_ZN:ZN (AOI221_X1)                                                                                             |        | 0.002       | 0.000      | 0.036      |             | 0.061  | 1.114r          |
| cache_addr_30__reg_p_D_NAND2_X1_ZN_A1 (net)                                                                                                                   | 1      |             |            |            | 0.000       |        |                 |
| cache_addr_30__reg_p_D_NAND2_X1_ZN:A1 (NAND2_X1)                                                                                                              |        | 0.002       | 0.000      | 0.036      |             | 0.000  | 1.114r          |
| cache_addr_30__reg_p_D_NAND2_X1_ZN:ZN (NAND2_X1)                                                                                                              |        | 0.001       | 0.000      | 0.013      |             | 0.019  | 1.133f          |
| cache_addr_30__reg_p_D (net)                                                                                                                                  | 1      |             |            |            | 0.000       |        |                 |
| cache_addr_30__reg_p:D (DFF_X1)                                                                                                                               |        | 0.001       | 0.000      | 0.013      |             | 0.000  | 1.133f          |
|                                                                                                                                                               |        |             |            |            |             |        |                 |
| clock (port)                                                                                                                                                  |        | 0.762       | 0.000      | 0.000      |             | 0.000  | 0.000r          |
| clock (clock net)                                                                                                                                             | 740    |             |            |            | NA          |        |                 |
| cache_addr_3__reg_p_D_MUX2_X1_B_S_CLKGATE_X1_E:CK (CLKGATE_X1)                                                                                                |        | 0.002       | 0.000      | 0.000      |             | 0.000  | 0.000r          |
| cache_addr_3__reg_p_D_MUX2_X1_B_S_CLKGATE_X1_E:GCK (CLKGATE_X1)                                                                                               |        | 0.030       | 0.000      | 0.000      |             | 0.000  | 0.000r          |
| cache_addr_9__reg_p_CK (clock net)                                                                                                                            | 32     |             |            |            | NA          |        |                 |
| cache_addr_30__reg_p:CK (DFF_X1)                                                                                                                              |        | 0.001       | 0.000      | 0.000      |             | 0.000  | 0.000r          |
| clock core_clock (rise edge)                                                                                                                                  |        |             |            |            |             | 1.769  | 1.769           |
| clock network delay (ideal)                                                                                                                                   |        |             |            |            |             | 0.000  | 1.769           |
| cache_addr_30__reg_p:CK (DFF_X1)                                                                                                                              |        |             |            |            |             |        | 1.769r          |
| library setup time                                                                                                                                            |        |             |            |            |             | -0.042 | 1.727           |
| clock reconvergence pessimism                                                                                                                                 |        |             |            |            |             | 0.000  | 1.727           |
|                                                                                                                                                               |        |             |            |            |             |        |                 |
| path cell delay                                                                                                                                               |        |             |            |            |             |        | 1.133(100.000%) |
| path net delay                                                                                                                                                |        |             |            |            |             |        | 0.000(0.000%)   |
|                                                                                                                                                               |        |             |            |            |             |        |                 |
| data require time                                                                                                                                             |        |             |            |            |             |        | 1.727           |
| data arrival time                                                                                                                                             |        |             |            |            |             |        | 1.133           |
| slack (MET)                                                                                                                                                   |        |             |            |            |             |        | 0.594           |
+---------------------------------------------------------------------------------------------------------------------------------------------------------------+--------+-------------+------------+------------+-------------+--------+-----------------+
+--------------------------------------------------------------------------------------------------------------+--------+-------------+------------+------------+-------------+--------+-----------------+
| Point                                                                                                        | Fanout | Capacitance | Resistance | Transition | Delta Delay | Incr   | Path            |
+--------------------------------------------------------------------------------------------------------------+--------+-------------+------------+------------+-------------+--------+-----------------+
| clock (port)                                                                                                 |        | 0.762       | 0.000      | 0.000      |             | 0.000  | 0.000r          |
| clock (clock net)                                                                                            | 740    |             |            |            | NA          |        |                 |
| cache_addr_3__reg_p_D_MUX2_X1_B_S_CLKGATE_X1_E:CK (CLKGATE_X1)                                               |        | 0.002       | 0.000      | 0.000      |             | 0.000  | 0.000r          |
| cache_addr_3__reg_p_D_MUX2_X1_B_S_CLKGATE_X1_E:GCK (CLKGATE_X1)                                              |        | 0.030       | 0.000      | 0.000      |             | 0.000  | 0.000r          |
| cache_addr_9__reg_p_CK (clock net)                                                                           | 32     |             |            |            | NA          |        |                 |
| cache_addr_3__reg_p:CK (DFF_X1)                                                                              |        | 0.001       | 0.000      | 0.000      |             | 0.000  | 0.000r          |
| clock core_clock (rise edge)                                                                                 |        |             |            |            |             | 0      | 0               |
| clock network delay (ideal)                                                                                  |        |             |            |            |             | 0.000  | 0.000           |
| cache_addr_3__reg_p:CK (DFF_X1)                                                                              |        | 0.001       | 0.000      | 0.000      |             | 0.000  | 0.000r          |
| cache_addr_3__reg_p:Q (DFF_X1)                                                                               |        | 0.043       | 0.000      | 0.053      |             | 0.138  | 0.138f          |
| cache_addr_3_ (net)                                                                                          | 7      |             |            |            | 0.000       |        |                 |
| cache_addr_3__BUF_X16_A:A (BUF_X16)                                                                          |        | 0.012       | 0.000      | 0.053      |             | 0.000  | 0.138f          |
| cache_addr_3__BUF_X16_A:Z (BUF_X16)                                                                          |        | 0.043       | 0.000      | 0.008      |             | 0.046  | 0.184f          |
| cache_addr_3__BUF_X16_A_Z (net)                                                                              | 24     |             |            |            | 0.000       |        |                 |
| ifu_mod.block_tag[1]_26__MUX2_X1_A:S (MUX2_X1)                                                               |        | 0.002       | 0.000      | 0.008      |             | 0.000  | 0.184f          |
| ifu_mod.block_tag[1]_26__MUX2_X1_A:Z (MUX2_X1)                                                               |        | 0.001       | 0.000      | 0.009      |             | 0.045  | 0.229f          |
| ifu_mod.block_tag[1]_26__MUX2_X1_A_Z (net)                                                                   | 1      |             |            |            | 0.000       |        |                 |
| ifu_mod.block_tag[3]_26__MUX2_X1_A_Z_MUX2_X1_A:B (MUX2_X1)                                                   |        | 0.001       | 0.000      | 0.009      |             | 0.000  | 0.229f          |
| ifu_mod.block_tag[3]_26__MUX2_X1_A_Z_MUX2_X1_A:Z (MUX2_X1)                                                   |        | 0.002       | 0.000      | 0.012      |             | 0.062  | 0.290f          |
| ifu_mod.block_tag[3]_26__MUX2_X1_A_Z_MUX2_X1_A_Z (net)                                                       | 1      |             |            |            | 0.000       |        |                 |
| ifu_mod.block_tag[3]_26__MUX2_X1_A_Z_MUX2_X1_A_Z_XNOR2_X1_B:B (XNOR2_X1)                                     |        | 0.003       | 0.000      | 0.012      |             | 0.000  | 0.290f          |
| ifu_mod.block_tag[3]_26__MUX2_X1_A_Z_MUX2_X1_A_Z_XNOR2_X1_B:ZN (XNOR2_X1)                                    |        | 0.003       | 0.000      | 0.030      |             | 0.045  | 0.335r          |
| ifu_mod.block_tag[3]_26__MUX2_X1_A_Z_MUX2_X1_A_Z_XNOR2_X1_B_ZN (net)                                         | 2      |             |            |            | 0.000       |        |                 |
| cache_addr_28__reg_p_QN_INV_X1_A_ZN_MUX2_X1_B_Z_NAND3_X1_A2:A1 (NAND3_X1)                                    |        | 0.002       | 0.000      | 0.030      |             | 0.000  | 0.335r          |
| cache_addr_28__reg_p_QN_INV_X1_A_ZN_MUX2_X1_B_Z_NAND3_X1_A2:ZN (NAND3_X1)                                    |        | 0.008       | 0.000      | 0.030      |             | 0.047  | 0.382f          |
| cache_addr_28__reg_p_QN_INV_X1_A_ZN_MUX2_X1_B_Z_NAND3_X1_A2_ZN (net)                                         | 3      |             |            |            | 0.000       |        |                 |
| cache_addr_10__reg_p_QN_INV_X1_A_ZN_MUX2_X1_B_Z_NAND4_X1_A3_ZN_OR4_X2_A1:A4 (OR4_X2)                         |        | 0.002       | 0.000      | 0.030      |             | 0.000  | 0.382f          |
| cache_addr_10__reg_p_QN_INV_X1_A_ZN_MUX2_X1_B_Z_NAND4_X1_A3_ZN_OR4_X2_A1:ZN (OR4_X2)                         |        | 0.002       | 0.000      | 0.016      |             | 0.113  | 0.495f          |
| cache_addr_10__reg_p_QN_INV_X1_A_ZN_MUX2_X1_B_Z_NAND4_X1_A3_ZN_OR4_X2_A1_ZN (net)                            | 1      |             |            |            | 0.000       |        |                 |
| cache_addr_10__reg_p_QN_INV_X1_A_ZN_MUX2_X1_B_Z_NAND4_X1_A3_ZN_OR4_X2_A1_ZN_BUF_X2_A:A (BUF_X2)              |        | 0.002       | 0.000      | 0.016      |             | 0.000  | 0.495f          |
| cache_addr_10__reg_p_QN_INV_X1_A_ZN_MUX2_X1_B_Z_NAND4_X1_A3_ZN_OR4_X2_A1_ZN_BUF_X2_A:Z (BUF_X2)              |        | 0.017       | 0.000      | 0.012      |             | 0.040  | 0.535f          |
| ifu_mod.block_offset[3]_0__MUX2_X1_A_Z_NOR3_X1_A3_A2 (net)                                                   | 10     |             |            |            | 0.000       |        |                 |
| ifu_mod.block_offset[0]_3__AOI211_X1_C1_ZN_OAI22_X2_B1:A2 (OAI22_X2)                                         |        | 0.003       | 0.000      | 0.012      |             | 0.000  | 0.535f          |
| ifu_mod.block_offset[0]_3__AOI211_X1_C1_ZN_OAI22_X2_B1:ZN (OAI22_X2)                                         |        | 0.005       | 0.000      | 0.037      |             | 0.040  | 0.575r          |
| ifu_mod.block_offset[0]_3__AOI211_X1_C1_ZN_OAI22_X2_B1_ZN (net)                                              | 4      |             |            |            | 0.000       |        |                 |
| ifu_mod.block_offset[0]_3__AOI211_X1_C1_ZN_OAI22_X2_B1_ZN_NAND2_X1_A2:A2 (NAND2_X1)                          |        | 0.002       | 0.000      | 0.037      |             | 0.000  | 0.575r          |
| ifu_mod.block_offset[0]_3__AOI211_X1_C1_ZN_OAI22_X2_B1_ZN_NAND2_X1_A2:ZN (NAND2_X1)                          |        | 0.006       | 0.000      | 0.020      |             | 0.030  | 0.605f          |
| ifu_mod.block_offset[1]_2__MUX2_X1_A_Z_OAI211_X1_C1_ZN_OAI33_X1_A1_B3 (net)                                  | 4      |             |            |            | 0.000       |        |                 |
| ifu_mod.block_offset[1]_2__MUX2_X1_A_Z_OAI211_X1_C1_ZN_OAI33_X1_A1:B3 (OAI33_X1)                             |        | 0.002       | 0.000      | 0.020      |             | 0.000  | 0.605f          |
| ifu_mod.block_offset[1]_2__MUX2_X1_A_Z_OAI211_X1_C1_ZN_OAI33_X1_A1:ZN (OAI33_X1)                             |        | 0.002       | 0.000      | 0.059      |             | 0.082  | 0.687r          |
| ifu_mod.block_offset[1]_2__MUX2_X1_A_Z_OAI211_X1_C1_ZN_OAI33_X1_A1_ZN (net)                                  | 1      |             |            |            | 0.000       |        |                 |
| ifu_mod.block_offset[1]_2__MUX2_X1_A_Z_OAI211_X1_C1_ZN_OAI33_X1_A1_ZN_AOI22_X1_B1:B1 (AOI22_X1)              |        | 0.002       | 0.000      | 0.059      |             | 0.000  | 0.687r          |
| ifu_mod.block_offset[1]_2__MUX2_X1_A_Z_OAI211_X1_C1_ZN_OAI33_X1_A1_ZN_AOI22_X1_B1:ZN (AOI22_X1)              |        | 0.001       | 0.000      | 0.020      |             | 0.032  | 0.720f          |
| ifu_mod.block_offset[1]_2__MUX2_X1_A_Z_OAI211_X1_C1_ZN_OAI33_X1_A1_ZN_AOI22_X1_B1_ZN (net)                   | 1      |             |            |            | 0.000       |        |                 |
| cache_addr_5__reg_p_D_OAI21_X1_ZN_B1_XNOR2_X1_ZN_A_OR3_X1_A3_A2_OAI211_X1_B:C1 (OAI211_X1)                   |        | 0.002       | 0.000      | 0.020      |             | 0.000  | 0.720f          |
| cache_addr_5__reg_p_D_OAI21_X1_ZN_B1_XNOR2_X1_ZN_A_OR3_X1_A3_A2_OAI211_X1_B:ZN (OAI211_X1)                   |        | 0.007       | 0.000      | 0.045      |             | 0.061  | 0.781r          |
| cache_addr_6__reg_p_D_NAND2_X1_ZN_A2_NAND3_X1_ZN_A2_NAND2_X1_ZN_A2 (net)                                     | 3      |             |            |            | 0.000       |        |                 |
| cache_addr_6__reg_p_D_NAND2_X1_ZN_A2_NAND3_X1_ZN_A2_OAI211_X1_C2_A_NAND2_X1_A2_ZN_AOI211_X2_B:C2 (AOI211_X2) |        | 0.003       | 0.000      | 0.045      |             | 0.000  | 0.781r          |
| cache_addr_6__reg_p_D_NAND2_X1_ZN_A2_NAND3_X1_ZN_A2_OAI211_X1_C2_A_NAND2_X1_A2_ZN_AOI211_X2_B:ZN (AOI211_X2) |        | 0.006       | 0.000      | 0.018      |             | 0.028  | 0.808f          |
| csr_mod.regs[4]_15__MUX2_X1_A_Z_AOI221_X1_C2_A_AOI211_X1_ZN_C1_NOR3_X1_ZN_A2 (net)                           | 3      |             |            |            | 0.000       |        |                 |
| csr_mod.regs[4]_15__MUX2_X1_A_Z_AOI221_X1_C2_A_AOI211_X1_ZN_C1_NOR3_X1_ZN:A2 (NOR3_X1)                       |        | 0.002       | 0.000      | 0.018      |             | 0.000  | 0.808f          |
| csr_mod.regs[4]_15__MUX2_X1_A_Z_AOI221_X1_C2_A_AOI211_X1_ZN_C1_NOR3_X1_ZN:ZN (NOR3_X1)                       |        | 0.009       | 0.000      | 0.085      |             | 0.114  | 0.922r          |
| csr_mod.regs[4]_15__MUX2_X1_A_Z_AOI221_X1_C2_A_AOI211_X1_ZN_C1 (net)                                         | 3      |             |            |            | 0.000       |        |                 |
| csr_mod.regs[4]_15__MUX2_X1_A_Z_AOI221_X1_C2_A_AOI211_X1_ZN_C1_NAND4_X4_A4:A4 (NAND4_X4)                     |        | 0.006       | 0.000      | 0.085      |             | 0.000  | 0.922r          |
| csr_mod.regs[4]_15__MUX2_X1_A_Z_AOI221_X1_C2_A_AOI211_X1_ZN_C1_NAND4_X4_A4:ZN (NAND4_X4)                     |        | 0.010       | 0.000      | 0.026      |             | 0.043  | 0.965f          |
| cache_addr_20__reg_p_D_OAI21_X1_ZN_B1_OAI33_X1_ZN_A3 (net)                                                   | 7      |             |            |            | 0.000       |        |                 |
| cache_addr_16__reg_p_D_NAND3_X1_ZN_A2_OR4_X2_ZN_A4_AND2_X1_ZN:A2 (AND2_X1)                                   |        | 0.001       | 0.000      | 0.026      |             | 0.000  | 0.965f          |
| cache_addr_16__reg_p_D_NAND3_X1_ZN_A2_OR4_X2_ZN_A4_AND2_X1_ZN:ZN (AND2_X1)                                   |        | 0.002       | 0.000      | 0.007      |             | 0.040  | 1.005f          |
| cache_addr_16__reg_p_D_NAND3_X1_ZN_A2_OR4_X2_ZN_A4 (net)                                                     | 1      |             |            |            | 0.000       |        |                 |
| cache_addr_16__reg_p_D_NAND3_X1_ZN_A2_OR4_X2_ZN:A4 (OR4_X2)                                                  |        | 0.002       | 0.000      | 0.007      |             | 0.000  | 1.005f          |
| cache_addr_16__reg_p_D_NAND3_X1_ZN_A2_OR4_X2_ZN:ZN (OR4_X2)                                                  |        | 0.002       | 0.000      | 0.016      |             | 0.106  | 1.110f          |
| cache_addr_16__reg_p_D_NAND3_X1_ZN_A2 (net)                                                                  | 1      |             |            |            | 0.000       |        |                 |
| cache_addr_16__reg_p_D_NAND3_X1_ZN:A2 (NAND3_X1)                                                             |        | 0.002       | 0.000      | 0.016      |             | 0.000  | 1.110f          |
| cache_addr_16__reg_p_D_NAND3_X1_ZN:ZN (NAND3_X1)                                                             |        | 0.001       | 0.000      | 0.013      |             | 0.022  | 1.132r          |
| cache_addr_16__reg_p_D (net)                                                                                 | 1      |             |            |            | 0.000       |        |                 |
| cache_addr_16__reg_p:D (DFF_X1)                                                                              |        | 0.001       | 0.000      | 0.013      |             | 0.000  | 1.132r          |
|                                                                                                              |        |             |            |            |             |        |                 |
| clock (port)                                                                                                 |        | 0.762       | 0.000      | 0.000      |             | 0.000  | 0.000r          |
| clock (clock net)                                                                                            | 740    |             |            |            | NA          |        |                 |
| cache_addr_3__reg_p_D_MUX2_X1_B_S_CLKGATE_X1_E:CK (CLKGATE_X1)                                               |        | 0.002       | 0.000      | 0.000      |             | 0.000  | 0.000r          |
| cache_addr_3__reg_p_D_MUX2_X1_B_S_CLKGATE_X1_E:GCK (CLKGATE_X1)                                              |        | 0.030       | 0.000      | 0.000      |             | 0.000  | 0.000r          |
| cache_addr_9__reg_p_CK (clock net)                                                                           | 32     |             |            |            | NA          |        |                 |
| cache_addr_16__reg_p:CK (DFF_X1)                                                                             |        | 0.001       | 0.000      | 0.000      |             | 0.000  | 0.000r          |
| clock core_clock (rise edge)                                                                                 |        |             |            |            |             | 1.769  | 1.769           |
| clock network delay (ideal)                                                                                  |        |             |            |            |             | 0.000  | 1.769           |
| cache_addr_16__reg_p:CK (DFF_X1)                                                                             |        |             |            |            |             |        | 1.769r          |
| library setup time                                                                                           |        |             |            |            |             | -0.033 | 1.736           |
| clock reconvergence pessimism                                                                                |        |             |            |            |             | 0.000  | 1.736           |
|                                                                                                              |        |             |            |            |             |        |                 |
| path cell delay                                                                                              |        |             |            |            |             |        | 1.132(100.000%) |
| path net delay                                                                                               |        |             |            |            |             |        | 0.000(0.000%)   |
|                                                                                                              |        |             |            |            |             |        |                 |
| data require time                                                                                            |        |             |            |            |             |        | 1.736           |
| data arrival time                                                                                            |        |             |            |            |             |        | 1.132           |
| slack (MET)                                                                                                  |        |             |            |            |             |        | 0.604           |
+--------------------------------------------------------------------------------------------------------------+--------+-------------+------------+------------+-------------+--------+-----------------+
+--------------------------------------------------------------------------------------------------------------+--------+-------------+------------+------------+-------------+--------+-----------------+
| Point                                                                                                        | Fanout | Capacitance | Resistance | Transition | Delta Delay | Incr   | Path            |
+--------------------------------------------------------------------------------------------------------------+--------+-------------+------------+------------+-------------+--------+-----------------+
| clock (port)                                                                                                 |        | 0.762       | 0.000      | 0.000      |             | 0.000  | 0.000r          |
| clock (clock net)                                                                                            | 740    |             |            |            | NA          |        |                 |
| cache_addr_3__reg_p_D_MUX2_X1_B_S_CLKGATE_X1_E:CK (CLKGATE_X1)                                               |        | 0.002       | 0.000      | 0.000      |             | 0.000  | 0.000r          |
| cache_addr_3__reg_p_D_MUX2_X1_B_S_CLKGATE_X1_E:GCK (CLKGATE_X1)                                              |        | 0.030       | 0.000      | 0.000      |             | 0.000  | 0.000r          |
| cache_addr_9__reg_p_CK (clock net)                                                                           | 32     |             |            |            | NA          |        |                 |
| cache_addr_3__reg_p:CK (DFF_X1)                                                                              |        | 0.001       | 0.000      | 0.000      |             | 0.000  | 0.000r          |
| clock core_clock (rise edge)                                                                                 |        |             |            |            |             | 0      | 0               |
| clock network delay (ideal)                                                                                  |        |             |            |            |             | 0.000  | 0.000           |
| cache_addr_3__reg_p:CK (DFF_X1)                                                                              |        | 0.001       | 0.000      | 0.000      |             | 0.000  | 0.000r          |
| cache_addr_3__reg_p:Q (DFF_X1)                                                                               |        | 0.043       | 0.000      | 0.053      |             | 0.138  | 0.138f          |
| cache_addr_3_ (net)                                                                                          | 7      |             |            |            | 0.000       |        |                 |
| cache_addr_3__BUF_X16_A:A (BUF_X16)                                                                          |        | 0.012       | 0.000      | 0.053      |             | 0.000  | 0.138f          |
| cache_addr_3__BUF_X16_A:Z (BUF_X16)                                                                          |        | 0.043       | 0.000      | 0.008      |             | 0.046  | 0.184f          |
| cache_addr_3__BUF_X16_A_Z (net)                                                                              | 24     |             |            |            | 0.000       |        |                 |
| ifu_mod.block_tag[1]_26__MUX2_X1_A:S (MUX2_X1)                                                               |        | 0.002       | 0.000      | 0.008      |             | 0.000  | 0.184f          |
| ifu_mod.block_tag[1]_26__MUX2_X1_A:Z (MUX2_X1)                                                               |        | 0.001       | 0.000      | 0.009      |             | 0.045  | 0.229f          |
| ifu_mod.block_tag[1]_26__MUX2_X1_A_Z (net)                                                                   | 1      |             |            |            | 0.000       |        |                 |
| ifu_mod.block_tag[3]_26__MUX2_X1_A_Z_MUX2_X1_A:B (MUX2_X1)                                                   |        | 0.001       | 0.000      | 0.009      |             | 0.000  | 0.229f          |
| ifu_mod.block_tag[3]_26__MUX2_X1_A_Z_MUX2_X1_A:Z (MUX2_X1)                                                   |        | 0.002       | 0.000      | 0.012      |             | 0.062  | 0.290f          |
| ifu_mod.block_tag[3]_26__MUX2_X1_A_Z_MUX2_X1_A_Z (net)                                                       | 1      |             |            |            | 0.000       |        |                 |
| ifu_mod.block_tag[3]_26__MUX2_X1_A_Z_MUX2_X1_A_Z_XNOR2_X1_B:B (XNOR2_X1)                                     |        | 0.003       | 0.000      | 0.012      |             | 0.000  | 0.290f          |
| ifu_mod.block_tag[3]_26__MUX2_X1_A_Z_MUX2_X1_A_Z_XNOR2_X1_B:ZN (XNOR2_X1)                                    |        | 0.003       | 0.000      | 0.030      |             | 0.045  | 0.335r          |
| ifu_mod.block_tag[3]_26__MUX2_X1_A_Z_MUX2_X1_A_Z_XNOR2_X1_B_ZN (net)                                         | 2      |             |            |            | 0.000       |        |                 |
| cache_addr_28__reg_p_QN_INV_X1_A_ZN_MUX2_X1_B_Z_NAND3_X1_A2:A1 (NAND3_X1)                                    |        | 0.002       | 0.000      | 0.030      |             | 0.000  | 0.335r          |
| cache_addr_28__reg_p_QN_INV_X1_A_ZN_MUX2_X1_B_Z_NAND3_X1_A2:ZN (NAND3_X1)                                    |        | 0.008       | 0.000      | 0.030      |             | 0.047  | 0.382f          |
| cache_addr_28__reg_p_QN_INV_X1_A_ZN_MUX2_X1_B_Z_NAND3_X1_A2_ZN (net)                                         | 3      |             |            |            | 0.000       |        |                 |
| cache_addr_10__reg_p_QN_INV_X1_A_ZN_MUX2_X1_B_Z_NAND4_X1_A3_ZN_OR4_X2_A1:A4 (OR4_X2)                         |        | 0.002       | 0.000      | 0.030      |             | 0.000  | 0.382f          |
| cache_addr_10__reg_p_QN_INV_X1_A_ZN_MUX2_X1_B_Z_NAND4_X1_A3_ZN_OR4_X2_A1:ZN (OR4_X2)                         |        | 0.002       | 0.000      | 0.016      |             | 0.113  | 0.495f          |
| cache_addr_10__reg_p_QN_INV_X1_A_ZN_MUX2_X1_B_Z_NAND4_X1_A3_ZN_OR4_X2_A1_ZN (net)                            | 1      |             |            |            | 0.000       |        |                 |
| cache_addr_10__reg_p_QN_INV_X1_A_ZN_MUX2_X1_B_Z_NAND4_X1_A3_ZN_OR4_X2_A1_ZN_BUF_X2_A:A (BUF_X2)              |        | 0.002       | 0.000      | 0.016      |             | 0.000  | 0.495f          |
| cache_addr_10__reg_p_QN_INV_X1_A_ZN_MUX2_X1_B_Z_NAND4_X1_A3_ZN_OR4_X2_A1_ZN_BUF_X2_A:Z (BUF_X2)              |        | 0.017       | 0.000      | 0.012      |             | 0.040  | 0.535f          |
| ifu_mod.block_offset[3]_0__MUX2_X1_A_Z_NOR3_X1_A3_A2 (net)                                                   | 10     |             |            |            | 0.000       |        |                 |
| ifu_mod.block_offset[0]_3__AOI211_X1_C1_ZN_OAI22_X2_B1:A2 (OAI22_X2)                                         |        | 0.003       | 0.000      | 0.012      |             | 0.000  | 0.535f          |
| ifu_mod.block_offset[0]_3__AOI211_X1_C1_ZN_OAI22_X2_B1:ZN (OAI22_X2)                                         |        | 0.005       | 0.000      | 0.037      |             | 0.040  | 0.575r          |
| ifu_mod.block_offset[0]_3__AOI211_X1_C1_ZN_OAI22_X2_B1_ZN (net)                                              | 4      |             |            |            | 0.000       |        |                 |
| ifu_mod.block_offset[0]_3__AOI211_X1_C1_ZN_OAI22_X2_B1_ZN_NAND2_X1_A2:A2 (NAND2_X1)                          |        | 0.002       | 0.000      | 0.037      |             | 0.000  | 0.575r          |
| ifu_mod.block_offset[0]_3__AOI211_X1_C1_ZN_OAI22_X2_B1_ZN_NAND2_X1_A2:ZN (NAND2_X1)                          |        | 0.006       | 0.000      | 0.020      |             | 0.030  | 0.605f          |
| ifu_mod.block_offset[1]_2__MUX2_X1_A_Z_OAI211_X1_C1_ZN_OAI33_X1_A1_B3 (net)                                  | 4      |             |            |            | 0.000       |        |                 |
| ifu_mod.block_offset[1]_2__MUX2_X1_A_Z_OAI211_X1_C1_ZN_OAI33_X1_A1:B3 (OAI33_X1)                             |        | 0.002       | 0.000      | 0.020      |             | 0.000  | 0.605f          |
| ifu_mod.block_offset[1]_2__MUX2_X1_A_Z_OAI211_X1_C1_ZN_OAI33_X1_A1:ZN (OAI33_X1)                             |        | 0.002       | 0.000      | 0.059      |             | 0.082  | 0.687r          |
| ifu_mod.block_offset[1]_2__MUX2_X1_A_Z_OAI211_X1_C1_ZN_OAI33_X1_A1_ZN (net)                                  | 1      |             |            |            | 0.000       |        |                 |
| ifu_mod.block_offset[1]_2__MUX2_X1_A_Z_OAI211_X1_C1_ZN_OAI33_X1_A1_ZN_AOI22_X1_B1:B1 (AOI22_X1)              |        | 0.002       | 0.000      | 0.059      |             | 0.000  | 0.687r          |
| ifu_mod.block_offset[1]_2__MUX2_X1_A_Z_OAI211_X1_C1_ZN_OAI33_X1_A1_ZN_AOI22_X1_B1:ZN (AOI22_X1)              |        | 0.001       | 0.000      | 0.020      |             | 0.032  | 0.720f          |
| ifu_mod.block_offset[1]_2__MUX2_X1_A_Z_OAI211_X1_C1_ZN_OAI33_X1_A1_ZN_AOI22_X1_B1_ZN (net)                   | 1      |             |            |            | 0.000       |        |                 |
| cache_addr_5__reg_p_D_OAI21_X1_ZN_B1_XNOR2_X1_ZN_A_OR3_X1_A3_A2_OAI211_X1_B:C1 (OAI211_X1)                   |        | 0.002       | 0.000      | 0.020      |             | 0.000  | 0.720f          |
| cache_addr_5__reg_p_D_OAI21_X1_ZN_B1_XNOR2_X1_ZN_A_OR3_X1_A3_A2_OAI211_X1_B:ZN (OAI211_X1)                   |        | 0.007       | 0.000      | 0.045      |             | 0.061  | 0.781r          |
| cache_addr_6__reg_p_D_NAND2_X1_ZN_A2_NAND3_X1_ZN_A2_NAND2_X1_ZN_A2 (net)                                     | 3      |             |            |            | 0.000       |        |                 |
| cache_addr_6__reg_p_D_NAND2_X1_ZN_A2_NAND3_X1_ZN_A2_OAI211_X1_C2_A_NAND2_X1_A2_ZN_AOI211_X2_B:C2 (AOI211_X2) |        | 0.003       | 0.000      | 0.045      |             | 0.000  | 0.781r          |
| cache_addr_6__reg_p_D_NAND2_X1_ZN_A2_NAND3_X1_ZN_A2_OAI211_X1_C2_A_NAND2_X1_A2_ZN_AOI211_X2_B:ZN (AOI211_X2) |        | 0.006       | 0.000      | 0.018      |             | 0.028  | 0.808f          |
| csr_mod.regs[4]_15__MUX2_X1_A_Z_AOI221_X1_C2_A_AOI211_X1_ZN_C1_NOR3_X1_ZN_A2 (net)                           | 3      |             |            |            | 0.000       |        |                 |
| csr_mod.regs[4]_15__MUX2_X1_A_Z_AOI221_X1_C2_A_AOI211_X1_ZN_C1_NOR3_X1_ZN:A2 (NOR3_X1)                       |        | 0.002       | 0.000      | 0.018      |             | 0.000  | 0.808f          |
| csr_mod.regs[4]_15__MUX2_X1_A_Z_AOI221_X1_C2_A_AOI211_X1_ZN_C1_NOR3_X1_ZN:ZN (NOR3_X1)                       |        | 0.009       | 0.000      | 0.085      |             | 0.114  | 0.922r          |
| csr_mod.regs[4]_15__MUX2_X1_A_Z_AOI221_X1_C2_A_AOI211_X1_ZN_C1 (net)                                         | 3      |             |            |            | 0.000       |        |                 |
| csr_mod.regs[4]_15__MUX2_X1_A_Z_AOI221_X1_C2_A_AOI211_X1_ZN_C1_NAND4_X4_A4:A4 (NAND4_X4)                     |        | 0.006       | 0.000      | 0.085      |             | 0.000  | 0.922r          |
| csr_mod.regs[4]_15__MUX2_X1_A_Z_AOI221_X1_C2_A_AOI211_X1_ZN_C1_NAND4_X4_A4:ZN (NAND4_X4)                     |        | 0.010       | 0.000      | 0.026      |             | 0.043  | 0.965f          |
| cache_addr_20__reg_p_D_OAI21_X1_ZN_B1_OAI33_X1_ZN_A3 (net)                                                   | 7      |             |            |            | 0.000       |        |                 |
| cache_addr_16__reg_p_D_NAND3_X1_ZN_A2_OR4_X2_ZN_A4_AND2_X1_ZN:A2 (AND2_X1)                                   |        | 0.001       | 0.000      | 0.026      |             | 0.000  | 0.965f          |
| cache_addr_16__reg_p_D_NAND3_X1_ZN_A2_OR4_X2_ZN_A4_AND2_X1_ZN:ZN (AND2_X1)                                   |        | 0.002       | 0.000      | 0.007      |             | 0.040  | 1.005f          |
| cache_addr_16__reg_p_D_NAND3_X1_ZN_A2_OR4_X2_ZN_A4 (net)                                                     | 1      |             |            |            | 0.000       |        |                 |
| cache_addr_16__reg_p_D_NAND3_X1_ZN_A2_OR4_X2_ZN:A4 (OR4_X2)                                                  |        | 0.002       | 0.000      | 0.007      |             | 0.000  | 1.005f          |
| cache_addr_16__reg_p_D_NAND3_X1_ZN_A2_OR4_X2_ZN:ZN (OR4_X2)                                                  |        | 0.002       | 0.000      | 0.016      |             | 0.106  | 1.110f          |
| cache_addr_16__reg_p_D_NAND3_X1_ZN_A2 (net)                                                                  | 1      |             |            |            | 0.000       |        |                 |
| cache_addr_16__reg_p_D_NAND3_X1_ZN:A2 (NAND3_X1)                                                             |        | 0.002       | 0.000      | 0.016      |             | 0.000  | 1.110f          |
| cache_addr_16__reg_p_D_NAND3_X1_ZN:ZN (NAND3_X1)                                                             |        | 0.001       | 0.000      | 0.013      |             | 0.022  | 1.132r          |
| cache_addr_16__reg_p_D (net)                                                                                 | 1      |             |            |            | 0.000       |        |                 |
| cache_addr_16__reg_p:D (DFF_X1)                                                                              |        | 0.001       | 0.000      | 0.013      |             | 0.000  | 1.132r          |
|                                                                                                              |        |             |            |            |             |        |                 |
| clock (port)                                                                                                 |        | 0.762       | 0.000      | 0.000      |             | 0.000  | 0.000r          |
| clock (clock net)                                                                                            | 740    |             |            |            | NA          |        |                 |
| cache_addr_3__reg_p_D_MUX2_X1_B_S_CLKGATE_X1_E:CK (CLKGATE_X1)                                               |        | 0.002       | 0.000      | 0.000      |             | 0.000  | 0.000r          |
| cache_addr_3__reg_p_D_MUX2_X1_B_S_CLKGATE_X1_E:GCK (CLKGATE_X1)                                              |        | 0.030       | 0.000      | 0.000      |             | 0.000  | 0.000r          |
| cache_addr_9__reg_p_CK (clock net)                                                                           | 32     |             |            |            | NA          |        |                 |
| cache_addr_16__reg_p:CK (DFF_X1)                                                                             |        | 0.001       | 0.000      | 0.000      |             | 0.000  | 0.000r          |
| clock core_clock (rise edge)                                                                                 |        |             |            |            |             | 1.769  | 1.769           |
| clock network delay (ideal)                                                                                  |        |             |            |            |             | 0.000  | 1.769           |
| cache_addr_16__reg_p:CK (DFF_X1)                                                                             |        |             |            |            |             |        | 1.769r          |
| library setup time                                                                                           |        |             |            |            |             | -0.033 | 1.736           |
| clock reconvergence pessimism                                                                                |        |             |            |            |             | 0.000  | 1.736           |
|                                                                                                              |        |             |            |            |             |        |                 |
| path cell delay                                                                                              |        |             |            |            |             |        | 1.132(100.000%) |
| path net delay                                                                                               |        |             |            |            |             |        | 0.000(0.000%)   |
|                                                                                                              |        |             |            |            |             |        |                 |
| data require time                                                                                            |        |             |            |            |             |        | 1.736           |
| data arrival time                                                                                            |        |             |            |            |             |        | 1.132           |
| slack (MET)                                                                                                  |        |             |            |            |             |        | 0.604           |
+--------------------------------------------------------------------------------------------------------------+--------+-------------+------------+------------+-------------+--------+-----------------+
+------------------------------------------------------------------------------------------------------------------------------+--------+-------------+------------+------------+-------------+--------+-----------------+
| Point                                                                                                                        | Fanout | Capacitance | Resistance | Transition | Delta Delay | Incr   | Path            |
+------------------------------------------------------------------------------------------------------------------------------+--------+-------------+------------+------------+-------------+--------+-----------------+
| clock (port)                                                                                                                 |        | 0.762       | 0.000      | 0.000      |             | 0.000  | 0.000r          |
| clock (clock net)                                                                                                            | 740    |             |            |            | NA          |        |                 |
| cache_addr_3__reg_p_D_MUX2_X1_B_S_CLKGATE_X1_E:CK (CLKGATE_X1)                                                               |        | 0.002       | 0.000      | 0.000      |             | 0.000  | 0.000r          |
| cache_addr_3__reg_p_D_MUX2_X1_B_S_CLKGATE_X1_E:GCK (CLKGATE_X1)                                                              |        | 0.030       | 0.000      | 0.000      |             | 0.000  | 0.000r          |
| cache_addr_9__reg_p_CK (clock net)                                                                                           | 32     |             |            |            | NA          |        |                 |
| cache_addr_3__reg_p:CK (DFF_X1)                                                                                              |        | 0.001       | 0.000      | 0.000      |             | 0.000  | 0.000r          |
| clock core_clock (rise edge)                                                                                                 |        |             |            |            |             | 0      | 0               |
| clock network delay (ideal)                                                                                                  |        |             |            |            |             | 0.000  | 0.000           |
| cache_addr_3__reg_p:CK (DFF_X1)                                                                                              |        | 0.001       | 0.000      | 0.000      |             | 0.000  | 0.000r          |
| cache_addr_3__reg_p:Q (DFF_X1)                                                                                               |        | 0.043       | 0.000      | 0.053      |             | 0.138  | 0.138f          |
| cache_addr_3_ (net)                                                                                                          | 7      |             |            |            | 0.000       |        |                 |
| cache_addr_3__BUF_X32_A:A (BUF_X32)                                                                                          |        | 0.027       | 0.000      | 0.053      |             | 0.000  | 0.138f          |
| cache_addr_3__BUF_X32_A:Z (BUF_X32)                                                                                          |        | 0.065       | 0.000      | 0.008      |             | 0.044  | 0.183f          |
| cache_addr_3__BUF_X32_A_Z (net)                                                                                              | 24     |             |            |            | 0.000       |        |                 |
| cache_addr_3__BUF_X32_A_Z_BUF_X32_A:A (BUF_X32)                                                                              |        | 0.027       | 0.000      | 0.008      |             | 0.000  | 0.183f          |
| cache_addr_3__BUF_X32_A_Z_BUF_X32_A:Z (BUF_X32)                                                                              |        | 0.033       | 0.000      | 0.005      |             | 0.024  | 0.206f          |
| ifu_mod.block_valid[1]_MUX2_X1_A_S (net)                                                                                     | 24     |             |            |            | 0.000       |        |                 |
| ifu_mod.block_tag[1]_11__MUX2_X1_A:S (MUX2_X1)                                                                               |        | 0.002       | 0.000      | 0.005      |             | 0.000  | 0.206f          |
| ifu_mod.block_tag[1]_11__MUX2_X1_A:Z (MUX2_X1)                                                                               |        | 0.001       | 0.000      | 0.009      |             | 0.043  | 0.249f          |
| ifu_mod.block_tag[1]_11__MUX2_X1_A_Z (net)                                                                                   | 1      |             |            |            | 0.000       |        |                 |
| ifu_mod.block_tag[3]_11__MUX2_X1_A_Z_MUX2_X1_A:B (MUX2_X1)                                                                   |        | 0.001       | 0.000      | 0.009      |             | 0.000  | 0.249f          |
| ifu_mod.block_tag[3]_11__MUX2_X1_A_Z_MUX2_X1_A:Z (MUX2_X1)                                                                   |        | 0.002       | 0.000      | 0.012      |             | 0.062  | 0.311f          |
| ifu_mod.block_tag[3]_11__MUX2_X1_A_Z_MUX2_X1_A_Z (net)                                                                       | 1      |             |            |            | 0.000       |        |                 |
| ifu_mod.block_tag[3]_11__MUX2_X1_A_Z_MUX2_X1_A_Z_XNOR2_X1_B:B (XNOR2_X1)                                                     |        | 0.003       | 0.000      | 0.012      |             | 0.000  | 0.311f          |
| ifu_mod.block_tag[3]_11__MUX2_X1_A_Z_MUX2_X1_A_Z_XNOR2_X1_B:ZN (XNOR2_X1)                                                    |        | 0.003       | 0.000      | 0.029      |             | 0.045  | 0.356r          |
| ifu_mod.block_tag[3]_11__MUX2_X1_A_Z_MUX2_X1_A_Z_XNOR2_X1_B_ZN (net)                                                         | 2      |             |            |            | 0.000       |        |                 |
| ifu_mod.block_tag[3]_5__MUX2_X1_A_Z_MUX2_X1_A_Z_XNOR2_X1_B_ZN_NAND4_X1_A1:A2 (NAND4_X1)                                      |        | 0.002       | 0.000      | 0.029      |             | 0.000  | 0.356r          |
| ifu_mod.block_tag[3]_5__MUX2_X1_A_Z_MUX2_X1_A_Z_XNOR2_X1_B_ZN_NAND4_X1_A1:ZN (NAND4_X1)                                      |        | 0.006       | 0.000      | 0.034      |             | 0.055  | 0.410f          |
| ifu_mod.block_valid[1]_MUX2_X1_A_Z_MUX2_X1_A_Z_NAND2_X1_A2_ZN_OR4_X2_A3_A1 (net)                                             | 2      |             |            |            | 0.000       |        |                 |
| ifu_mod.block_valid[1]_MUX2_X1_A_Z_MUX2_X1_A_Z_NAND2_X1_A2_ZN_OR4_X2_A3:A1 (OR4_X2)                                          |        | 0.002       | 0.000      | 0.034      |             | 0.000  | 0.410f          |
| ifu_mod.block_valid[1]_MUX2_X1_A_Z_MUX2_X1_A_Z_NAND2_X1_A2_ZN_OR4_X2_A3:ZN (OR4_X2)                                          |        | 0.002       | 0.000      | 0.016      |             | 0.084  | 0.495f          |
| ifu_mod.block_valid[1]_MUX2_X1_A_Z_MUX2_X1_A_Z_NAND2_X1_A2_ZN_OR4_X2_A3_ZN (net)                                             | 1      |             |            |            | 0.000       |        |                 |
| ifu_mod.block_valid[1]_MUX2_X1_A_Z_MUX2_X1_A_Z_NAND2_X1_A2_ZN_OR4_X2_A3_ZN_BUF_X2_A:A (BUF_X2)                               |        | 0.002       | 0.000      | 0.016      |             | 0.000  | 0.495f          |
| ifu_mod.block_valid[1]_MUX2_X1_A_Z_MUX2_X1_A_Z_NAND2_X1_A2_ZN_OR4_X2_A3_ZN_BUF_X2_A:Z (BUF_X2)                               |        | 0.018       | 0.000      | 0.013      |             | 0.040  | 0.535f          |
| ifu_mod.block_offset[3]_0__MUX2_X1_A_Z_NOR3_X1_A3_A1 (net)                                                                   | 11     |             |            |            | 0.000       |        |                 |
| cache_addr_28__reg_p_QN_MUX2_X1_B_Z_OR4_X1_A1_ZN_OAI33_X1_B2:A1 (OAI33_X1)                                                   |        | 0.002       | 0.000      | 0.013      |             | 0.000  | 0.535f          |
| cache_addr_28__reg_p_QN_MUX2_X1_B_Z_OR4_X1_A1_ZN_OAI33_X1_B2:ZN (OAI33_X1)                                                   |        | 0.002       | 0.000      | 0.059      |             | 0.044  | 0.579r          |
| cache_addr_28__reg_p_QN_MUX2_X1_B_Z_OR4_X1_A1_ZN_OAI33_X1_B2_ZN (net)                                                        | 1      |             |            |            | 0.000       |        |                 |
| cache_addr_28__reg_p_QN_MUX2_X1_B_Z_OR4_X1_A1_ZN_OAI33_X1_B2_ZN_BUF_X2_A:A (BUF_X2)                                          |        | 0.002       | 0.000      | 0.059      |             | 0.000  | 0.579r          |
| cache_addr_28__reg_p_QN_MUX2_X1_B_Z_OR4_X1_A1_ZN_OAI33_X1_B2_ZN_BUF_X2_A:Z (BUF_X2)                                          |        | 0.018       | 0.000      | 0.025      |             | 0.049  | 0.629r          |
| ifu_mod.block_offset[1]_0__MUX2_X1_A_Z_MUX2_X1_A_Z_NAND4_X1_A4_A3 (net)                                                      | 11     |             |            |            | 0.000       |        |                 |
| ifu_mod.block_offset[2]_1__MUX2_X1_A_Z_OAI21_X1_B1_ZN_OAI211_X1_C1:B (OAI211_X1)                                             |        | 0.002       | 0.000      | 0.025      |             | 0.000  | 0.629r          |
| ifu_mod.block_offset[2]_1__MUX2_X1_A_Z_OAI21_X1_B1_ZN_OAI211_X1_C1:ZN (OAI211_X1)                                            |        | 0.004       | 0.000      | 0.020      |             | 0.037  | 0.666f          |
| ifu_mod.block_offset[2]_1__MUX2_X1_A_Z_OAI21_X1_B1_ZN_OAI211_X1_C1_ZN (net)                                                  | 2      |             |            |            | 0.000       |        |                 |
| ifu_mod.block_offset[2]_0__AOI221_X1_C2_ZN_NOR3_X1_A3_ZN_OAI21_X1_B2:B1 (OAI21_X1)                                           |        | 0.002       | 0.000      | 0.020      |             | 0.000  | 0.666f          |
| ifu_mod.block_offset[2]_0__AOI221_X1_C2_ZN_NOR3_X1_A3_ZN_OAI21_X1_B2:ZN (OAI21_X1)                                           |        | 0.001       | 0.000      | 0.018      |             | 0.028  | 0.694r          |
| ifu_mod.block_offset[2]_0__AOI221_X1_C2_ZN_NOR3_X1_A3_ZN_OAI21_X1_B2_ZN (net)                                                | 1      |             |            |            | 0.000       |        |                 |
| ifu_mod.block_offset[1]_0__MUX2_X1_A_Z_MUX2_X1_A_Z_NAND4_X1_A4_ZN_AND2_X1_A2:A1 (AND2_X1)                                    |        | 0.001       | 0.000      | 0.018      |             | 0.000  | 0.694r          |
| ifu_mod.block_offset[1]_0__MUX2_X1_A_Z_MUX2_X1_A_Z_NAND4_X1_A4_ZN_AND2_X1_A2:ZN (AND2_X1)                                    |        | 0.005       | 0.000      | 0.015      |             | 0.043  | 0.736r          |
| cache_addr_3__reg_p_D_OAI21_X1_ZN_B1_MUX2_X1_Z_B_XNOR2_X1_ZN_A (net)                                                         | 3      |             |            |            | 0.000       |        |                 |
| cache_addr_5__reg_p_D_OAI21_X1_ZN_B1_XNOR2_X1_ZN_A_OR3_X1_A3_A2_OAI211_X1_B:C2 (OAI211_X1)                                   |        | 0.002       | 0.000      | 0.015      |             | 0.000  | 0.736r          |
| cache_addr_5__reg_p_D_OAI21_X1_ZN_B1_XNOR2_X1_ZN_A_OR3_X1_A3_A2_OAI211_X1_B:ZN (OAI211_X1)                                   |        | 0.006       | 0.000      | 0.025      |             | 0.037  | 0.774f          |
| cache_addr_6__reg_p_D_NAND2_X1_ZN_A2_NAND3_X1_ZN_A2_NAND2_X1_ZN_A2 (net)                                                     | 3      |             |            |            | 0.000       |        |                 |
| cache_addr_6__reg_p_D_NAND2_X1_ZN_A2_NAND3_X1_ZN_A2_OAI211_X1_C2_A_NAND2_X1_A2_ZN_AOI211_X2_B:C2 (AOI211_X2)                 |        | 0.003       | 0.000      | 0.025      |             | 0.000  | 0.774f          |
| cache_addr_6__reg_p_D_NAND2_X1_ZN_A2_NAND3_X1_ZN_A2_OAI211_X1_C2_A_NAND2_X1_A2_ZN_AOI211_X2_B:ZN (AOI211_X2)                 |        | 0.007       | 0.000      | 0.050      |             | 0.066  | 0.840r          |
| csr_mod.regs[4]_15__MUX2_X1_A_Z_AOI221_X1_C2_A_AOI211_X1_ZN_C1_NOR3_X1_ZN_A2 (net)                                           | 3      |             |            |            | 0.000       |        |                 |
| cache_addr_19__reg_p_D_OAI211_X1_ZN_C1_OAI211_X1_ZN_C2_NAND2_X1_ZN_A2_NAND3_X1_A2_ZN_AOI211_X4_C1:B (AOI211_X4)              |        | 0.002       | 0.000      | 0.050      |             | 0.000  | 0.840r          |
| cache_addr_19__reg_p_D_OAI211_X1_ZN_C1_OAI211_X1_ZN_C2_NAND2_X1_ZN_A2_NAND3_X1_A2_ZN_AOI211_X4_C1:ZN (AOI211_X4)             |        | 0.014       | 0.000      | 0.007      |             | 0.056  | 0.895f          |
| cache_addr_21__reg_p_D_OAI21_X1_ZN_B1_XNOR2_X1_ZN_B_AOI21_X1_ZN_B1_AND2_X1_ZN_A1 (net)                                       | 6      |             |            |            | 0.000       |        |                 |
| cache_addr_23__reg_p_D_OAI21_X1_ZN_A_AOI211_X1_ZN_C1_AOI211_X1_ZN_C2_NOR2_X1_ZN_A2_NAND2_X1_A2_ZN_NAND3_X1_A3:A1 (NAND3_X1)  |        | 0.002       | 0.000      | 0.007      |             | 0.000  | 0.895f          |
| cache_addr_23__reg_p_D_OAI21_X1_ZN_A_AOI211_X1_ZN_C1_AOI211_X1_ZN_C2_NOR2_X1_ZN_A2_NAND2_X1_A2_ZN_NAND3_X1_A3:ZN (NAND3_X1)  |        | 0.002       | 0.000      | 0.015      |             | 0.016  | 0.911r          |
| cache_addr_23__reg_p_D_OAI21_X1_ZN_A_AOI211_X1_ZN_C1_AOI211_X1_ZN_C2_NOR2_X1_ZN_A2_NAND2_X1_A2_ZN_NAND3_X1_A3_ZN (net)       | 1      |             |            |            | 0.000       |        |                 |
| cache_addr_27__reg_p_D_OAI211_X1_ZN_B_OAI211_X1_ZN_C1_AOI21_X1_ZN_B2_NAND2_X1_ZN_A2_NAND2_X1_A2_ZN_AOI21_X1_B2:B1 (AOI21_X1) |        | 0.002       | 0.000      | 0.015      |             | 0.000  | 0.911r          |
| cache_addr_27__reg_p_D_OAI211_X1_ZN_B_OAI211_X1_ZN_C1_AOI21_X1_ZN_B2_NAND2_X1_ZN_A2_NAND2_X1_A2_ZN_AOI21_X1_B2:ZN (AOI21_X1) |        | 0.004       | 0.000      | 0.014      |             | 0.023  | 0.934f          |
| cache_addr_28__reg_p_D_NAND3_X1_ZN_A3_MUX2_X1_Z_S_OR4_X1_ZN_A3 (net)                                                         | 4      |             |            |            | 0.000       |        |                 |
| cache_addr_28__reg_p_D_NAND3_X1_ZN_A3_MUX2_X1_Z_S_OR4_X1_ZN:A3 (OR4_X1)                                                      |        | 0.001       | 0.000      | 0.014      |             | 0.000  | 0.934f          |
| cache_addr_28__reg_p_D_NAND3_X1_ZN_A3_MUX2_X1_Z_S_OR4_X1_ZN:ZN (OR4_X1)                                                      |        | 0.004       | 0.000      | 0.022      |             | 0.124  | 1.058f          |
| cache_addr_28__reg_p_D_NAND3_X1_ZN_A3_MUX2_X1_Z_S (net)                                                                      | 2      |             |            |            | 0.000       |        |                 |
| cache_addr_28__reg_p_D_NAND3_X1_ZN_A3_MUX2_X1_Z:S (MUX2_X1)                                                                  |        | 0.002       | 0.000      | 0.022      |             | 0.000  | 1.058f          |
| cache_addr_28__reg_p_D_NAND3_X1_ZN_A3_MUX2_X1_Z:Z (MUX2_X1)                                                                  |        | 0.001       | 0.000      | 0.010      |             | 0.053  | 1.111f          |
| cache_addr_28__reg_p_D_NAND3_X1_ZN_A3 (net)                                                                                  | 1      |             |            |            | 0.000       |        |                 |
| cache_addr_28__reg_p_D_NAND3_X1_ZN:A3 (NAND3_X1)                                                                             |        | 0.002       | 0.000      | 0.010      |             | 0.000  | 1.111f          |
| cache_addr_28__reg_p_D_NAND3_X1_ZN:ZN (NAND3_X1)                                                                             |        | 0.001       | 0.000      | 0.012      |             | 0.021  | 1.132r          |
| cache_addr_28__reg_p_D (net)                                                                                                 | 1      |             |            |            | 0.000       |        |                 |
| cache_addr_28__reg_p:D (DFF_X1)                                                                                              |        | 0.001       | 0.000      | 0.012      |             | 0.000  | 1.132r          |
|                                                                                                                              |        |             |            |            |             |        |                 |
| clock (port)                                                                                                                 |        | 0.762       | 0.000      | 0.000      |             | 0.000  | 0.000r          |
| clock (clock net)                                                                                                            | 740    |             |            |            | NA          |        |                 |
| cache_addr_3__reg_p_D_MUX2_X1_B_S_CLKGATE_X1_E:CK (CLKGATE_X1)                                                               |        | 0.002       | 0.000      | 0.000      |             | 0.000  | 0.000r          |
| cache_addr_3__reg_p_D_MUX2_X1_B_S_CLKGATE_X1_E:GCK (CLKGATE_X1)                                                              |        | 0.030       | 0.000      | 0.000      |             | 0.000  | 0.000r          |
| cache_addr_9__reg_p_CK (clock net)                                                                                           | 32     |             |            |            | NA          |        |                 |
| cache_addr_28__reg_p:CK (DFF_X1)                                                                                             |        | 0.001       | 0.000      | 0.000      |             | 0.000  | 0.000r          |
| clock core_clock (rise edge)                                                                                                 |        |             |            |            |             | 1.769  | 1.769           |
| clock network delay (ideal)                                                                                                  |        |             |            |            |             | 0.000  | 1.769           |
| cache_addr_28__reg_p:CK (DFF_X1)                                                                                             |        |             |            |            |             |        | 1.769r          |
| library setup time                                                                                                           |        |             |            |            |             | -0.032 | 1.737           |
| clock reconvergence pessimism                                                                                                |        |             |            |            |             | 0.000  | 1.737           |
|                                                                                                                              |        |             |            |            |             |        |                 |
| path cell delay                                                                                                              |        |             |            |            |             |        | 1.132(100.000%) |
| path net delay                                                                                                               |        |             |            |            |             |        | 0.000(0.000%)   |
|                                                                                                                              |        |             |            |            |             |        |                 |
| data require time                                                                                                            |        |             |            |            |             |        | 1.737           |
| data arrival time                                                                                                            |        |             |            |            |             |        | 1.132           |
| slack (MET)                                                                                                                  |        |             |            |            |             |        | 0.604           |
+------------------------------------------------------------------------------------------------------------------------------+--------+-------------+------------+------------+-------------+--------+-----------------+
+---------------------------------------------------------------------------------------------------------------------------------------------------------------+--------+-------------+------------+------------+-------------+--------+-----------------+
| Point                                                                                                                                                         | Fanout | Capacitance | Resistance | Transition | Delta Delay | Incr   | Path            |
+---------------------------------------------------------------------------------------------------------------------------------------------------------------+--------+-------------+------------+------------+-------------+--------+-----------------+
| clock (port)                                                                                                                                                  |        | 0.762       | 0.000      | 0.000      |             | 0.000  | 0.000r          |
| clock (clock net)                                                                                                                                             | 740    |             |            |            | NA          |        |                 |
| alu_mod.bus_in_alu_op_4__reg_p:CK (DFF_X1)                                                                                                                    |        | 0.001       | 0.000      | 0.000      |             | 0.000  | 0.000r          |
| clock core_clock (rise edge)                                                                                                                                  |        |             |            |            |             | 0      | 0               |
| clock network delay (ideal)                                                                                                                                   |        |             |            |            |             | 0.000  | 0.000           |
| alu_mod.bus_in_alu_op_4__reg_p:CK (DFF_X1)                                                                                                                    |        | 0.001       | 0.000      | 0.000      |             | 0.000  | 0.000r          |
| alu_mod.bus_in_alu_op_4__reg_p:Q (DFF_X1)                                                                                                                     |        | 0.036       | 0.000      | 0.047      |             | 0.132  | 0.132f          |
| alu_mod.bus_in_alu_op_4_ (net)                                                                                                                                | 22     |             |            |            | 0.000       |        |                 |
| alu_mod.bus_in_alu_op_5__NOR2_X4_A2:A1 (NOR2_X4)                                                                                                              |        | 0.007       | 0.000      | 0.047      |             | 0.000  | 0.132f          |
| alu_mod.bus_in_alu_op_5__NOR2_X4_A2:ZN (NOR2_X4)                                                                                                              |        | 0.007       | 0.000      | 0.022      |             | 0.040  | 0.172r          |
| alu_mod.bus_in_alu_op_5__NOR2_X4_A2_ZN (net)                                                                                                                  | 1      |             |            |            | 0.000       |        |                 |
| alu_mod.bus_in_alu_op_5__NOR2_X4_A2_ZN_BUF_X8_A:A (BUF_X8)                                                                                                    |        | 0.007       | 0.000      | 0.022      |             | 0.000  | 0.172r          |
| alu_mod.bus_in_alu_op_5__NOR2_X4_A2_ZN_BUF_X8_A:Z (BUF_X8)                                                                                                    |        | 0.038       | 0.000      | 0.014      |             | 0.033  | 0.205r          |
| alu_mod.bus_in_alu_op_5__NOR2_X4_A2_ZN_BUF_X8_A_Z (net)                                                                                                       | 24     |             |            |            | 0.000       |        |                 |
| alu_mod.bus_in_data_csr_19__INV_X1_A_ZN_OAI21_X1_A_ZN_AOI22_X1_B1_A2_OAI21_X1_A_B2_BUF_X4_Z_A_NAND2_X1_ZN:A2 (NAND2_X1)                                       |        | 0.002       | 0.000      | 0.014      |             | 0.000  | 0.205r          |
| alu_mod.bus_in_data_csr_19__INV_X1_A_ZN_OAI21_X1_A_ZN_AOI22_X1_B1_A2_OAI21_X1_A_B2_BUF_X4_Z_A_NAND2_X1_ZN:ZN (NAND2_X1)                                       |        | 0.003       | 0.000      | 0.012      |             | 0.020  | 0.225f          |
| alu_mod.bus_in_data_csr_19__INV_X1_A_ZN_OAI21_X1_A_ZN_AOI22_X1_B1_A2_OAI21_X1_A_B2_BUF_X4_Z_A (net)                                                           | 1      |             |            |            | 0.000       |        |                 |
| alu_mod.bus_in_data_csr_19__INV_X1_A_ZN_OAI21_X1_A_ZN_AOI22_X1_B1_A2_OAI21_X1_A_B2_BUF_X4_Z:A (BUF_X4)                                                        |        | 0.003       | 0.000      | 0.012      |             | 0.000  | 0.225f          |
| alu_mod.bus_in_data_csr_19__INV_X1_A_ZN_OAI21_X1_A_ZN_AOI22_X1_B1_A2_OAI21_X1_A_B2_BUF_X4_Z:Z (BUF_X4)                                                        |        | 0.025       | 0.000      | 0.010      |             | 0.034  | 0.259f          |
| alu_mod.bus_in_data_csr_19__INV_X1_A_ZN_OAI21_X1_A_ZN_AOI22_X1_B1_A2_OAI21_X1_A_B2 (net)                                                                      | 14     |             |            |            | 0.000       |        |                 |
| alu_mod.bus_in_alu_op_3__AOI21_X1_B1_ZN_BUF_X2_A_Z_NOR2_X4_A2:A1 (NOR2_X4)                                                                                    |        | 0.007       | 0.000      | 0.010      |             | 0.000  | 0.259f          |
| alu_mod.bus_in_alu_op_3__AOI21_X1_B1_ZN_BUF_X2_A_Z_NOR2_X4_A2:ZN (NOR2_X4)                                                                                    |        | 0.003       | 0.000      | 0.012      |             | 0.020  | 0.279r          |
| alu_mod.bus_in_alu_op_3__AOI21_X1_B1_ZN_BUF_X2_A_Z_NOR2_X4_A2_ZN (net)                                                                                        | 1      |             |            |            | 0.000       |        |                 |
| alu_mod.bus_in_data_csr_20__INV_X1_A_ZN_NOR2_X1_A1_ZN_AOI21_X1_A_B1_MUX2_X1_A_S_BUF_X4_Z:A (BUF_X4)                                                           |        | 0.003       | 0.000      | 0.012      |             | 0.000  | 0.279r          |
| alu_mod.bus_in_data_csr_20__INV_X1_A_ZN_NOR2_X1_A1_ZN_AOI21_X1_A_B1_MUX2_X1_A_S_BUF_X4_Z:Z (BUF_X4)                                                           |        | 0.030       | 0.000      | 0.020      |             | 0.036  | 0.315r          |
| alu_mod.bus_in_data_csr_20__INV_X1_A_ZN_NOR2_X1_A1_ZN_AOI21_X1_A_B1_MUX2_X1_A_S (net)                                                                         | 13     |             |            |            | 0.000       |        |                 |
| alu_mod.bus_in_data_csr_20__INV_X1_A_ZN_NOR2_X1_A1_ZN_AOI21_X1_A_B1_MUX2_X1_A_S_BUF_X8_A:A (BUF_X8)                                                           |        | 0.007       | 0.000      | 0.020      |             | 0.000  | 0.315r          |
| alu_mod.bus_in_data_csr_20__INV_X1_A_ZN_NOR2_X1_A1_ZN_AOI21_X1_A_B1_MUX2_X1_A_S_BUF_X8_A:Z (BUF_X8)                                                           |        | 0.045       | 0.000      | 0.016      |             | 0.035  | 0.350r          |
| alu_mod.bus_in_data_csr_20__INV_X1_A_ZN_NOR2_X1_A1_ZN_AOI21_X1_A_B1_MUX2_X1_A_S_BUF_X8_A_Z (net)                                                              | 24     |             |            |            | 0.000       |        |                 |
| ex_ls_bus_next_pc_ls_9__reg_p_D_AOI211_X1_ZN_C1_INV_X1_ZN_A_XNOR2_X1_ZN_B_NOR2_X1_A2_A1_NOR2_X1_A1_ZN_OAI33_X1_A1_B1_AOI21_X1_ZN:B2 (AOI21_X1)                |        | 0.002       | 0.000      | 0.016      |             | 0.000  | 0.350r          |
| ex_ls_bus_next_pc_ls_9__reg_p_D_AOI211_X1_ZN_C1_INV_X1_ZN_A_XNOR2_X1_ZN_B_NOR2_X1_A2_A1_NOR2_X1_A1_ZN_OAI33_X1_A1_B1_AOI21_X1_ZN:ZN (AOI21_X1)                |        | 0.001       | 0.000      | 0.011      |             | 0.017  | 0.368f          |
| ex_ls_bus_next_pc_ls_9__reg_p_D_AOI211_X1_ZN_C1_INV_X1_ZN_A_XNOR2_X1_ZN_B_NOR2_X1_A2_A1_NOR2_X1_A1_ZN_OAI33_X1_A1_B1 (net)                                    | 1      |             |            |            | 0.000       |        |                 |
| ex_ls_bus_next_pc_ls_9__reg_p_D_AOI211_X1_ZN_C1_INV_X1_ZN_A_XNOR2_X1_ZN_B_NOR2_X1_A2_A1_NOR2_X1_A1_ZN_OAI33_X1_A1:B1 (OAI33_X1)                               |        | 0.002       | 0.000      | 0.011      |             | 0.000  | 0.368f          |
| ex_ls_bus_next_pc_ls_9__reg_p_D_AOI211_X1_ZN_C1_INV_X1_ZN_A_XNOR2_X1_ZN_B_NOR2_X1_A2_A1_NOR2_X1_A1_ZN_OAI33_X1_A1:ZN (OAI33_X1)                               |        | 0.005       | 0.000      | 0.090      |             | 0.095  | 0.463r          |
| ex_ls_bus_next_pc_ls_9__reg_p_D_AOI211_X1_ZN_C1_INV_X1_ZN_A_XNOR2_X1_ZN_B_NOR2_X1_A2_A1_NOR2_X1_A1_ZN_OAI33_X1_A1_ZN (net)                                    | 2      |             |            |            | 0.000       |        |                 |
| ex_ls_bus_next_pc_ls_9__reg_p_D_AOI211_X1_ZN_C1_INV_X1_ZN_A_XNOR2_X1_ZN_B_NOR2_X1_A2_A1_NOR2_X1_A1_ZN_OAI33_X1_A1_ZN_OAI21_X1_A:A (OAI21_X1)                  |        | 0.002       | 0.000      | 0.090      |             | 0.000  | 0.463r          |
| ex_ls_bus_next_pc_ls_9__reg_p_D_AOI211_X1_ZN_C1_INV_X1_ZN_A_XNOR2_X1_ZN_B_NOR2_X1_A2_A1_NOR2_X1_A1_ZN_OAI33_X1_A1_ZN_OAI21_X1_A:ZN (OAI21_X1)                 |        | 0.007       | 0.000      | 0.028      |             | 0.051  | 0.514f          |
| csr_mod.regs[1]_11__MUX2_X1_A_Z_AOI22_X1_B1_A2_OAI22_X1_ZN_B1_XNOR2_X1_ZN_A_OAI21_X1_ZN_A_OAI211_X1_ZN_B_NAND3_X1_ZN_A2 (net)                                 | 4      |             |            |            | 0.000       |        |                 |
| csr_mod.regs[1]_11__MUX2_X1_A_Z_AOI22_X1_B1_A2_OAI22_X1_ZN_B1_XNOR2_X1_ZN_B_OR2_X1_ZN_A1_AOI21_X1_A_ZN_AOI21_X1_B1_ZN_OR2_X1_A2_ZN_AOI211_X2_A:C2 (AOI211_X2) |        | 0.003       | 0.000      | 0.028      |             | 0.000  | 0.514f          |
| csr_mod.regs[1]_11__MUX2_X1_A_Z_AOI22_X1_B1_A2_OAI22_X1_ZN_B1_XNOR2_X1_ZN_B_OR2_X1_ZN_A1_AOI21_X1_A_ZN_AOI21_X1_B1_ZN_OR2_X1_A2_ZN_AOI211_X2_A:ZN (AOI211_X2) |        | 0.005       | 0.000      | 0.043      |             | 0.060  | 0.574r          |
| alu_mod.bus_in_data_rs1_8__XOR2_X1_B_Z_AOI221_X1_A_ZN_NAND4_X1_A4_A1_OAI21_X1_A_ZN_OAI211_X1_C2_ZN_OAI211_X1_A_C1 (net)                                       | 3      |             |            |            | 0.000       |        |                 |
| alu_mod.bus_in_rs1_0__MUX2_X1_B_Z_AOI221_X1_C1_A_NOR3_X1_ZN_A3_OAI22_X1_B1_A1_AOI21_X1_ZN_A_NOR2_X1_A1_ZN_AOI21_X1_B2_ZN_OAI221_X1_A:C1 (OAI221_X1)           |        | 0.002       | 0.000      | 0.043      |             | 0.000  | 0.574r          |
| alu_mod.bus_in_rs1_0__MUX2_X1_B_Z_AOI221_X1_C1_A_NOR3_X1_ZN_A3_OAI22_X1_B1_A1_AOI21_X1_ZN_A_NOR2_X1_A1_ZN_AOI21_X1_B2_ZN_OAI221_X1_A:ZN (OAI221_X1)           |        | 0.006       | 0.000      | 0.030      |             | 0.051  | 0.625f          |
| alu_mod.bus_in_rs1_0__MUX2_X1_B_Z_AOI221_X1_C1_A_NOR3_X1_ZN_A3_OAI22_X1_B1_A1_AOI21_X1_ZN_A_NOR2_X1_A1_ZN_AOI21_X1_B2_ZN_OAI221_X1_A_ZN (net)                 | 3      |             |            |            | 0.000       |        |                 |
| alu_mod.bus_in_data_rs1_8__XOR2_X1_B_Z_AOI221_X1_A_ZN_NAND4_X1_A4_A1_OAI21_X1_A_ZN_OAI211_X1_C2_C1_OAI21_X1_B1_ZN_AOI22_X1_A2_ZN_AND3_X2_A2:A1 (AND3_X2)      |        | 0.002       | 0.000      | 0.030      |             | 0.000  | 0.625f          |
| alu_mod.bus_in_data_rs1_8__XOR2_X1_B_Z_AOI221_X1_A_ZN_NAND4_X1_A4_A1_OAI21_X1_A_ZN_OAI211_X1_C2_C1_OAI21_X1_B1_ZN_AOI22_X1_A2_ZN_AND3_X2_A2:ZN (AND3_X2)      |        | 0.009       | 0.000      | 0.009      |             | 0.045  | 0.670f          |
| alu_mod.bus_in_rs1_0__MUX2_X1_B_Z_AOI221_X1_C1_B1_AOI221_X1_B1_C1_NOR2_X1_ZN_A1 (net)                                                                         | 4      |             |            |            | 0.000       |        |                 |
| alu_mod.bus_in_rs1_0__MUX2_X1_B_Z_AOI221_X1_C1_B1_AOI221_X1_B1_C2_OAI21_X1_ZN_B2_OAI21_X1_A:B1 (OAI21_X1)                                                     |        | 0.002       | 0.000      | 0.009      |             | 0.000  | 0.670f          |
| alu_mod.bus_in_rs1_0__MUX2_X1_B_Z_AOI221_X1_C1_B1_AOI221_X1_B1_C2_OAI21_X1_ZN_B2_OAI21_X1_A:ZN (OAI21_X1)                                                     |        | 0.008       | 0.000      | 0.052      |             | 0.064  | 0.734r          |
| alu_mod.bus_in_rs1_0__MUX2_X1_B_Z_AOI221_X1_C1_B1_AOI221_X1_B1_A_OAI21_X1_ZN_B2 (net)                                                                         | 4      |             |            |            | 0.000       |        |                 |
| alu_mod.bus_in_rs1_0__MUX2_X1_B_Z_AOI221_X1_C1_B1_NAND2_X1_ZN_A1_AOI211_X2_C1_B_AOI21_X1_ZN:B2 (AOI21_X1)                                                     |        | 0.002       | 0.000      | 0.052      |             | 0.000  | 0.734r          |
| alu_mod.bus_in_rs1_0__MUX2_X1_B_Z_AOI221_X1_C1_B1_NAND2_X1_ZN_A1_AOI211_X2_C1_B_AOI21_X1_ZN:ZN (AOI21_X1)                                                     |        | 0.003       | 0.000      | 0.016      |             | 0.029  | 0.762f          |
| alu_mod.bus_in_rs1_0__MUX2_X1_B_Z_AOI221_X1_C1_B1_NAND2_X1_ZN_A1_AOI211_X2_C1_B (net)                                                                         | 1      |             |            |            | 0.000       |        |                 |
| alu_mod.bus_in_rs1_0__MUX2_X1_B_Z_AOI221_X1_C1_B1_NAND2_X1_ZN_A1_AOI211_X2_C1:B (AOI211_X2)                                                                   |        | 0.003       | 0.000      | 0.016      |             | 0.000  | 0.762f          |
| alu_mod.bus_in_rs1_0__MUX2_X1_B_Z_AOI221_X1_C1_B1_NAND2_X1_ZN_A1_AOI211_X2_C1:ZN (AOI211_X2)                                                                  |        | 0.003       | 0.000      | 0.039      |             | 0.055  | 0.817r          |
| alu_mod.bus_in_rs1_0__MUX2_X1_B_Z_AOI221_X1_C1_B1_NAND2_X1_ZN_A1_AOI211_X2_C1_ZN (net)                                                                        | 1      |             |            |            | 0.000       |        |                 |
| alu_mod.bus_in_rs1_0__MUX2_X1_B_Z_AOI221_X1_C1_B1_NAND2_X1_ZN_A1_AOI211_X2_C1_ZN_BUF_X4_A:A (BUF_X4)                                                          |        | 0.003       | 0.000      | 0.039      |             | 0.000  | 0.817r          |
| alu_mod.bus_in_rs1_0__MUX2_X1_B_Z_AOI221_X1_C1_B1_NAND2_X1_ZN_A1_AOI211_X2_C1_ZN_BUF_X4_A:Z (BUF_X4)                                                          |        | 0.021       | 0.000      | 0.016      |             | 0.037  | 0.854r          |
| ifu_mod.latest_row_NOR4_X1_A1_A2 (net)                                                                                                                        | 8      |             |            |            | 0.000       |        |                 |
| ex_ls_bus_exception_ls_NOR3_X1_A1_ZN_NAND2_X1_A2_ZN_NOR2_X1_A2_ZN_OAI221_X2_A_ZN_OAI21_X2_A:B2 (OAI21_X2)                                                     |        | 0.003       | 0.000      | 0.016      |             | 0.000  | 0.854r          |
| ex_ls_bus_exception_ls_NOR3_X1_A1_ZN_NAND2_X1_A2_ZN_NOR2_X1_A2_ZN_OAI221_X2_A_ZN_OAI21_X2_A:ZN (OAI21_X2)                                                     |        | 0.011       | 0.000      | 0.020      |             | 0.027  | 0.881f          |
| io_master_rready_OR2_X1_ZN_A2_AOI21_X1_ZN_A_OAI33_X1_A3_B2 (net)                                                                                              | 7      |             |            |            | 0.000       |        |                 |
| io_master_rready_OR2_X1_ZN_A2_AOI21_X1_ZN_A_OAI33_X1_A3:B2 (OAI33_X1)                                                                                         |        | 0.002       | 0.000      | 0.020      |             | 0.000  | 0.881f          |
| io_master_rready_OR2_X1_ZN_A2_AOI21_X1_ZN_A_OAI33_X1_A3:ZN (OAI33_X1)                                                                                         |        | 0.003       | 0.000      | 0.075      |             | 0.094  | 0.975r          |
| io_master_rready_OR2_X1_ZN_A2_AOI21_X1_ZN_A_OAI33_X1_A3_ZN (net)                                                                                              | 1      |             |            |            | 0.000       |        |                 |
| io_master_rready_OR2_X1_ZN_A2_AOI21_X1_ZN_A_OAI33_X1_A3_ZN_BUF_X4_A:A (BUF_X4)                                                                                |        | 0.003       | 0.000      | 0.075      |             | 0.000  | 0.975r          |
| io_master_rready_OR2_X1_ZN_A2_AOI21_X1_ZN_A_OAI33_X1_A3_ZN_BUF_X4_A:Z (BUF_X4)                                                                                |        | 0.029       | 0.000      | 0.021      |             | 0.045  | 1.020r          |
| icache_mod.latest_row_NAND3_X2_A1_A2 (net)                                                                                                                    | 9      |             |            |            | 0.000       |        |                 |
| icache_mod.latest_row_NAND4_X4_A3:A4 (NAND4_X4)                                                                                                               |        | 0.006       | 0.000      | 0.021      |             | 0.000  | 1.020r          |
| icache_mod.latest_row_NAND4_X4_A3:ZN (NAND4_X4)                                                                                                               |        | 0.018       | 0.000      | 0.030      |             | 0.044  | 1.064f          |
| icache_mod.latest_row_NAND4_X4_A3_ZN (net)                                                                                                                    | 12     |             |            |            | 0.000       |        |                 |
| icache_mod.block_valid[5]_reg_p_D_OAI21_X1_ZN_B2_NOR2_X1_A1:A2 (NOR2_X1)                                                                                      |        | 0.002       | 0.000      | 0.030      |             | 0.000  | 1.064f          |
| icache_mod.block_valid[5]_reg_p_D_OAI21_X1_ZN_B2_NOR2_X1_A1:ZN (NOR2_X1)                                                                                      |        | 0.001       | 0.000      | 0.014      |             | 0.032  | 1.096r          |
| icache_mod.block_valid[5]_reg_p_D_OAI21_X1_ZN_B2_NOR2_X1_A1_ZN (net)                                                                                          | 1      |             |            |            | 0.000       |        |                 |
| icache_mod.block_valid[5]_reg_p_D_OAI21_X1_ZN_B2_NOR2_X1_A1_ZN_CLKGATE_X1_E:E (CLKGATE_X1)                                                                    |        | 0.001       | 0.000      | 0.014      |             | 0.000  | 1.096r          |
|                                                                                                                                                               |        |             |            |            |             |        |                 |
| clock (port)                                                                                                                                                  |        | 0.762       | 0.000      | 0.000      |             | 0.000  | 0.000r          |
| clock (clock net)                                                                                                                                             | 740    |             |            |            | NA          |        |                 |
| icache_mod.block_valid[5]_reg_p_D_OAI21_X1_ZN_B2_NOR2_X1_A1_ZN_CLKGATE_X1_E:CK (CLKGATE_X1)                                                                   |        | 0.002       | 0.000      | 0.000      |             | 0.000  | 0.000r          |
| clock core_clock (rise edge)                                                                                                                                  |        |             |            |            |             | 1.769  | 1.769           |
| clock network delay (ideal)                                                                                                                                   |        |             |            |            |             | 0.000  | 1.769           |
| icache_mod.block_valid[5]_reg_p_D_OAI21_X1_ZN_B2_NOR2_X1_A1_ZN_CLKGATE_X1_E:CK (CLKGATE_X1)                                                                   |        |             |            |            |             |        | 1.769r          |
| library setup time                                                                                                                                            |        |             |            |            |             | -0.051 | 1.718           |
| clock reconvergence pessimism                                                                                                                                 |        |             |            |            |             | 0.000  | 1.718           |
|                                                                                                                                                               |        |             |            |            |             |        |                 |
| path cell delay                                                                                                                                               |        |             |            |            |             |        | 1.096(100.000%) |
| path net delay                                                                                                                                                |        |             |            |            |             |        | 0.000(0.000%)   |
|                                                                                                                                                               |        |             |            |            |             |        |                 |
| data require time                                                                                                                                             |        |             |            |            |             |        | 1.718           |
| data arrival time                                                                                                                                             |        |             |            |            |             |        | 1.096           |
| slack (MET)                                                                                                                                                   |        |             |            |            |             |        | 0.622           |
+---------------------------------------------------------------------------------------------------------------------------------------------------------------+--------+-------------+------------+------------+-------------+--------+-----------------+
+---------------------------------------------------------------------------------------------------------------------------------------------------------------+--------+-------------+------------+------------+-------------+--------+-----------------+
| Point                                                                                                                                                         | Fanout | Capacitance | Resistance | Transition | Delta Delay | Incr   | Path            |
+---------------------------------------------------------------------------------------------------------------------------------------------------------------+--------+-------------+------------+------------+-------------+--------+-----------------+
| clock (port)                                                                                                                                                  |        | 0.762       | 0.000      | 0.000      |             | 0.000  | 0.000r          |
| clock (clock net)                                                                                                                                             | 740    |             |            |            | NA          |        |                 |
| alu_mod.bus_in_alu_op_4__reg_p:CK (DFF_X1)                                                                                                                    |        | 0.001       | 0.000      | 0.000      |             | 0.000  | 0.000r          |
| clock core_clock (rise edge)                                                                                                                                  |        |             |            |            |             | 0      | 0               |
| clock network delay (ideal)                                                                                                                                   |        |             |            |            |             | 0.000  | 0.000           |
| alu_mod.bus_in_alu_op_4__reg_p:CK (DFF_X1)                                                                                                                    |        | 0.001       | 0.000      | 0.000      |             | 0.000  | 0.000r          |
| alu_mod.bus_in_alu_op_4__reg_p:Q (DFF_X1)                                                                                                                     |        | 0.036       | 0.000      | 0.047      |             | 0.132  | 0.132f          |
| alu_mod.bus_in_alu_op_4_ (net)                                                                                                                                | 22     |             |            |            | 0.000       |        |                 |
| alu_mod.bus_in_alu_op_5__NOR2_X4_A2:A1 (NOR2_X4)                                                                                                              |        | 0.007       | 0.000      | 0.047      |             | 0.000  | 0.132f          |
| alu_mod.bus_in_alu_op_5__NOR2_X4_A2:ZN (NOR2_X4)                                                                                                              |        | 0.007       | 0.000      | 0.022      |             | 0.040  | 0.172r          |
| alu_mod.bus_in_alu_op_5__NOR2_X4_A2_ZN (net)                                                                                                                  | 1      |             |            |            | 0.000       |        |                 |
| alu_mod.bus_in_alu_op_5__NOR2_X4_A2_ZN_BUF_X8_A:A (BUF_X8)                                                                                                    |        | 0.007       | 0.000      | 0.022      |             | 0.000  | 0.172r          |
| alu_mod.bus_in_alu_op_5__NOR2_X4_A2_ZN_BUF_X8_A:Z (BUF_X8)                                                                                                    |        | 0.038       | 0.000      | 0.014      |             | 0.033  | 0.205r          |
| alu_mod.bus_in_alu_op_5__NOR2_X4_A2_ZN_BUF_X8_A_Z (net)                                                                                                       | 24     |             |            |            | 0.000       |        |                 |
| alu_mod.bus_in_data_csr_19__INV_X1_A_ZN_OAI21_X1_A_ZN_AOI22_X1_B1_A2_OAI21_X1_A_B2_BUF_X4_Z_A_NAND2_X1_ZN:A2 (NAND2_X1)                                       |        | 0.002       | 0.000      | 0.014      |             | 0.000  | 0.205r          |
| alu_mod.bus_in_data_csr_19__INV_X1_A_ZN_OAI21_X1_A_ZN_AOI22_X1_B1_A2_OAI21_X1_A_B2_BUF_X4_Z_A_NAND2_X1_ZN:ZN (NAND2_X1)                                       |        | 0.003       | 0.000      | 0.012      |             | 0.020  | 0.225f          |
| alu_mod.bus_in_data_csr_19__INV_X1_A_ZN_OAI21_X1_A_ZN_AOI22_X1_B1_A2_OAI21_X1_A_B2_BUF_X4_Z_A (net)                                                           | 1      |             |            |            | 0.000       |        |                 |
| alu_mod.bus_in_data_csr_19__INV_X1_A_ZN_OAI21_X1_A_ZN_AOI22_X1_B1_A2_OAI21_X1_A_B2_BUF_X4_Z:A (BUF_X4)                                                        |        | 0.003       | 0.000      | 0.012      |             | 0.000  | 0.225f          |
| alu_mod.bus_in_data_csr_19__INV_X1_A_ZN_OAI21_X1_A_ZN_AOI22_X1_B1_A2_OAI21_X1_A_B2_BUF_X4_Z:Z (BUF_X4)                                                        |        | 0.025       | 0.000      | 0.010      |             | 0.034  | 0.259f          |
| alu_mod.bus_in_data_csr_19__INV_X1_A_ZN_OAI21_X1_A_ZN_AOI22_X1_B1_A2_OAI21_X1_A_B2 (net)                                                                      | 14     |             |            |            | 0.000       |        |                 |
| alu_mod.bus_in_alu_op_3__AOI21_X1_B1_ZN_BUF_X2_A_Z_NOR2_X4_A2:A1 (NOR2_X4)                                                                                    |        | 0.007       | 0.000      | 0.010      |             | 0.000  | 0.259f          |
| alu_mod.bus_in_alu_op_3__AOI21_X1_B1_ZN_BUF_X2_A_Z_NOR2_X4_A2:ZN (NOR2_X4)                                                                                    |        | 0.003       | 0.000      | 0.012      |             | 0.020  | 0.279r          |
| alu_mod.bus_in_alu_op_3__AOI21_X1_B1_ZN_BUF_X2_A_Z_NOR2_X4_A2_ZN (net)                                                                                        | 1      |             |            |            | 0.000       |        |                 |
| alu_mod.bus_in_data_csr_20__INV_X1_A_ZN_NOR2_X1_A1_ZN_AOI21_X1_A_B1_MUX2_X1_A_S_BUF_X4_Z:A (BUF_X4)                                                           |        | 0.003       | 0.000      | 0.012      |             | 0.000  | 0.279r          |
| alu_mod.bus_in_data_csr_20__INV_X1_A_ZN_NOR2_X1_A1_ZN_AOI21_X1_A_B1_MUX2_X1_A_S_BUF_X4_Z:Z (BUF_X4)                                                           |        | 0.030       | 0.000      | 0.020      |             | 0.036  | 0.315r          |
| alu_mod.bus_in_data_csr_20__INV_X1_A_ZN_NOR2_X1_A1_ZN_AOI21_X1_A_B1_MUX2_X1_A_S (net)                                                                         | 13     |             |            |            | 0.000       |        |                 |
| alu_mod.bus_in_data_csr_20__INV_X1_A_ZN_NOR2_X1_A1_ZN_AOI21_X1_A_B1_MUX2_X1_A_S_BUF_X8_A:A (BUF_X8)                                                           |        | 0.007       | 0.000      | 0.020      |             | 0.000  | 0.315r          |
| alu_mod.bus_in_data_csr_20__INV_X1_A_ZN_NOR2_X1_A1_ZN_AOI21_X1_A_B1_MUX2_X1_A_S_BUF_X8_A:Z (BUF_X8)                                                           |        | 0.045       | 0.000      | 0.016      |             | 0.035  | 0.350r          |
| alu_mod.bus_in_data_csr_20__INV_X1_A_ZN_NOR2_X1_A1_ZN_AOI21_X1_A_B1_MUX2_X1_A_S_BUF_X8_A_Z (net)                                                              | 24     |             |            |            | 0.000       |        |                 |
| ex_ls_bus_next_pc_ls_9__reg_p_D_AOI211_X1_ZN_C1_INV_X1_ZN_A_XNOR2_X1_ZN_B_NOR2_X1_A2_A1_NOR2_X1_A1_ZN_OAI33_X1_A1_B1_AOI21_X1_ZN:B2 (AOI21_X1)                |        | 0.002       | 0.000      | 0.016      |             | 0.000  | 0.350r          |
| ex_ls_bus_next_pc_ls_9__reg_p_D_AOI211_X1_ZN_C1_INV_X1_ZN_A_XNOR2_X1_ZN_B_NOR2_X1_A2_A1_NOR2_X1_A1_ZN_OAI33_X1_A1_B1_AOI21_X1_ZN:ZN (AOI21_X1)                |        | 0.001       | 0.000      | 0.011      |             | 0.017  | 0.368f          |
| ex_ls_bus_next_pc_ls_9__reg_p_D_AOI211_X1_ZN_C1_INV_X1_ZN_A_XNOR2_X1_ZN_B_NOR2_X1_A2_A1_NOR2_X1_A1_ZN_OAI33_X1_A1_B1 (net)                                    | 1      |             |            |            | 0.000       |        |                 |
| ex_ls_bus_next_pc_ls_9__reg_p_D_AOI211_X1_ZN_C1_INV_X1_ZN_A_XNOR2_X1_ZN_B_NOR2_X1_A2_A1_NOR2_X1_A1_ZN_OAI33_X1_A1:B1 (OAI33_X1)                               |        | 0.002       | 0.000      | 0.011      |             | 0.000  | 0.368f          |
| ex_ls_bus_next_pc_ls_9__reg_p_D_AOI211_X1_ZN_C1_INV_X1_ZN_A_XNOR2_X1_ZN_B_NOR2_X1_A2_A1_NOR2_X1_A1_ZN_OAI33_X1_A1:ZN (OAI33_X1)                               |        | 0.005       | 0.000      | 0.090      |             | 0.095  | 0.463r          |
| ex_ls_bus_next_pc_ls_9__reg_p_D_AOI211_X1_ZN_C1_INV_X1_ZN_A_XNOR2_X1_ZN_B_NOR2_X1_A2_A1_NOR2_X1_A1_ZN_OAI33_X1_A1_ZN (net)                                    | 2      |             |            |            | 0.000       |        |                 |
| ex_ls_bus_next_pc_ls_9__reg_p_D_AOI211_X1_ZN_C1_INV_X1_ZN_A_XNOR2_X1_ZN_B_NOR2_X1_A2_A1_NOR2_X1_A1_ZN_OAI33_X1_A1_ZN_OAI21_X1_A:A (OAI21_X1)                  |        | 0.002       | 0.000      | 0.090      |             | 0.000  | 0.463r          |
| ex_ls_bus_next_pc_ls_9__reg_p_D_AOI211_X1_ZN_C1_INV_X1_ZN_A_XNOR2_X1_ZN_B_NOR2_X1_A2_A1_NOR2_X1_A1_ZN_OAI33_X1_A1_ZN_OAI21_X1_A:ZN (OAI21_X1)                 |        | 0.007       | 0.000      | 0.028      |             | 0.051  | 0.514f          |
| csr_mod.regs[1]_11__MUX2_X1_A_Z_AOI22_X1_B1_A2_OAI22_X1_ZN_B1_XNOR2_X1_ZN_A_OAI21_X1_ZN_A_OAI211_X1_ZN_B_NAND3_X1_ZN_A2 (net)                                 | 4      |             |            |            | 0.000       |        |                 |
| csr_mod.regs[1]_11__MUX2_X1_A_Z_AOI22_X1_B1_A2_OAI22_X1_ZN_B1_XNOR2_X1_ZN_B_OR2_X1_ZN_A1_AOI21_X1_A_ZN_AOI21_X1_B1_ZN_OR2_X1_A2_ZN_AOI211_X2_A:C2 (AOI211_X2) |        | 0.003       | 0.000      | 0.028      |             | 0.000  | 0.514f          |
| csr_mod.regs[1]_11__MUX2_X1_A_Z_AOI22_X1_B1_A2_OAI22_X1_ZN_B1_XNOR2_X1_ZN_B_OR2_X1_ZN_A1_AOI21_X1_A_ZN_AOI21_X1_B1_ZN_OR2_X1_A2_ZN_AOI211_X2_A:ZN (AOI211_X2) |        | 0.005       | 0.000      | 0.043      |             | 0.060  | 0.574r          |
| alu_mod.bus_in_data_rs1_8__XOR2_X1_B_Z_AOI221_X1_A_ZN_NAND4_X1_A4_A1_OAI21_X1_A_ZN_OAI211_X1_C2_ZN_OAI211_X1_A_C1 (net)                                       | 3      |             |            |            | 0.000       |        |                 |
| alu_mod.bus_in_rs1_0__MUX2_X1_B_Z_AOI221_X1_C1_A_NOR3_X1_ZN_A3_OAI22_X1_B1_A1_AOI21_X1_ZN_A_NOR2_X1_A1_ZN_AOI21_X1_B2_ZN_OAI221_X1_A:C1 (OAI221_X1)           |        | 0.002       | 0.000      | 0.043      |             | 0.000  | 0.574r          |
| alu_mod.bus_in_rs1_0__MUX2_X1_B_Z_AOI221_X1_C1_A_NOR3_X1_ZN_A3_OAI22_X1_B1_A1_AOI21_X1_ZN_A_NOR2_X1_A1_ZN_AOI21_X1_B2_ZN_OAI221_X1_A:ZN (OAI221_X1)           |        | 0.006       | 0.000      | 0.030      |             | 0.051  | 0.625f          |
| alu_mod.bus_in_rs1_0__MUX2_X1_B_Z_AOI221_X1_C1_A_NOR3_X1_ZN_A3_OAI22_X1_B1_A1_AOI21_X1_ZN_A_NOR2_X1_A1_ZN_AOI21_X1_B2_ZN_OAI221_X1_A_ZN (net)                 | 3      |             |            |            | 0.000       |        |                 |
| alu_mod.bus_in_data_rs1_8__XOR2_X1_B_Z_AOI221_X1_A_ZN_NAND4_X1_A4_A1_OAI21_X1_A_ZN_OAI211_X1_C2_C1_OAI21_X1_B1_ZN_AOI22_X1_A2_ZN_AND3_X2_A2:A1 (AND3_X2)      |        | 0.002       | 0.000      | 0.030      |             | 0.000  | 0.625f          |
| alu_mod.bus_in_data_rs1_8__XOR2_X1_B_Z_AOI221_X1_A_ZN_NAND4_X1_A4_A1_OAI21_X1_A_ZN_OAI211_X1_C2_C1_OAI21_X1_B1_ZN_AOI22_X1_A2_ZN_AND3_X2_A2:ZN (AND3_X2)      |        | 0.009       | 0.000      | 0.009      |             | 0.045  | 0.670f          |
| alu_mod.bus_in_rs1_0__MUX2_X1_B_Z_AOI221_X1_C1_B1_AOI221_X1_B1_C1_NOR2_X1_ZN_A1 (net)                                                                         | 4      |             |            |            | 0.000       |        |                 |
| alu_mod.bus_in_rs1_0__MUX2_X1_B_Z_AOI221_X1_C1_B1_AOI221_X1_B1_C2_OAI21_X1_ZN_B2_OAI21_X1_A:B1 (OAI21_X1)                                                     |        | 0.002       | 0.000      | 0.009      |             | 0.000  | 0.670f          |
| alu_mod.bus_in_rs1_0__MUX2_X1_B_Z_AOI221_X1_C1_B1_AOI221_X1_B1_C2_OAI21_X1_ZN_B2_OAI21_X1_A:ZN (OAI21_X1)                                                     |        | 0.008       | 0.000      | 0.052      |             | 0.064  | 0.734r          |
| alu_mod.bus_in_rs1_0__MUX2_X1_B_Z_AOI221_X1_C1_B1_AOI221_X1_B1_A_OAI21_X1_ZN_B2 (net)                                                                         | 4      |             |            |            | 0.000       |        |                 |
| alu_mod.bus_in_rs1_0__MUX2_X1_B_Z_AOI221_X1_C1_B1_NAND2_X1_ZN_A1_AOI211_X2_C1_B_AOI21_X1_ZN:B2 (AOI21_X1)                                                     |        | 0.002       | 0.000      | 0.052      |             | 0.000  | 0.734r          |
| alu_mod.bus_in_rs1_0__MUX2_X1_B_Z_AOI221_X1_C1_B1_NAND2_X1_ZN_A1_AOI211_X2_C1_B_AOI21_X1_ZN:ZN (AOI21_X1)                                                     |        | 0.003       | 0.000      | 0.016      |             | 0.029  | 0.762f          |
| alu_mod.bus_in_rs1_0__MUX2_X1_B_Z_AOI221_X1_C1_B1_NAND2_X1_ZN_A1_AOI211_X2_C1_B (net)                                                                         | 1      |             |            |            | 0.000       |        |                 |
| alu_mod.bus_in_rs1_0__MUX2_X1_B_Z_AOI221_X1_C1_B1_NAND2_X1_ZN_A1_AOI211_X2_C1:B (AOI211_X2)                                                                   |        | 0.003       | 0.000      | 0.016      |             | 0.000  | 0.762f          |
| alu_mod.bus_in_rs1_0__MUX2_X1_B_Z_AOI221_X1_C1_B1_NAND2_X1_ZN_A1_AOI211_X2_C1:ZN (AOI211_X2)                                                                  |        | 0.003       | 0.000      | 0.039      |             | 0.055  | 0.817r          |
| alu_mod.bus_in_rs1_0__MUX2_X1_B_Z_AOI221_X1_C1_B1_NAND2_X1_ZN_A1_AOI211_X2_C1_ZN (net)                                                                        | 1      |             |            |            | 0.000       |        |                 |
| alu_mod.bus_in_rs1_0__MUX2_X1_B_Z_AOI221_X1_C1_B1_NAND2_X1_ZN_A1_AOI211_X2_C1_ZN_BUF_X4_A:A (BUF_X4)                                                          |        | 0.003       | 0.000      | 0.039      |             | 0.000  | 0.817r          |
| alu_mod.bus_in_rs1_0__MUX2_X1_B_Z_AOI221_X1_C1_B1_NAND2_X1_ZN_A1_AOI211_X2_C1_ZN_BUF_X4_A:Z (BUF_X4)                                                          |        | 0.021       | 0.000      | 0.016      |             | 0.037  | 0.854r          |
| ifu_mod.latest_row_NOR4_X1_A1_A2 (net)                                                                                                                        | 8      |             |            |            | 0.000       |        |                 |
| ex_ls_bus_exception_ls_NOR3_X1_A1_ZN_NAND2_X1_A2_ZN_NOR2_X1_A2_ZN_OAI221_X2_A_ZN_OAI21_X2_A:B2 (OAI21_X2)                                                     |        | 0.003       | 0.000      | 0.016      |             | 0.000  | 0.854r          |
| ex_ls_bus_exception_ls_NOR3_X1_A1_ZN_NAND2_X1_A2_ZN_NOR2_X1_A2_ZN_OAI221_X2_A_ZN_OAI21_X2_A:ZN (OAI21_X2)                                                     |        | 0.011       | 0.000      | 0.020      |             | 0.027  | 0.881f          |
| io_master_rready_OR2_X1_ZN_A2_AOI21_X1_ZN_A_OAI33_X1_A3_B2 (net)                                                                                              | 7      |             |            |            | 0.000       |        |                 |
| io_master_rready_OR2_X1_ZN_A2_AOI21_X1_ZN_A_OAI33_X1_A3:B2 (OAI33_X1)                                                                                         |        | 0.002       | 0.000      | 0.020      |             | 0.000  | 0.881f          |
| io_master_rready_OR2_X1_ZN_A2_AOI21_X1_ZN_A_OAI33_X1_A3:ZN (OAI33_X1)                                                                                         |        | 0.003       | 0.000      | 0.075      |             | 0.094  | 0.975r          |
| io_master_rready_OR2_X1_ZN_A2_AOI21_X1_ZN_A_OAI33_X1_A3_ZN (net)                                                                                              | 1      |             |            |            | 0.000       |        |                 |
| io_master_rready_OR2_X1_ZN_A2_AOI21_X1_ZN_A_OAI33_X1_A3_ZN_BUF_X4_A:A (BUF_X4)                                                                                |        | 0.003       | 0.000      | 0.075      |             | 0.000  | 0.975r          |
| io_master_rready_OR2_X1_ZN_A2_AOI21_X1_ZN_A_OAI33_X1_A3_ZN_BUF_X4_A:Z (BUF_X4)                                                                                |        | 0.029       | 0.000      | 0.021      |             | 0.045  | 1.020r          |
| icache_mod.latest_row_NAND3_X2_A1_A2 (net)                                                                                                                    | 9      |             |            |            | 0.000       |        |                 |
| icache_mod.latest_row_reg_p_QN_NAND4_X4_A3:A4 (NAND4_X4)                                                                                                      |        | 0.006       | 0.000      | 0.021      |             | 0.000  | 1.020r          |
| icache_mod.latest_row_reg_p_QN_NAND4_X4_A3:ZN (NAND4_X4)                                                                                                      |        | 0.018       | 0.000      | 0.030      |             | 0.044  | 1.064f          |
| icache_mod.latest_row_reg_p_QN_NAND4_X4_A3_ZN (net)                                                                                                           | 12     |             |            |            | 0.000       |        |                 |
| icache_mod.block_valid[5]_reg_p_D_OAI21_X1_ZN_B2_NOR2_X1_A1_1:A2 (NOR2_X1)                                                                                    |        | 0.002       | 0.000      | 0.030      |             | 0.000  | 1.064f          |
| icache_mod.block_valid[5]_reg_p_D_OAI21_X1_ZN_B2_NOR2_X1_A1_1:ZN (NOR2_X1)                                                                                    |        | 0.001       | 0.000      | 0.014      |             | 0.032  | 1.096r          |
| icache_mod.block_valid[5]_reg_p_D_OAI21_X1_ZN_B2_NOR2_X1_A1_1_ZN (net)                                                                                        | 1      |             |            |            | 0.000       |        |                 |
| icache_mod.block_valid[5]_reg_p_D_OAI21_X1_ZN_B2_NOR2_X1_A1_1_ZN_CLKGATE_X1_E:E (CLKGATE_X1)                                                                  |        | 0.001       | 0.000      | 0.014      |             | 0.000  | 1.096r          |
|                                                                                                                                                               |        |             |            |            |             |        |                 |
| clock (port)                                                                                                                                                  |        | 0.762       | 0.000      | 0.000      |             | 0.000  | 0.000r          |
| clock (clock net)                                                                                                                                             | 740    |             |            |            | NA          |        |                 |
| icache_mod.block_valid[5]_reg_p_D_OAI21_X1_ZN_B2_NOR2_X1_A1_1_ZN_CLKGATE_X1_E:CK (CLKGATE_X1)                                                                 |        | 0.002       | 0.000      | 0.000      |             | 0.000  | 0.000r          |
| clock core_clock (rise edge)                                                                                                                                  |        |             |            |            |             | 1.769  | 1.769           |
| clock network delay (ideal)                                                                                                                                   |        |             |            |            |             | 0.000  | 1.769           |
| icache_mod.block_valid[5]_reg_p_D_OAI21_X1_ZN_B2_NOR2_X1_A1_1_ZN_CLKGATE_X1_E:CK (CLKGATE_X1)                                                                 |        |             |            |            |             |        | 1.769r          |
| library setup time                                                                                                                                            |        |             |            |            |             | -0.051 | 1.718           |
| clock reconvergence pessimism                                                                                                                                 |        |             |            |            |             | 0.000  | 1.718           |
|                                                                                                                                                               |        |             |            |            |             |        |                 |
| path cell delay                                                                                                                                               |        |             |            |            |             |        | 1.096(100.000%) |
| path net delay                                                                                                                                                |        |             |            |            |             |        | 0.000(0.000%)   |
|                                                                                                                                                               |        |             |            |            |             |        |                 |
| data require time                                                                                                                                             |        |             |            |            |             |        | 1.718           |
| data arrival time                                                                                                                                             |        |             |            |            |             |        | 1.096           |
| slack (MET)                                                                                                                                                   |        |             |            |            |             |        | 0.622           |
+---------------------------------------------------------------------------------------------------------------------------------------------------------------+--------+-------------+------------+------------+-------------+--------+-----------------+
+---------------------------------------------------------------------------------------------------------------------------------------------------------------+--------+-------------+------------+------------+-------------+--------+-----------------+
| Point                                                                                                                                                         | Fanout | Capacitance | Resistance | Transition | Delta Delay | Incr   | Path            |
+---------------------------------------------------------------------------------------------------------------------------------------------------------------+--------+-------------+------------+------------+-------------+--------+-----------------+
| clock (port)                                                                                                                                                  |        | 0.762       | 0.000      | 0.000      |             | 0.000  | 0.000r          |
| clock (clock net)                                                                                                                                             | 740    |             |            |            | NA          |        |                 |
| alu_mod.bus_in_alu_op_4__reg_p:CK (DFF_X1)                                                                                                                    |        | 0.001       | 0.000      | 0.000      |             | 0.000  | 0.000r          |
| clock core_clock (rise edge)                                                                                                                                  |        |             |            |            |             | 0      | 0               |
| clock network delay (ideal)                                                                                                                                   |        |             |            |            |             | 0.000  | 0.000           |
| alu_mod.bus_in_alu_op_4__reg_p:CK (DFF_X1)                                                                                                                    |        | 0.001       | 0.000      | 0.000      |             | 0.000  | 0.000r          |
| alu_mod.bus_in_alu_op_4__reg_p:Q (DFF_X1)                                                                                                                     |        | 0.036       | 0.000      | 0.047      |             | 0.132  | 0.132f          |
| alu_mod.bus_in_alu_op_4_ (net)                                                                                                                                | 22     |             |            |            | 0.000       |        |                 |
| alu_mod.bus_in_alu_op_5__NOR2_X4_A2:A1 (NOR2_X4)                                                                                                              |        | 0.007       | 0.000      | 0.047      |             | 0.000  | 0.132f          |
| alu_mod.bus_in_alu_op_5__NOR2_X4_A2:ZN (NOR2_X4)                                                                                                              |        | 0.007       | 0.000      | 0.022      |             | 0.040  | 0.172r          |
| alu_mod.bus_in_alu_op_5__NOR2_X4_A2_ZN (net)                                                                                                                  | 1      |             |            |            | 0.000       |        |                 |
| alu_mod.bus_in_alu_op_5__NOR2_X4_A2_ZN_BUF_X8_A:A (BUF_X8)                                                                                                    |        | 0.007       | 0.000      | 0.022      |             | 0.000  | 0.172r          |
| alu_mod.bus_in_alu_op_5__NOR2_X4_A2_ZN_BUF_X8_A:Z (BUF_X8)                                                                                                    |        | 0.038       | 0.000      | 0.014      |             | 0.033  | 0.205r          |
| alu_mod.bus_in_alu_op_5__NOR2_X4_A2_ZN_BUF_X8_A_Z (net)                                                                                                       | 24     |             |            |            | 0.000       |        |                 |
| alu_mod.bus_in_data_csr_19__INV_X1_A_ZN_OAI21_X1_A_ZN_AOI22_X1_B1_A2_OAI21_X1_A_B2_BUF_X4_Z_A_NAND2_X1_ZN:A2 (NAND2_X1)                                       |        | 0.002       | 0.000      | 0.014      |             | 0.000  | 0.205r          |
| alu_mod.bus_in_data_csr_19__INV_X1_A_ZN_OAI21_X1_A_ZN_AOI22_X1_B1_A2_OAI21_X1_A_B2_BUF_X4_Z_A_NAND2_X1_ZN:ZN (NAND2_X1)                                       |        | 0.003       | 0.000      | 0.012      |             | 0.020  | 0.225f          |
| alu_mod.bus_in_data_csr_19__INV_X1_A_ZN_OAI21_X1_A_ZN_AOI22_X1_B1_A2_OAI21_X1_A_B2_BUF_X4_Z_A (net)                                                           | 1      |             |            |            | 0.000       |        |                 |
| alu_mod.bus_in_data_csr_19__INV_X1_A_ZN_OAI21_X1_A_ZN_AOI22_X1_B1_A2_OAI21_X1_A_B2_BUF_X4_Z:A (BUF_X4)                                                        |        | 0.003       | 0.000      | 0.012      |             | 0.000  | 0.225f          |
| alu_mod.bus_in_data_csr_19__INV_X1_A_ZN_OAI21_X1_A_ZN_AOI22_X1_B1_A2_OAI21_X1_A_B2_BUF_X4_Z:Z (BUF_X4)                                                        |        | 0.025       | 0.000      | 0.010      |             | 0.034  | 0.259f          |
| alu_mod.bus_in_data_csr_19__INV_X1_A_ZN_OAI21_X1_A_ZN_AOI22_X1_B1_A2_OAI21_X1_A_B2 (net)                                                                      | 14     |             |            |            | 0.000       |        |                 |
| alu_mod.bus_in_alu_op_3__AOI21_X1_B1_ZN_BUF_X2_A_Z_NOR2_X4_A2:A1 (NOR2_X4)                                                                                    |        | 0.007       | 0.000      | 0.010      |             | 0.000  | 0.259f          |
| alu_mod.bus_in_alu_op_3__AOI21_X1_B1_ZN_BUF_X2_A_Z_NOR2_X4_A2:ZN (NOR2_X4)                                                                                    |        | 0.003       | 0.000      | 0.012      |             | 0.020  | 0.279r          |
| alu_mod.bus_in_alu_op_3__AOI21_X1_B1_ZN_BUF_X2_A_Z_NOR2_X4_A2_ZN (net)                                                                                        | 1      |             |            |            | 0.000       |        |                 |
| alu_mod.bus_in_data_csr_20__INV_X1_A_ZN_NOR2_X1_A1_ZN_AOI21_X1_A_B1_MUX2_X1_A_S_BUF_X4_Z:A (BUF_X4)                                                           |        | 0.003       | 0.000      | 0.012      |             | 0.000  | 0.279r          |
| alu_mod.bus_in_data_csr_20__INV_X1_A_ZN_NOR2_X1_A1_ZN_AOI21_X1_A_B1_MUX2_X1_A_S_BUF_X4_Z:Z (BUF_X4)                                                           |        | 0.030       | 0.000      | 0.020      |             | 0.036  | 0.315r          |
| alu_mod.bus_in_data_csr_20__INV_X1_A_ZN_NOR2_X1_A1_ZN_AOI21_X1_A_B1_MUX2_X1_A_S (net)                                                                         | 13     |             |            |            | 0.000       |        |                 |
| alu_mod.bus_in_data_csr_20__INV_X1_A_ZN_NOR2_X1_A1_ZN_AOI21_X1_A_B1_MUX2_X1_A_S_BUF_X8_A:A (BUF_X8)                                                           |        | 0.007       | 0.000      | 0.020      |             | 0.000  | 0.315r          |
| alu_mod.bus_in_data_csr_20__INV_X1_A_ZN_NOR2_X1_A1_ZN_AOI21_X1_A_B1_MUX2_X1_A_S_BUF_X8_A:Z (BUF_X8)                                                           |        | 0.045       | 0.000      | 0.016      |             | 0.035  | 0.350r          |
| alu_mod.bus_in_data_csr_20__INV_X1_A_ZN_NOR2_X1_A1_ZN_AOI21_X1_A_B1_MUX2_X1_A_S_BUF_X8_A_Z (net)                                                              | 24     |             |            |            | 0.000       |        |                 |
| ex_ls_bus_next_pc_ls_9__reg_p_D_AOI211_X1_ZN_C1_INV_X1_ZN_A_XNOR2_X1_ZN_B_NOR2_X1_A2_A1_NOR2_X1_A1_ZN_OAI33_X1_A1_B1_AOI21_X1_ZN:B2 (AOI21_X1)                |        | 0.002       | 0.000      | 0.016      |             | 0.000  | 0.350r          |
| ex_ls_bus_next_pc_ls_9__reg_p_D_AOI211_X1_ZN_C1_INV_X1_ZN_A_XNOR2_X1_ZN_B_NOR2_X1_A2_A1_NOR2_X1_A1_ZN_OAI33_X1_A1_B1_AOI21_X1_ZN:ZN (AOI21_X1)                |        | 0.001       | 0.000      | 0.011      |             | 0.017  | 0.368f          |
| ex_ls_bus_next_pc_ls_9__reg_p_D_AOI211_X1_ZN_C1_INV_X1_ZN_A_XNOR2_X1_ZN_B_NOR2_X1_A2_A1_NOR2_X1_A1_ZN_OAI33_X1_A1_B1 (net)                                    | 1      |             |            |            | 0.000       |        |                 |
| ex_ls_bus_next_pc_ls_9__reg_p_D_AOI211_X1_ZN_C1_INV_X1_ZN_A_XNOR2_X1_ZN_B_NOR2_X1_A2_A1_NOR2_X1_A1_ZN_OAI33_X1_A1:B1 (OAI33_X1)                               |        | 0.002       | 0.000      | 0.011      |             | 0.000  | 0.368f          |
| ex_ls_bus_next_pc_ls_9__reg_p_D_AOI211_X1_ZN_C1_INV_X1_ZN_A_XNOR2_X1_ZN_B_NOR2_X1_A2_A1_NOR2_X1_A1_ZN_OAI33_X1_A1:ZN (OAI33_X1)                               |        | 0.005       | 0.000      | 0.090      |             | 0.095  | 0.463r          |
| ex_ls_bus_next_pc_ls_9__reg_p_D_AOI211_X1_ZN_C1_INV_X1_ZN_A_XNOR2_X1_ZN_B_NOR2_X1_A2_A1_NOR2_X1_A1_ZN_OAI33_X1_A1_ZN (net)                                    | 2      |             |            |            | 0.000       |        |                 |
| ex_ls_bus_next_pc_ls_9__reg_p_D_AOI211_X1_ZN_C1_INV_X1_ZN_A_XNOR2_X1_ZN_B_NOR2_X1_A2_A1_NOR2_X1_A1_ZN_OAI33_X1_A1_ZN_OAI21_X1_A:A (OAI21_X1)                  |        | 0.002       | 0.000      | 0.090      |             | 0.000  | 0.463r          |
| ex_ls_bus_next_pc_ls_9__reg_p_D_AOI211_X1_ZN_C1_INV_X1_ZN_A_XNOR2_X1_ZN_B_NOR2_X1_A2_A1_NOR2_X1_A1_ZN_OAI33_X1_A1_ZN_OAI21_X1_A:ZN (OAI21_X1)                 |        | 0.007       | 0.000      | 0.028      |             | 0.051  | 0.514f          |
| csr_mod.regs[1]_11__MUX2_X1_A_Z_AOI22_X1_B1_A2_OAI22_X1_ZN_B1_XNOR2_X1_ZN_A_OAI21_X1_ZN_A_OAI211_X1_ZN_B_NAND3_X1_ZN_A2 (net)                                 | 4      |             |            |            | 0.000       |        |                 |
| csr_mod.regs[1]_11__MUX2_X1_A_Z_AOI22_X1_B1_A2_OAI22_X1_ZN_B1_XNOR2_X1_ZN_B_OR2_X1_ZN_A1_AOI21_X1_A_ZN_AOI21_X1_B1_ZN_OR2_X1_A2_ZN_AOI211_X2_A:C2 (AOI211_X2) |        | 0.003       | 0.000      | 0.028      |             | 0.000  | 0.514f          |
| csr_mod.regs[1]_11__MUX2_X1_A_Z_AOI22_X1_B1_A2_OAI22_X1_ZN_B1_XNOR2_X1_ZN_B_OR2_X1_ZN_A1_AOI21_X1_A_ZN_AOI21_X1_B1_ZN_OR2_X1_A2_ZN_AOI211_X2_A:ZN (AOI211_X2) |        | 0.005       | 0.000      | 0.043      |             | 0.060  | 0.574r          |
| alu_mod.bus_in_data_rs1_8__XOR2_X1_B_Z_AOI221_X1_A_ZN_NAND4_X1_A4_A1_OAI21_X1_A_ZN_OAI211_X1_C2_ZN_OAI211_X1_A_C1 (net)                                       | 3      |             |            |            | 0.000       |        |                 |
| alu_mod.bus_in_rs1_0__MUX2_X1_B_Z_AOI221_X1_C1_A_NOR3_X1_ZN_A3_OAI22_X1_B1_A1_AOI21_X1_ZN_A_NOR2_X1_A1_ZN_AOI21_X1_B2_ZN_OAI221_X1_A:C1 (OAI221_X1)           |        | 0.002       | 0.000      | 0.043      |             | 0.000  | 0.574r          |
| alu_mod.bus_in_rs1_0__MUX2_X1_B_Z_AOI221_X1_C1_A_NOR3_X1_ZN_A3_OAI22_X1_B1_A1_AOI21_X1_ZN_A_NOR2_X1_A1_ZN_AOI21_X1_B2_ZN_OAI221_X1_A:ZN (OAI221_X1)           |        | 0.006       | 0.000      | 0.030      |             | 0.051  | 0.625f          |
| alu_mod.bus_in_rs1_0__MUX2_X1_B_Z_AOI221_X1_C1_A_NOR3_X1_ZN_A3_OAI22_X1_B1_A1_AOI21_X1_ZN_A_NOR2_X1_A1_ZN_AOI21_X1_B2_ZN_OAI221_X1_A_ZN (net)                 | 3      |             |            |            | 0.000       |        |                 |
| alu_mod.bus_in_data_rs1_8__XOR2_X1_B_Z_AOI221_X1_A_ZN_NAND4_X1_A4_A1_OAI21_X1_A_ZN_OAI211_X1_C2_C1_OAI21_X1_B1_ZN_AOI22_X1_A2_ZN_AND3_X2_A2:A1 (AND3_X2)      |        | 0.002       | 0.000      | 0.030      |             | 0.000  | 0.625f          |
| alu_mod.bus_in_data_rs1_8__XOR2_X1_B_Z_AOI221_X1_A_ZN_NAND4_X1_A4_A1_OAI21_X1_A_ZN_OAI211_X1_C2_C1_OAI21_X1_B1_ZN_AOI22_X1_A2_ZN_AND3_X2_A2:ZN (AND3_X2)      |        | 0.009       | 0.000      | 0.009      |             | 0.045  | 0.670f          |
| alu_mod.bus_in_rs1_0__MUX2_X1_B_Z_AOI221_X1_C1_B1_AOI221_X1_B1_C1_NOR2_X1_ZN_A1 (net)                                                                         | 4      |             |            |            | 0.000       |        |                 |
| alu_mod.bus_in_rs1_0__MUX2_X1_B_Z_AOI221_X1_C1_B1_AOI221_X1_B1_C2_OAI21_X1_ZN_B2_OAI21_X1_A:B1 (OAI21_X1)                                                     |        | 0.002       | 0.000      | 0.009      |             | 0.000  | 0.670f          |
| alu_mod.bus_in_rs1_0__MUX2_X1_B_Z_AOI221_X1_C1_B1_AOI221_X1_B1_C2_OAI21_X1_ZN_B2_OAI21_X1_A:ZN (OAI21_X1)                                                     |        | 0.008       | 0.000      | 0.052      |             | 0.064  | 0.734r          |
| alu_mod.bus_in_rs1_0__MUX2_X1_B_Z_AOI221_X1_C1_B1_AOI221_X1_B1_A_OAI21_X1_ZN_B2 (net)                                                                         | 4      |             |            |            | 0.000       |        |                 |
| alu_mod.bus_in_rs1_0__MUX2_X1_B_Z_AOI221_X1_C1_B1_NAND2_X1_ZN_A1_AOI211_X2_C1_B_AOI21_X1_ZN:B2 (AOI21_X1)                                                     |        | 0.002       | 0.000      | 0.052      |             | 0.000  | 0.734r          |
| alu_mod.bus_in_rs1_0__MUX2_X1_B_Z_AOI221_X1_C1_B1_NAND2_X1_ZN_A1_AOI211_X2_C1_B_AOI21_X1_ZN:ZN (AOI21_X1)                                                     |        | 0.003       | 0.000      | 0.016      |             | 0.029  | 0.762f          |
| alu_mod.bus_in_rs1_0__MUX2_X1_B_Z_AOI221_X1_C1_B1_NAND2_X1_ZN_A1_AOI211_X2_C1_B (net)                                                                         | 1      |             |            |            | 0.000       |        |                 |
| alu_mod.bus_in_rs1_0__MUX2_X1_B_Z_AOI221_X1_C1_B1_NAND2_X1_ZN_A1_AOI211_X2_C1:B (AOI211_X2)                                                                   |        | 0.003       | 0.000      | 0.016      |             | 0.000  | 0.762f          |
| alu_mod.bus_in_rs1_0__MUX2_X1_B_Z_AOI221_X1_C1_B1_NAND2_X1_ZN_A1_AOI211_X2_C1:ZN (AOI211_X2)                                                                  |        | 0.003       | 0.000      | 0.039      |             | 0.055  | 0.817r          |
| alu_mod.bus_in_rs1_0__MUX2_X1_B_Z_AOI221_X1_C1_B1_NAND2_X1_ZN_A1_AOI211_X2_C1_ZN (net)                                                                        | 1      |             |            |            | 0.000       |        |                 |
| alu_mod.bus_in_rs1_0__MUX2_X1_B_Z_AOI221_X1_C1_B1_NAND2_X1_ZN_A1_AOI211_X2_C1_ZN_BUF_X4_A:A (BUF_X4)                                                          |        | 0.003       | 0.000      | 0.039      |             | 0.000  | 0.817r          |
| alu_mod.bus_in_rs1_0__MUX2_X1_B_Z_AOI221_X1_C1_B1_NAND2_X1_ZN_A1_AOI211_X2_C1_ZN_BUF_X4_A:Z (BUF_X4)                                                          |        | 0.021       | 0.000      | 0.016      |             | 0.037  | 0.854r          |
| ifu_mod.latest_row_NOR4_X1_A1_A2 (net)                                                                                                                        | 8      |             |            |            | 0.000       |        |                 |
| ex_ls_bus_exception_ls_NOR3_X1_A1_ZN_NAND2_X1_A2_ZN_NOR2_X1_A2_ZN_OAI221_X2_A_ZN_OAI21_X2_A:B2 (OAI21_X2)                                                     |        | 0.003       | 0.000      | 0.016      |             | 0.000  | 0.854r          |
| ex_ls_bus_exception_ls_NOR3_X1_A1_ZN_NAND2_X1_A2_ZN_NOR2_X1_A2_ZN_OAI221_X2_A_ZN_OAI21_X2_A:ZN (OAI21_X2)                                                     |        | 0.011       | 0.000      | 0.020      |             | 0.027  | 0.881f          |
| io_master_rready_OR2_X1_ZN_A2_AOI21_X1_ZN_A_OAI33_X1_A3_B2 (net)                                                                                              | 7      |             |            |            | 0.000       |        |                 |
| io_master_rready_OR2_X1_ZN_A2_AOI21_X1_ZN_A_OAI33_X1_A3:B2 (OAI33_X1)                                                                                         |        | 0.002       | 0.000      | 0.020      |             | 0.000  | 0.881f          |
| io_master_rready_OR2_X1_ZN_A2_AOI21_X1_ZN_A_OAI33_X1_A3:ZN (OAI33_X1)                                                                                         |        | 0.003       | 0.000      | 0.075      |             | 0.094  | 0.975r          |
| io_master_rready_OR2_X1_ZN_A2_AOI21_X1_ZN_A_OAI33_X1_A3_ZN (net)                                                                                              | 1      |             |            |            | 0.000       |        |                 |
| io_master_rready_OR2_X1_ZN_A2_AOI21_X1_ZN_A_OAI33_X1_A3_ZN_BUF_X4_A:A (BUF_X4)                                                                                |        | 0.003       | 0.000      | 0.075      |             | 0.000  | 0.975r          |
| io_master_rready_OR2_X1_ZN_A2_AOI21_X1_ZN_A_OAI33_X1_A3_ZN_BUF_X4_A:Z (BUF_X4)                                                                                |        | 0.029       | 0.000      | 0.021      |             | 0.045  | 1.020r          |
| icache_mod.latest_row_NAND3_X2_A1_A2 (net)                                                                                                                    | 9      |             |            |            | 0.000       |        |                 |
| icache_mod.latest_row_reg_p_QN_NAND4_X4_A3:A4 (NAND4_X4)                                                                                                      |        | 0.006       | 0.000      | 0.021      |             | 0.000  | 1.020r          |
| icache_mod.latest_row_reg_p_QN_NAND4_X4_A3:ZN (NAND4_X4)                                                                                                      |        | 0.018       | 0.000      | 0.030      |             | 0.044  | 1.064f          |
| icache_mod.latest_row_reg_p_QN_NAND4_X4_A3_ZN (net)                                                                                                           | 12     |             |            |            | 0.000       |        |                 |
| cache_addr_3__reg_p_D_OAI21_X1_ZN_B1_MUX2_X1_Z_A_NAND2_X1_A1_A2_NAND3_X1_A3_ZN_NOR2_X1_A2_1:A1 (NOR2_X1)                                                      |        | 0.002       | 0.000      | 0.030      |             | 0.000  | 1.064f          |
| cache_addr_3__reg_p_D_OAI21_X1_ZN_B1_MUX2_X1_Z_A_NAND2_X1_A1_A2_NAND3_X1_A3_ZN_NOR2_X1_A2_1:ZN (NOR2_X1)                                                      |        | 0.001       | 0.000      | 0.016      |             | 0.029  | 1.093r          |
| cache_addr_3__reg_p_D_OAI21_X1_ZN_B1_MUX2_X1_Z_A_NAND2_X1_A1_A2_NAND3_X1_A3_ZN_NOR2_X1_A2_1_ZN (net)                                                          | 1      |             |            |            | 0.000       |        |                 |
| cache_addr_3__reg_p_D_OAI21_X1_ZN_B1_MUX2_X1_Z_A_NAND2_X1_A1_A2_NAND3_X1_A3_ZN_NOR2_X1_A2_1_ZN_CLKGATE_X1_E:E (CLKGATE_X1)                                    |        | 0.001       | 0.000      | 0.016      |             | 0.000  | 1.093r          |
|                                                                                                                                                               |        |             |            |            |             |        |                 |
| clock (port)                                                                                                                                                  |        | 0.762       | 0.000      | 0.000      |             | 0.000  | 0.000r          |
| clock (clock net)                                                                                                                                             | 740    |             |            |            | NA          |        |                 |
| cache_addr_3__reg_p_D_OAI21_X1_ZN_B1_MUX2_X1_Z_A_NAND2_X1_A1_A2_NAND3_X1_A3_ZN_NOR2_X1_A2_1_ZN_CLKGATE_X1_E:CK (CLKGATE_X1)                                   |        | 0.002       | 0.000      | 0.000      |             | 0.000  | 0.000r          |
| clock core_clock (rise edge)                                                                                                                                  |        |             |            |            |             | 1.769  | 1.769           |
| clock network delay (ideal)                                                                                                                                   |        |             |            |            |             | 0.000  | 1.769           |
| cache_addr_3__reg_p_D_OAI21_X1_ZN_B1_MUX2_X1_Z_A_NAND2_X1_A1_A2_NAND3_X1_A3_ZN_NOR2_X1_A2_1_ZN_CLKGATE_X1_E:CK (CLKGATE_X1)                                   |        |             |            |            |             |        | 1.769r          |
| library setup time                                                                                                                                            |        |             |            |            |             | -0.051 | 1.718           |
| clock reconvergence pessimism                                                                                                                                 |        |             |            |            |             | 0.000  | 1.718           |
|                                                                                                                                                               |        |             |            |            |             |        |                 |
| path cell delay                                                                                                                                               |        |             |            |            |             |        | 1.093(100.000%) |
| path net delay                                                                                                                                                |        |             |            |            |             |        | 0.000(0.000%)   |
|                                                                                                                                                               |        |             |            |            |             |        |                 |
| data require time                                                                                                                                             |        |             |            |            |             |        | 1.718           |
| data arrival time                                                                                                                                             |        |             |            |            |             |        | 1.093           |
| slack (MET)                                                                                                                                                   |        |             |            |            |             |        | 0.625           |
+---------------------------------------------------------------------------------------------------------------------------------------------------------------+--------+-------------+------------+------------+-------------+--------+-----------------+
+---------------------------------------------------------------------------------------------------------------------------------------------------------------+--------+-------------+------------+------------+-------------+--------+-----------------+
| Point                                                                                                                                                         | Fanout | Capacitance | Resistance | Transition | Delta Delay | Incr   | Path            |
+---------------------------------------------------------------------------------------------------------------------------------------------------------------+--------+-------------+------------+------------+-------------+--------+-----------------+
| clock (port)                                                                                                                                                  |        | 0.762       | 0.000      | 0.000      |             | 0.000  | 0.000r          |
| clock (clock net)                                                                                                                                             | 740    |             |            |            | NA          |        |                 |
| alu_mod.bus_in_alu_op_4__reg_p:CK (DFF_X1)                                                                                                                    |        | 0.001       | 0.000      | 0.000      |             | 0.000  | 0.000r          |
| clock core_clock (rise edge)                                                                                                                                  |        |             |            |            |             | 0      | 0               |
| clock network delay (ideal)                                                                                                                                   |        |             |            |            |             | 0.000  | 0.000           |
| alu_mod.bus_in_alu_op_4__reg_p:CK (DFF_X1)                                                                                                                    |        | 0.001       | 0.000      | 0.000      |             | 0.000  | 0.000r          |
| alu_mod.bus_in_alu_op_4__reg_p:Q (DFF_X1)                                                                                                                     |        | 0.036       | 0.000      | 0.047      |             | 0.132  | 0.132f          |
| alu_mod.bus_in_alu_op_4_ (net)                                                                                                                                | 22     |             |            |            | 0.000       |        |                 |
| alu_mod.bus_in_alu_op_5__NOR2_X4_A2:A1 (NOR2_X4)                                                                                                              |        | 0.007       | 0.000      | 0.047      |             | 0.000  | 0.132f          |
| alu_mod.bus_in_alu_op_5__NOR2_X4_A2:ZN (NOR2_X4)                                                                                                              |        | 0.007       | 0.000      | 0.022      |             | 0.040  | 0.172r          |
| alu_mod.bus_in_alu_op_5__NOR2_X4_A2_ZN (net)                                                                                                                  | 1      |             |            |            | 0.000       |        |                 |
| alu_mod.bus_in_alu_op_5__NOR2_X4_A2_ZN_BUF_X8_A:A (BUF_X8)                                                                                                    |        | 0.007       | 0.000      | 0.022      |             | 0.000  | 0.172r          |
| alu_mod.bus_in_alu_op_5__NOR2_X4_A2_ZN_BUF_X8_A:Z (BUF_X8)                                                                                                    |        | 0.038       | 0.000      | 0.014      |             | 0.033  | 0.205r          |
| alu_mod.bus_in_alu_op_5__NOR2_X4_A2_ZN_BUF_X8_A_Z (net)                                                                                                       | 24     |             |            |            | 0.000       |        |                 |
| alu_mod.bus_in_data_csr_19__INV_X1_A_ZN_OAI21_X1_A_ZN_AOI22_X1_B1_A2_OAI21_X1_A_B2_BUF_X4_Z_A_NAND2_X1_ZN:A2 (NAND2_X1)                                       |        | 0.002       | 0.000      | 0.014      |             | 0.000  | 0.205r          |
| alu_mod.bus_in_data_csr_19__INV_X1_A_ZN_OAI21_X1_A_ZN_AOI22_X1_B1_A2_OAI21_X1_A_B2_BUF_X4_Z_A_NAND2_X1_ZN:ZN (NAND2_X1)                                       |        | 0.003       | 0.000      | 0.012      |             | 0.020  | 0.225f          |
| alu_mod.bus_in_data_csr_19__INV_X1_A_ZN_OAI21_X1_A_ZN_AOI22_X1_B1_A2_OAI21_X1_A_B2_BUF_X4_Z_A (net)                                                           | 1      |             |            |            | 0.000       |        |                 |
| alu_mod.bus_in_data_csr_19__INV_X1_A_ZN_OAI21_X1_A_ZN_AOI22_X1_B1_A2_OAI21_X1_A_B2_BUF_X4_Z:A (BUF_X4)                                                        |        | 0.003       | 0.000      | 0.012      |             | 0.000  | 0.225f          |
| alu_mod.bus_in_data_csr_19__INV_X1_A_ZN_OAI21_X1_A_ZN_AOI22_X1_B1_A2_OAI21_X1_A_B2_BUF_X4_Z:Z (BUF_X4)                                                        |        | 0.025       | 0.000      | 0.010      |             | 0.034  | 0.259f          |
| alu_mod.bus_in_data_csr_19__INV_X1_A_ZN_OAI21_X1_A_ZN_AOI22_X1_B1_A2_OAI21_X1_A_B2 (net)                                                                      | 14     |             |            |            | 0.000       |        |                 |
| alu_mod.bus_in_alu_op_3__AOI21_X1_B1_ZN_BUF_X2_A_Z_NOR2_X4_A2:A1 (NOR2_X4)                                                                                    |        | 0.007       | 0.000      | 0.010      |             | 0.000  | 0.259f          |
| alu_mod.bus_in_alu_op_3__AOI21_X1_B1_ZN_BUF_X2_A_Z_NOR2_X4_A2:ZN (NOR2_X4)                                                                                    |        | 0.003       | 0.000      | 0.012      |             | 0.020  | 0.279r          |
| alu_mod.bus_in_alu_op_3__AOI21_X1_B1_ZN_BUF_X2_A_Z_NOR2_X4_A2_ZN (net)                                                                                        | 1      |             |            |            | 0.000       |        |                 |
| alu_mod.bus_in_data_csr_20__INV_X1_A_ZN_NOR2_X1_A1_ZN_AOI21_X1_A_B1_MUX2_X1_A_S_BUF_X4_Z:A (BUF_X4)                                                           |        | 0.003       | 0.000      | 0.012      |             | 0.000  | 0.279r          |
| alu_mod.bus_in_data_csr_20__INV_X1_A_ZN_NOR2_X1_A1_ZN_AOI21_X1_A_B1_MUX2_X1_A_S_BUF_X4_Z:Z (BUF_X4)                                                           |        | 0.030       | 0.000      | 0.020      |             | 0.036  | 0.315r          |
| alu_mod.bus_in_data_csr_20__INV_X1_A_ZN_NOR2_X1_A1_ZN_AOI21_X1_A_B1_MUX2_X1_A_S (net)                                                                         | 13     |             |            |            | 0.000       |        |                 |
| alu_mod.bus_in_data_csr_20__INV_X1_A_ZN_NOR2_X1_A1_ZN_AOI21_X1_A_B1_MUX2_X1_A_S_BUF_X8_A:A (BUF_X8)                                                           |        | 0.007       | 0.000      | 0.020      |             | 0.000  | 0.315r          |
| alu_mod.bus_in_data_csr_20__INV_X1_A_ZN_NOR2_X1_A1_ZN_AOI21_X1_A_B1_MUX2_X1_A_S_BUF_X8_A:Z (BUF_X8)                                                           |        | 0.045       | 0.000      | 0.016      |             | 0.035  | 0.350r          |
| alu_mod.bus_in_data_csr_20__INV_X1_A_ZN_NOR2_X1_A1_ZN_AOI21_X1_A_B1_MUX2_X1_A_S_BUF_X8_A_Z (net)                                                              | 24     |             |            |            | 0.000       |        |                 |
| ex_ls_bus_next_pc_ls_9__reg_p_D_AOI211_X1_ZN_C1_INV_X1_ZN_A_XNOR2_X1_ZN_B_NOR2_X1_A2_A1_NOR2_X1_A1_ZN_OAI33_X1_A1_B1_AOI21_X1_ZN:B2 (AOI21_X1)                |        | 0.002       | 0.000      | 0.016      |             | 0.000  | 0.350r          |
| ex_ls_bus_next_pc_ls_9__reg_p_D_AOI211_X1_ZN_C1_INV_X1_ZN_A_XNOR2_X1_ZN_B_NOR2_X1_A2_A1_NOR2_X1_A1_ZN_OAI33_X1_A1_B1_AOI21_X1_ZN:ZN (AOI21_X1)                |        | 0.001       | 0.000      | 0.011      |             | 0.017  | 0.368f          |
| ex_ls_bus_next_pc_ls_9__reg_p_D_AOI211_X1_ZN_C1_INV_X1_ZN_A_XNOR2_X1_ZN_B_NOR2_X1_A2_A1_NOR2_X1_A1_ZN_OAI33_X1_A1_B1 (net)                                    | 1      |             |            |            | 0.000       |        |                 |
| ex_ls_bus_next_pc_ls_9__reg_p_D_AOI211_X1_ZN_C1_INV_X1_ZN_A_XNOR2_X1_ZN_B_NOR2_X1_A2_A1_NOR2_X1_A1_ZN_OAI33_X1_A1:B1 (OAI33_X1)                               |        | 0.002       | 0.000      | 0.011      |             | 0.000  | 0.368f          |
| ex_ls_bus_next_pc_ls_9__reg_p_D_AOI211_X1_ZN_C1_INV_X1_ZN_A_XNOR2_X1_ZN_B_NOR2_X1_A2_A1_NOR2_X1_A1_ZN_OAI33_X1_A1:ZN (OAI33_X1)                               |        | 0.005       | 0.000      | 0.090      |             | 0.095  | 0.463r          |
| ex_ls_bus_next_pc_ls_9__reg_p_D_AOI211_X1_ZN_C1_INV_X1_ZN_A_XNOR2_X1_ZN_B_NOR2_X1_A2_A1_NOR2_X1_A1_ZN_OAI33_X1_A1_ZN (net)                                    | 2      |             |            |            | 0.000       |        |                 |
| ex_ls_bus_next_pc_ls_9__reg_p_D_AOI211_X1_ZN_C1_INV_X1_ZN_A_XNOR2_X1_ZN_B_NOR2_X1_A2_A1_NOR2_X1_A1_ZN_OAI33_X1_A1_ZN_OAI21_X1_A:A (OAI21_X1)                  |        | 0.002       | 0.000      | 0.090      |             | 0.000  | 0.463r          |
| ex_ls_bus_next_pc_ls_9__reg_p_D_AOI211_X1_ZN_C1_INV_X1_ZN_A_XNOR2_X1_ZN_B_NOR2_X1_A2_A1_NOR2_X1_A1_ZN_OAI33_X1_A1_ZN_OAI21_X1_A:ZN (OAI21_X1)                 |        | 0.007       | 0.000      | 0.028      |             | 0.051  | 0.514f          |
| csr_mod.regs[1]_11__MUX2_X1_A_Z_AOI22_X1_B1_A2_OAI22_X1_ZN_B1_XNOR2_X1_ZN_A_OAI21_X1_ZN_A_OAI211_X1_ZN_B_NAND3_X1_ZN_A2 (net)                                 | 4      |             |            |            | 0.000       |        |                 |
| csr_mod.regs[1]_11__MUX2_X1_A_Z_AOI22_X1_B1_A2_OAI22_X1_ZN_B1_XNOR2_X1_ZN_B_OR2_X1_ZN_A1_AOI21_X1_A_ZN_AOI21_X1_B1_ZN_OR2_X1_A2_ZN_AOI211_X2_A:C2 (AOI211_X2) |        | 0.003       | 0.000      | 0.028      |             | 0.000  | 0.514f          |
| csr_mod.regs[1]_11__MUX2_X1_A_Z_AOI22_X1_B1_A2_OAI22_X1_ZN_B1_XNOR2_X1_ZN_B_OR2_X1_ZN_A1_AOI21_X1_A_ZN_AOI21_X1_B1_ZN_OR2_X1_A2_ZN_AOI211_X2_A:ZN (AOI211_X2) |        | 0.005       | 0.000      | 0.043      |             | 0.060  | 0.574r          |
| alu_mod.bus_in_data_rs1_8__XOR2_X1_B_Z_AOI221_X1_A_ZN_NAND4_X1_A4_A1_OAI21_X1_A_ZN_OAI211_X1_C2_ZN_OAI211_X1_A_C1 (net)                                       | 3      |             |            |            | 0.000       |        |                 |
| alu_mod.bus_in_rs1_0__MUX2_X1_B_Z_AOI221_X1_C1_A_NOR3_X1_ZN_A3_OAI22_X1_B1_A1_AOI21_X1_ZN_A_NOR2_X1_A1_ZN_AOI21_X1_B2_ZN_OAI221_X1_A:C1 (OAI221_X1)           |        | 0.002       | 0.000      | 0.043      |             | 0.000  | 0.574r          |
| alu_mod.bus_in_rs1_0__MUX2_X1_B_Z_AOI221_X1_C1_A_NOR3_X1_ZN_A3_OAI22_X1_B1_A1_AOI21_X1_ZN_A_NOR2_X1_A1_ZN_AOI21_X1_B2_ZN_OAI221_X1_A:ZN (OAI221_X1)           |        | 0.006       | 0.000      | 0.030      |             | 0.051  | 0.625f          |
| alu_mod.bus_in_rs1_0__MUX2_X1_B_Z_AOI221_X1_C1_A_NOR3_X1_ZN_A3_OAI22_X1_B1_A1_AOI21_X1_ZN_A_NOR2_X1_A1_ZN_AOI21_X1_B2_ZN_OAI221_X1_A_ZN (net)                 | 3      |             |            |            | 0.000       |        |                 |
| alu_mod.bus_in_data_rs1_8__XOR2_X1_B_Z_AOI221_X1_A_ZN_NAND4_X1_A4_A1_OAI21_X1_A_ZN_OAI211_X1_C2_C1_OAI21_X1_B1_ZN_AOI22_X1_A2_ZN_AND3_X2_A2:A1 (AND3_X2)      |        | 0.002       | 0.000      | 0.030      |             | 0.000  | 0.625f          |
| alu_mod.bus_in_data_rs1_8__XOR2_X1_B_Z_AOI221_X1_A_ZN_NAND4_X1_A4_A1_OAI21_X1_A_ZN_OAI211_X1_C2_C1_OAI21_X1_B1_ZN_AOI22_X1_A2_ZN_AND3_X2_A2:ZN (AND3_X2)      |        | 0.009       | 0.000      | 0.009      |             | 0.045  | 0.670f          |
| alu_mod.bus_in_rs1_0__MUX2_X1_B_Z_AOI221_X1_C1_B1_AOI221_X1_B1_C1_NOR2_X1_ZN_A1 (net)                                                                         | 4      |             |            |            | 0.000       |        |                 |
| alu_mod.bus_in_rs1_0__MUX2_X1_B_Z_AOI221_X1_C1_B1_AOI221_X1_B1_C2_OAI21_X1_ZN_B2_OAI21_X1_A:B1 (OAI21_X1)                                                     |        | 0.002       | 0.000      | 0.009      |             | 0.000  | 0.670f          |
| alu_mod.bus_in_rs1_0__MUX2_X1_B_Z_AOI221_X1_C1_B1_AOI221_X1_B1_C2_OAI21_X1_ZN_B2_OAI21_X1_A:ZN (OAI21_X1)                                                     |        | 0.008       | 0.000      | 0.052      |             | 0.064  | 0.734r          |
| alu_mod.bus_in_rs1_0__MUX2_X1_B_Z_AOI221_X1_C1_B1_AOI221_X1_B1_A_OAI21_X1_ZN_B2 (net)                                                                         | 4      |             |            |            | 0.000       |        |                 |
| alu_mod.bus_in_rs1_0__MUX2_X1_B_Z_AOI221_X1_C1_B1_NAND2_X1_ZN_A1_AOI211_X2_C1_B_AOI21_X1_ZN:B2 (AOI21_X1)                                                     |        | 0.002       | 0.000      | 0.052      |             | 0.000  | 0.734r          |
| alu_mod.bus_in_rs1_0__MUX2_X1_B_Z_AOI221_X1_C1_B1_NAND2_X1_ZN_A1_AOI211_X2_C1_B_AOI21_X1_ZN:ZN (AOI21_X1)                                                     |        | 0.003       | 0.000      | 0.016      |             | 0.029  | 0.762f          |
| alu_mod.bus_in_rs1_0__MUX2_X1_B_Z_AOI221_X1_C1_B1_NAND2_X1_ZN_A1_AOI211_X2_C1_B (net)                                                                         | 1      |             |            |            | 0.000       |        |                 |
| alu_mod.bus_in_rs1_0__MUX2_X1_B_Z_AOI221_X1_C1_B1_NAND2_X1_ZN_A1_AOI211_X2_C1:B (AOI211_X2)                                                                   |        | 0.003       | 0.000      | 0.016      |             | 0.000  | 0.762f          |
| alu_mod.bus_in_rs1_0__MUX2_X1_B_Z_AOI221_X1_C1_B1_NAND2_X1_ZN_A1_AOI211_X2_C1:ZN (AOI211_X2)                                                                  |        | 0.003       | 0.000      | 0.039      |             | 0.055  | 0.817r          |
| alu_mod.bus_in_rs1_0__MUX2_X1_B_Z_AOI221_X1_C1_B1_NAND2_X1_ZN_A1_AOI211_X2_C1_ZN (net)                                                                        | 1      |             |            |            | 0.000       |        |                 |
| alu_mod.bus_in_rs1_0__MUX2_X1_B_Z_AOI221_X1_C1_B1_NAND2_X1_ZN_A1_AOI211_X2_C1_ZN_BUF_X4_A:A (BUF_X4)                                                          |        | 0.003       | 0.000      | 0.039      |             | 0.000  | 0.817r          |
| alu_mod.bus_in_rs1_0__MUX2_X1_B_Z_AOI221_X1_C1_B1_NAND2_X1_ZN_A1_AOI211_X2_C1_ZN_BUF_X4_A:Z (BUF_X4)                                                          |        | 0.021       | 0.000      | 0.016      |             | 0.037  | 0.854r          |
| ifu_mod.latest_row_NOR4_X1_A1_A2 (net)                                                                                                                        | 8      |             |            |            | 0.000       |        |                 |
| ex_ls_bus_exception_ls_NOR3_X1_A1_ZN_NAND2_X1_A2_ZN_NOR2_X1_A2_ZN_OAI221_X2_A_ZN_OAI21_X2_A:B2 (OAI21_X2)                                                     |        | 0.003       | 0.000      | 0.016      |             | 0.000  | 0.854r          |
| ex_ls_bus_exception_ls_NOR3_X1_A1_ZN_NAND2_X1_A2_ZN_NOR2_X1_A2_ZN_OAI221_X2_A_ZN_OAI21_X2_A:ZN (OAI21_X2)                                                     |        | 0.011       | 0.000      | 0.020      |             | 0.027  | 0.881f          |
| io_master_rready_OR2_X1_ZN_A2_AOI21_X1_ZN_A_OAI33_X1_A3_B2 (net)                                                                                              | 7      |             |            |            | 0.000       |        |                 |
| io_master_rready_OR2_X1_ZN_A2_AOI21_X1_ZN_A_OAI33_X1_A3:B2 (OAI33_X1)                                                                                         |        | 0.002       | 0.000      | 0.020      |             | 0.000  | 0.881f          |
| io_master_rready_OR2_X1_ZN_A2_AOI21_X1_ZN_A_OAI33_X1_A3:ZN (OAI33_X1)                                                                                         |        | 0.003       | 0.000      | 0.075      |             | 0.094  | 0.975r          |
| io_master_rready_OR2_X1_ZN_A2_AOI21_X1_ZN_A_OAI33_X1_A3_ZN (net)                                                                                              | 1      |             |            |            | 0.000       |        |                 |
| io_master_rready_OR2_X1_ZN_A2_AOI21_X1_ZN_A_OAI33_X1_A3_ZN_BUF_X4_A:A (BUF_X4)                                                                                |        | 0.003       | 0.000      | 0.075      |             | 0.000  | 0.975r          |
| io_master_rready_OR2_X1_ZN_A2_AOI21_X1_ZN_A_OAI33_X1_A3_ZN_BUF_X4_A:Z (BUF_X4)                                                                                |        | 0.029       | 0.000      | 0.021      |             | 0.045  | 1.020r          |
| icache_mod.latest_row_NAND3_X2_A1_A2 (net)                                                                                                                    | 9      |             |            |            | 0.000       |        |                 |
| icache_mod.latest_row_reg_p_QN_NAND4_X4_A3:A4 (NAND4_X4)                                                                                                      |        | 0.006       | 0.000      | 0.021      |             | 0.000  | 1.020r          |
| icache_mod.latest_row_reg_p_QN_NAND4_X4_A3:ZN (NAND4_X4)                                                                                                      |        | 0.018       | 0.000      | 0.030      |             | 0.044  | 1.064f          |
| icache_mod.latest_row_reg_p_QN_NAND4_X4_A3_ZN (net)                                                                                                           | 12     |             |            |            | 0.000       |        |                 |
| icache_mod.block_valid[6]_reg_p_D_OAI21_X1_ZN_B1_NOR2_X1_A2_1:A1 (NOR2_X1)                                                                                    |        | 0.002       | 0.000      | 0.030      |             | 0.000  | 1.064f          |
| icache_mod.block_valid[6]_reg_p_D_OAI21_X1_ZN_B1_NOR2_X1_A2_1:ZN (NOR2_X1)                                                                                    |        | 0.001       | 0.000      | 0.016      |             | 0.029  | 1.093r          |
| icache_mod.block_valid[6]_reg_p_D_OAI21_X1_ZN_B1_NOR2_X1_A2_1_ZN (net)                                                                                        | 1      |             |            |            | 0.000       |        |                 |
| icache_mod.block_valid[6]_reg_p_D_OAI21_X1_ZN_B1_NOR2_X1_A2_1_ZN_CLKGATE_X1_E:E (CLKGATE_X1)                                                                  |        | 0.001       | 0.000      | 0.016      |             | 0.000  | 1.093r          |
|                                                                                                                                                               |        |             |            |            |             |        |                 |
| clock (port)                                                                                                                                                  |        | 0.762       | 0.000      | 0.000      |             | 0.000  | 0.000r          |
| clock (clock net)                                                                                                                                             | 740    |             |            |            | NA          |        |                 |
| icache_mod.block_valid[6]_reg_p_D_OAI21_X1_ZN_B1_NOR2_X1_A2_1_ZN_CLKGATE_X1_E:CK (CLKGATE_X1)                                                                 |        | 0.002       | 0.000      | 0.000      |             | 0.000  | 0.000r          |
| clock core_clock (rise edge)                                                                                                                                  |        |             |            |            |             | 1.769  | 1.769           |
| clock network delay (ideal)                                                                                                                                   |        |             |            |            |             | 0.000  | 1.769           |
| icache_mod.block_valid[6]_reg_p_D_OAI21_X1_ZN_B1_NOR2_X1_A2_1_ZN_CLKGATE_X1_E:CK (CLKGATE_X1)                                                                 |        |             |            |            |             |        | 1.769r          |
| library setup time                                                                                                                                            |        |             |            |            |             | -0.051 | 1.718           |
| clock reconvergence pessimism                                                                                                                                 |        |             |            |            |             | 0.000  | 1.718           |
|                                                                                                                                                               |        |             |            |            |             |        |                 |
| path cell delay                                                                                                                                               |        |             |            |            |             |        | 1.093(100.000%) |
| path net delay                                                                                                                                                |        |             |            |            |             |        | 0.000(0.000%)   |
|                                                                                                                                                               |        |             |            |            |             |        |                 |
| data require time                                                                                                                                             |        |             |            |            |             |        | 1.718           |
| data arrival time                                                                                                                                             |        |             |            |            |             |        | 1.093           |
| slack (MET)                                                                                                                                                   |        |             |            |            |             |        | 0.625           |
+---------------------------------------------------------------------------------------------------------------------------------------------------------------+--------+-------------+------------+------------+-------------+--------+-----------------+
+---------------------------------------------------------------------------------------------------------------------------------------------------------------+--------+-------------+------------+------------+-------------+--------+-----------------+
| Point                                                                                                                                                         | Fanout | Capacitance | Resistance | Transition | Delta Delay | Incr   | Path            |
+---------------------------------------------------------------------------------------------------------------------------------------------------------------+--------+-------------+------------+------------+-------------+--------+-----------------+
| clock (port)                                                                                                                                                  |        | 0.762       | 0.000      | 0.000      |             | 0.000  | 0.000r          |
| clock (clock net)                                                                                                                                             | 740    |             |            |            | NA          |        |                 |
| alu_mod.bus_in_alu_op_4__reg_p:CK (DFF_X1)                                                                                                                    |        | 0.001       | 0.000      | 0.000      |             | 0.000  | 0.000r          |
| clock core_clock (rise edge)                                                                                                                                  |        |             |            |            |             | 0      | 0               |
| clock network delay (ideal)                                                                                                                                   |        |             |            |            |             | 0.000  | 0.000           |
| alu_mod.bus_in_alu_op_4__reg_p:CK (DFF_X1)                                                                                                                    |        | 0.001       | 0.000      | 0.000      |             | 0.000  | 0.000r          |
| alu_mod.bus_in_alu_op_4__reg_p:Q (DFF_X1)                                                                                                                     |        | 0.036       | 0.000      | 0.047      |             | 0.132  | 0.132f          |
| alu_mod.bus_in_alu_op_4_ (net)                                                                                                                                | 22     |             |            |            | 0.000       |        |                 |
| alu_mod.bus_in_alu_op_5__NOR2_X4_A2:A1 (NOR2_X4)                                                                                                              |        | 0.007       | 0.000      | 0.047      |             | 0.000  | 0.132f          |
| alu_mod.bus_in_alu_op_5__NOR2_X4_A2:ZN (NOR2_X4)                                                                                                              |        | 0.007       | 0.000      | 0.022      |             | 0.040  | 0.172r          |
| alu_mod.bus_in_alu_op_5__NOR2_X4_A2_ZN (net)                                                                                                                  | 1      |             |            |            | 0.000       |        |                 |
| alu_mod.bus_in_alu_op_5__NOR2_X4_A2_ZN_BUF_X8_A:A (BUF_X8)                                                                                                    |        | 0.007       | 0.000      | 0.022      |             | 0.000  | 0.172r          |
| alu_mod.bus_in_alu_op_5__NOR2_X4_A2_ZN_BUF_X8_A:Z (BUF_X8)                                                                                                    |        | 0.038       | 0.000      | 0.014      |             | 0.033  | 0.205r          |
| alu_mod.bus_in_alu_op_5__NOR2_X4_A2_ZN_BUF_X8_A_Z (net)                                                                                                       | 24     |             |            |            | 0.000       |        |                 |
| alu_mod.bus_in_data_csr_19__INV_X1_A_ZN_OAI21_X1_A_ZN_AOI22_X1_B1_A2_OAI21_X1_A_B2_BUF_X4_Z_A_NAND2_X1_ZN:A2 (NAND2_X1)                                       |        | 0.002       | 0.000      | 0.014      |             | 0.000  | 0.205r          |
| alu_mod.bus_in_data_csr_19__INV_X1_A_ZN_OAI21_X1_A_ZN_AOI22_X1_B1_A2_OAI21_X1_A_B2_BUF_X4_Z_A_NAND2_X1_ZN:ZN (NAND2_X1)                                       |        | 0.003       | 0.000      | 0.012      |             | 0.020  | 0.225f          |
| alu_mod.bus_in_data_csr_19__INV_X1_A_ZN_OAI21_X1_A_ZN_AOI22_X1_B1_A2_OAI21_X1_A_B2_BUF_X4_Z_A (net)                                                           | 1      |             |            |            | 0.000       |        |                 |
| alu_mod.bus_in_data_csr_19__INV_X1_A_ZN_OAI21_X1_A_ZN_AOI22_X1_B1_A2_OAI21_X1_A_B2_BUF_X4_Z:A (BUF_X4)                                                        |        | 0.003       | 0.000      | 0.012      |             | 0.000  | 0.225f          |
| alu_mod.bus_in_data_csr_19__INV_X1_A_ZN_OAI21_X1_A_ZN_AOI22_X1_B1_A2_OAI21_X1_A_B2_BUF_X4_Z:Z (BUF_X4)                                                        |        | 0.025       | 0.000      | 0.010      |             | 0.034  | 0.259f          |
| alu_mod.bus_in_data_csr_19__INV_X1_A_ZN_OAI21_X1_A_ZN_AOI22_X1_B1_A2_OAI21_X1_A_B2 (net)                                                                      | 14     |             |            |            | 0.000       |        |                 |
| alu_mod.bus_in_alu_op_3__AOI21_X1_B1_ZN_BUF_X2_A_Z_NOR2_X4_A2:A1 (NOR2_X4)                                                                                    |        | 0.007       | 0.000      | 0.010      |             | 0.000  | 0.259f          |
| alu_mod.bus_in_alu_op_3__AOI21_X1_B1_ZN_BUF_X2_A_Z_NOR2_X4_A2:ZN (NOR2_X4)                                                                                    |        | 0.003       | 0.000      | 0.012      |             | 0.020  | 0.279r          |
| alu_mod.bus_in_alu_op_3__AOI21_X1_B1_ZN_BUF_X2_A_Z_NOR2_X4_A2_ZN (net)                                                                                        | 1      |             |            |            | 0.000       |        |                 |
| alu_mod.bus_in_data_csr_20__INV_X1_A_ZN_NOR2_X1_A1_ZN_AOI21_X1_A_B1_MUX2_X1_A_S_BUF_X4_Z:A (BUF_X4)                                                           |        | 0.003       | 0.000      | 0.012      |             | 0.000  | 0.279r          |
| alu_mod.bus_in_data_csr_20__INV_X1_A_ZN_NOR2_X1_A1_ZN_AOI21_X1_A_B1_MUX2_X1_A_S_BUF_X4_Z:Z (BUF_X4)                                                           |        | 0.030       | 0.000      | 0.020      |             | 0.036  | 0.315r          |
| alu_mod.bus_in_data_csr_20__INV_X1_A_ZN_NOR2_X1_A1_ZN_AOI21_X1_A_B1_MUX2_X1_A_S (net)                                                                         | 13     |             |            |            | 0.000       |        |                 |
| alu_mod.bus_in_data_csr_20__INV_X1_A_ZN_NOR2_X1_A1_ZN_AOI21_X1_A_B1_MUX2_X1_A_S_BUF_X8_A:A (BUF_X8)                                                           |        | 0.007       | 0.000      | 0.020      |             | 0.000  | 0.315r          |
| alu_mod.bus_in_data_csr_20__INV_X1_A_ZN_NOR2_X1_A1_ZN_AOI21_X1_A_B1_MUX2_X1_A_S_BUF_X8_A:Z (BUF_X8)                                                           |        | 0.045       | 0.000      | 0.016      |             | 0.035  | 0.350r          |
| alu_mod.bus_in_data_csr_20__INV_X1_A_ZN_NOR2_X1_A1_ZN_AOI21_X1_A_B1_MUX2_X1_A_S_BUF_X8_A_Z (net)                                                              | 24     |             |            |            | 0.000       |        |                 |
| ex_ls_bus_next_pc_ls_9__reg_p_D_AOI211_X1_ZN_C1_INV_X1_ZN_A_XNOR2_X1_ZN_B_NOR2_X1_A2_A1_NOR2_X1_A1_ZN_OAI33_X1_A1_B1_AOI21_X1_ZN:B2 (AOI21_X1)                |        | 0.002       | 0.000      | 0.016      |             | 0.000  | 0.350r          |
| ex_ls_bus_next_pc_ls_9__reg_p_D_AOI211_X1_ZN_C1_INV_X1_ZN_A_XNOR2_X1_ZN_B_NOR2_X1_A2_A1_NOR2_X1_A1_ZN_OAI33_X1_A1_B1_AOI21_X1_ZN:ZN (AOI21_X1)                |        | 0.001       | 0.000      | 0.011      |             | 0.017  | 0.368f          |
| ex_ls_bus_next_pc_ls_9__reg_p_D_AOI211_X1_ZN_C1_INV_X1_ZN_A_XNOR2_X1_ZN_B_NOR2_X1_A2_A1_NOR2_X1_A1_ZN_OAI33_X1_A1_B1 (net)                                    | 1      |             |            |            | 0.000       |        |                 |
| ex_ls_bus_next_pc_ls_9__reg_p_D_AOI211_X1_ZN_C1_INV_X1_ZN_A_XNOR2_X1_ZN_B_NOR2_X1_A2_A1_NOR2_X1_A1_ZN_OAI33_X1_A1:B1 (OAI33_X1)                               |        | 0.002       | 0.000      | 0.011      |             | 0.000  | 0.368f          |
| ex_ls_bus_next_pc_ls_9__reg_p_D_AOI211_X1_ZN_C1_INV_X1_ZN_A_XNOR2_X1_ZN_B_NOR2_X1_A2_A1_NOR2_X1_A1_ZN_OAI33_X1_A1:ZN (OAI33_X1)                               |        | 0.005       | 0.000      | 0.090      |             | 0.095  | 0.463r          |
| ex_ls_bus_next_pc_ls_9__reg_p_D_AOI211_X1_ZN_C1_INV_X1_ZN_A_XNOR2_X1_ZN_B_NOR2_X1_A2_A1_NOR2_X1_A1_ZN_OAI33_X1_A1_ZN (net)                                    | 2      |             |            |            | 0.000       |        |                 |
| ex_ls_bus_next_pc_ls_9__reg_p_D_AOI211_X1_ZN_C1_INV_X1_ZN_A_XNOR2_X1_ZN_B_NOR2_X1_A2_A1_NOR2_X1_A1_ZN_OAI33_X1_A1_ZN_OAI21_X1_A:A (OAI21_X1)                  |        | 0.002       | 0.000      | 0.090      |             | 0.000  | 0.463r          |
| ex_ls_bus_next_pc_ls_9__reg_p_D_AOI211_X1_ZN_C1_INV_X1_ZN_A_XNOR2_X1_ZN_B_NOR2_X1_A2_A1_NOR2_X1_A1_ZN_OAI33_X1_A1_ZN_OAI21_X1_A:ZN (OAI21_X1)                 |        | 0.007       | 0.000      | 0.028      |             | 0.051  | 0.514f          |
| csr_mod.regs[1]_11__MUX2_X1_A_Z_AOI22_X1_B1_A2_OAI22_X1_ZN_B1_XNOR2_X1_ZN_A_OAI21_X1_ZN_A_OAI211_X1_ZN_B_NAND3_X1_ZN_A2 (net)                                 | 4      |             |            |            | 0.000       |        |                 |
| csr_mod.regs[1]_11__MUX2_X1_A_Z_AOI22_X1_B1_A2_OAI22_X1_ZN_B1_XNOR2_X1_ZN_B_OR2_X1_ZN_A1_AOI21_X1_A_ZN_AOI21_X1_B1_ZN_OR2_X1_A2_ZN_AOI211_X2_A:C2 (AOI211_X2) |        | 0.003       | 0.000      | 0.028      |             | 0.000  | 0.514f          |
| csr_mod.regs[1]_11__MUX2_X1_A_Z_AOI22_X1_B1_A2_OAI22_X1_ZN_B1_XNOR2_X1_ZN_B_OR2_X1_ZN_A1_AOI21_X1_A_ZN_AOI21_X1_B1_ZN_OR2_X1_A2_ZN_AOI211_X2_A:ZN (AOI211_X2) |        | 0.005       | 0.000      | 0.043      |             | 0.060  | 0.574r          |
| alu_mod.bus_in_data_rs1_8__XOR2_X1_B_Z_AOI221_X1_A_ZN_NAND4_X1_A4_A1_OAI21_X1_A_ZN_OAI211_X1_C2_ZN_OAI211_X1_A_C1 (net)                                       | 3      |             |            |            | 0.000       |        |                 |
| alu_mod.bus_in_rs1_0__MUX2_X1_B_Z_AOI221_X1_C1_A_NOR3_X1_ZN_A3_OAI22_X1_B1_A1_AOI21_X1_ZN_A_NOR2_X1_A1_ZN_AOI21_X1_B2_ZN_OAI221_X1_A:C1 (OAI221_X1)           |        | 0.002       | 0.000      | 0.043      |             | 0.000  | 0.574r          |
| alu_mod.bus_in_rs1_0__MUX2_X1_B_Z_AOI221_X1_C1_A_NOR3_X1_ZN_A3_OAI22_X1_B1_A1_AOI21_X1_ZN_A_NOR2_X1_A1_ZN_AOI21_X1_B2_ZN_OAI221_X1_A:ZN (OAI221_X1)           |        | 0.006       | 0.000      | 0.030      |             | 0.051  | 0.625f          |
| alu_mod.bus_in_rs1_0__MUX2_X1_B_Z_AOI221_X1_C1_A_NOR3_X1_ZN_A3_OAI22_X1_B1_A1_AOI21_X1_ZN_A_NOR2_X1_A1_ZN_AOI21_X1_B2_ZN_OAI221_X1_A_ZN (net)                 | 3      |             |            |            | 0.000       |        |                 |
| alu_mod.bus_in_data_rs1_8__XOR2_X1_B_Z_AOI221_X1_A_ZN_NAND4_X1_A4_A1_OAI21_X1_A_ZN_OAI211_X1_C2_C1_OAI21_X1_B1_ZN_AOI22_X1_A2_ZN_AND3_X2_A2:A1 (AND3_X2)      |        | 0.002       | 0.000      | 0.030      |             | 0.000  | 0.625f          |
| alu_mod.bus_in_data_rs1_8__XOR2_X1_B_Z_AOI221_X1_A_ZN_NAND4_X1_A4_A1_OAI21_X1_A_ZN_OAI211_X1_C2_C1_OAI21_X1_B1_ZN_AOI22_X1_A2_ZN_AND3_X2_A2:ZN (AND3_X2)      |        | 0.009       | 0.000      | 0.009      |             | 0.045  | 0.670f          |
| alu_mod.bus_in_rs1_0__MUX2_X1_B_Z_AOI221_X1_C1_B1_AOI221_X1_B1_C1_NOR2_X1_ZN_A1 (net)                                                                         | 4      |             |            |            | 0.000       |        |                 |
| alu_mod.bus_in_rs1_0__MUX2_X1_B_Z_AOI221_X1_C1_B1_AOI221_X1_B1_C2_OAI21_X1_ZN_B2_OAI21_X1_A:B1 (OAI21_X1)                                                     |        | 0.002       | 0.000      | 0.009      |             | 0.000  | 0.670f          |
| alu_mod.bus_in_rs1_0__MUX2_X1_B_Z_AOI221_X1_C1_B1_AOI221_X1_B1_C2_OAI21_X1_ZN_B2_OAI21_X1_A:ZN (OAI21_X1)                                                     |        | 0.008       | 0.000      | 0.052      |             | 0.064  | 0.734r          |
| alu_mod.bus_in_rs1_0__MUX2_X1_B_Z_AOI221_X1_C1_B1_AOI221_X1_B1_A_OAI21_X1_ZN_B2 (net)                                                                         | 4      |             |            |            | 0.000       |        |                 |
| alu_mod.bus_in_rs1_0__MUX2_X1_B_Z_AOI221_X1_C1_B1_NAND2_X1_ZN_A1_AOI211_X2_C1_B_AOI21_X1_ZN:B2 (AOI21_X1)                                                     |        | 0.002       | 0.000      | 0.052      |             | 0.000  | 0.734r          |
| alu_mod.bus_in_rs1_0__MUX2_X1_B_Z_AOI221_X1_C1_B1_NAND2_X1_ZN_A1_AOI211_X2_C1_B_AOI21_X1_ZN:ZN (AOI21_X1)                                                     |        | 0.003       | 0.000      | 0.016      |             | 0.029  | 0.762f          |
| alu_mod.bus_in_rs1_0__MUX2_X1_B_Z_AOI221_X1_C1_B1_NAND2_X1_ZN_A1_AOI211_X2_C1_B (net)                                                                         | 1      |             |            |            | 0.000       |        |                 |
| alu_mod.bus_in_rs1_0__MUX2_X1_B_Z_AOI221_X1_C1_B1_NAND2_X1_ZN_A1_AOI211_X2_C1:B (AOI211_X2)                                                                   |        | 0.003       | 0.000      | 0.016      |             | 0.000  | 0.762f          |
| alu_mod.bus_in_rs1_0__MUX2_X1_B_Z_AOI221_X1_C1_B1_NAND2_X1_ZN_A1_AOI211_X2_C1:ZN (AOI211_X2)                                                                  |        | 0.003       | 0.000      | 0.039      |             | 0.055  | 0.817r          |
| alu_mod.bus_in_rs1_0__MUX2_X1_B_Z_AOI221_X1_C1_B1_NAND2_X1_ZN_A1_AOI211_X2_C1_ZN (net)                                                                        | 1      |             |            |            | 0.000       |        |                 |
| alu_mod.bus_in_rs1_0__MUX2_X1_B_Z_AOI221_X1_C1_B1_NAND2_X1_ZN_A1_AOI211_X2_C1_ZN_BUF_X4_A:A (BUF_X4)                                                          |        | 0.003       | 0.000      | 0.039      |             | 0.000  | 0.817r          |
| alu_mod.bus_in_rs1_0__MUX2_X1_B_Z_AOI221_X1_C1_B1_NAND2_X1_ZN_A1_AOI211_X2_C1_ZN_BUF_X4_A:Z (BUF_X4)                                                          |        | 0.021       | 0.000      | 0.016      |             | 0.037  | 0.854r          |
| ifu_mod.latest_row_NOR4_X1_A1_A2 (net)                                                                                                                        | 8      |             |            |            | 0.000       |        |                 |
| ex_ls_bus_exception_ls_NOR3_X1_A1_ZN_NAND2_X1_A2_ZN_NOR2_X1_A2_ZN_OAI221_X2_A_ZN_OAI21_X2_A:B2 (OAI21_X2)                                                     |        | 0.003       | 0.000      | 0.016      |             | 0.000  | 0.854r          |
| ex_ls_bus_exception_ls_NOR3_X1_A1_ZN_NAND2_X1_A2_ZN_NOR2_X1_A2_ZN_OAI221_X2_A_ZN_OAI21_X2_A:ZN (OAI21_X2)                                                     |        | 0.011       | 0.000      | 0.020      |             | 0.027  | 0.881f          |
| io_master_rready_OR2_X1_ZN_A2_AOI21_X1_ZN_A_OAI33_X1_A3_B2 (net)                                                                                              | 7      |             |            |            | 0.000       |        |                 |
| io_master_rready_OR2_X1_ZN_A2_AOI21_X1_ZN_A_OAI33_X1_A3:B2 (OAI33_X1)                                                                                         |        | 0.002       | 0.000      | 0.020      |             | 0.000  | 0.881f          |
| io_master_rready_OR2_X1_ZN_A2_AOI21_X1_ZN_A_OAI33_X1_A3:ZN (OAI33_X1)                                                                                         |        | 0.003       | 0.000      | 0.075      |             | 0.094  | 0.975r          |
| io_master_rready_OR2_X1_ZN_A2_AOI21_X1_ZN_A_OAI33_X1_A3_ZN (net)                                                                                              | 1      |             |            |            | 0.000       |        |                 |
| io_master_rready_OR2_X1_ZN_A2_AOI21_X1_ZN_A_OAI33_X1_A3_ZN_BUF_X4_A:A (BUF_X4)                                                                                |        | 0.003       | 0.000      | 0.075      |             | 0.000  | 0.975r          |
| io_master_rready_OR2_X1_ZN_A2_AOI21_X1_ZN_A_OAI33_X1_A3_ZN_BUF_X4_A:Z (BUF_X4)                                                                                |        | 0.029       | 0.000      | 0.021      |             | 0.045  | 1.020r          |
| icache_mod.latest_row_NAND3_X2_A1_A2 (net)                                                                                                                    | 9      |             |            |            | 0.000       |        |                 |
| icache_mod.latest_row_reg_p_QN_NAND4_X4_A3:A4 (NAND4_X4)                                                                                                      |        | 0.006       | 0.000      | 0.021      |             | 0.000  | 1.020r          |
| icache_mod.latest_row_reg_p_QN_NAND4_X4_A3:ZN (NAND4_X4)                                                                                                      |        | 0.018       | 0.000      | 0.030      |             | 0.044  | 1.064f          |
| icache_mod.latest_row_reg_p_QN_NAND4_X4_A3_ZN (net)                                                                                                           | 12     |             |            |            | 0.000       |        |                 |
| cache_addr_3__reg_p_D_OAI21_X1_ZN_B1_MUX2_X1_Z_A_NAND2_X1_A1_ZN_NOR2_X1_A2_1:A1 (NOR2_X1)                                                                     |        | 0.002       | 0.000      | 0.030      |             | 0.000  | 1.064f          |
| cache_addr_3__reg_p_D_OAI21_X1_ZN_B1_MUX2_X1_Z_A_NAND2_X1_A1_ZN_NOR2_X1_A2_1:ZN (NOR2_X1)                                                                     |        | 0.001       | 0.000      | 0.016      |             | 0.029  | 1.093r          |
| cache_addr_3__reg_p_D_OAI21_X1_ZN_B1_MUX2_X1_Z_A_NAND2_X1_A1_ZN_NOR2_X1_A2_1_ZN (net)                                                                         | 1      |             |            |            | 0.000       |        |                 |
| cache_addr_3__reg_p_D_OAI21_X1_ZN_B1_MUX2_X1_Z_A_NAND2_X1_A1_ZN_NOR2_X1_A2_1_ZN_CLKGATE_X1_E:E (CLKGATE_X1)                                                   |        | 0.001       | 0.000      | 0.016      |             | 0.000  | 1.093r          |
|                                                                                                                                                               |        |             |            |            |             |        |                 |
| clock (port)                                                                                                                                                  |        | 0.762       | 0.000      | 0.000      |             | 0.000  | 0.000r          |
| clock (clock net)                                                                                                                                             | 740    |             |            |            | NA          |        |                 |
| cache_addr_3__reg_p_D_OAI21_X1_ZN_B1_MUX2_X1_Z_A_NAND2_X1_A1_ZN_NOR2_X1_A2_1_ZN_CLKGATE_X1_E:CK (CLKGATE_X1)                                                  |        | 0.002       | 0.000      | 0.000      |             | 0.000  | 0.000r          |
| clock core_clock (rise edge)                                                                                                                                  |        |             |            |            |             | 1.769  | 1.769           |
| clock network delay (ideal)                                                                                                                                   |        |             |            |            |             | 0.000  | 1.769           |
| cache_addr_3__reg_p_D_OAI21_X1_ZN_B1_MUX2_X1_Z_A_NAND2_X1_A1_ZN_NOR2_X1_A2_1_ZN_CLKGATE_X1_E:CK (CLKGATE_X1)                                                  |        |             |            |            |             |        | 1.769r          |
| library setup time                                                                                                                                            |        |             |            |            |             | -0.051 | 1.718           |
| clock reconvergence pessimism                                                                                                                                 |        |             |            |            |             | 0.000  | 1.718           |
|                                                                                                                                                               |        |             |            |            |             |        |                 |
| path cell delay                                                                                                                                               |        |             |            |            |             |        | 1.093(100.000%) |
| path net delay                                                                                                                                                |        |             |            |            |             |        | 0.000(0.000%)   |
|                                                                                                                                                               |        |             |            |            |             |        |                 |
| data require time                                                                                                                                             |        |             |            |            |             |        | 1.718           |
| data arrival time                                                                                                                                             |        |             |            |            |             |        | 1.093           |
| slack (MET)                                                                                                                                                   |        |             |            |            |             |        | 0.625           |
+---------------------------------------------------------------------------------------------------------------------------------------------------------------+--------+-------------+------------+------------+-------------+--------+-----------------+
+-----------------------------------------------------------+--------+-------------+------------+------------+-------------+--------+-----------------+
| Point                                                     | Fanout | Capacitance | Resistance | Transition | Delta Delay | Incr   | Path            |
+-----------------------------------------------------------+--------+-------------+------------+------------+-------------+--------+-----------------+
| clock (port)                                              |        | 0.762       | 0.000      | 0.000      |             | 0.000  | 0.000r          |
| clock (clock net)                                         | 740    |             |            |            | NA          |        |                 |
| icache_mod.state_1__reg_p:CK (DFF_X1)                     |        | 0.001       | 0.000      | 0.000      |             | 0.000  | 0.000r          |
| clock core_clock (rise edge)                              |        |             |            |            |             | 0      | 0               |
| clock network delay (ideal)                               |        |             |            |            |             | 0.000  | 0.000           |
| icache_mod.state_1__reg_p:CK (DFF_X1)                     |        | 0.001       | 0.000      | 0.000      |             | 0.000  | 0.000r          |
| icache_mod.state_1__reg_p:QN (DFF_X1)                     |        | 0.002       | 0.000      | 0.011      |             | 0.063  | 0.063r          |
| icache_mod.trans_reg_p_D (net)                            | 2      |             |            |            | 0.000       |        |                 |
| icache_mod.trans_reg_p:D (DFF_X1)                         |        | 0.001       | 0.000      | 0.011      |             | 0.000  | 0.063r          |
|                                                           |        |             |            |            |             |        |                 |
| clock (port)                                              |        | 0.762       | 0.000      | 0.000      |             | 0.000  | 0.000r          |
| clock (clock net)                                         | 740    |             |            |            | NA          |        |                 |
| icache_mod.trans_reg_p_CK_CLKGATE_X1_GCK:CK (CLKGATE_X1)  |        | 0.002       | 0.000      | 0.000      |             | 0.000  | 0.000r          |
| icache_mod.trans_reg_p_CK_CLKGATE_X1_GCK:GCK (CLKGATE_X1) |        | 0.001       | 0.000      | 0.000      |             | 0.000  | 0.000r          |
| icache_mod.trans_reg_p_CK (clock net)                     | 1      |             |            |            | NA          |        |                 |
| icache_mod.trans_reg_p:CK (DFF_X1)                        |        | 0.001       | 0.000      | 0.000      |             | 0.000  | 0.000r          |
| clock core_clock (rise edge)                              |        |             |            |            |             | 0      | 0               |
| clock network delay (ideal)                               |        |             |            |            |             | 0.000  | 0.000           |
| icache_mod.trans_reg_p:CK (DFF_X1)                        |        |             |            |            |             |        | 0.000r          |
| library hold time                                         |        |             |            |            |             | 0.006  | 0.006           |
| clock reconvergence pessimism                             |        |             |            |            |             | -0.000 | 0.006           |
|                                                           |        |             |            |            |             |        |                 |
| path cell delay                                           |        |             |            |            |             |        | 0.063(100.000%) |
| path net delay                                            |        |             |            |            |             |        | 0.000(0.000%)   |
|                                                           |        |             |            |            |             |        |                 |
| data require time                                         |        |             |            |            |             |        | 0.006           |
| data arrival time                                         |        |             |            |            |             |        | 0.063           |
| slack (MET)                                               |        |             |            |            |             |        | 0.057           |
+-----------------------------------------------------------+--------+-------------+------------+------------+-------------+--------+-----------------+
+-----------------------------------------------------------+--------+-------------+------------+------------+-------------+--------+-----------------+
| Point                                                     | Fanout | Capacitance | Resistance | Transition | Delta Delay | Incr   | Path            |
+-----------------------------------------------------------+--------+-------------+------------+------------+-------------+--------+-----------------+
| clock (port)                                              |        | 0.762       | 0.000      | 0.000      |             | 0.000  | 0.000r          |
| clock (clock net)                                         | 740    |             |            |            | NA          |        |                 |
| icache_mod.state_1__reg_p:CK (DFF_X1)                     |        | 0.001       | 0.000      | 0.000      |             | 0.000  | 0.000r          |
| clock core_clock (rise edge)                              |        |             |            |            |             | 0      | 0               |
| clock network delay (ideal)                               |        |             |            |            |             | 0.000  | 0.000           |
| icache_mod.state_1__reg_p:CK (DFF_X1)                     |        | 0.001       | 0.000      | 0.000      |             | 0.000  | 0.000r          |
| icache_mod.state_1__reg_p:QN (DFF_X1)                     |        | 0.002       | 0.000      | 0.011      |             | 0.063  | 0.063r          |
| icache_mod.trans_reg_p_D (net)                            | 2      |             |            |            | 0.000       |        |                 |
| icache_mod.trans_reg_p:D (DFF_X1)                         |        | 0.001       | 0.000      | 0.011      |             | 0.000  | 0.063r          |
|                                                           |        |             |            |            |             |        |                 |
| clock (port)                                              |        | 0.762       | 0.000      | 0.000      |             | 0.000  | 0.000r          |
| clock (clock net)                                         | 740    |             |            |            | NA          |        |                 |
| icache_mod.trans_reg_p_CK_CLKGATE_X1_GCK:CK (CLKGATE_X1)  |        | 0.002       | 0.000      | 0.000      |             | 0.000  | 0.000r          |
| icache_mod.trans_reg_p_CK_CLKGATE_X1_GCK:GCK (CLKGATE_X1) |        | 0.001       | 0.000      | 0.000      |             | 0.000  | 0.000r          |
| icache_mod.trans_reg_p_CK (clock net)                     | 1      |             |            |            | NA          |        |                 |
| icache_mod.trans_reg_p:CK (DFF_X1)                        |        | 0.001       | 0.000      | 0.000      |             | 0.000  | 0.000r          |
| clock core_clock (rise edge)                              |        |             |            |            |             | 0      | 0               |
| clock network delay (ideal)                               |        |             |            |            |             | 0.000  | 0.000           |
| icache_mod.trans_reg_p:CK (DFF_X1)                        |        |             |            |            |             |        | 0.000r          |
| library hold time                                         |        |             |            |            |             | 0.006  | 0.006           |
| clock reconvergence pessimism                             |        |             |            |            |             | -0.000 | 0.006           |
|                                                           |        |             |            |            |             |        |                 |
| path cell delay                                           |        |             |            |            |             |        | 0.063(100.000%) |
| path net delay                                            |        |             |            |            |             |        | 0.000(0.000%)   |
|                                                           |        |             |            |            |             |        |                 |
| data require time                                         |        |             |            |            |             |        | 0.006           |
| data arrival time                                         |        |             |            |            |             |        | 0.063           |
| slack (MET)                                               |        |             |            |            |             |        | 0.057           |
+-----------------------------------------------------------+--------+-------------+------------+------------+-------------+--------+-----------------+
+-----------------------------------------------------------+--------+-------------+------------+------------+-------------+--------+-----------------+
| Point                                                     | Fanout | Capacitance | Resistance | Transition | Delta Delay | Incr   | Path            |
+-----------------------------------------------------------+--------+-------------+------------+------------+-------------+--------+-----------------+
| clock (port)                                              |        | 0.762       | 0.000      | 0.000      |             | 0.000  | 0.000r          |
| clock (clock net)                                         | 740    |             |            |            | NA          |        |                 |
| icache_mod.state_1__reg_p:CK (DFF_X1)                     |        | 0.001       | 0.000      | 0.000      |             | 0.000  | 0.000r          |
| clock core_clock (rise edge)                              |        |             |            |            |             | 0      | 0               |
| clock network delay (ideal)                               |        |             |            |            |             | 0.000  | 0.000           |
| icache_mod.state_1__reg_p:CK (DFF_X1)                     |        | 0.001       | 0.000      | 0.000      |             | 0.000  | 0.000r          |
| icache_mod.state_1__reg_p:QN (DFF_X1)                     |        | 0.002       | 0.000      | 0.012      |             | 0.064  | 0.064f          |
| icache_mod.trans_reg_p_D (net)                            | 2      |             |            |            | 0.000       |        |                 |
| icache_mod.trans_reg_p:D (DFF_X1)                         |        | 0.001       | 0.000      | 0.012      |             | 0.000  | 0.064f          |
|                                                           |        |             |            |            |             |        |                 |
| clock (port)                                              |        | 0.762       | 0.000      | 0.000      |             | 0.000  | 0.000r          |
| clock (clock net)                                         | 740    |             |            |            | NA          |        |                 |
| icache_mod.trans_reg_p_CK_CLKGATE_X1_GCK:CK (CLKGATE_X1)  |        | 0.002       | 0.000      | 0.000      |             | 0.000  | 0.000r          |
| icache_mod.trans_reg_p_CK_CLKGATE_X1_GCK:GCK (CLKGATE_X1) |        | 0.001       | 0.000      | 0.000      |             | 0.000  | 0.000r          |
| icache_mod.trans_reg_p_CK (clock net)                     | 1      |             |            |            | NA          |        |                 |
| icache_mod.trans_reg_p:CK (DFF_X1)                        |        | 0.001       | 0.000      | 0.000      |             | 0.000  | 0.000r          |
| clock core_clock (rise edge)                              |        |             |            |            |             | 0      | 0               |
| clock network delay (ideal)                               |        |             |            |            |             | 0.000  | 0.000           |
| icache_mod.trans_reg_p:CK (DFF_X1)                        |        |             |            |            |             |        | 0.000r          |
| library hold time                                         |        |             |            |            |             | 0.002  | 0.002           |
| clock reconvergence pessimism                             |        |             |            |            |             | -0.000 | 0.002           |
|                                                           |        |             |            |            |             |        |                 |
| path cell delay                                           |        |             |            |            |             |        | 0.064(100.000%) |
| path net delay                                            |        |             |            |            |             |        | 0.000(0.000%)   |
|                                                           |        |             |            |            |             |        |                 |
| data require time                                         |        |             |            |            |             |        | 0.002           |
| data arrival time                                         |        |             |            |            |             |        | 0.064           |
| slack (MET)                                               |        |             |            |            |             |        | 0.062           |
+-----------------------------------------------------------+--------+-------------+------------+------------+-------------+--------+-----------------+
+-----------------------------------------------------------+--------+-------------+------------+------------+-------------+--------+-----------------+
| Point                                                     | Fanout | Capacitance | Resistance | Transition | Delta Delay | Incr   | Path            |
+-----------------------------------------------------------+--------+-------------+------------+------------+-------------+--------+-----------------+
| clock (port)                                              |        | 0.762       | 0.000      | 0.000      |             | 0.000  | 0.000r          |
| clock (clock net)                                         | 740    |             |            |            | NA          |        |                 |
| icache_mod.state_1__reg_p:CK (DFF_X1)                     |        | 0.001       | 0.000      | 0.000      |             | 0.000  | 0.000r          |
| clock core_clock (rise edge)                              |        |             |            |            |             | 0      | 0               |
| clock network delay (ideal)                               |        |             |            |            |             | 0.000  | 0.000           |
| icache_mod.state_1__reg_p:CK (DFF_X1)                     |        | 0.001       | 0.000      | 0.000      |             | 0.000  | 0.000r          |
| icache_mod.state_1__reg_p:QN (DFF_X1)                     |        | 0.002       | 0.000      | 0.012      |             | 0.064  | 0.064f          |
| icache_mod.trans_reg_p_D (net)                            | 2      |             |            |            | 0.000       |        |                 |
| icache_mod.trans_reg_p:D (DFF_X1)                         |        | 0.001       | 0.000      | 0.012      |             | 0.000  | 0.064f          |
|                                                           |        |             |            |            |             |        |                 |
| clock (port)                                              |        | 0.762       | 0.000      | 0.000      |             | 0.000  | 0.000r          |
| clock (clock net)                                         | 740    |             |            |            | NA          |        |                 |
| icache_mod.trans_reg_p_CK_CLKGATE_X1_GCK:CK (CLKGATE_X1)  |        | 0.002       | 0.000      | 0.000      |             | 0.000  | 0.000r          |
| icache_mod.trans_reg_p_CK_CLKGATE_X1_GCK:GCK (CLKGATE_X1) |        | 0.001       | 0.000      | 0.000      |             | 0.000  | 0.000r          |
| icache_mod.trans_reg_p_CK (clock net)                     | 1      |             |            |            | NA          |        |                 |
| icache_mod.trans_reg_p:CK (DFF_X1)                        |        | 0.001       | 0.000      | 0.000      |             | 0.000  | 0.000r          |
| clock core_clock (rise edge)                              |        |             |            |            |             | 0      | 0               |
| clock network delay (ideal)                               |        |             |            |            |             | 0.000  | 0.000           |
| icache_mod.trans_reg_p:CK (DFF_X1)                        |        |             |            |            |             |        | 0.000r          |
| library hold time                                         |        |             |            |            |             | 0.002  | 0.002           |
| clock reconvergence pessimism                             |        |             |            |            |             | -0.000 | 0.002           |
|                                                           |        |             |            |            |             |        |                 |
| path cell delay                                           |        |             |            |            |             |        | 0.064(100.000%) |
| path net delay                                            |        |             |            |            |             |        | 0.000(0.000%)   |
|                                                           |        |             |            |            |             |        |                 |
| data require time                                         |        |             |            |            |             |        | 0.002           |
| data arrival time                                         |        |             |            |            |             |        | 0.064           |
| slack (MET)                                               |        |             |            |            |             |        | 0.062           |
+-----------------------------------------------------------+--------+-------------+------------+------------+-------------+--------+-----------------+
+----------------------------------------------------------+--------+-------------+------------+------------+-------------+--------+-----------------+
| Point                                                    | Fanout | Capacitance | Resistance | Transition | Delta Delay | Incr   | Path            |
+----------------------------------------------------------+--------+-------------+------------+------------+-------------+--------+-----------------+
| clock (port)                                             |        | 0.762       | 0.000      | 0.000      |             | 0.000  | 0.000r          |
| clock (clock net)                                        | 740    |             |            |            | NA          |        |                 |
| lsu_mod.lsu_r_1__reg_p:CK (DFF_X1)                       |        | 0.001       | 0.000      | 0.000      |             | 0.000  | 0.000r          |
| clock core_clock (rise edge)                             |        |             |            |            |             | 0      | 0               |
| clock network delay (ideal)                              |        |             |            |            |             | 0.000  | 0.000           |
| lsu_mod.lsu_r_1__reg_p:CK (DFF_X1)                       |        | 0.001       | 0.000      | 0.000      |             | 0.000  | 0.000r          |
| lsu_mod.lsu_r_1__reg_p:QN (DFF_X1)                       |        | 0.004       | 0.000      | 0.017      |             | 0.071  | 0.071r          |
| lsu_mod.trans_r_reg_p_D (net)                            | 3      |             |            |            | 0.000       |        |                 |
| lsu_mod.trans_r_reg_p:D (DFF_X1)                         |        | 0.001       | 0.000      | 0.017      |             | 0.000  | 0.071r          |
|                                                          |        |             |            |            |             |        |                 |
| clock (port)                                             |        | 0.762       | 0.000      | 0.000      |             | 0.000  | 0.000r          |
| clock (clock net)                                        | 740    |             |            |            | NA          |        |                 |
| lsu_mod.trans_r_reg_p_CK_CLKGATE_X1_GCK:CK (CLKGATE_X1)  |        | 0.002       | 0.000      | 0.000      |             | 0.000  | 0.000r          |
| lsu_mod.trans_r_reg_p_CK_CLKGATE_X1_GCK:GCK (CLKGATE_X1) |        | 0.001       | 0.000      | 0.000      |             | 0.000  | 0.000r          |
| lsu_mod.trans_r_reg_p_CK (clock net)                     | 1      |             |            |            | NA          |        |                 |
| lsu_mod.trans_r_reg_p:CK (DFF_X1)                        |        | 0.001       | 0.000      | 0.000      |             | 0.000  | 0.000r          |
| clock core_clock (rise edge)                             |        |             |            |            |             | 0      | 0               |
| clock network delay (ideal)                              |        |             |            |            |             | 0.000  | 0.000           |
| lsu_mod.trans_r_reg_p:CK (DFF_X1)                        |        |             |            |            |             |        | 0.000r          |
| library hold time                                        |        |             |            |            |             | 0.008  | 0.008           |
| clock reconvergence pessimism                            |        |             |            |            |             | -0.000 | 0.008           |
|                                                          |        |             |            |            |             |        |                 |
| path cell delay                                          |        |             |            |            |             |        | 0.071(100.000%) |
| path net delay                                           |        |             |            |            |             |        | 0.000(0.000%)   |
|                                                          |        |             |            |            |             |        |                 |
| data require time                                        |        |             |            |            |             |        | 0.008           |
| data arrival time                                        |        |             |            |            |             |        | 0.071           |
| slack (MET)                                              |        |             |            |            |             |        | 0.063           |
+----------------------------------------------------------+--------+-------------+------------+------------+-------------+--------+-----------------+
+---------------------------------------------------------+--------+-------------+------------+------------+-------------+--------+-----------------+
| Point                                                   | Fanout | Capacitance | Resistance | Transition | Delta Delay | Incr   | Path            |
+---------------------------------------------------------+--------+-------------+------------+------------+-------------+--------+-----------------+
| clock (port)                                            |        | 0.762       | 0.000      | 0.000      |             | 0.000  | 0.000r          |
| clock (clock net)                                       | 740    |             |            |            | NA          |        |                 |
| lsu_mod.lsu_r_1__reg_p:CK (DFF_X1)                      |        | 0.001       | 0.000      | 0.000      |             | 0.000  | 0.000r          |
| clock core_clock (rise edge)                            |        |             |            |            |             | 0      | 0               |
| clock network delay (ideal)                             |        |             |            |            |             | 0.000  | 0.000           |
| lsu_mod.lsu_r_1__reg_p:CK (DFF_X1)                      |        | 0.001       | 0.000      | 0.000      |             | 0.000  | 0.000r          |
| lsu_mod.lsu_r_1__reg_p:QN (DFF_X1)                      |        | 0.004       | 0.000      | 0.017      |             | 0.071  | 0.071r          |
| lsu_mod.trans_r_reg_p_D (net)                           | 3      |             |            |            | 0.000       |        |                 |
| lsu_mod.lsu_r_1__OAI221_X1_C2:B2 (OAI221_X1)            |        | 0.002       | 0.000      | 0.017      |             | 0.000  | 0.071r          |
| lsu_mod.lsu_r_1__OAI221_X1_C2:ZN (OAI221_X1)            |        | 0.002       | 0.000      | 0.015      |             | 0.035  | 0.106f          |
| lsu_mod.lsu_r_1__OAI221_X1_C2_ZN (net)                  | 1      |             |            |            | 0.000       |        |                 |
| lsu_mod.lsu_r_1__OAI221_X1_C2_ZN_INV_X1_A:A (INV_X1)    |        | 0.002       | 0.000      | 0.015      |             | 0.000  | 0.106f          |
| lsu_mod.lsu_r_1__OAI221_X1_C2_ZN_INV_X1_A:ZN (INV_X1)   |        | 0.001       | 0.000      | 0.007      |             | 0.013  | 0.119r          |
| lsu_mod.trans_r_reg_p_CK_CLKGATE_X1_GCK_E (net)         | 1      |             |            |            | 0.000       |        |                 |
| lsu_mod.trans_r_reg_p_CK_CLKGATE_X1_GCK:E (CLKGATE_X1)  |        | 0.001       | 0.000      | 0.007      |             | 0.000  | 0.119r          |
|                                                         |        |             |            |            |             |        |                 |
| clock (port)                                            |        | 0.762       | 0.000      | 0.000      |             | 0.000  | 0.000r          |
| clock (clock net)                                       | 740    |             |            |            | NA          |        |                 |
| lsu_mod.trans_r_reg_p_CK_CLKGATE_X1_GCK:CK (CLKGATE_X1) |        | 0.002       | 0.000      | 0.000      |             | 0.000  | 0.000r          |
| clock core_clock (rise edge)                            |        |             |            |            |             | 0      | 0               |
| clock network delay (ideal)                             |        |             |            |            |             | 0.000  | 0.000           |
| lsu_mod.trans_r_reg_p_CK_CLKGATE_X1_GCK:CK (CLKGATE_X1) |        |             |            |            |             |        | 0.000r          |
| library hold time                                       |        |             |            |            |             | -0.002 | -0.002          |
| clock reconvergence pessimism                           |        |             |            |            |             | -0.000 | -0.002          |
|                                                         |        |             |            |            |             |        |                 |
| path cell delay                                         |        |             |            |            |             |        | 0.119(100.000%) |
| path net delay                                          |        |             |            |            |             |        | 0.000(0.000%)   |
|                                                         |        |             |            |            |             |        |                 |
| data require time                                       |        |             |            |            |             |        | -0.002          |
| data arrival time                                       |        |             |            |            |             |        | 0.119           |
| slack (MET)                                             |        |             |            |            |             |        | 0.120           |
+---------------------------------------------------------+--------+-------------+------------+------------+-------------+--------+-----------------+
+---------------------------------------------------------+--------+-------------+------------+------------+-------------+--------+-----------------+
| Point                                                   | Fanout | Capacitance | Resistance | Transition | Delta Delay | Incr   | Path            |
+---------------------------------------------------------+--------+-------------+------------+------------+-------------+--------+-----------------+
| clock (port)                                            |        | 0.762       | 0.000      | 0.000      |             | 0.000  | 0.000r          |
| clock (clock net)                                       | 740    |             |            |            | NA          |        |                 |
| lsu_mod.lsu_r_0__reg_p:CK (DFF_X1)                      |        | 0.001       | 0.000      | 0.000      |             | 0.000  | 0.000r          |
| clock core_clock (rise edge)                            |        |             |            |            |             | 0      | 0               |
| clock network delay (ideal)                             |        |             |            |            |             | 0.000  | 0.000           |
| lsu_mod.lsu_r_0__reg_p:CK (DFF_X1)                      |        | 0.001       | 0.000      | 0.000      |             | 0.000  | 0.000r          |
| lsu_mod.lsu_r_0__reg_p:Q (DFF_X1)                       |        | 0.004       | 0.000      | 0.009      |             | 0.083  | 0.083f          |
| lsu_mod.lsu_r_0_ (net)                                  | 3      |             |            |            | 0.000       |        |                 |
| lsu_mod.lsu_r_1__OAI221_X1_C2:C1 (OAI221_X1)            |        | 0.002       | 0.000      | 0.009      |             | 0.000  | 0.083f          |
| lsu_mod.lsu_r_1__OAI221_X1_C2:ZN (OAI221_X1)            |        | 0.002       | 0.000      | 0.017      |             | 0.031  | 0.114r          |
| lsu_mod.lsu_r_1__OAI221_X1_C2_ZN (net)                  | 1      |             |            |            | 0.000       |        |                 |
| lsu_mod.lsu_r_1__OAI221_X1_C2_ZN_INV_X1_A:A (INV_X1)    |        | 0.002       | 0.000      | 0.017      |             | 0.000  | 0.114r          |
| lsu_mod.lsu_r_1__OAI221_X1_C2_ZN_INV_X1_A:ZN (INV_X1)   |        | 0.001       | 0.000      | 0.005      |             | 0.007  | 0.122f          |
| lsu_mod.trans_r_reg_p_CK_CLKGATE_X1_GCK_E (net)         | 1      |             |            |            | 0.000       |        |                 |
| lsu_mod.trans_r_reg_p_CK_CLKGATE_X1_GCK:E (CLKGATE_X1)  |        | 0.001       | 0.000      | 0.005      |             | 0.000  | 0.122f          |
|                                                         |        |             |            |            |             |        |                 |
| clock (port)                                            |        | 0.762       | 0.000      | 0.000      |             | 0.000  | 0.000r          |
| clock (clock net)                                       | 740    |             |            |            | NA          |        |                 |
| lsu_mod.trans_r_reg_p_CK_CLKGATE_X1_GCK:CK (CLKGATE_X1) |        | 0.002       | 0.000      | 0.000      |             | 0.000  | 0.000r          |
| clock core_clock (rise edge)                            |        |             |            |            |             | 0      | 0               |
| clock network delay (ideal)                             |        |             |            |            |             | 0.000  | 0.000           |
| lsu_mod.trans_r_reg_p_CK_CLKGATE_X1_GCK:CK (CLKGATE_X1) |        |             |            |            |             |        | 0.000r          |
| library hold time                                       |        |             |            |            |             | -0.016 | -0.016          |
| clock reconvergence pessimism                           |        |             |            |            |             | -0.000 | -0.016          |
|                                                         |        |             |            |            |             |        |                 |
| path cell delay                                         |        |             |            |            |             |        | 0.122(100.000%) |
| path net delay                                          |        |             |            |            |             |        | 0.000(0.000%)   |
|                                                         |        |             |            |            |             |        |                 |
| data require time                                       |        |             |            |            |             |        | -0.016          |
| data arrival time                                       |        |             |            |            |             |        | 0.122           |
| slack (MET)                                             |        |             |            |            |             |        | 0.137           |
+---------------------------------------------------------+--------+-------------+------------+------------+-------------+--------+-----------------+
+-------------------------------------------------------------------------------------------------------------------------------+--------+-------------+------------+------------+-------------+--------+-----------------+
| Point                                                                                                                         | Fanout | Capacitance | Resistance | Transition | Delta Delay | Incr   | Path            |
+-------------------------------------------------------------------------------------------------------------------------------+--------+-------------+------------+------------+-------------+--------+-----------------+
| clock (port)                                                                                                                  |        | 0.762       | 0.000      | 0.000      |             | 0.000  | 0.000r          |
| clock (clock net)                                                                                                             | 740    |             |            |            | NA          |        |                 |
| icache_mod.latest_row_reg_p_CK_CLKGATE_X1_GCK:CK (CLKGATE_X1)                                                                 |        | 0.002       | 0.000      | 0.000      |             | 0.000  | 0.000r          |
| icache_mod.latest_row_reg_p_CK_CLKGATE_X1_GCK:GCK (CLKGATE_X1)                                                                |        | 0.001       | 0.000      | 0.000      |             | 0.000  | 0.000r          |
| icache_mod.latest_row_reg_p_CK (clock net)                                                                                    | 1      |             |            |            | NA          |        |                 |
| icache_mod.latest_row_reg_p:CK (DFF_X1)                                                                                       |        | 0.001       | 0.000      | 0.000      |             | 0.000  | 0.000r          |
| clock core_clock (rise edge)                                                                                                  |        |             |            |            |             | 0      | 0               |
| clock network delay (ideal)                                                                                                   |        |             |            |            |             | 0.000  | 0.000           |
| icache_mod.latest_row_reg_p:CK (DFF_X1)                                                                                       |        | 0.001       | 0.000      | 0.000      |             | 0.000  | 0.000r          |
| icache_mod.latest_row_reg_p:QN (DFF_X1)                                                                                       |        | 0.009       | 0.000      | 0.021      |             | 0.082  | 0.082f          |
| icache_mod.latest_row_reg_p_QN (net)                                                                                          | 3      |             |            |            | 0.000       |        |                 |
| icache_mod.latest_row_NAND3_X2_A1_A3_NAND3_X2_A3:A1 (NAND3_X2)                                                                |        | 0.003       | 0.000      | 0.021      |             | 0.000  | 0.082f          |
| icache_mod.latest_row_NAND3_X2_A1_A3_NAND3_X2_A3:ZN (NAND3_X2)                                                                |        | 0.014       | 0.000      | 0.022      |             | 0.035  | 0.117r          |
| icache_mod.latest_row_NAND3_X2_A1_A3_NAND3_X2_A3_ZN (net)                                                                     | 8      |             |            |            | 0.000       |        |                 |
| cache_addr_2__reg_p_D_NAND2_X1_ZN_A2_OAI21_X1_ZN_B2_NOR3_X1_ZN_A1_NAND2_X1_A1_ZN_NOR2_X1_A2_3:A1 (NOR2_X1)                    |        | 0.002       | 0.000      | 0.022      |             | 0.000  | 0.117r          |
| cache_addr_2__reg_p_D_NAND2_X1_ZN_A2_OAI21_X1_ZN_B2_NOR3_X1_ZN_A1_NAND2_X1_A1_ZN_NOR2_X1_A2_3:ZN (NOR2_X1)                    |        | 0.001       | 0.000      | 0.007      |             | 0.009  | 0.125f          |
| cache_addr_2__reg_p_D_NAND2_X1_ZN_A2_OAI21_X1_ZN_B2_NOR3_X1_ZN_A1_NAND2_X1_A1_ZN_NOR2_X1_A2_3_ZN (net)                        | 1      |             |            |            | 0.000       |        |                 |
| cache_addr_2__reg_p_D_NAND2_X1_ZN_A2_OAI21_X1_ZN_B2_NOR3_X1_ZN_A1_NAND2_X1_A1_ZN_NOR2_X1_A2_3_ZN_CLKGATE_X1_E:E (CLKGATE_X1)  |        | 0.001       | 0.000      | 0.007      |             | 0.000  | 0.125f          |
|                                                                                                                               |        |             |            |            |             |        |                 |
| clock (port)                                                                                                                  |        | 0.762       | 0.000      | 0.000      |             | 0.000  | 0.000r          |
| clock (clock net)                                                                                                             | 740    |             |            |            | NA          |        |                 |
| cache_addr_2__reg_p_D_NAND2_X1_ZN_A2_OAI21_X1_ZN_B2_NOR3_X1_ZN_A1_NAND2_X1_A1_ZN_NOR2_X1_A2_3_ZN_CLKGATE_X1_E:CK (CLKGATE_X1) |        | 0.002       | 0.000      | 0.000      |             | 0.000  | 0.000r          |
| clock core_clock (rise edge)                                                                                                  |        |             |            |            |             | 0      | 0               |
| clock network delay (ideal)                                                                                                   |        |             |            |            |             | 0.000  | 0.000           |
| cache_addr_2__reg_p_D_NAND2_X1_ZN_A2_OAI21_X1_ZN_B2_NOR3_X1_ZN_A1_NAND2_X1_A1_ZN_NOR2_X1_A2_3_ZN_CLKGATE_X1_E:CK (CLKGATE_X1) |        |             |            |            |             |        | 0.000r          |
| library hold time                                                                                                             |        |             |            |            |             | -0.016 | -0.016          |
| clock reconvergence pessimism                                                                                                 |        |             |            |            |             | -0.000 | -0.016          |
|                                                                                                                               |        |             |            |            |             |        |                 |
| path cell delay                                                                                                               |        |             |            |            |             |        | 0.125(100.000%) |
| path net delay                                                                                                                |        |             |            |            |             |        | 0.000(0.000%)   |
|                                                                                                                               |        |             |            |            |             |        |                 |
| data require time                                                                                                             |        |             |            |            |             |        | -0.016          |
| data arrival time                                                                                                             |        |             |            |            |             |        | 0.125           |
| slack (MET)                                                                                                                   |        |             |            |            |             |        | 0.141           |
+-------------------------------------------------------------------------------------------------------------------------------+--------+-------------+------------+------------+-------------+--------+-----------------+
+-------------------------------------------------------------------------------------------------------------------------------+--------+-------------+------------+------------+-------------+--------+-----------------+
| Point                                                                                                                         | Fanout | Capacitance | Resistance | Transition | Delta Delay | Incr   | Path            |
+-------------------------------------------------------------------------------------------------------------------------------+--------+-------------+------------+------------+-------------+--------+-----------------+
| clock (port)                                                                                                                  |        | 0.762       | 0.000      | 0.000      |             | 0.000  | 0.000r          |
| clock (clock net)                                                                                                             | 740    |             |            |            | NA          |        |                 |
| icache_mod.latest_row_reg_p_CK_CLKGATE_X1_GCK:CK (CLKGATE_X1)                                                                 |        | 0.002       | 0.000      | 0.000      |             | 0.000  | 0.000r          |
| icache_mod.latest_row_reg_p_CK_CLKGATE_X1_GCK:GCK (CLKGATE_X1)                                                                |        | 0.001       | 0.000      | 0.000      |             | 0.000  | 0.000r          |
| icache_mod.latest_row_reg_p_CK (clock net)                                                                                    | 1      |             |            |            | NA          |        |                 |
| icache_mod.latest_row_reg_p:CK (DFF_X1)                                                                                       |        | 0.001       | 0.000      | 0.000      |             | 0.000  | 0.000r          |
| clock core_clock (rise edge)                                                                                                  |        |             |            |            |             | 0      | 0               |
| clock network delay (ideal)                                                                                                   |        |             |            |            |             | 0.000  | 0.000           |
| icache_mod.latest_row_reg_p:CK (DFF_X1)                                                                                       |        | 0.001       | 0.000      | 0.000      |             | 0.000  | 0.000r          |
| icache_mod.latest_row_reg_p:QN (DFF_X1)                                                                                       |        | 0.009       | 0.000      | 0.021      |             | 0.082  | 0.082f          |
| icache_mod.latest_row_reg_p_QN (net)                                                                                          | 3      |             |            |            | 0.000       |        |                 |
| icache_mod.latest_row_NAND3_X2_A1_A3_NAND3_X2_A3:A1 (NAND3_X2)                                                                |        | 0.003       | 0.000      | 0.021      |             | 0.000  | 0.082f          |
| icache_mod.latest_row_NAND3_X2_A1_A3_NAND3_X2_A3:ZN (NAND3_X2)                                                                |        | 0.014       | 0.000      | 0.022      |             | 0.035  | 0.117r          |
| icache_mod.latest_row_NAND3_X2_A1_A3_NAND3_X2_A3_ZN (net)                                                                     | 8      |             |            |            | 0.000       |        |                 |
| cache_addr_2__reg_p_D_NAND2_X1_ZN_A2_OAI21_X1_ZN_B2_NOR3_X1_ZN_A2_NAND2_X1_A1_ZN_NOR2_X1_A2_3:A1 (NOR2_X1)                    |        | 0.002       | 0.000      | 0.022      |             | 0.000  | 0.117r          |
| cache_addr_2__reg_p_D_NAND2_X1_ZN_A2_OAI21_X1_ZN_B2_NOR3_X1_ZN_A2_NAND2_X1_A1_ZN_NOR2_X1_A2_3:ZN (NOR2_X1)                    |        | 0.001       | 0.000      | 0.007      |             | 0.009  | 0.125f          |
| cache_addr_2__reg_p_D_NAND2_X1_ZN_A2_OAI21_X1_ZN_B2_NOR3_X1_ZN_A2_NAND2_X1_A1_ZN_NOR2_X1_A2_3_ZN (net)                        | 1      |             |            |            | 0.000       |        |                 |
| cache_addr_2__reg_p_D_NAND2_X1_ZN_A2_OAI21_X1_ZN_B2_NOR3_X1_ZN_A2_NAND2_X1_A1_ZN_NOR2_X1_A2_3_ZN_CLKGATE_X1_E:E (CLKGATE_X1)  |        | 0.001       | 0.000      | 0.007      |             | 0.000  | 0.125f          |
|                                                                                                                               |        |             |            |            |             |        |                 |
| clock (port)                                                                                                                  |        | 0.762       | 0.000      | 0.000      |             | 0.000  | 0.000r          |
| clock (clock net)                                                                                                             | 740    |             |            |            | NA          |        |                 |
| cache_addr_2__reg_p_D_NAND2_X1_ZN_A2_OAI21_X1_ZN_B2_NOR3_X1_ZN_A2_NAND2_X1_A1_ZN_NOR2_X1_A2_3_ZN_CLKGATE_X1_E:CK (CLKGATE_X1) |        | 0.002       | 0.000      | 0.000      |             | 0.000  | 0.000r          |
| clock core_clock (rise edge)                                                                                                  |        |             |            |            |             | 0      | 0               |
| clock network delay (ideal)                                                                                                   |        |             |            |            |             | 0.000  | 0.000           |
| cache_addr_2__reg_p_D_NAND2_X1_ZN_A2_OAI21_X1_ZN_B2_NOR3_X1_ZN_A2_NAND2_X1_A1_ZN_NOR2_X1_A2_3_ZN_CLKGATE_X1_E:CK (CLKGATE_X1) |        |             |            |            |             |        | 0.000r          |
| library hold time                                                                                                             |        |             |            |            |             | -0.016 | -0.016          |
| clock reconvergence pessimism                                                                                                 |        |             |            |            |             | -0.000 | -0.016          |
|                                                                                                                               |        |             |            |            |             |        |                 |
| path cell delay                                                                                                               |        |             |            |            |             |        | 0.125(100.000%) |
| path net delay                                                                                                                |        |             |            |            |             |        | 0.000(0.000%)   |
|                                                                                                                               |        |             |            |            |             |        |                 |
| data require time                                                                                                             |        |             |            |            |             |        | -0.016          |
| data arrival time                                                                                                             |        |             |            |            |             |        | 0.125           |
| slack (MET)                                                                                                                   |        |             |            |            |             |        | 0.141           |
+-------------------------------------------------------------------------------------------------------------------------------+--------+-------------+------------+------------+-------------+--------+-----------------+
+-----------------------------------------------------------------------------------------------+--------+-------------+------------+------------+-------------+--------+-----------------+
| Point                                                                                         | Fanout | Capacitance | Resistance | Transition | Delta Delay | Incr   | Path            |
+-----------------------------------------------------------------------------------------------+--------+-------------+------------+------------+-------------+--------+-----------------+
| clock (port)                                                                                  |        | 0.762       | 0.000      | 0.000      |             | 0.000  | 0.000r          |
| clock (clock net)                                                                             | 740    |             |            |            | NA          |        |                 |
| icache_mod.latest_row_reg_p_CK_CLKGATE_X1_GCK:CK (CLKGATE_X1)                                 |        | 0.002       | 0.000      | 0.000      |             | 0.000  | 0.000r          |
| icache_mod.latest_row_reg_p_CK_CLKGATE_X1_GCK:GCK (CLKGATE_X1)                                |        | 0.001       | 0.000      | 0.000      |             | 0.000  | 0.000r          |
| icache_mod.latest_row_reg_p_CK (clock net)                                                    | 1      |             |            |            | NA          |        |                 |
| icache_mod.latest_row_reg_p:CK (DFF_X1)                                                       |        | 0.001       | 0.000      | 0.000      |             | 0.000  | 0.000r          |
| clock core_clock (rise edge)                                                                  |        |             |            |            |             | 0      | 0               |
| clock network delay (ideal)                                                                   |        |             |            |            |             | 0.000  | 0.000           |
| icache_mod.latest_row_reg_p:CK (DFF_X1)                                                       |        | 0.001       | 0.000      | 0.000      |             | 0.000  | 0.000r          |
| icache_mod.latest_row_reg_p:QN (DFF_X1)                                                       |        | 0.009       | 0.000      | 0.021      |             | 0.082  | 0.082f          |
| icache_mod.latest_row_reg_p_QN (net)                                                          | 3      |             |            |            | 0.000       |        |                 |
| icache_mod.latest_row_NAND3_X2_A1_A3_NAND3_X2_A3:A1 (NAND3_X2)                                |        | 0.003       | 0.000      | 0.021      |             | 0.000  | 0.082f          |
| icache_mod.latest_row_NAND3_X2_A1_A3_NAND3_X2_A3:ZN (NAND3_X2)                                |        | 0.014       | 0.000      | 0.022      |             | 0.035  | 0.117r          |
| icache_mod.latest_row_NAND3_X2_A1_A3_NAND3_X2_A3_ZN (net)                                     | 8      |             |            |            | 0.000       |        |                 |
| icache_mod.block_valid[1]_reg_p_D_OAI21_X1_ZN_B1_NOR2_X1_A2_3:A1 (NOR2_X1)                    |        | 0.002       | 0.000      | 0.022      |             | 0.000  | 0.117r          |
| icache_mod.block_valid[1]_reg_p_D_OAI21_X1_ZN_B1_NOR2_X1_A2_3:ZN (NOR2_X1)                    |        | 0.001       | 0.000      | 0.007      |             | 0.009  | 0.125f          |
| icache_mod.block_valid[1]_reg_p_D_OAI21_X1_ZN_B1_NOR2_X1_A2_3_ZN (net)                        | 1      |             |            |            | 0.000       |        |                 |
| icache_mod.block_valid[1]_reg_p_D_OAI21_X1_ZN_B1_NOR2_X1_A2_3_ZN_CLKGATE_X1_E:E (CLKGATE_X1)  |        | 0.001       | 0.000      | 0.007      |             | 0.000  | 0.125f          |
|                                                                                               |        |             |            |            |             |        |                 |
| clock (port)                                                                                  |        | 0.762       | 0.000      | 0.000      |             | 0.000  | 0.000r          |
| clock (clock net)                                                                             | 740    |             |            |            | NA          |        |                 |
| icache_mod.block_valid[1]_reg_p_D_OAI21_X1_ZN_B1_NOR2_X1_A2_3_ZN_CLKGATE_X1_E:CK (CLKGATE_X1) |        | 0.002       | 0.000      | 0.000      |             | 0.000  | 0.000r          |
| clock core_clock (rise edge)                                                                  |        |             |            |            |             | 0      | 0               |
| clock network delay (ideal)                                                                   |        |             |            |            |             | 0.000  | 0.000           |
| icache_mod.block_valid[1]_reg_p_D_OAI21_X1_ZN_B1_NOR2_X1_A2_3_ZN_CLKGATE_X1_E:CK (CLKGATE_X1) |        |             |            |            |             |        | 0.000r          |
| library hold time                                                                             |        |             |            |            |             | -0.016 | -0.016          |
| clock reconvergence pessimism                                                                 |        |             |            |            |             | -0.000 | -0.016          |
|                                                                                               |        |             |            |            |             |        |                 |
| path cell delay                                                                               |        |             |            |            |             |        | 0.125(100.000%) |
| path net delay                                                                                |        |             |            |            |             |        | 0.000(0.000%)   |
|                                                                                               |        |             |            |            |             |        |                 |
| data require time                                                                             |        |             |            |            |             |        | -0.016          |
| data arrival time                                                                             |        |             |            |            |             |        | 0.125           |
| slack (MET)                                                                                   |        |             |            |            |             |        | 0.141           |
+-----------------------------------------------------------------------------------------------+--------+-------------+------------+------------+-------------+--------+-----------------+
