Generate the report at 2026-07-20T10:30:32, GitVersion: aa25008b3778a76ae1975c839d4cc459f7f7b3b7.
+--------------------------------------------------------------------------------------------------------------+--------------------------+------------+------------+---------------+-------+-------+-----------+
| Endpoint                                                                                                     | Clock Group              | Delay Type | Path Delay | Path Required | CPPR  | Slack | Freq(MHz) |
+--------------------------------------------------------------------------------------------------------------+--------------------------+------------+------------+---------------+-------+-------+-----------+
| pc_mod.pc_31__reg_p:D                                                                                        | core_clock               | max        | 1.233r     | 1.730         | 0.000 | 0.496 | 785.818   |
| de_ex_bus_next_pc_de_22__reg_p:D                                                                             | core_clock               | max        | 1.229r     | 1.729         | 0.000 | 0.500 | 788.185   |
| de_ex_bus_next_pc_de_14__reg_p:D                                                                             | core_clock               | max        | 1.229r     | 1.729         | 0.000 | 0.501 | 788.343   |
| de_ex_bus_next_pc_de_23__reg_p:D                                                                             | core_clock               | max        | 1.227r     | 1.729         | 0.000 | 0.502 | 789.231   |
| pc_mod.pc_13__reg_p:D                                                                                        | core_clock               | max        | 1.221f     | 1.726         | 0.000 | 0.505 | 790.941   |
| icache_mod.block_valid[5]_reg_p_D_OAI21_X1_ZN_B2_NOR2_X1_A1_ZN_CLKGATE_X1_E:E                                | **clock_gating_default** | max        | 0.951r     | 1.718         | 0.000 | 0.767 | NA        |
| icache_mod.block_valid[5]_reg_p_D_OAI21_X1_ZN_B2_NOR2_X1_A1_1_ZN_CLKGATE_X1_E:E                              | **clock_gating_default** | max        | 0.951r     | 1.718         | 0.000 | 0.767 | NA        |
| icache_mod.block_valid[6]_reg_p_D_OAI21_X1_ZN_B1_NOR2_X1_A2_1_ZN_CLKGATE_X1_E:E                              | **clock_gating_default** | max        | 0.949r     | 1.717         | 0.000 | 0.768 | NA        |
| icache_mod.fill_count_1__XOR2_X1_B_Z_INV_X1_A_ZN_NOR2_X1_A2_ZN_NAND2_X1_A2_1_ZN_NOR2_X1_A2_ZN_CLKGATE_X1_E:E | **clock_gating_default** | max        | 0.949r     | 1.717         | 0.000 | 0.768 | NA        |
| icache_mod.fill_count_1__XOR2_X1_B_Z_NAND3_X1_A3_1_ZN_NOR2_X1_A2_ZN_CLKGATE_X1_E:E                           | **clock_gating_default** | max        | 0.949r     | 1.717         | 0.000 | 0.768 | NA        |
| lsu_mod.trans_r_reg_p:D                                                                                      | core_clock               | min        | 0.063r     | 0.006         | 0.000 | 0.057 | NA        |
| lsu_mod.trans_r_reg_p:D                                                                                      | core_clock               | min        | 0.063r     | 0.006         | 0.000 | 0.057 | NA        |
| icache_mod.trans_reg_p:D                                                                                     | core_clock               | min        | 0.063r     | 0.006         | 0.000 | 0.057 | NA        |
| icache_mod.trans_reg_p:D                                                                                     | core_clock               | min        | 0.063r     | 0.006         | 0.000 | 0.057 | NA        |
| lsu_mod.trans_r_reg_p:D                                                                                      | core_clock               | min        | 0.064f     | 0.002         | 0.000 | 0.062 | NA        |
| icache_mod.trans_reg_p_CK_CLKGATE_X1_GCK:E                                                                   | **clock_gating_default** | min        | 0.114r     | -0.001        | 0.000 | 0.114 | NA        |
| lsu_mod.trans_r_reg_p_CK_CLKGATE_X1_GCK:E                                                                    | **clock_gating_default** | min        | 0.123r     | -0.002        | 0.000 | 0.124 | NA        |
| icache_mod.trans_reg_p_CK_CLKGATE_X1_GCK:E                                                                   | **clock_gating_default** | min        | 0.109f     | -0.016        | 0.000 | 0.125 | NA        |
| branch_taken_NOR2_X1_A1_A2_OAI21_X1_B2_ZN_NAND2_X1_A2_ZN_NOR2_X1_A2_ZN_CLKGATE_X1_E:E                        | **clock_gating_default** | min        | 0.114f     | -0.016        | 0.000 | 0.130 | NA        |
| lsu_mod.trans_r_reg_p_CK_CLKGATE_X1_GCK:E                                                                    | **clock_gating_default** | min        | 0.120f     | -0.016        | 0.000 | 0.136 | NA        |
+--------------------------------------------------------------------------------------------------------------+--------------------------+------------+------------+---------------+-------+-------+-----------+
+------------+------------+-------+
| Clock      | Delay Type | TNS   |
+------------+------------+-------+
| core_clock | max        | 0.000 |
| core_clock | min        | 0.000 |
+------------+------------+-------+
+-------------------------------------------------------------------------------------------------------------------------------------------------------------------------------------------------+--------+-------------+------------+------------+-------------+--------+-----------------+
| Point                                                                                                                                                                                           | Fanout | Capacitance | Resistance | Transition | Delta Delay | Incr   | Path            |
+-------------------------------------------------------------------------------------------------------------------------------------------------------------------------------------------------+--------+-------------+------------+------------+-------------+--------+-----------------+
| clock (port)                                                                                                                                                                                    |        | 0.856       | 0.000      | 0.000      |             | 0.000  | 0.000r          |
| clock (clock net)                                                                                                                                                                               | 839    |             |            |            | NA          |        |                 |
| alu_mod.bus_in_alu_op_3__reg_p:CK (DFF_X1)                                                                                                                                                      |        | 0.001       | 0.000      | 0.000      |             | 0.000  | 0.000r          |
| clock core_clock (rise edge)                                                                                                                                                                    |        |             |            |            |             | 0      | 0               |
| clock network delay (ideal)                                                                                                                                                                     |        |             |            |            |             | 0.000  | 0.000           |
| alu_mod.bus_in_alu_op_3__reg_p:CK (DFF_X1)                                                                                                                                                      |        | 0.001       | 0.000      | 0.000      |             | 0.000  | 0.000r          |
| alu_mod.bus_in_alu_op_3__reg_p:Q (DFF_X1)                                                                                                                                                       |        | 0.024       | 0.000      | 0.030      |             | 0.112  | 0.112f          |
| alu_mod.bus_in_alu_op_3_ (net)                                                                                                                                                                  | 12     |             |            |            | 0.000       |        |                 |
| alu_mod.bus_in_alu_op_0__OR4_X4_A1:A4 (OR4_X4)                                                                                                                                                  |        | 0.004       | 0.000      | 0.030      |             | 0.000  | 0.112f          |
| alu_mod.bus_in_alu_op_0__OR4_X4_A1:ZN (OR4_X4)                                                                                                                                                  |        | 0.006       | 0.000      | 0.016      |             | 0.113  | 0.225f          |
| alu_mod.bus_in_alu_op_0__OR4_X4_A1_ZN (net)                                                                                                                                                     | 1      |             |            |            | 0.000       |        |                 |
| alu_mod.bus_in_alu_op_4__reg_p_QN_AOI21_X4_B1:B2 (AOI21_X4)                                                                                                                                     |        | 0.007       | 0.000      | 0.016      |             | 0.000  | 0.225f          |
| alu_mod.bus_in_alu_op_4__reg_p_QN_AOI21_X4_B1:ZN (AOI21_X4)                                                                                                                                     |        | 0.012       | 0.000      | 0.029      |             | 0.042  | 0.267r          |
| alu_mod.bus_in_alu_op_4__reg_p_QN_AOI21_X4_B1_ZN (net)                                                                                                                                          | 1      |             |            |            | 0.000       |        |                 |
| alu_mod.bus_in_alu_op_4__reg_p_QN_AOI21_X4_B1_ZN_BUF_X16_A:A (BUF_X16)                                                                                                                          |        | 0.012       | 0.000      | 0.029      |             | 0.000  | 0.267r          |
| alu_mod.bus_in_alu_op_4__reg_p_QN_AOI21_X4_B1_ZN_BUF_X16_A:Z (BUF_X16)                                                                                                                          |        | 0.065       | 0.000      | 0.013      |             | 0.033  | 0.300r          |
| alu_mod.bus_in_alu_op_4__reg_p_QN_AOI21_X4_B1_ZN_BUF_X16_A_Z (net)                                                                                                                              | 18     |             |            |            | 0.000       |        |                 |
| alu_mod.bus_in_rs1_1__MUX2_X1_B_Z_AOI222_X1_A2_B2_AOI21_X1_ZN_B1_OR2_X1_A2_ZN_OAI221_X1_A_B2_AOI21_X1_ZN:B2 (AOI21_X1)                                                                          |        | 0.002       | 0.000      | 0.013      |             | 0.000  | 0.300r          |
| alu_mod.bus_in_rs1_1__MUX2_X1_B_Z_AOI222_X1_A2_B2_AOI21_X1_ZN_B1_OR2_X1_A2_ZN_OAI221_X1_A_B2_AOI21_X1_ZN:ZN (AOI21_X1)                                                                          |        | 0.002       | 0.000      | 0.012      |             | 0.016  | 0.316f          |
| alu_mod.bus_in_rs1_1__MUX2_X1_B_Z_AOI222_X1_A2_B2_AOI21_X1_ZN_B1_OR2_X1_A2_ZN_OAI221_X1_A_B2 (net)                                                                                              | 1      |             |            |            | 0.000       |        |                 |
| alu_mod.bus_in_rs1_1__MUX2_X1_B_Z_AOI222_X1_A2_B2_AOI21_X1_ZN_B1_OR2_X1_A2_ZN_OAI221_X1_A:B2 (OAI221_X1)                                                                                        |        | 0.002       | 0.000      | 0.012      |             | 0.000  | 0.316f          |
| alu_mod.bus_in_rs1_1__MUX2_X1_B_Z_AOI222_X1_A2_B2_AOI21_X1_ZN_B1_OR2_X1_A2_ZN_OAI221_X1_A:ZN (OAI221_X1)                                                                                        |        | 0.003       | 0.000      | 0.046      |             | 0.062  | 0.378r          |
| alu_mod.bus_in_rs1_1__MUX2_X1_B_Z_AOI222_X1_A2_B2_AOI21_X1_ZN_B1_OR2_X1_A2_ZN_OAI221_X1_A_ZN (net)                                                                                              | 1      |             |            |            | 0.000       |        |                 |
| alu_mod.bus_in_rs1_1__MUX2_X1_B_Z_AOI222_X1_A2_B2_AOI21_X1_ZN_B1_OR2_X1_A2_ZN_OAI221_X1_A_ZN_BUF_X4_A:A (BUF_X4)                                                                                |        | 0.003       | 0.000      | 0.046      |             | 0.000  | 0.378r          |
| alu_mod.bus_in_rs1_1__MUX2_X1_B_Z_AOI222_X1_A2_B2_AOI21_X1_ZN_B1_OR2_X1_A2_ZN_OAI221_X1_A_ZN_BUF_X4_A:Z (BUF_X4)                                                                                |        | 0.019       | 0.000      | 0.014      |             | 0.036  | 0.414r          |
| alu_mod.bus_in_rs1_2__MUX2_X1_B_Z_AOI21_X1_B1_ZN_OAI22_X1_B1_A2_XNOR2_X1_ZN_A (net)                                                                                                             | 10     |             |            |            | 0.000       |        |                 |
| alu_mod.bus_in_data_rs2_0__reg_p_D_AOI211_X1_ZN_C2_NOR2_X1_A1_ZN_AOI221_X1_B1_B2_AND4_X1_A2_A3_NAND2_X1_ZN_A1_OAI211_X1_C2_ZN_MUX2_X1_A_Z_AOI21_X1_A_B2_AOI22_X1_A1_ZN_OAI21_X2_A:B2 (OAI21_X2) |        | 0.003       | 0.000      | 0.014      |             | 0.000  | 0.414r          |
| alu_mod.bus_in_data_rs2_0__reg_p_D_AOI211_X1_ZN_C2_NOR2_X1_A1_ZN_AOI221_X1_B1_B2_AND4_X1_A2_A3_NAND2_X1_ZN_A1_OAI211_X1_C2_ZN_MUX2_X1_A_Z_AOI21_X1_A_B2_AOI22_X1_A1_ZN_OAI21_X2_A:ZN (OAI21_X2) |        | 0.003       | 0.000      | 0.011      |             | 0.018  | 0.432f          |
| alu_mod.bus_in_data_rs2_0__reg_p_D_AOI211_X1_ZN_C2_NOR2_X1_A1_ZN_AOI221_X1_B1_B2_AND4_X1_A2_A3_NAND2_X1_ZN_A1_OAI211_X1_C2_ZN_MUX2_X1_A_Z_AOI21_X1_A_ZN_AOI21_X1_A_ZN_AND3_X2_A3_A1 (net)       | 2      |             |            |            | 0.000       |        |                 |
| alu_mod.bus_in_data_rs2_0__reg_p_D_AOI211_X1_ZN_C2_NOR2_X1_A1_ZN_AOI221_X1_B1_B2_AND4_X1_A2_A3_NAND2_X1_ZN_A1_OAI211_X1_C2_ZN_MUX2_X1_A_Z_AOI21_X1_A_ZN_AOI21_X1_A_ZN_AND3_X2_A3:A1 (AND3_X2)   |        | 0.002       | 0.000      | 0.011      |             | 0.000  | 0.432f          |
| alu_mod.bus_in_data_rs2_0__reg_p_D_AOI211_X1_ZN_C2_NOR2_X1_A1_ZN_AOI221_X1_B1_B2_AND4_X1_A2_A3_NAND2_X1_ZN_A1_OAI211_X1_C2_ZN_MUX2_X1_A_Z_AOI21_X1_A_ZN_AOI21_X1_A_ZN_AND3_X2_A3:ZN (AND3_X2)   |        | 0.005       | 0.000      | 0.008      |             | 0.033  | 0.466f          |
| alu_mod.bus_in_data_csr_16__reg_p_QN_NOR2_X1_A1_ZN_OAI21_X1_B2_ZN_OAI221_X1_C1_B2_XNOR2_X2_B_ZN_OAI21_X1_A_ZN_AOI22_X1_A2_ZN_OAI221_X2_A_ZN_AOI21_X1_A_B1 (net)                                 | 3      |             |            |            | 0.000       |        |                 |
| alu_mod.bus_in_data_csr_16__reg_p_QN_NOR2_X1_A1_ZN_OAI21_X1_B2_ZN_OAI221_X1_C1_B2_XNOR2_X2_B_ZN_OAI21_X1_A_ZN_AOI22_X1_A2_ZN_OAI221_X2_A_ZN_AOI211_X4_B:C2 (AOI211_X4)                          |        | 0.002       | 0.000      | 0.008      |             | 0.000  | 0.466f          |
| alu_mod.bus_in_data_csr_16__reg_p_QN_NOR2_X1_A1_ZN_OAI21_X1_B2_ZN_OAI221_X1_C1_B2_XNOR2_X2_B_ZN_OAI21_X1_A_ZN_AOI22_X1_A2_ZN_OAI221_X2_A_ZN_AOI211_X4_B:ZN (AOI211_X4)                          |        | 0.010       | 0.000      | 0.011      |             | 0.093  | 0.559r          |
| alu_mod.bus_in_rs1_0__MUX2_X1_B_Z_AOI21_X1_B1_1_ZN_AOI21_X1_B2_ZN_OAI221_X1_B1_C2_OR2_X1_ZN_A2 (net)                                                                                            | 5      |             |            |            | 0.000       |        |                 |
| alu_mod.bus_in_rs1_0__MUX2_X1_B_Z_AOI21_X1_B1_ZN_AOI21_X1_B1_B2_OAI21_X1_ZN_B1_NOR3_X1_ZN_A3_XNOR2_X1_ZN_B_NOR4_X4_ZN_A3_AND2_X1_ZN:A1 (AND2_X1)                                                |        | 0.001       | 0.000      | 0.011      |             | 0.000  | 0.559r          |
| alu_mod.bus_in_rs1_0__MUX2_X1_B_Z_AOI21_X1_B1_ZN_AOI21_X1_B1_B2_OAI21_X1_ZN_B1_NOR3_X1_ZN_A3_XNOR2_X1_ZN_B_NOR4_X4_ZN_A3_AND2_X1_ZN:ZN (AND2_X1)                                                |        | 0.006       | 0.000      | 0.020      |             | 0.045  | 0.604r          |
| alu_mod.bus_in_rs1_0__MUX2_X1_B_Z_AOI21_X1_B1_ZN_AOI21_X1_B1_B2_OAI21_X1_ZN_B1_NOR3_X1_ZN_A3_XNOR2_X1_ZN_B_NOR4_X4_ZN_A3 (net)                                                                  | 1      |             |            |            | 0.000       |        |                 |
| alu_mod.bus_in_rs1_0__MUX2_X1_B_Z_AOI21_X1_B1_ZN_AOI21_X1_B1_B2_OAI21_X1_ZN_B1_NOR3_X1_ZN_A3_XNOR2_X1_ZN_B_NOR4_X4_ZN:A3 (NOR4_X4)                                                              |        | 0.006       | 0.000      | 0.020      |             | 0.000  | 0.604r          |
| alu_mod.bus_in_rs1_0__MUX2_X1_B_Z_AOI21_X1_B1_ZN_AOI21_X1_B1_B2_OAI21_X1_ZN_B1_NOR3_X1_ZN_A3_XNOR2_X1_ZN_B_NOR4_X4_ZN:ZN (NOR4_X4)                                                              |        | 0.007       | 0.000      | 0.015      |             | 0.015  | 0.619f          |
| alu_mod.bus_in_rs1_0__MUX2_X1_B_Z_AOI21_X1_B1_ZN_AOI21_X1_B1_B2_OAI21_X1_ZN_B1_NOR3_X1_ZN_A3_XNOR2_X1_ZN_B (net)                                                                                | 2      |             |            |            | 0.000       |        |                 |
| alu_mod.bus_in_rs1_0__MUX2_X1_B_Z_AOI21_X1_B1_ZN_AOI21_X1_B1_B2_OAI21_X1_ZN_B1_NOR3_X1_ZN_A3_XNOR2_X1_ZN_B_XOR2_X2_B:B (XOR2_X2)                                                                |        | 0.005       | 0.000      | 0.015      |             | 0.000  | 0.619f          |
| alu_mod.bus_in_rs1_0__MUX2_X1_B_Z_AOI21_X1_B1_ZN_AOI21_X1_B1_B2_OAI21_X1_ZN_B1_NOR3_X1_ZN_A3_XNOR2_X1_ZN_B_XOR2_X2_B:Z (XOR2_X2)                                                                |        | 0.009       | 0.000      | 0.015      |             | 0.064  | 0.683f          |
| alu_mod.bus_in_rs1_0__MUX2_X1_B_Z_AOI21_X1_B1_ZN_AOI21_X1_B1_A_AOI221_X1_ZN_C2 (net)                                                                                                            | 3      |             |            |            | 0.000       |        |                 |
| alu_mod.bus_in_rs1_0__MUX2_X1_B_Z_AOI21_X1_B1_1_ZN_AOI21_X1_B2_ZN_OAI221_X1_B1_ZN_AOI22_X1_B1_ZN_OAI21_X2_A_ZN_NOR2_X1_A1_A2_NOR4_X4_ZN:A4 (NOR4_X4)                                            |        | 0.006       | 0.000      | 0.015      |             | 0.000  | 0.683f          |
| alu_mod.bus_in_rs1_0__MUX2_X1_B_Z_AOI21_X1_B1_1_ZN_AOI21_X1_B2_ZN_OAI221_X1_B1_ZN_AOI22_X1_B1_ZN_OAI21_X2_A_ZN_NOR2_X1_A1_A2_NOR4_X4_ZN:ZN (NOR4_X4)                                            |        | 0.008       | 0.000      | 0.046      |             | 0.087  | 0.770r          |
| alu_mod.bus_in_rs1_0__MUX2_X1_B_Z_AOI21_X1_B1_1_ZN_AOI21_X1_B2_ZN_OAI221_X1_B1_ZN_AOI22_X1_B1_ZN_OAI21_X2_A_ZN_NOR2_X1_A1_A2 (net)                                                              | 2      |             |            |            | 0.000       |        |                 |
| alu_mod.bus_in_rs1_0__MUX2_X1_B_Z_AOI21_X1_B1_1_ZN_AOI21_X1_B2_ZN_OAI221_X1_B1_ZN_AOI22_X1_B1_ZN_OAI21_X2_A_ZN_NOR3_X4_A1:A2 (NOR3_X4)                                                          |        | 0.006       | 0.000      | 0.046      |             | 0.000  | 0.770r          |
| alu_mod.bus_in_rs1_0__MUX2_X1_B_Z_AOI21_X1_B1_1_ZN_AOI21_X1_B2_ZN_OAI221_X1_B1_ZN_AOI22_X1_B1_ZN_OAI21_X2_A_ZN_NOR3_X4_A1:ZN (NOR3_X4)                                                          |        | 0.006       | 0.000      | 0.013      |             | 0.016  | 0.786f          |
| alu_mod.bus_in_rs1_0__MUX2_X1_B_Z_AOI21_X1_B1_1_ZN_AOI21_X1_B2_ZN_OAI221_X1_B1_ZN_AOI22_X1_B1_ZN_OAI21_X2_A_ZN_NOR3_X4_A1_ZN (net)                                                              | 1      |             |            |            | 0.000       |        |                 |
| alu_mod.bus_in_rs1_0__MUX2_X1_B_Z_AOI21_X1_B1_1_ZN_AOI21_X1_B2_ZN_OAI221_X1_B1_ZN_AOI22_X1_B1_ZN_OAI21_X2_A_ZN_NOR3_X4_A1_ZN_BUF_X8_A:A (BUF_X8)                                                |        | 0.007       | 0.000      | 0.013      |             | 0.000  | 0.786f          |
| alu_mod.bus_in_rs1_0__MUX2_X1_B_Z_AOI21_X1_B1_1_ZN_AOI21_X1_B2_ZN_OAI221_X1_B1_ZN_AOI22_X1_B1_ZN_OAI21_X2_A_ZN_NOR3_X4_A1_ZN_BUF_X8_A:Z (BUF_X8)                                                |        | 0.037       | 0.000      | 0.008      |             | 0.032  | 0.819f          |
| ifu_mod.block_offset[5]_3__AOI211_X1_C2_ZN_OAI21_X1_B1_ZN_MUX2_X1_B_S (net)                                                                                                                     | 15     |             |            |            | 0.000       |        |                 |
| ifu_mod.block_offset[5]_3__AOI211_X1_C2_ZN_OAI21_X1_B1_ZN_MUX2_X1_B:S (MUX2_X1)                                                                                                                 |        | 0.002       | 0.000      | 0.008      |             | 0.000  | 0.819f          |
| ifu_mod.block_offset[5]_3__AOI211_X1_C2_ZN_OAI21_X1_B1_ZN_MUX2_X1_B:Z (MUX2_X1)                                                                                                                 |        | 0.005       | 0.000      | 0.014      |             | 0.055  | 0.873f          |
| ifu_mod.block_offset[5]_3__AOI211_X1_C2_ZN_OAI21_X1_B1_ZN_MUX2_X1_B_Z (net)                                                                                                                     | 2      |             |            |            | 0.000       |        |                 |
| ifu_mod.block_offset[5]_3__AOI211_X1_C2_ZN_OAI21_X1_B1_ZN_MUX2_X1_B_Z_OAI221_X2_B2:B2 (OAI221_X2)                                                                                               |        | 0.003       | 0.000      | 0.014      |             | 0.000  | 0.873f          |
| ifu_mod.block_offset[5]_3__AOI211_X1_C2_ZN_OAI21_X1_B1_ZN_MUX2_X1_B_Z_OAI221_X2_B2:ZN (OAI221_X2)                                                                                               |        | 0.010       | 0.000      | 0.055      |             | 0.072  | 0.945r          |
| csr_mod.regs[4]_8__OAI211_X1_C1_B_OAI211_X1_ZN_C2_XNOR2_X1_ZN_A (net)                                                                                                                           | 5      |             |            |            | 0.000       |        |                 |
| ifu_mod.block_offset[5]_10__AOI21_X1_B2_ZN_INV_X1_A_ZN_AOI22_X1_A2_B2_NAND2_X1_ZN_A2_AND2_X4_A2:A1 (AND2_X4)                                                                                    |        | 0.003       | 0.000      | 0.055      |             | 0.000  | 0.945r          |
| ifu_mod.block_offset[5]_10__AOI21_X1_B2_ZN_INV_X1_A_ZN_AOI22_X1_A2_B2_NAND2_X1_ZN_A2_AND2_X4_A2:ZN (AND2_X4)                                                                                    |        | 0.013       | 0.000      | 0.013      |             | 0.045  | 0.990r          |
| ifu_mod.block_offset[5]_10__AOI21_X1_B2_ZN_INV_X1_A_ZN_NAND2_X1_A2_ZN_OAI211_X4_B_C1 (net)                                                                                                      | 3      |             |            |            | 0.000       |        |                 |
| pc_mod.pc_26__reg_p_D_AOI211_X1_ZN_C2_XOR2_X1_Z_B_AOI21_X1_ZN_A_NOR4_X1_ZN_A2_OAI211_X2_ZN:C2 (OAI211_X2)                                                                                       |        | 0.003       | 0.000      | 0.013      |             | 0.000  | 0.990r          |
| pc_mod.pc_26__reg_p_D_AOI211_X1_ZN_C2_XOR2_X1_Z_B_AOI21_X1_ZN_A_NOR4_X1_ZN_A2_OAI211_X2_ZN:ZN (OAI211_X2)                                                                                       |        | 0.003       | 0.000      | 0.015      |             | 0.023  | 1.013f          |
| pc_mod.pc_26__reg_p_D_AOI211_X1_ZN_C2_XOR2_X1_Z_B_AOI21_X1_ZN_A_NOR4_X1_ZN_A2 (net)                                                                                                             | 2      |             |            |            | 0.000       |        |                 |
| pc_mod.pc_31__reg_p_D_OAI221_X1_ZN_B2_NOR2_X1_ZN_A2_XOR2_X1_Z_B_OAI33_X1_ZN:B3 (OAI33_X1)                                                                                                       |        | 0.002       | 0.000      | 0.015      |             | 0.000  | 1.013f          |
| pc_mod.pc_31__reg_p_D_OAI221_X1_ZN_B2_NOR2_X1_ZN_A2_XOR2_X1_Z_B_OAI33_X1_ZN:ZN (OAI33_X1)                                                                                                       |        | 0.002       | 0.000      | 0.067      |             | 0.088  | 1.101r          |
| pc_mod.pc_31__reg_p_D_OAI221_X1_ZN_B2_NOR2_X1_ZN_A2_XOR2_X1_Z_B (net)                                                                                                                           | 1      |             |            |            | 0.000       |        |                 |
| pc_mod.pc_31__reg_p_D_OAI221_X1_ZN_B2_NOR2_X1_ZN_A2_XOR2_X1_Z:B (XOR2_X1)                                                                                                                       |        | 0.002       | 0.000      | 0.067      |             | 0.000  | 1.101r          |
| pc_mod.pc_31__reg_p_D_OAI221_X1_ZN_B2_NOR2_X1_ZN_A2_XOR2_X1_Z:Z (XOR2_X1)                                                                                                                       |        | 0.003       | 0.000      | 0.032      |             | 0.067  | 1.168r          |
| pc_mod.pc_31__reg_p_D_OAI221_X1_ZN_B2_NOR2_X1_ZN_A2 (net)                                                                                                                                       | 2      |             |            |            | 0.000       |        |                 |
| pc_mod.pc_31__reg_p_D_OAI221_X1_ZN_B2_NOR2_X1_ZN:A2 (NOR2_X1)                                                                                                                                   |        | 0.002       | 0.000      | 0.032      |             | 0.000  | 1.168r          |
| pc_mod.pc_31__reg_p_D_OAI221_X1_ZN_B2_NOR2_X1_ZN:ZN (NOR2_X1)                                                                                                                                   |        | 0.002       | 0.000      | 0.010      |             | 0.014  | 1.183f          |
| pc_mod.pc_31__reg_p_D_OAI221_X1_ZN_B2 (net)                                                                                                                                                     | 1      |             |            |            | 0.000       |        |                 |
| pc_mod.pc_31__reg_p_D_OAI221_X1_ZN:B2 (OAI221_X1)                                                                                                                                               |        | 0.002       | 0.000      | 0.010      |             | 0.000  | 1.183f          |
| pc_mod.pc_31__reg_p_D_OAI221_X1_ZN:ZN (OAI221_X1)                                                                                                                                               |        | 0.001       | 0.000      | 0.037      |             | 0.051  | 1.233r          |
| pc_mod.pc_31__reg_p_D (net)                                                                                                                                                                     | 1      |             |            |            | 0.000       |        |                 |
| pc_mod.pc_31__reg_p:D (DFF_X1)                                                                                                                                                                  |        | 0.001       | 0.000      | 0.037      |             | 0.000  | 1.233r          |
|                                                                                                                                                                                                 |        |             |            |            |             |        |                 |
| clock (port)                                                                                                                                                                                    |        | 0.856       | 0.000      | 0.000      |             | 0.000  | 0.000r          |
| clock (clock net)                                                                                                                                                                               | 839    |             |            |            | NA          |        |                 |
| pc_mod.pc_31__reg_p:CK (DFF_X1)                                                                                                                                                                 |        | 0.001       | 0.000      | 0.000      |             | 0.000  | 0.000r          |
| clock core_clock (rise edge)                                                                                                                                                                    |        |             |            |            |             | 1.769  | 1.769           |
| clock network delay (ideal)                                                                                                                                                                     |        |             |            |            |             | 0.000  | 1.769           |
| pc_mod.pc_31__reg_p:CK (DFF_X1)                                                                                                                                                                 |        |             |            |            |             |        | 1.769r          |
| library setup time                                                                                                                                                                              |        |             |            |            |             | -0.039 | 1.730           |
| clock reconvergence pessimism                                                                                                                                                                   |        |             |            |            |             | 0.000  | 1.730           |
|                                                                                                                                                                                                 |        |             |            |            |             |        |                 |
| path cell delay                                                                                                                                                                                 |        |             |            |            |             |        | 1.233(100.000%) |
| path net delay                                                                                                                                                                                  |        |             |            |            |             |        | 0.000(0.000%)   |
|                                                                                                                                                                                                 |        |             |            |            |             |        |                 |
| data require time                                                                                                                                                                               |        |             |            |            |             |        | 1.730           |
| data arrival time                                                                                                                                                                               |        |             |            |            |             |        | 1.233           |
| slack (MET)                                                                                                                                                                                     |        |             |            |            |             |        | 0.496           |
+-------------------------------------------------------------------------------------------------------------------------------------------------------------------------------------------------+--------+-------------+------------+------------+-------------+--------+-----------------+
+-------------------------------------------------------------------------------------------------------------------------------------------------------------------------------------------------+--------+-------------+------------+------------+-------------+--------+-----------------+
| Point                                                                                                                                                                                           | Fanout | Capacitance | Resistance | Transition | Delta Delay | Incr   | Path            |
+-------------------------------------------------------------------------------------------------------------------------------------------------------------------------------------------------+--------+-------------+------------+------------+-------------+--------+-----------------+
| clock (port)                                                                                                                                                                                    |        | 0.856       | 0.000      | 0.000      |             | 0.000  | 0.000r          |
| clock (clock net)                                                                                                                                                                               | 839    |             |            |            | NA          |        |                 |
| alu_mod.bus_in_alu_op_3__reg_p:CK (DFF_X1)                                                                                                                                                      |        | 0.001       | 0.000      | 0.000      |             | 0.000  | 0.000r          |
| clock core_clock (rise edge)                                                                                                                                                                    |        |             |            |            |             | 0      | 0               |
| clock network delay (ideal)                                                                                                                                                                     |        |             |            |            |             | 0.000  | 0.000           |
| alu_mod.bus_in_alu_op_3__reg_p:CK (DFF_X1)                                                                                                                                                      |        | 0.001       | 0.000      | 0.000      |             | 0.000  | 0.000r          |
| alu_mod.bus_in_alu_op_3__reg_p:Q (DFF_X1)                                                                                                                                                       |        | 0.024       | 0.000      | 0.030      |             | 0.112  | 0.112f          |
| alu_mod.bus_in_alu_op_3_ (net)                                                                                                                                                                  | 12     |             |            |            | 0.000       |        |                 |
| alu_mod.bus_in_alu_op_0__OR4_X4_A1:A4 (OR4_X4)                                                                                                                                                  |        | 0.004       | 0.000      | 0.030      |             | 0.000  | 0.112f          |
| alu_mod.bus_in_alu_op_0__OR4_X4_A1:ZN (OR4_X4)                                                                                                                                                  |        | 0.006       | 0.000      | 0.016      |             | 0.113  | 0.225f          |
| alu_mod.bus_in_alu_op_0__OR4_X4_A1_ZN (net)                                                                                                                                                     | 1      |             |            |            | 0.000       |        |                 |
| alu_mod.bus_in_alu_op_4__reg_p_QN_AOI21_X4_B1:B2 (AOI21_X4)                                                                                                                                     |        | 0.007       | 0.000      | 0.016      |             | 0.000  | 0.225f          |
| alu_mod.bus_in_alu_op_4__reg_p_QN_AOI21_X4_B1:ZN (AOI21_X4)                                                                                                                                     |        | 0.012       | 0.000      | 0.029      |             | 0.042  | 0.267r          |
| alu_mod.bus_in_alu_op_4__reg_p_QN_AOI21_X4_B1_ZN (net)                                                                                                                                          | 1      |             |            |            | 0.000       |        |                 |
| alu_mod.bus_in_alu_op_4__reg_p_QN_AOI21_X4_B1_ZN_BUF_X16_A:A (BUF_X16)                                                                                                                          |        | 0.012       | 0.000      | 0.029      |             | 0.000  | 0.267r          |
| alu_mod.bus_in_alu_op_4__reg_p_QN_AOI21_X4_B1_ZN_BUF_X16_A:Z (BUF_X16)                                                                                                                          |        | 0.065       | 0.000      | 0.013      |             | 0.033  | 0.300r          |
| alu_mod.bus_in_alu_op_4__reg_p_QN_AOI21_X4_B1_ZN_BUF_X16_A_Z (net)                                                                                                                              | 18     |             |            |            | 0.000       |        |                 |
| alu_mod.bus_in_rs1_1__MUX2_X1_B_Z_AOI222_X1_A2_B2_AOI21_X1_ZN_B1_OR2_X1_A2_ZN_OAI221_X1_A_B2_AOI21_X1_ZN:B2 (AOI21_X1)                                                                          |        | 0.002       | 0.000      | 0.013      |             | 0.000  | 0.300r          |
| alu_mod.bus_in_rs1_1__MUX2_X1_B_Z_AOI222_X1_A2_B2_AOI21_X1_ZN_B1_OR2_X1_A2_ZN_OAI221_X1_A_B2_AOI21_X1_ZN:ZN (AOI21_X1)                                                                          |        | 0.002       | 0.000      | 0.012      |             | 0.016  | 0.316f          |
| alu_mod.bus_in_rs1_1__MUX2_X1_B_Z_AOI222_X1_A2_B2_AOI21_X1_ZN_B1_OR2_X1_A2_ZN_OAI221_X1_A_B2 (net)                                                                                              | 1      |             |            |            | 0.000       |        |                 |
| alu_mod.bus_in_rs1_1__MUX2_X1_B_Z_AOI222_X1_A2_B2_AOI21_X1_ZN_B1_OR2_X1_A2_ZN_OAI221_X1_A:B2 (OAI221_X1)                                                                                        |        | 0.002       | 0.000      | 0.012      |             | 0.000  | 0.316f          |
| alu_mod.bus_in_rs1_1__MUX2_X1_B_Z_AOI222_X1_A2_B2_AOI21_X1_ZN_B1_OR2_X1_A2_ZN_OAI221_X1_A:ZN (OAI221_X1)                                                                                        |        | 0.003       | 0.000      | 0.046      |             | 0.062  | 0.378r          |
| alu_mod.bus_in_rs1_1__MUX2_X1_B_Z_AOI222_X1_A2_B2_AOI21_X1_ZN_B1_OR2_X1_A2_ZN_OAI221_X1_A_ZN (net)                                                                                              | 1      |             |            |            | 0.000       |        |                 |
| alu_mod.bus_in_rs1_1__MUX2_X1_B_Z_AOI222_X1_A2_B2_AOI21_X1_ZN_B1_OR2_X1_A2_ZN_OAI221_X1_A_ZN_BUF_X4_A:A (BUF_X4)                                                                                |        | 0.003       | 0.000      | 0.046      |             | 0.000  | 0.378r          |
| alu_mod.bus_in_rs1_1__MUX2_X1_B_Z_AOI222_X1_A2_B2_AOI21_X1_ZN_B1_OR2_X1_A2_ZN_OAI221_X1_A_ZN_BUF_X4_A:Z (BUF_X4)                                                                                |        | 0.019       | 0.000      | 0.014      |             | 0.036  | 0.414r          |
| alu_mod.bus_in_rs1_2__MUX2_X1_B_Z_AOI21_X1_B1_ZN_OAI22_X1_B1_A2_XNOR2_X1_ZN_A (net)                                                                                                             | 10     |             |            |            | 0.000       |        |                 |
| alu_mod.bus_in_data_rs2_0__reg_p_D_AOI211_X1_ZN_C2_NOR2_X1_A1_ZN_AOI221_X1_B1_B2_AND4_X1_A2_A3_NAND2_X1_ZN_A1_OAI211_X1_C2_ZN_MUX2_X1_A_Z_AOI21_X1_A_B2_AOI22_X1_A1_ZN_OAI21_X2_A:B2 (OAI21_X2) |        | 0.003       | 0.000      | 0.014      |             | 0.000  | 0.414r          |
| alu_mod.bus_in_data_rs2_0__reg_p_D_AOI211_X1_ZN_C2_NOR2_X1_A1_ZN_AOI221_X1_B1_B2_AND4_X1_A2_A3_NAND2_X1_ZN_A1_OAI211_X1_C2_ZN_MUX2_X1_A_Z_AOI21_X1_A_B2_AOI22_X1_A1_ZN_OAI21_X2_A:ZN (OAI21_X2) |        | 0.003       | 0.000      | 0.011      |             | 0.018  | 0.432f          |
| alu_mod.bus_in_data_rs2_0__reg_p_D_AOI211_X1_ZN_C2_NOR2_X1_A1_ZN_AOI221_X1_B1_B2_AND4_X1_A2_A3_NAND2_X1_ZN_A1_OAI211_X1_C2_ZN_MUX2_X1_A_Z_AOI21_X1_A_ZN_AOI21_X1_A_ZN_AND3_X2_A3_A1 (net)       | 2      |             |            |            | 0.000       |        |                 |
| alu_mod.bus_in_data_rs2_0__reg_p_D_AOI211_X1_ZN_C2_NOR2_X1_A1_ZN_AOI221_X1_B1_B2_AND4_X1_A2_A3_NAND2_X1_ZN_A1_OAI211_X1_C2_ZN_MUX2_X1_A_Z_AOI21_X1_A_ZN_AOI21_X1_A_ZN_AND3_X2_A3:A1 (AND3_X2)   |        | 0.002       | 0.000      | 0.011      |             | 0.000  | 0.432f          |
| alu_mod.bus_in_data_rs2_0__reg_p_D_AOI211_X1_ZN_C2_NOR2_X1_A1_ZN_AOI221_X1_B1_B2_AND4_X1_A2_A3_NAND2_X1_ZN_A1_OAI211_X1_C2_ZN_MUX2_X1_A_Z_AOI21_X1_A_ZN_AOI21_X1_A_ZN_AND3_X2_A3:ZN (AND3_X2)   |        | 0.005       | 0.000      | 0.008      |             | 0.033  | 0.466f          |
| alu_mod.bus_in_data_csr_16__reg_p_QN_NOR2_X1_A1_ZN_OAI21_X1_B2_ZN_OAI221_X1_C1_B2_XNOR2_X2_B_ZN_OAI21_X1_A_ZN_AOI22_X1_A2_ZN_OAI221_X2_A_ZN_AOI21_X1_A_B1 (net)                                 | 3      |             |            |            | 0.000       |        |                 |
| alu_mod.bus_in_data_csr_16__reg_p_QN_NOR2_X1_A1_ZN_OAI21_X1_B2_ZN_OAI221_X1_C1_B2_XNOR2_X2_B_ZN_OAI21_X1_A_ZN_AOI22_X1_A2_ZN_OAI221_X2_A_ZN_AOI211_X4_B:C2 (AOI211_X4)                          |        | 0.002       | 0.000      | 0.008      |             | 0.000  | 0.466f          |
| alu_mod.bus_in_data_csr_16__reg_p_QN_NOR2_X1_A1_ZN_OAI21_X1_B2_ZN_OAI221_X1_C1_B2_XNOR2_X2_B_ZN_OAI21_X1_A_ZN_AOI22_X1_A2_ZN_OAI221_X2_A_ZN_AOI211_X4_B:ZN (AOI211_X4)                          |        | 0.010       | 0.000      | 0.011      |             | 0.093  | 0.559r          |
| alu_mod.bus_in_rs1_0__MUX2_X1_B_Z_AOI21_X1_B1_1_ZN_AOI21_X1_B2_ZN_OAI221_X1_B1_C2_OR2_X1_ZN_A2 (net)                                                                                            | 5      |             |            |            | 0.000       |        |                 |
| alu_mod.bus_in_rs1_0__MUX2_X1_B_Z_AOI21_X1_B1_ZN_AOI21_X1_B1_B2_OAI21_X1_ZN_B1_NOR3_X1_ZN_A3_XNOR2_X1_ZN_B_NOR4_X4_ZN_A3_AND2_X1_ZN:A1 (AND2_X1)                                                |        | 0.001       | 0.000      | 0.011      |             | 0.000  | 0.559r          |
| alu_mod.bus_in_rs1_0__MUX2_X1_B_Z_AOI21_X1_B1_ZN_AOI21_X1_B1_B2_OAI21_X1_ZN_B1_NOR3_X1_ZN_A3_XNOR2_X1_ZN_B_NOR4_X4_ZN_A3_AND2_X1_ZN:ZN (AND2_X1)                                                |        | 0.006       | 0.000      | 0.020      |             | 0.045  | 0.604r          |
| alu_mod.bus_in_rs1_0__MUX2_X1_B_Z_AOI21_X1_B1_ZN_AOI21_X1_B1_B2_OAI21_X1_ZN_B1_NOR3_X1_ZN_A3_XNOR2_X1_ZN_B_NOR4_X4_ZN_A3 (net)                                                                  | 1      |             |            |            | 0.000       |        |                 |
| alu_mod.bus_in_rs1_0__MUX2_X1_B_Z_AOI21_X1_B1_ZN_AOI21_X1_B1_B2_OAI21_X1_ZN_B1_NOR3_X1_ZN_A3_XNOR2_X1_ZN_B_NOR4_X4_ZN:A3 (NOR4_X4)                                                              |        | 0.006       | 0.000      | 0.020      |             | 0.000  | 0.604r          |
| alu_mod.bus_in_rs1_0__MUX2_X1_B_Z_AOI21_X1_B1_ZN_AOI21_X1_B1_B2_OAI21_X1_ZN_B1_NOR3_X1_ZN_A3_XNOR2_X1_ZN_B_NOR4_X4_ZN:ZN (NOR4_X4)                                                              |        | 0.007       | 0.000      | 0.015      |             | 0.015  | 0.619f          |
| alu_mod.bus_in_rs1_0__MUX2_X1_B_Z_AOI21_X1_B1_ZN_AOI21_X1_B1_B2_OAI21_X1_ZN_B1_NOR3_X1_ZN_A3_XNOR2_X1_ZN_B (net)                                                                                | 2      |             |            |            | 0.000       |        |                 |
| alu_mod.bus_in_rs1_0__MUX2_X1_B_Z_AOI21_X1_B1_ZN_AOI21_X1_B1_B2_OAI21_X1_ZN_B1_NOR3_X1_ZN_A3_XNOR2_X1_ZN_B_XOR2_X2_B:B (XOR2_X2)                                                                |        | 0.005       | 0.000      | 0.015      |             | 0.000  | 0.619f          |
| alu_mod.bus_in_rs1_0__MUX2_X1_B_Z_AOI21_X1_B1_ZN_AOI21_X1_B1_B2_OAI21_X1_ZN_B1_NOR3_X1_ZN_A3_XNOR2_X1_ZN_B_XOR2_X2_B:Z (XOR2_X2)                                                                |        | 0.009       | 0.000      | 0.015      |             | 0.064  | 0.683f          |
| alu_mod.bus_in_rs1_0__MUX2_X1_B_Z_AOI21_X1_B1_ZN_AOI21_X1_B1_A_AOI221_X1_ZN_C2 (net)                                                                                                            | 3      |             |            |            | 0.000       |        |                 |
| alu_mod.bus_in_rs1_0__MUX2_X1_B_Z_AOI21_X1_B1_1_ZN_AOI21_X1_B2_ZN_OAI221_X1_B1_ZN_AOI22_X1_B1_ZN_OAI21_X2_A_ZN_NOR2_X1_A1_A2_NOR4_X4_ZN:A4 (NOR4_X4)                                            |        | 0.006       | 0.000      | 0.015      |             | 0.000  | 0.683f          |
| alu_mod.bus_in_rs1_0__MUX2_X1_B_Z_AOI21_X1_B1_1_ZN_AOI21_X1_B2_ZN_OAI221_X1_B1_ZN_AOI22_X1_B1_ZN_OAI21_X2_A_ZN_NOR2_X1_A1_A2_NOR4_X4_ZN:ZN (NOR4_X4)                                            |        | 0.008       | 0.000      | 0.046      |             | 0.087  | 0.770r          |
| alu_mod.bus_in_rs1_0__MUX2_X1_B_Z_AOI21_X1_B1_1_ZN_AOI21_X1_B2_ZN_OAI221_X1_B1_ZN_AOI22_X1_B1_ZN_OAI21_X2_A_ZN_NOR2_X1_A1_A2 (net)                                                              | 2      |             |            |            | 0.000       |        |                 |
| alu_mod.bus_in_rs1_0__MUX2_X1_B_Z_AOI21_X1_B1_1_ZN_AOI21_X1_B2_ZN_OAI221_X1_B1_ZN_AOI22_X1_B1_ZN_OAI21_X2_A_ZN_NOR3_X4_A1:A2 (NOR3_X4)                                                          |        | 0.006       | 0.000      | 0.046      |             | 0.000  | 0.770r          |
| alu_mod.bus_in_rs1_0__MUX2_X1_B_Z_AOI21_X1_B1_1_ZN_AOI21_X1_B2_ZN_OAI221_X1_B1_ZN_AOI22_X1_B1_ZN_OAI21_X2_A_ZN_NOR3_X4_A1:ZN (NOR3_X4)                                                          |        | 0.006       | 0.000      | 0.013      |             | 0.016  | 0.786f          |
| alu_mod.bus_in_rs1_0__MUX2_X1_B_Z_AOI21_X1_B1_1_ZN_AOI21_X1_B2_ZN_OAI221_X1_B1_ZN_AOI22_X1_B1_ZN_OAI21_X2_A_ZN_NOR3_X4_A1_ZN (net)                                                              | 1      |             |            |            | 0.000       |        |                 |
| alu_mod.bus_in_rs1_0__MUX2_X1_B_Z_AOI21_X1_B1_1_ZN_AOI21_X1_B2_ZN_OAI221_X1_B1_ZN_AOI22_X1_B1_ZN_OAI21_X2_A_ZN_NOR3_X4_A1_ZN_BUF_X8_A:A (BUF_X8)                                                |        | 0.007       | 0.000      | 0.013      |             | 0.000  | 0.786f          |
| alu_mod.bus_in_rs1_0__MUX2_X1_B_Z_AOI21_X1_B1_1_ZN_AOI21_X1_B2_ZN_OAI221_X1_B1_ZN_AOI22_X1_B1_ZN_OAI21_X2_A_ZN_NOR3_X4_A1_ZN_BUF_X8_A:Z (BUF_X8)                                                |        | 0.037       | 0.000      | 0.008      |             | 0.032  | 0.819f          |
| ifu_mod.block_offset[5]_3__AOI211_X1_C2_ZN_OAI21_X1_B1_ZN_MUX2_X1_B_S (net)                                                                                                                     | 15     |             |            |            | 0.000       |        |                 |
| ifu_mod.block_offset[5]_3__AOI211_X1_C2_ZN_OAI21_X1_B1_ZN_MUX2_X1_B:S (MUX2_X1)                                                                                                                 |        | 0.002       | 0.000      | 0.008      |             | 0.000  | 0.819f          |
| ifu_mod.block_offset[5]_3__AOI211_X1_C2_ZN_OAI21_X1_B1_ZN_MUX2_X1_B:Z (MUX2_X1)                                                                                                                 |        | 0.005       | 0.000      | 0.014      |             | 0.055  | 0.873f          |
| ifu_mod.block_offset[5]_3__AOI211_X1_C2_ZN_OAI21_X1_B1_ZN_MUX2_X1_B_Z (net)                                                                                                                     | 2      |             |            |            | 0.000       |        |                 |
| ifu_mod.block_offset[5]_3__AOI211_X1_C2_ZN_OAI21_X1_B1_ZN_MUX2_X1_B_Z_OAI221_X2_B2:B2 (OAI221_X2)                                                                                               |        | 0.003       | 0.000      | 0.014      |             | 0.000  | 0.873f          |
| ifu_mod.block_offset[5]_3__AOI211_X1_C2_ZN_OAI21_X1_B1_ZN_MUX2_X1_B_Z_OAI221_X2_B2:ZN (OAI221_X2)                                                                                               |        | 0.010       | 0.000      | 0.055      |             | 0.072  | 0.945r          |
| csr_mod.regs[4]_8__OAI211_X1_C1_B_OAI211_X1_ZN_C2_XNOR2_X1_ZN_A (net)                                                                                                                           | 5      |             |            |            | 0.000       |        |                 |
| ifu_mod.block_offset[5]_10__AOI21_X1_B2_ZN_INV_X1_A_ZN_AOI22_X1_A2_B2_NAND2_X1_ZN_A2_AND2_X4_A2:A1 (AND2_X4)                                                                                    |        | 0.003       | 0.000      | 0.055      |             | 0.000  | 0.945r          |
| ifu_mod.block_offset[5]_10__AOI21_X1_B2_ZN_INV_X1_A_ZN_AOI22_X1_A2_B2_NAND2_X1_ZN_A2_AND2_X4_A2:ZN (AND2_X4)                                                                                    |        | 0.013       | 0.000      | 0.013      |             | 0.045  | 0.990r          |
| ifu_mod.block_offset[5]_10__AOI21_X1_B2_ZN_INV_X1_A_ZN_NAND2_X1_A2_ZN_OAI211_X4_B_C1 (net)                                                                                                      | 3      |             |            |            | 0.000       |        |                 |
| pc_mod.pc_11__reg_p_D_OAI21_X1_ZN_B2_AOI21_X1_ZN_B2_XNOR2_X1_ZN_A_OR2_X4_A1_ZN_OAI21_X2_B1:B2 (OAI21_X2)                                                                                        |        | 0.003       | 0.000      | 0.013      |             | 0.000  | 0.990r          |
| pc_mod.pc_11__reg_p_D_OAI21_X1_ZN_B2_AOI21_X1_ZN_B2_XNOR2_X1_ZN_A_OR2_X4_A1_ZN_OAI21_X2_B1:ZN (OAI21_X2)                                                                                        |        | 0.003       | 0.000      | 0.011      |             | 0.018  | 1.008f          |
| pc_mod.pc_11__reg_p_D_OAI21_X1_ZN_B2_AOI21_X1_ZN_B2_XNOR2_X1_ZN_A_OR2_X4_A1_ZN_OAI21_X2_B1_ZN (net)                                                                                             | 1      |             |            |            | 0.000       |        |                 |
| pc_mod.pc_11__reg_p_D_OAI21_X1_ZN_B2_AOI21_X1_ZN_B2_XNOR2_X1_ZN_A_OR2_X4_A1_ZN_OAI21_X2_B1_ZN_BUF_X4_A:A (BUF_X4)                                                                               |        | 0.003       | 0.000      | 0.011      |             | 0.000  | 1.008f          |
| pc_mod.pc_11__reg_p_D_OAI21_X1_ZN_B2_AOI21_X1_ZN_B2_XNOR2_X1_ZN_A_OR2_X4_A1_ZN_OAI21_X2_B1_ZN_BUF_X4_A:Z (BUF_X4)                                                                               |        | 0.020       | 0.000      | 0.009      |             | 0.032  | 1.040f          |
| pc_mod.pc_15__reg_p_D_AOI21_X1_ZN_B2_XOR2_X1_Z_B_MUX2_X1_Z_S (net)                                                                                                                              | 14     |             |            |            | 0.000       |        |                 |
| de_ex_bus_next_pc_de_23__reg_p_D_AOI211_X1_ZN_C1_XOR2_X1_Z_B_AOI22_X1_ZN_A2_AOI211_X1_ZN:C2 (AOI211_X1)                                                                                         |        | 0.002       | 0.000      | 0.009      |             | 0.000  | 1.040f          |
| de_ex_bus_next_pc_de_23__reg_p_D_AOI211_X1_ZN_C1_XOR2_X1_Z_B_AOI22_X1_ZN_A2_AOI211_X1_ZN:ZN (AOI211_X1)                                                                                         |        | 0.003       | 0.000      | 0.053      |             | 0.063  | 1.103r          |
| de_ex_bus_next_pc_de_23__reg_p_D_AOI211_X1_ZN_C1_XOR2_X1_Z_B_AOI22_X1_ZN_A2 (net)                                                                                                               | 2      |             |            |            | 0.000       |        |                 |
| de_ex_bus_next_pc_de_22__reg_p_D_AOI211_X1_ZN_C1_XOR2_X1_Z_B_AOI21_X1_ZN:B1 (AOI21_X1)                                                                                                          |        | 0.002       | 0.000      | 0.053      |             | 0.000  | 1.103r          |
| de_ex_bus_next_pc_de_22__reg_p_D_AOI211_X1_ZN_C1_XOR2_X1_Z_B_AOI21_X1_ZN:ZN (AOI21_X1)                                                                                                          |        | 0.002       | 0.000      | 0.019      |             | 0.026  | 1.129f          |
| de_ex_bus_next_pc_de_22__reg_p_D_AOI211_X1_ZN_C1_XOR2_X1_Z_B (net)                                                                                                                              | 1      |             |            |            | 0.000       |        |                 |
| de_ex_bus_next_pc_de_22__reg_p_D_AOI211_X1_ZN_C1_XOR2_X1_Z:B (XOR2_X1)                                                                                                                          |        | 0.002       | 0.000      | 0.019      |             | 0.000  | 1.129f          |
| de_ex_bus_next_pc_de_22__reg_p_D_AOI211_X1_ZN_C1_XOR2_X1_Z:Z (XOR2_X1)                                                                                                                          |        | 0.001       | 0.000      | 0.012      |             | 0.060  | 1.188f          |
| de_ex_bus_next_pc_de_22__reg_p_D_AOI211_X1_ZN_C1 (net)                                                                                                                                          | 1      |             |            |            | 0.000       |        |                 |
| de_ex_bus_next_pc_de_22__reg_p_D_AOI211_X1_ZN:C1 (AOI211_X1)                                                                                                                                    |        | 0.002       | 0.000      | 0.012      |             | 0.000  | 1.188f          |
| de_ex_bus_next_pc_de_22__reg_p_D_AOI211_X1_ZN:ZN (AOI211_X1)                                                                                                                                    |        | 0.001       | 0.000      | 0.039      |             | 0.041  | 1.229r          |
| de_ex_bus_next_pc_de_22__reg_p_D (net)                                                                                                                                                          | 1      |             |            |            | 0.000       |        |                 |
| de_ex_bus_next_pc_de_22__reg_p:D (DFF_X1)                                                                                                                                                       |        | 0.001       | 0.000      | 0.039      |             | 0.000  | 1.229r          |
|                                                                                                                                                                                                 |        |             |            |            |             |        |                 |
| clock (port)                                                                                                                                                                                    |        | 0.856       | 0.000      | 0.000      |             | 0.000  | 0.000r          |
| clock (clock net)                                                                                                                                                                               | 839    |             |            |            | NA          |        |                 |
| de_ex_bus_next_pc_de_22__reg_p:CK (DFF_X1)                                                                                                                                                      |        | 0.001       | 0.000      | 0.000      |             | 0.000  | 0.000r          |
| clock core_clock (rise edge)                                                                                                                                                                    |        |             |            |            |             | 1.769  | 1.769           |
| clock network delay (ideal)                                                                                                                                                                     |        |             |            |            |             | 0.000  | 1.769           |
| de_ex_bus_next_pc_de_22__reg_p:CK (DFF_X1)                                                                                                                                                      |        |             |            |            |             |        | 1.769r          |
| library setup time                                                                                                                                                                              |        |             |            |            |             | -0.040 | 1.729           |
| clock reconvergence pessimism                                                                                                                                                                   |        |             |            |            |             | 0.000  | 1.729           |
|                                                                                                                                                                                                 |        |             |            |            |             |        |                 |
| path cell delay                                                                                                                                                                                 |        |             |            |            |             |        | 1.229(100.000%) |
| path net delay                                                                                                                                                                                  |        |             |            |            |             |        | 0.000(0.000%)   |
|                                                                                                                                                                                                 |        |             |            |            |             |        |                 |
| data require time                                                                                                                                                                               |        |             |            |            |             |        | 1.729           |
| data arrival time                                                                                                                                                                               |        |             |            |            |             |        | 1.229           |
| slack (MET)                                                                                                                                                                                     |        |             |            |            |             |        | 0.500           |
+-------------------------------------------------------------------------------------------------------------------------------------------------------------------------------------------------+--------+-------------+------------+------------+-------------+--------+-----------------+
+-------------------------------------------------------------------------------------------------------------------------------------------------------------------------------------------------+--------+-------------+------------+------------+-------------+--------+-----------------+
| Point                                                                                                                                                                                           | Fanout | Capacitance | Resistance | Transition | Delta Delay | Incr   | Path            |
+-------------------------------------------------------------------------------------------------------------------------------------------------------------------------------------------------+--------+-------------+------------+------------+-------------+--------+-----------------+
| clock (port)                                                                                                                                                                                    |        | 0.856       | 0.000      | 0.000      |             | 0.000  | 0.000r          |
| clock (clock net)                                                                                                                                                                               | 839    |             |            |            | NA          |        |                 |
| alu_mod.bus_in_alu_op_3__reg_p:CK (DFF_X1)                                                                                                                                                      |        | 0.001       | 0.000      | 0.000      |             | 0.000  | 0.000r          |
| clock core_clock (rise edge)                                                                                                                                                                    |        |             |            |            |             | 0      | 0               |
| clock network delay (ideal)                                                                                                                                                                     |        |             |            |            |             | 0.000  | 0.000           |
| alu_mod.bus_in_alu_op_3__reg_p:CK (DFF_X1)                                                                                                                                                      |        | 0.001       | 0.000      | 0.000      |             | 0.000  | 0.000r          |
| alu_mod.bus_in_alu_op_3__reg_p:Q (DFF_X1)                                                                                                                                                       |        | 0.024       | 0.000      | 0.030      |             | 0.112  | 0.112f          |
| alu_mod.bus_in_alu_op_3_ (net)                                                                                                                                                                  | 12     |             |            |            | 0.000       |        |                 |
| alu_mod.bus_in_alu_op_0__OR4_X4_A1:A4 (OR4_X4)                                                                                                                                                  |        | 0.004       | 0.000      | 0.030      |             | 0.000  | 0.112f          |
| alu_mod.bus_in_alu_op_0__OR4_X4_A1:ZN (OR4_X4)                                                                                                                                                  |        | 0.006       | 0.000      | 0.016      |             | 0.113  | 0.225f          |
| alu_mod.bus_in_alu_op_0__OR4_X4_A1_ZN (net)                                                                                                                                                     | 1      |             |            |            | 0.000       |        |                 |
| alu_mod.bus_in_alu_op_4__reg_p_QN_AOI21_X4_B1:B2 (AOI21_X4)                                                                                                                                     |        | 0.007       | 0.000      | 0.016      |             | 0.000  | 0.225f          |
| alu_mod.bus_in_alu_op_4__reg_p_QN_AOI21_X4_B1:ZN (AOI21_X4)                                                                                                                                     |        | 0.012       | 0.000      | 0.029      |             | 0.042  | 0.267r          |
| alu_mod.bus_in_alu_op_4__reg_p_QN_AOI21_X4_B1_ZN (net)                                                                                                                                          | 1      |             |            |            | 0.000       |        |                 |
| alu_mod.bus_in_alu_op_4__reg_p_QN_AOI21_X4_B1_ZN_BUF_X16_A:A (BUF_X16)                                                                                                                          |        | 0.012       | 0.000      | 0.029      |             | 0.000  | 0.267r          |
| alu_mod.bus_in_alu_op_4__reg_p_QN_AOI21_X4_B1_ZN_BUF_X16_A:Z (BUF_X16)                                                                                                                          |        | 0.065       | 0.000      | 0.013      |             | 0.033  | 0.300r          |
| alu_mod.bus_in_alu_op_4__reg_p_QN_AOI21_X4_B1_ZN_BUF_X16_A_Z (net)                                                                                                                              | 18     |             |            |            | 0.000       |        |                 |
| alu_mod.bus_in_rs1_1__MUX2_X1_B_Z_AOI222_X1_A2_B2_AOI21_X1_ZN_B1_OR2_X1_A2_ZN_OAI221_X1_A_B2_AOI21_X1_ZN:B2 (AOI21_X1)                                                                          |        | 0.002       | 0.000      | 0.013      |             | 0.000  | 0.300r          |
| alu_mod.bus_in_rs1_1__MUX2_X1_B_Z_AOI222_X1_A2_B2_AOI21_X1_ZN_B1_OR2_X1_A2_ZN_OAI221_X1_A_B2_AOI21_X1_ZN:ZN (AOI21_X1)                                                                          |        | 0.002       | 0.000      | 0.012      |             | 0.016  | 0.316f          |
| alu_mod.bus_in_rs1_1__MUX2_X1_B_Z_AOI222_X1_A2_B2_AOI21_X1_ZN_B1_OR2_X1_A2_ZN_OAI221_X1_A_B2 (net)                                                                                              | 1      |             |            |            | 0.000       |        |                 |
| alu_mod.bus_in_rs1_1__MUX2_X1_B_Z_AOI222_X1_A2_B2_AOI21_X1_ZN_B1_OR2_X1_A2_ZN_OAI221_X1_A:B2 (OAI221_X1)                                                                                        |        | 0.002       | 0.000      | 0.012      |             | 0.000  | 0.316f          |
| alu_mod.bus_in_rs1_1__MUX2_X1_B_Z_AOI222_X1_A2_B2_AOI21_X1_ZN_B1_OR2_X1_A2_ZN_OAI221_X1_A:ZN (OAI221_X1)                                                                                        |        | 0.003       | 0.000      | 0.046      |             | 0.062  | 0.378r          |
| alu_mod.bus_in_rs1_1__MUX2_X1_B_Z_AOI222_X1_A2_B2_AOI21_X1_ZN_B1_OR2_X1_A2_ZN_OAI221_X1_A_ZN (net)                                                                                              | 1      |             |            |            | 0.000       |        |                 |
| alu_mod.bus_in_rs1_1__MUX2_X1_B_Z_AOI222_X1_A2_B2_AOI21_X1_ZN_B1_OR2_X1_A2_ZN_OAI221_X1_A_ZN_BUF_X4_A:A (BUF_X4)                                                                                |        | 0.003       | 0.000      | 0.046      |             | 0.000  | 0.378r          |
| alu_mod.bus_in_rs1_1__MUX2_X1_B_Z_AOI222_X1_A2_B2_AOI21_X1_ZN_B1_OR2_X1_A2_ZN_OAI221_X1_A_ZN_BUF_X4_A:Z (BUF_X4)                                                                                |        | 0.019       | 0.000      | 0.014      |             | 0.036  | 0.414r          |
| alu_mod.bus_in_rs1_2__MUX2_X1_B_Z_AOI21_X1_B1_ZN_OAI22_X1_B1_A2_XNOR2_X1_ZN_A (net)                                                                                                             | 10     |             |            |            | 0.000       |        |                 |
| alu_mod.bus_in_data_rs2_0__reg_p_D_AOI211_X1_ZN_C2_NOR2_X1_A1_ZN_AOI221_X1_B1_B2_AND4_X1_A2_A3_NAND2_X1_ZN_A1_OAI211_X1_C2_ZN_MUX2_X1_A_Z_AOI21_X1_A_B2_AOI22_X1_A1_ZN_OAI21_X2_A:B2 (OAI21_X2) |        | 0.003       | 0.000      | 0.014      |             | 0.000  | 0.414r          |
| alu_mod.bus_in_data_rs2_0__reg_p_D_AOI211_X1_ZN_C2_NOR2_X1_A1_ZN_AOI221_X1_B1_B2_AND4_X1_A2_A3_NAND2_X1_ZN_A1_OAI211_X1_C2_ZN_MUX2_X1_A_Z_AOI21_X1_A_B2_AOI22_X1_A1_ZN_OAI21_X2_A:ZN (OAI21_X2) |        | 0.003       | 0.000      | 0.011      |             | 0.018  | 0.432f          |
| alu_mod.bus_in_data_rs2_0__reg_p_D_AOI211_X1_ZN_C2_NOR2_X1_A1_ZN_AOI221_X1_B1_B2_AND4_X1_A2_A3_NAND2_X1_ZN_A1_OAI211_X1_C2_ZN_MUX2_X1_A_Z_AOI21_X1_A_ZN_AOI21_X1_A_ZN_AND3_X2_A3_A1 (net)       | 2      |             |            |            | 0.000       |        |                 |
| alu_mod.bus_in_data_rs2_0__reg_p_D_AOI211_X1_ZN_C2_NOR2_X1_A1_ZN_AOI221_X1_B1_B2_AND4_X1_A2_A3_NAND2_X1_ZN_A1_OAI211_X1_C2_ZN_MUX2_X1_A_Z_AOI21_X1_A_ZN_AOI21_X1_A_ZN_AND3_X2_A3:A1 (AND3_X2)   |        | 0.002       | 0.000      | 0.011      |             | 0.000  | 0.432f          |
| alu_mod.bus_in_data_rs2_0__reg_p_D_AOI211_X1_ZN_C2_NOR2_X1_A1_ZN_AOI221_X1_B1_B2_AND4_X1_A2_A3_NAND2_X1_ZN_A1_OAI211_X1_C2_ZN_MUX2_X1_A_Z_AOI21_X1_A_ZN_AOI21_X1_A_ZN_AND3_X2_A3:ZN (AND3_X2)   |        | 0.005       | 0.000      | 0.008      |             | 0.033  | 0.466f          |
| alu_mod.bus_in_data_csr_16__reg_p_QN_NOR2_X1_A1_ZN_OAI21_X1_B2_ZN_OAI221_X1_C1_B2_XNOR2_X2_B_ZN_OAI21_X1_A_ZN_AOI22_X1_A2_ZN_OAI221_X2_A_ZN_AOI21_X1_A_B1 (net)                                 | 3      |             |            |            | 0.000       |        |                 |
| alu_mod.bus_in_data_csr_16__reg_p_QN_NOR2_X1_A1_ZN_OAI21_X1_B2_ZN_OAI221_X1_C1_B2_XNOR2_X2_B_ZN_OAI21_X1_A_ZN_AOI22_X1_A2_ZN_OAI221_X2_A_ZN_AOI211_X4_B:C2 (AOI211_X4)                          |        | 0.002       | 0.000      | 0.008      |             | 0.000  | 0.466f          |
| alu_mod.bus_in_data_csr_16__reg_p_QN_NOR2_X1_A1_ZN_OAI21_X1_B2_ZN_OAI221_X1_C1_B2_XNOR2_X2_B_ZN_OAI21_X1_A_ZN_AOI22_X1_A2_ZN_OAI221_X2_A_ZN_AOI211_X4_B:ZN (AOI211_X4)                          |        | 0.010       | 0.000      | 0.011      |             | 0.093  | 0.559r          |
| alu_mod.bus_in_rs1_0__MUX2_X1_B_Z_AOI21_X1_B1_1_ZN_AOI21_X1_B2_ZN_OAI221_X1_B1_C2_OR2_X1_ZN_A2 (net)                                                                                            | 5      |             |            |            | 0.000       |        |                 |
| alu_mod.bus_in_rs1_0__MUX2_X1_B_Z_AOI21_X1_B1_ZN_AOI21_X1_B1_B2_OAI21_X1_ZN_B1_NOR3_X1_ZN_A3_XNOR2_X1_ZN_B_NOR4_X4_ZN_A3_AND2_X1_ZN:A1 (AND2_X1)                                                |        | 0.001       | 0.000      | 0.011      |             | 0.000  | 0.559r          |
| alu_mod.bus_in_rs1_0__MUX2_X1_B_Z_AOI21_X1_B1_ZN_AOI21_X1_B1_B2_OAI21_X1_ZN_B1_NOR3_X1_ZN_A3_XNOR2_X1_ZN_B_NOR4_X4_ZN_A3_AND2_X1_ZN:ZN (AND2_X1)                                                |        | 0.006       | 0.000      | 0.020      |             | 0.045  | 0.604r          |
| alu_mod.bus_in_rs1_0__MUX2_X1_B_Z_AOI21_X1_B1_ZN_AOI21_X1_B1_B2_OAI21_X1_ZN_B1_NOR3_X1_ZN_A3_XNOR2_X1_ZN_B_NOR4_X4_ZN_A3 (net)                                                                  | 1      |             |            |            | 0.000       |        |                 |
| alu_mod.bus_in_rs1_0__MUX2_X1_B_Z_AOI21_X1_B1_ZN_AOI21_X1_B1_B2_OAI21_X1_ZN_B1_NOR3_X1_ZN_A3_XNOR2_X1_ZN_B_NOR4_X4_ZN:A3 (NOR4_X4)                                                              |        | 0.006       | 0.000      | 0.020      |             | 0.000  | 0.604r          |
| alu_mod.bus_in_rs1_0__MUX2_X1_B_Z_AOI21_X1_B1_ZN_AOI21_X1_B1_B2_OAI21_X1_ZN_B1_NOR3_X1_ZN_A3_XNOR2_X1_ZN_B_NOR4_X4_ZN:ZN (NOR4_X4)                                                              |        | 0.007       | 0.000      | 0.015      |             | 0.015  | 0.619f          |
| alu_mod.bus_in_rs1_0__MUX2_X1_B_Z_AOI21_X1_B1_ZN_AOI21_X1_B1_B2_OAI21_X1_ZN_B1_NOR3_X1_ZN_A3_XNOR2_X1_ZN_B (net)                                                                                | 2      |             |            |            | 0.000       |        |                 |
| alu_mod.bus_in_rs1_0__MUX2_X1_B_Z_AOI21_X1_B1_ZN_AOI21_X1_B1_B2_OAI21_X1_ZN_B1_NOR3_X1_ZN_A3_XNOR2_X1_ZN_B_XOR2_X2_B:B (XOR2_X2)                                                                |        | 0.005       | 0.000      | 0.015      |             | 0.000  | 0.619f          |
| alu_mod.bus_in_rs1_0__MUX2_X1_B_Z_AOI21_X1_B1_ZN_AOI21_X1_B1_B2_OAI21_X1_ZN_B1_NOR3_X1_ZN_A3_XNOR2_X1_ZN_B_XOR2_X2_B:Z (XOR2_X2)                                                                |        | 0.009       | 0.000      | 0.015      |             | 0.064  | 0.683f          |
| alu_mod.bus_in_rs1_0__MUX2_X1_B_Z_AOI21_X1_B1_ZN_AOI21_X1_B1_A_AOI221_X1_ZN_C2 (net)                                                                                                            | 3      |             |            |            | 0.000       |        |                 |
| alu_mod.bus_in_rs1_0__MUX2_X1_B_Z_AOI21_X1_B1_1_ZN_AOI21_X1_B2_ZN_OAI221_X1_B1_ZN_AOI22_X1_B1_ZN_OAI21_X2_A_ZN_NOR2_X1_A1_A2_NOR4_X4_ZN:A4 (NOR4_X4)                                            |        | 0.006       | 0.000      | 0.015      |             | 0.000  | 0.683f          |
| alu_mod.bus_in_rs1_0__MUX2_X1_B_Z_AOI21_X1_B1_1_ZN_AOI21_X1_B2_ZN_OAI221_X1_B1_ZN_AOI22_X1_B1_ZN_OAI21_X2_A_ZN_NOR2_X1_A1_A2_NOR4_X4_ZN:ZN (NOR4_X4)                                            |        | 0.008       | 0.000      | 0.046      |             | 0.087  | 0.770r          |
| alu_mod.bus_in_rs1_0__MUX2_X1_B_Z_AOI21_X1_B1_1_ZN_AOI21_X1_B2_ZN_OAI221_X1_B1_ZN_AOI22_X1_B1_ZN_OAI21_X2_A_ZN_NOR2_X1_A1_A2 (net)                                                              | 2      |             |            |            | 0.000       |        |                 |
| alu_mod.bus_in_rs1_0__MUX2_X1_B_Z_AOI21_X1_B1_1_ZN_AOI21_X1_B2_ZN_OAI221_X1_B1_ZN_AOI22_X1_B1_ZN_OAI21_X2_A_ZN_NOR3_X4_A1:A2 (NOR3_X4)                                                          |        | 0.006       | 0.000      | 0.046      |             | 0.000  | 0.770r          |
| alu_mod.bus_in_rs1_0__MUX2_X1_B_Z_AOI21_X1_B1_1_ZN_AOI21_X1_B2_ZN_OAI221_X1_B1_ZN_AOI22_X1_B1_ZN_OAI21_X2_A_ZN_NOR3_X4_A1:ZN (NOR3_X4)                                                          |        | 0.006       | 0.000      | 0.013      |             | 0.016  | 0.786f          |
| alu_mod.bus_in_rs1_0__MUX2_X1_B_Z_AOI21_X1_B1_1_ZN_AOI21_X1_B2_ZN_OAI221_X1_B1_ZN_AOI22_X1_B1_ZN_OAI21_X2_A_ZN_NOR3_X4_A1_ZN (net)                                                              | 1      |             |            |            | 0.000       |        |                 |
| alu_mod.bus_in_rs1_0__MUX2_X1_B_Z_AOI21_X1_B1_1_ZN_AOI21_X1_B2_ZN_OAI221_X1_B1_ZN_AOI22_X1_B1_ZN_OAI21_X2_A_ZN_NOR3_X4_A1_ZN_BUF_X8_A:A (BUF_X8)                                                |        | 0.007       | 0.000      | 0.013      |             | 0.000  | 0.786f          |
| alu_mod.bus_in_rs1_0__MUX2_X1_B_Z_AOI21_X1_B1_1_ZN_AOI21_X1_B2_ZN_OAI221_X1_B1_ZN_AOI22_X1_B1_ZN_OAI21_X2_A_ZN_NOR3_X4_A1_ZN_BUF_X8_A:Z (BUF_X8)                                                |        | 0.037       | 0.000      | 0.008      |             | 0.032  | 0.819f          |
| ifu_mod.block_offset[5]_3__AOI211_X1_C2_ZN_OAI21_X1_B1_ZN_MUX2_X1_B_S (net)                                                                                                                     | 15     |             |            |            | 0.000       |        |                 |
| ifu_mod.block_offset[5]_3__AOI211_X1_C2_ZN_OAI21_X1_B1_ZN_MUX2_X1_B:S (MUX2_X1)                                                                                                                 |        | 0.002       | 0.000      | 0.008      |             | 0.000  | 0.819f          |
| ifu_mod.block_offset[5]_3__AOI211_X1_C2_ZN_OAI21_X1_B1_ZN_MUX2_X1_B:Z (MUX2_X1)                                                                                                                 |        | 0.005       | 0.000      | 0.014      |             | 0.055  | 0.873f          |
| ifu_mod.block_offset[5]_3__AOI211_X1_C2_ZN_OAI21_X1_B1_ZN_MUX2_X1_B_Z (net)                                                                                                                     | 2      |             |            |            | 0.000       |        |                 |
| ifu_mod.block_offset[5]_3__AOI211_X1_C2_ZN_OAI21_X1_B1_ZN_MUX2_X1_B_Z_OAI221_X2_B2:B2 (OAI221_X2)                                                                                               |        | 0.003       | 0.000      | 0.014      |             | 0.000  | 0.873f          |
| ifu_mod.block_offset[5]_3__AOI211_X1_C2_ZN_OAI21_X1_B1_ZN_MUX2_X1_B_Z_OAI221_X2_B2:ZN (OAI221_X2)                                                                                               |        | 0.010       | 0.000      | 0.055      |             | 0.072  | 0.945r          |
| csr_mod.regs[4]_8__OAI211_X1_C1_B_OAI211_X1_ZN_C2_XNOR2_X1_ZN_A (net)                                                                                                                           | 5      |             |            |            | 0.000       |        |                 |
| ifu_mod.block_offset[5]_10__AOI21_X1_B2_ZN_INV_X1_A_ZN_AOI22_X1_A2_B2_NAND2_X1_ZN_A2_AND2_X4_A2:A1 (AND2_X4)                                                                                    |        | 0.003       | 0.000      | 0.055      |             | 0.000  | 0.945r          |
| ifu_mod.block_offset[5]_10__AOI21_X1_B2_ZN_INV_X1_A_ZN_AOI22_X1_A2_B2_NAND2_X1_ZN_A2_AND2_X4_A2:ZN (AND2_X4)                                                                                    |        | 0.013       | 0.000      | 0.013      |             | 0.045  | 0.990r          |
| ifu_mod.block_offset[5]_10__AOI21_X1_B2_ZN_INV_X1_A_ZN_NAND2_X1_A2_ZN_OAI211_X4_B_C1 (net)                                                                                                      | 3      |             |            |            | 0.000       |        |                 |
| pc_mod.pc_11__reg_p_D_OAI21_X1_ZN_B2_AOI21_X1_ZN_B2_XNOR2_X1_ZN_A_OR2_X4_A1_ZN_OAI21_X2_B1:B2 (OAI21_X2)                                                                                        |        | 0.003       | 0.000      | 0.013      |             | 0.000  | 0.990r          |
| pc_mod.pc_11__reg_p_D_OAI21_X1_ZN_B2_AOI21_X1_ZN_B2_XNOR2_X1_ZN_A_OR2_X4_A1_ZN_OAI21_X2_B1:ZN (OAI21_X2)                                                                                        |        | 0.003       | 0.000      | 0.011      |             | 0.018  | 1.008f          |
| pc_mod.pc_11__reg_p_D_OAI21_X1_ZN_B2_AOI21_X1_ZN_B2_XNOR2_X1_ZN_A_OR2_X4_A1_ZN_OAI21_X2_B1_ZN (net)                                                                                             | 1      |             |            |            | 0.000       |        |                 |
| pc_mod.pc_11__reg_p_D_OAI21_X1_ZN_B2_AOI21_X1_ZN_B2_XNOR2_X1_ZN_A_OR2_X4_A1_ZN_OAI21_X2_B1_ZN_BUF_X4_A:A (BUF_X4)                                                                               |        | 0.003       | 0.000      | 0.011      |             | 0.000  | 1.008f          |
| pc_mod.pc_11__reg_p_D_OAI21_X1_ZN_B2_AOI21_X1_ZN_B2_XNOR2_X1_ZN_A_OR2_X4_A1_ZN_OAI21_X2_B1_ZN_BUF_X4_A:Z (BUF_X4)                                                                               |        | 0.020       | 0.000      | 0.009      |             | 0.032  | 1.040f          |
| pc_mod.pc_15__reg_p_D_AOI21_X1_ZN_B2_XOR2_X1_Z_B_MUX2_X1_Z_S (net)                                                                                                                              | 14     |             |            |            | 0.000       |        |                 |
| de_ex_bus_next_pc_de_14__reg_p_D_AOI211_X1_ZN_C1_XOR2_X1_Z_B_AOI21_X1_ZN_A_NOR4_X1_ZN:A2 (NOR4_X1)                                                                                              |        | 0.002       | 0.000      | 0.009      |             | 0.000  | 1.040f          |
| de_ex_bus_next_pc_de_14__reg_p_D_AOI211_X1_ZN_C1_XOR2_X1_Z_B_AOI21_X1_ZN_A_NOR4_X1_ZN:ZN (NOR4_X1)                                                                                              |        | 0.002       | 0.000      | 0.045      |             | 0.067  | 1.107r          |
| de_ex_bus_next_pc_de_14__reg_p_D_AOI211_X1_ZN_C1_XOR2_X1_Z_B_AOI21_X1_ZN_A (net)                                                                                                                | 1      |             |            |            | 0.000       |        |                 |
| de_ex_bus_next_pc_de_14__reg_p_D_AOI211_X1_ZN_C1_XOR2_X1_Z_B_AOI21_X1_ZN:A (AOI21_X1)                                                                                                           |        | 0.002       | 0.000      | 0.045      |             | 0.000  | 1.107r          |
| de_ex_bus_next_pc_de_14__reg_p_D_AOI211_X1_ZN_C1_XOR2_X1_Z_B_AOI21_X1_ZN:ZN (AOI21_X1)                                                                                                          |        | 0.002       | 0.000      | 0.015      |             | 0.023  | 1.130f          |
| de_ex_bus_next_pc_de_14__reg_p_D_AOI211_X1_ZN_C1_XOR2_X1_Z_B (net)                                                                                                                              | 1      |             |            |            | 0.000       |        |                 |
| de_ex_bus_next_pc_de_14__reg_p_D_AOI211_X1_ZN_C1_XOR2_X1_Z:B (XOR2_X1)                                                                                                                          |        | 0.002       | 0.000      | 0.015      |             | 0.000  | 1.130f          |
| de_ex_bus_next_pc_de_14__reg_p_D_AOI211_X1_ZN_C1_XOR2_X1_Z:Z (XOR2_X1)                                                                                                                          |        | 0.001       | 0.000      | 0.012      |             | 0.058  | 1.188f          |
| de_ex_bus_next_pc_de_14__reg_p_D_AOI211_X1_ZN_C1 (net)                                                                                                                                          | 1      |             |            |            | 0.000       |        |                 |
| de_ex_bus_next_pc_de_14__reg_p_D_AOI211_X1_ZN:C1 (AOI211_X1)                                                                                                                                    |        | 0.002       | 0.000      | 0.012      |             | 0.000  | 1.188f          |
| de_ex_bus_next_pc_de_14__reg_p_D_AOI211_X1_ZN:ZN (AOI211_X1)                                                                                                                                    |        | 0.001       | 0.000      | 0.039      |             | 0.041  | 1.229r          |
| de_ex_bus_next_pc_de_14__reg_p_D (net)                                                                                                                                                          | 1      |             |            |            | 0.000       |        |                 |
| de_ex_bus_next_pc_de_14__reg_p:D (DFF_X1)                                                                                                                                                       |        | 0.001       | 0.000      | 0.039      |             | 0.000  | 1.229r          |
|                                                                                                                                                                                                 |        |             |            |            |             |        |                 |
| clock (port)                                                                                                                                                                                    |        | 0.856       | 0.000      | 0.000      |             | 0.000  | 0.000r          |
| clock (clock net)                                                                                                                                                                               | 839    |             |            |            | NA          |        |                 |
| de_ex_bus_next_pc_de_14__reg_p:CK (DFF_X1)                                                                                                                                                      |        | 0.001       | 0.000      | 0.000      |             | 0.000  | 0.000r          |
| clock core_clock (rise edge)                                                                                                                                                                    |        |             |            |            |             | 1.769  | 1.769           |
| clock network delay (ideal)                                                                                                                                                                     |        |             |            |            |             | 0.000  | 1.769           |
| de_ex_bus_next_pc_de_14__reg_p:CK (DFF_X1)                                                                                                                                                      |        |             |            |            |             |        | 1.769r          |
| library setup time                                                                                                                                                                              |        |             |            |            |             | -0.040 | 1.729           |
| clock reconvergence pessimism                                                                                                                                                                   |        |             |            |            |             | 0.000  | 1.729           |
|                                                                                                                                                                                                 |        |             |            |            |             |        |                 |
| path cell delay                                                                                                                                                                                 |        |             |            |            |             |        | 1.229(100.000%) |
| path net delay                                                                                                                                                                                  |        |             |            |            |             |        | 0.000(0.000%)   |
|                                                                                                                                                                                                 |        |             |            |            |             |        |                 |
| data require time                                                                                                                                                                               |        |             |            |            |             |        | 1.729           |
| data arrival time                                                                                                                                                                               |        |             |            |            |             |        | 1.229           |
| slack (MET)                                                                                                                                                                                     |        |             |            |            |             |        | 0.501           |
+-------------------------------------------------------------------------------------------------------------------------------------------------------------------------------------------------+--------+-------------+------------+------------+-------------+--------+-----------------+
+-------------------------------------------------------------------------------------------------------------------------------------------------------------------------------------------------+--------+-------------+------------+------------+-------------+--------+-----------------+
| Point                                                                                                                                                                                           | Fanout | Capacitance | Resistance | Transition | Delta Delay | Incr   | Path            |
+-------------------------------------------------------------------------------------------------------------------------------------------------------------------------------------------------+--------+-------------+------------+------------+-------------+--------+-----------------+
| clock (port)                                                                                                                                                                                    |        | 0.856       | 0.000      | 0.000      |             | 0.000  | 0.000r          |
| clock (clock net)                                                                                                                                                                               | 839    |             |            |            | NA          |        |                 |
| alu_mod.bus_in_alu_op_3__reg_p:CK (DFF_X1)                                                                                                                                                      |        | 0.001       | 0.000      | 0.000      |             | 0.000  | 0.000r          |
| clock core_clock (rise edge)                                                                                                                                                                    |        |             |            |            |             | 0      | 0               |
| clock network delay (ideal)                                                                                                                                                                     |        |             |            |            |             | 0.000  | 0.000           |
| alu_mod.bus_in_alu_op_3__reg_p:CK (DFF_X1)                                                                                                                                                      |        | 0.001       | 0.000      | 0.000      |             | 0.000  | 0.000r          |
| alu_mod.bus_in_alu_op_3__reg_p:Q (DFF_X1)                                                                                                                                                       |        | 0.024       | 0.000      | 0.030      |             | 0.112  | 0.112f          |
| alu_mod.bus_in_alu_op_3_ (net)                                                                                                                                                                  | 12     |             |            |            | 0.000       |        |                 |
| alu_mod.bus_in_alu_op_0__OR4_X4_A1:A4 (OR4_X4)                                                                                                                                                  |        | 0.004       | 0.000      | 0.030      |             | 0.000  | 0.112f          |
| alu_mod.bus_in_alu_op_0__OR4_X4_A1:ZN (OR4_X4)                                                                                                                                                  |        | 0.006       | 0.000      | 0.016      |             | 0.113  | 0.225f          |
| alu_mod.bus_in_alu_op_0__OR4_X4_A1_ZN (net)                                                                                                                                                     | 1      |             |            |            | 0.000       |        |                 |
| alu_mod.bus_in_alu_op_4__reg_p_QN_AOI21_X4_B1:B2 (AOI21_X4)                                                                                                                                     |        | 0.007       | 0.000      | 0.016      |             | 0.000  | 0.225f          |
| alu_mod.bus_in_alu_op_4__reg_p_QN_AOI21_X4_B1:ZN (AOI21_X4)                                                                                                                                     |        | 0.012       | 0.000      | 0.029      |             | 0.042  | 0.267r          |
| alu_mod.bus_in_alu_op_4__reg_p_QN_AOI21_X4_B1_ZN (net)                                                                                                                                          | 1      |             |            |            | 0.000       |        |                 |
| alu_mod.bus_in_alu_op_4__reg_p_QN_AOI21_X4_B1_ZN_BUF_X16_A:A (BUF_X16)                                                                                                                          |        | 0.012       | 0.000      | 0.029      |             | 0.000  | 0.267r          |
| alu_mod.bus_in_alu_op_4__reg_p_QN_AOI21_X4_B1_ZN_BUF_X16_A:Z (BUF_X16)                                                                                                                          |        | 0.065       | 0.000      | 0.013      |             | 0.033  | 0.300r          |
| alu_mod.bus_in_alu_op_4__reg_p_QN_AOI21_X4_B1_ZN_BUF_X16_A_Z (net)                                                                                                                              | 18     |             |            |            | 0.000       |        |                 |
| alu_mod.bus_in_rs1_1__MUX2_X1_B_Z_AOI222_X1_A2_B2_AOI21_X1_ZN_B1_OR2_X1_A2_ZN_OAI221_X1_A_B2_AOI21_X1_ZN:B2 (AOI21_X1)                                                                          |        | 0.002       | 0.000      | 0.013      |             | 0.000  | 0.300r          |
| alu_mod.bus_in_rs1_1__MUX2_X1_B_Z_AOI222_X1_A2_B2_AOI21_X1_ZN_B1_OR2_X1_A2_ZN_OAI221_X1_A_B2_AOI21_X1_ZN:ZN (AOI21_X1)                                                                          |        | 0.002       | 0.000      | 0.012      |             | 0.016  | 0.316f          |
| alu_mod.bus_in_rs1_1__MUX2_X1_B_Z_AOI222_X1_A2_B2_AOI21_X1_ZN_B1_OR2_X1_A2_ZN_OAI221_X1_A_B2 (net)                                                                                              | 1      |             |            |            | 0.000       |        |                 |
| alu_mod.bus_in_rs1_1__MUX2_X1_B_Z_AOI222_X1_A2_B2_AOI21_X1_ZN_B1_OR2_X1_A2_ZN_OAI221_X1_A:B2 (OAI221_X1)                                                                                        |        | 0.002       | 0.000      | 0.012      |             | 0.000  | 0.316f          |
| alu_mod.bus_in_rs1_1__MUX2_X1_B_Z_AOI222_X1_A2_B2_AOI21_X1_ZN_B1_OR2_X1_A2_ZN_OAI221_X1_A:ZN (OAI221_X1)                                                                                        |        | 0.003       | 0.000      | 0.046      |             | 0.062  | 0.378r          |
| alu_mod.bus_in_rs1_1__MUX2_X1_B_Z_AOI222_X1_A2_B2_AOI21_X1_ZN_B1_OR2_X1_A2_ZN_OAI221_X1_A_ZN (net)                                                                                              | 1      |             |            |            | 0.000       |        |                 |
| alu_mod.bus_in_rs1_1__MUX2_X1_B_Z_AOI222_X1_A2_B2_AOI21_X1_ZN_B1_OR2_X1_A2_ZN_OAI221_X1_A_ZN_BUF_X4_A:A (BUF_X4)                                                                                |        | 0.003       | 0.000      | 0.046      |             | 0.000  | 0.378r          |
| alu_mod.bus_in_rs1_1__MUX2_X1_B_Z_AOI222_X1_A2_B2_AOI21_X1_ZN_B1_OR2_X1_A2_ZN_OAI221_X1_A_ZN_BUF_X4_A:Z (BUF_X4)                                                                                |        | 0.019       | 0.000      | 0.014      |             | 0.036  | 0.414r          |
| alu_mod.bus_in_rs1_2__MUX2_X1_B_Z_AOI21_X1_B1_ZN_OAI22_X1_B1_A2_XNOR2_X1_ZN_A (net)                                                                                                             | 10     |             |            |            | 0.000       |        |                 |
| alu_mod.bus_in_data_rs2_0__reg_p_D_AOI211_X1_ZN_C2_NOR2_X1_A1_ZN_AOI221_X1_B1_B2_AND4_X1_A2_A3_NAND2_X1_ZN_A1_OAI211_X1_C2_ZN_MUX2_X1_A_Z_AOI21_X1_A_B2_AOI22_X1_A1_ZN_OAI21_X2_A:B2 (OAI21_X2) |        | 0.003       | 0.000      | 0.014      |             | 0.000  | 0.414r          |
| alu_mod.bus_in_data_rs2_0__reg_p_D_AOI211_X1_ZN_C2_NOR2_X1_A1_ZN_AOI221_X1_B1_B2_AND4_X1_A2_A3_NAND2_X1_ZN_A1_OAI211_X1_C2_ZN_MUX2_X1_A_Z_AOI21_X1_A_B2_AOI22_X1_A1_ZN_OAI21_X2_A:ZN (OAI21_X2) |        | 0.003       | 0.000      | 0.011      |             | 0.018  | 0.432f          |
| alu_mod.bus_in_data_rs2_0__reg_p_D_AOI211_X1_ZN_C2_NOR2_X1_A1_ZN_AOI221_X1_B1_B2_AND4_X1_A2_A3_NAND2_X1_ZN_A1_OAI211_X1_C2_ZN_MUX2_X1_A_Z_AOI21_X1_A_ZN_AOI21_X1_A_ZN_AND3_X2_A3_A1 (net)       | 2      |             |            |            | 0.000       |        |                 |
| alu_mod.bus_in_data_rs2_0__reg_p_D_AOI211_X1_ZN_C2_NOR2_X1_A1_ZN_AOI221_X1_B1_B2_AND4_X1_A2_A3_NAND2_X1_ZN_A1_OAI211_X1_C2_ZN_MUX2_X1_A_Z_AOI21_X1_A_ZN_AOI21_X1_A_ZN_AND3_X2_A3:A1 (AND3_X2)   |        | 0.002       | 0.000      | 0.011      |             | 0.000  | 0.432f          |
| alu_mod.bus_in_data_rs2_0__reg_p_D_AOI211_X1_ZN_C2_NOR2_X1_A1_ZN_AOI221_X1_B1_B2_AND4_X1_A2_A3_NAND2_X1_ZN_A1_OAI211_X1_C2_ZN_MUX2_X1_A_Z_AOI21_X1_A_ZN_AOI21_X1_A_ZN_AND3_X2_A3:ZN (AND3_X2)   |        | 0.005       | 0.000      | 0.008      |             | 0.033  | 0.466f          |
| alu_mod.bus_in_data_csr_16__reg_p_QN_NOR2_X1_A1_ZN_OAI21_X1_B2_ZN_OAI221_X1_C1_B2_XNOR2_X2_B_ZN_OAI21_X1_A_ZN_AOI22_X1_A2_ZN_OAI221_X2_A_ZN_AOI21_X1_A_B1 (net)                                 | 3      |             |            |            | 0.000       |        |                 |
| alu_mod.bus_in_data_csr_16__reg_p_QN_NOR2_X1_A1_ZN_OAI21_X1_B2_ZN_OAI221_X1_C1_B2_XNOR2_X2_B_ZN_OAI21_X1_A_ZN_AOI22_X1_A2_ZN_OAI221_X2_A_ZN_AOI211_X4_B:C2 (AOI211_X4)                          |        | 0.002       | 0.000      | 0.008      |             | 0.000  | 0.466f          |
| alu_mod.bus_in_data_csr_16__reg_p_QN_NOR2_X1_A1_ZN_OAI21_X1_B2_ZN_OAI221_X1_C1_B2_XNOR2_X2_B_ZN_OAI21_X1_A_ZN_AOI22_X1_A2_ZN_OAI221_X2_A_ZN_AOI211_X4_B:ZN (AOI211_X4)                          |        | 0.010       | 0.000      | 0.011      |             | 0.093  | 0.559r          |
| alu_mod.bus_in_rs1_0__MUX2_X1_B_Z_AOI21_X1_B1_1_ZN_AOI21_X1_B2_ZN_OAI221_X1_B1_C2_OR2_X1_ZN_A2 (net)                                                                                            | 5      |             |            |            | 0.000       |        |                 |
| alu_mod.bus_in_rs1_0__MUX2_X1_B_Z_AOI21_X1_B1_ZN_AOI21_X1_B1_B2_OAI21_X1_ZN_B1_NOR3_X1_ZN_A3_XNOR2_X1_ZN_B_NOR4_X4_ZN_A3_AND2_X1_ZN:A1 (AND2_X1)                                                |        | 0.001       | 0.000      | 0.011      |             | 0.000  | 0.559r          |
| alu_mod.bus_in_rs1_0__MUX2_X1_B_Z_AOI21_X1_B1_ZN_AOI21_X1_B1_B2_OAI21_X1_ZN_B1_NOR3_X1_ZN_A3_XNOR2_X1_ZN_B_NOR4_X4_ZN_A3_AND2_X1_ZN:ZN (AND2_X1)                                                |        | 0.006       | 0.000      | 0.020      |             | 0.045  | 0.604r          |
| alu_mod.bus_in_rs1_0__MUX2_X1_B_Z_AOI21_X1_B1_ZN_AOI21_X1_B1_B2_OAI21_X1_ZN_B1_NOR3_X1_ZN_A3_XNOR2_X1_ZN_B_NOR4_X4_ZN_A3 (net)                                                                  | 1      |             |            |            | 0.000       |        |                 |
| alu_mod.bus_in_rs1_0__MUX2_X1_B_Z_AOI21_X1_B1_ZN_AOI21_X1_B1_B2_OAI21_X1_ZN_B1_NOR3_X1_ZN_A3_XNOR2_X1_ZN_B_NOR4_X4_ZN:A3 (NOR4_X4)                                                              |        | 0.006       | 0.000      | 0.020      |             | 0.000  | 0.604r          |
| alu_mod.bus_in_rs1_0__MUX2_X1_B_Z_AOI21_X1_B1_ZN_AOI21_X1_B1_B2_OAI21_X1_ZN_B1_NOR3_X1_ZN_A3_XNOR2_X1_ZN_B_NOR4_X4_ZN:ZN (NOR4_X4)                                                              |        | 0.007       | 0.000      | 0.015      |             | 0.015  | 0.619f          |
| alu_mod.bus_in_rs1_0__MUX2_X1_B_Z_AOI21_X1_B1_ZN_AOI21_X1_B1_B2_OAI21_X1_ZN_B1_NOR3_X1_ZN_A3_XNOR2_X1_ZN_B (net)                                                                                | 2      |             |            |            | 0.000       |        |                 |
| alu_mod.bus_in_rs1_0__MUX2_X1_B_Z_AOI21_X1_B1_ZN_AOI21_X1_B1_B2_OAI21_X1_ZN_B1_NOR3_X1_ZN_A3_XNOR2_X1_ZN_B_XOR2_X2_B:B (XOR2_X2)                                                                |        | 0.005       | 0.000      | 0.015      |             | 0.000  | 0.619f          |
| alu_mod.bus_in_rs1_0__MUX2_X1_B_Z_AOI21_X1_B1_ZN_AOI21_X1_B1_B2_OAI21_X1_ZN_B1_NOR3_X1_ZN_A3_XNOR2_X1_ZN_B_XOR2_X2_B:Z (XOR2_X2)                                                                |        | 0.009       | 0.000      | 0.015      |             | 0.064  | 0.683f          |
| alu_mod.bus_in_rs1_0__MUX2_X1_B_Z_AOI21_X1_B1_ZN_AOI21_X1_B1_A_AOI221_X1_ZN_C2 (net)                                                                                                            | 3      |             |            |            | 0.000       |        |                 |
| alu_mod.bus_in_rs1_0__MUX2_X1_B_Z_AOI21_X1_B1_1_ZN_AOI21_X1_B2_ZN_OAI221_X1_B1_ZN_AOI22_X1_B1_ZN_OAI21_X2_A_ZN_NOR2_X1_A1_A2_NOR4_X4_ZN:A4 (NOR4_X4)                                            |        | 0.006       | 0.000      | 0.015      |             | 0.000  | 0.683f          |
| alu_mod.bus_in_rs1_0__MUX2_X1_B_Z_AOI21_X1_B1_1_ZN_AOI21_X1_B2_ZN_OAI221_X1_B1_ZN_AOI22_X1_B1_ZN_OAI21_X2_A_ZN_NOR2_X1_A1_A2_NOR4_X4_ZN:ZN (NOR4_X4)                                            |        | 0.008       | 0.000      | 0.046      |             | 0.087  | 0.770r          |
| alu_mod.bus_in_rs1_0__MUX2_X1_B_Z_AOI21_X1_B1_1_ZN_AOI21_X1_B2_ZN_OAI221_X1_B1_ZN_AOI22_X1_B1_ZN_OAI21_X2_A_ZN_NOR2_X1_A1_A2 (net)                                                              | 2      |             |            |            | 0.000       |        |                 |
| alu_mod.bus_in_rs1_0__MUX2_X1_B_Z_AOI21_X1_B1_1_ZN_AOI21_X1_B2_ZN_OAI221_X1_B1_ZN_AOI22_X1_B1_ZN_OAI21_X2_A_ZN_NOR3_X4_A1:A2 (NOR3_X4)                                                          |        | 0.006       | 0.000      | 0.046      |             | 0.000  | 0.770r          |
| alu_mod.bus_in_rs1_0__MUX2_X1_B_Z_AOI21_X1_B1_1_ZN_AOI21_X1_B2_ZN_OAI221_X1_B1_ZN_AOI22_X1_B1_ZN_OAI21_X2_A_ZN_NOR3_X4_A1:ZN (NOR3_X4)                                                          |        | 0.006       | 0.000      | 0.013      |             | 0.016  | 0.786f          |
| alu_mod.bus_in_rs1_0__MUX2_X1_B_Z_AOI21_X1_B1_1_ZN_AOI21_X1_B2_ZN_OAI221_X1_B1_ZN_AOI22_X1_B1_ZN_OAI21_X2_A_ZN_NOR3_X4_A1_ZN (net)                                                              | 1      |             |            |            | 0.000       |        |                 |
| alu_mod.bus_in_rs1_0__MUX2_X1_B_Z_AOI21_X1_B1_1_ZN_AOI21_X1_B2_ZN_OAI221_X1_B1_ZN_AOI22_X1_B1_ZN_OAI21_X2_A_ZN_NOR3_X4_A1_ZN_BUF_X8_A:A (BUF_X8)                                                |        | 0.007       | 0.000      | 0.013      |             | 0.000  | 0.786f          |
| alu_mod.bus_in_rs1_0__MUX2_X1_B_Z_AOI21_X1_B1_1_ZN_AOI21_X1_B2_ZN_OAI221_X1_B1_ZN_AOI22_X1_B1_ZN_OAI21_X2_A_ZN_NOR3_X4_A1_ZN_BUF_X8_A:Z (BUF_X8)                                                |        | 0.037       | 0.000      | 0.008      |             | 0.032  | 0.819f          |
| ifu_mod.block_offset[5]_3__AOI211_X1_C2_ZN_OAI21_X1_B1_ZN_MUX2_X1_B_S (net)                                                                                                                     | 15     |             |            |            | 0.000       |        |                 |
| ifu_mod.block_offset[5]_3__AOI211_X1_C2_ZN_OAI21_X1_B1_ZN_MUX2_X1_B:S (MUX2_X1)                                                                                                                 |        | 0.002       | 0.000      | 0.008      |             | 0.000  | 0.819f          |
| ifu_mod.block_offset[5]_3__AOI211_X1_C2_ZN_OAI21_X1_B1_ZN_MUX2_X1_B:Z (MUX2_X1)                                                                                                                 |        | 0.005       | 0.000      | 0.014      |             | 0.055  | 0.873f          |
| ifu_mod.block_offset[5]_3__AOI211_X1_C2_ZN_OAI21_X1_B1_ZN_MUX2_X1_B_Z (net)                                                                                                                     | 2      |             |            |            | 0.000       |        |                 |
| ifu_mod.block_offset[5]_3__AOI211_X1_C2_ZN_OAI21_X1_B1_ZN_MUX2_X1_B_Z_OAI221_X2_B2:B2 (OAI221_X2)                                                                                               |        | 0.003       | 0.000      | 0.014      |             | 0.000  | 0.873f          |
| ifu_mod.block_offset[5]_3__AOI211_X1_C2_ZN_OAI21_X1_B1_ZN_MUX2_X1_B_Z_OAI221_X2_B2:ZN (OAI221_X2)                                                                                               |        | 0.010       | 0.000      | 0.055      |             | 0.072  | 0.945r          |
| csr_mod.regs[4]_8__OAI211_X1_C1_B_OAI211_X1_ZN_C2_XNOR2_X1_ZN_A (net)                                                                                                                           | 5      |             |            |            | 0.000       |        |                 |
| ifu_mod.block_offset[5]_10__AOI21_X1_B2_ZN_INV_X1_A_ZN_AOI22_X1_A2_B2_NAND2_X1_ZN_A2_AND2_X4_A2:A1 (AND2_X4)                                                                                    |        | 0.003       | 0.000      | 0.055      |             | 0.000  | 0.945r          |
| ifu_mod.block_offset[5]_10__AOI21_X1_B2_ZN_INV_X1_A_ZN_AOI22_X1_A2_B2_NAND2_X1_ZN_A2_AND2_X4_A2:ZN (AND2_X4)                                                                                    |        | 0.013       | 0.000      | 0.013      |             | 0.045  | 0.990r          |
| ifu_mod.block_offset[5]_10__AOI21_X1_B2_ZN_INV_X1_A_ZN_NAND2_X1_A2_ZN_OAI211_X4_B_C1 (net)                                                                                                      | 3      |             |            |            | 0.000       |        |                 |
| pc_mod.pc_11__reg_p_D_OAI21_X1_ZN_B2_AOI21_X1_ZN_B2_XNOR2_X1_ZN_A_OR2_X4_A1_ZN_OAI21_X2_B1:B2 (OAI21_X2)                                                                                        |        | 0.003       | 0.000      | 0.013      |             | 0.000  | 0.990r          |
| pc_mod.pc_11__reg_p_D_OAI21_X1_ZN_B2_AOI21_X1_ZN_B2_XNOR2_X1_ZN_A_OR2_X4_A1_ZN_OAI21_X2_B1:ZN (OAI21_X2)                                                                                        |        | 0.003       | 0.000      | 0.011      |             | 0.018  | 1.008f          |
| pc_mod.pc_11__reg_p_D_OAI21_X1_ZN_B2_AOI21_X1_ZN_B2_XNOR2_X1_ZN_A_OR2_X4_A1_ZN_OAI21_X2_B1_ZN (net)                                                                                             | 1      |             |            |            | 0.000       |        |                 |
| pc_mod.pc_11__reg_p_D_OAI21_X1_ZN_B2_AOI21_X1_ZN_B2_XNOR2_X1_ZN_A_OR2_X4_A1_ZN_OAI21_X2_B1_ZN_BUF_X4_A:A (BUF_X4)                                                                               |        | 0.003       | 0.000      | 0.011      |             | 0.000  | 1.008f          |
| pc_mod.pc_11__reg_p_D_OAI21_X1_ZN_B2_AOI21_X1_ZN_B2_XNOR2_X1_ZN_A_OR2_X4_A1_ZN_OAI21_X2_B1_ZN_BUF_X4_A:Z (BUF_X4)                                                                               |        | 0.020       | 0.000      | 0.009      |             | 0.032  | 1.040f          |
| pc_mod.pc_15__reg_p_D_AOI21_X1_ZN_B2_XOR2_X1_Z_B_MUX2_X1_Z_S (net)                                                                                                                              | 14     |             |            |            | 0.000       |        |                 |
| de_ex_bus_next_pc_de_23__reg_p_D_AOI211_X1_ZN_C1_XOR2_X1_Z_B_AOI22_X1_ZN_A2_AOI211_X1_ZN:C2 (AOI211_X1)                                                                                         |        | 0.002       | 0.000      | 0.009      |             | 0.000  | 1.040f          |
| de_ex_bus_next_pc_de_23__reg_p_D_AOI211_X1_ZN_C1_XOR2_X1_Z_B_AOI22_X1_ZN_A2_AOI211_X1_ZN:ZN (AOI211_X1)                                                                                         |        | 0.003       | 0.000      | 0.053      |             | 0.063  | 1.103r          |
| de_ex_bus_next_pc_de_23__reg_p_D_AOI211_X1_ZN_C1_XOR2_X1_Z_B_AOI22_X1_ZN_A2 (net)                                                                                                               | 2      |             |            |            | 0.000       |        |                 |
| de_ex_bus_next_pc_de_23__reg_p_D_AOI211_X1_ZN_C1_XOR2_X1_Z_B_AOI22_X1_ZN:A2 (AOI22_X1)                                                                                                          |        | 0.002       | 0.000      | 0.053      |             | 0.000  | 1.103r          |
| de_ex_bus_next_pc_de_23__reg_p_D_AOI211_X1_ZN_C1_XOR2_X1_Z_B_AOI22_X1_ZN:ZN (AOI22_X1)                                                                                                          |        | 0.002       | 0.000      | 0.015      |             | 0.026  | 1.129f          |
| de_ex_bus_next_pc_de_23__reg_p_D_AOI211_X1_ZN_C1_XOR2_X1_Z_B (net)                                                                                                                              | 1      |             |            |            | 0.000       |        |                 |
| de_ex_bus_next_pc_de_23__reg_p_D_AOI211_X1_ZN_C1_XOR2_X1_Z:B (XOR2_X1)                                                                                                                          |        | 0.002       | 0.000      | 0.015      |             | 0.000  | 1.129f          |
| de_ex_bus_next_pc_de_23__reg_p_D_AOI211_X1_ZN_C1_XOR2_X1_Z:Z (XOR2_X1)                                                                                                                          |        | 0.001       | 0.000      | 0.012      |             | 0.058  | 1.187f          |
| de_ex_bus_next_pc_de_23__reg_p_D_AOI211_X1_ZN_C1 (net)                                                                                                                                          | 1      |             |            |            | 0.000       |        |                 |
| de_ex_bus_next_pc_de_23__reg_p_D_AOI211_X1_ZN:C1 (AOI211_X1)                                                                                                                                    |        | 0.002       | 0.000      | 0.012      |             | 0.000  | 1.187f          |
| de_ex_bus_next_pc_de_23__reg_p_D_AOI211_X1_ZN:ZN (AOI211_X1)                                                                                                                                    |        | 0.001       | 0.000      | 0.039      |             | 0.041  | 1.227r          |
| de_ex_bus_next_pc_de_23__reg_p_D (net)                                                                                                                                                          | 1      |             |            |            | 0.000       |        |                 |
| de_ex_bus_next_pc_de_23__reg_p:D (DFF_X1)                                                                                                                                                       |        | 0.001       | 0.000      | 0.039      |             | 0.000  | 1.227r          |
|                                                                                                                                                                                                 |        |             |            |            |             |        |                 |
| clock (port)                                                                                                                                                                                    |        | 0.856       | 0.000      | 0.000      |             | 0.000  | 0.000r          |
| clock (clock net)                                                                                                                                                                               | 839    |             |            |            | NA          |        |                 |
| de_ex_bus_next_pc_de_23__reg_p:CK (DFF_X1)                                                                                                                                                      |        | 0.001       | 0.000      | 0.000      |             | 0.000  | 0.000r          |
| clock core_clock (rise edge)                                                                                                                                                                    |        |             |            |            |             | 1.769  | 1.769           |
| clock network delay (ideal)                                                                                                                                                                     |        |             |            |            |             | 0.000  | 1.769           |
| de_ex_bus_next_pc_de_23__reg_p:CK (DFF_X1)                                                                                                                                                      |        |             |            |            |             |        | 1.769r          |
| library setup time                                                                                                                                                                              |        |             |            |            |             | -0.040 | 1.729           |
| clock reconvergence pessimism                                                                                                                                                                   |        |             |            |            |             | 0.000  | 1.729           |
|                                                                                                                                                                                                 |        |             |            |            |             |        |                 |
| path cell delay                                                                                                                                                                                 |        |             |            |            |             |        | 1.227(100.000%) |
| path net delay                                                                                                                                                                                  |        |             |            |            |             |        | 0.000(0.000%)   |
|                                                                                                                                                                                                 |        |             |            |            |             |        |                 |
| data require time                                                                                                                                                                               |        |             |            |            |             |        | 1.729           |
| data arrival time                                                                                                                                                                               |        |             |            |            |             |        | 1.227           |
| slack (MET)                                                                                                                                                                                     |        |             |            |            |             |        | 0.502           |
+-------------------------------------------------------------------------------------------------------------------------------------------------------------------------------------------------+--------+-------------+------------+------------+-------------+--------+-----------------+
+-------------------------------------------------------------------------------------------------------------------------------------------------------------------------------------------------+--------+-------------+------------+------------+-------------+--------+-----------------+
| Point                                                                                                                                                                                           | Fanout | Capacitance | Resistance | Transition | Delta Delay | Incr   | Path            |
+-------------------------------------------------------------------------------------------------------------------------------------------------------------------------------------------------+--------+-------------+------------+------------+-------------+--------+-----------------+
| clock (port)                                                                                                                                                                                    |        | 0.856       | 0.000      | 0.000      |             | 0.000  | 0.000r          |
| clock (clock net)                                                                                                                                                                               | 839    |             |            |            | NA          |        |                 |
| alu_mod.bus_in_alu_op_3__reg_p:CK (DFF_X1)                                                                                                                                                      |        | 0.001       | 0.000      | 0.000      |             | 0.000  | 0.000r          |
| clock core_clock (rise edge)                                                                                                                                                                    |        |             |            |            |             | 0      | 0               |
| clock network delay (ideal)                                                                                                                                                                     |        |             |            |            |             | 0.000  | 0.000           |
| alu_mod.bus_in_alu_op_3__reg_p:CK (DFF_X1)                                                                                                                                                      |        | 0.001       | 0.000      | 0.000      |             | 0.000  | 0.000r          |
| alu_mod.bus_in_alu_op_3__reg_p:Q (DFF_X1)                                                                                                                                                       |        | 0.024       | 0.000      | 0.030      |             | 0.112  | 0.112f          |
| alu_mod.bus_in_alu_op_3_ (net)                                                                                                                                                                  | 12     |             |            |            | 0.000       |        |                 |
| alu_mod.bus_in_alu_op_0__OR4_X4_A1:A4 (OR4_X4)                                                                                                                                                  |        | 0.004       | 0.000      | 0.030      |             | 0.000  | 0.112f          |
| alu_mod.bus_in_alu_op_0__OR4_X4_A1:ZN (OR4_X4)                                                                                                                                                  |        | 0.006       | 0.000      | 0.016      |             | 0.113  | 0.225f          |
| alu_mod.bus_in_alu_op_0__OR4_X4_A1_ZN (net)                                                                                                                                                     | 1      |             |            |            | 0.000       |        |                 |
| alu_mod.bus_in_alu_op_4__reg_p_QN_AOI21_X4_B1:B2 (AOI21_X4)                                                                                                                                     |        | 0.007       | 0.000      | 0.016      |             | 0.000  | 0.225f          |
| alu_mod.bus_in_alu_op_4__reg_p_QN_AOI21_X4_B1:ZN (AOI21_X4)                                                                                                                                     |        | 0.012       | 0.000      | 0.029      |             | 0.042  | 0.267r          |
| alu_mod.bus_in_alu_op_4__reg_p_QN_AOI21_X4_B1_ZN (net)                                                                                                                                          | 1      |             |            |            | 0.000       |        |                 |
| alu_mod.bus_in_alu_op_4__reg_p_QN_AOI21_X4_B1_ZN_BUF_X16_A:A (BUF_X16)                                                                                                                          |        | 0.012       | 0.000      | 0.029      |             | 0.000  | 0.267r          |
| alu_mod.bus_in_alu_op_4__reg_p_QN_AOI21_X4_B1_ZN_BUF_X16_A:Z (BUF_X16)                                                                                                                          |        | 0.065       | 0.000      | 0.013      |             | 0.033  | 0.300r          |
| alu_mod.bus_in_alu_op_4__reg_p_QN_AOI21_X4_B1_ZN_BUF_X16_A_Z (net)                                                                                                                              | 18     |             |            |            | 0.000       |        |                 |
| alu_mod.bus_in_rs1_1__MUX2_X1_B_Z_AOI222_X1_A2_B2_AOI21_X1_ZN_B1_OR2_X1_A2_ZN_OAI221_X1_A_B2_AOI21_X1_ZN:B2 (AOI21_X1)                                                                          |        | 0.002       | 0.000      | 0.013      |             | 0.000  | 0.300r          |
| alu_mod.bus_in_rs1_1__MUX2_X1_B_Z_AOI222_X1_A2_B2_AOI21_X1_ZN_B1_OR2_X1_A2_ZN_OAI221_X1_A_B2_AOI21_X1_ZN:ZN (AOI21_X1)                                                                          |        | 0.002       | 0.000      | 0.012      |             | 0.016  | 0.316f          |
| alu_mod.bus_in_rs1_1__MUX2_X1_B_Z_AOI222_X1_A2_B2_AOI21_X1_ZN_B1_OR2_X1_A2_ZN_OAI221_X1_A_B2 (net)                                                                                              | 1      |             |            |            | 0.000       |        |                 |
| alu_mod.bus_in_rs1_1__MUX2_X1_B_Z_AOI222_X1_A2_B2_AOI21_X1_ZN_B1_OR2_X1_A2_ZN_OAI221_X1_A:B2 (OAI221_X1)                                                                                        |        | 0.002       | 0.000      | 0.012      |             | 0.000  | 0.316f          |
| alu_mod.bus_in_rs1_1__MUX2_X1_B_Z_AOI222_X1_A2_B2_AOI21_X1_ZN_B1_OR2_X1_A2_ZN_OAI221_X1_A:ZN (OAI221_X1)                                                                                        |        | 0.003       | 0.000      | 0.046      |             | 0.062  | 0.378r          |
| alu_mod.bus_in_rs1_1__MUX2_X1_B_Z_AOI222_X1_A2_B2_AOI21_X1_ZN_B1_OR2_X1_A2_ZN_OAI221_X1_A_ZN (net)                                                                                              | 1      |             |            |            | 0.000       |        |                 |
| alu_mod.bus_in_rs1_1__MUX2_X1_B_Z_AOI222_X1_A2_B2_AOI21_X1_ZN_B1_OR2_X1_A2_ZN_OAI221_X1_A_ZN_BUF_X4_A:A (BUF_X4)                                                                                |        | 0.003       | 0.000      | 0.046      |             | 0.000  | 0.378r          |
| alu_mod.bus_in_rs1_1__MUX2_X1_B_Z_AOI222_X1_A2_B2_AOI21_X1_ZN_B1_OR2_X1_A2_ZN_OAI221_X1_A_ZN_BUF_X4_A:Z (BUF_X4)                                                                                |        | 0.019       | 0.000      | 0.014      |             | 0.036  | 0.414r          |
| alu_mod.bus_in_rs1_2__MUX2_X1_B_Z_AOI21_X1_B1_ZN_OAI22_X1_B1_A2_XNOR2_X1_ZN_A (net)                                                                                                             | 10     |             |            |            | 0.000       |        |                 |
| alu_mod.bus_in_data_rs2_0__reg_p_D_AOI211_X1_ZN_C2_NOR2_X1_A1_ZN_AOI221_X1_B1_B2_AND4_X1_A2_A3_NAND2_X1_ZN_A1_OAI211_X1_C2_ZN_MUX2_X1_A_Z_AOI21_X1_A_B2_AOI22_X1_A1_ZN_OAI21_X2_A:B2 (OAI21_X2) |        | 0.003       | 0.000      | 0.014      |             | 0.000  | 0.414r          |
| alu_mod.bus_in_data_rs2_0__reg_p_D_AOI211_X1_ZN_C2_NOR2_X1_A1_ZN_AOI221_X1_B1_B2_AND4_X1_A2_A3_NAND2_X1_ZN_A1_OAI211_X1_C2_ZN_MUX2_X1_A_Z_AOI21_X1_A_B2_AOI22_X1_A1_ZN_OAI21_X2_A:ZN (OAI21_X2) |        | 0.003       | 0.000      | 0.011      |             | 0.018  | 0.432f          |
| alu_mod.bus_in_data_rs2_0__reg_p_D_AOI211_X1_ZN_C2_NOR2_X1_A1_ZN_AOI221_X1_B1_B2_AND4_X1_A2_A3_NAND2_X1_ZN_A1_OAI211_X1_C2_ZN_MUX2_X1_A_Z_AOI21_X1_A_ZN_AOI21_X1_A_ZN_AND3_X2_A3_A1 (net)       | 2      |             |            |            | 0.000       |        |                 |
| alu_mod.bus_in_data_rs2_0__reg_p_D_AOI211_X1_ZN_C2_NOR2_X1_A1_ZN_AOI221_X1_B1_B2_AND4_X1_A2_A3_NAND2_X1_ZN_A1_OAI211_X1_C2_ZN_MUX2_X1_A_Z_AOI21_X1_A_ZN_AOI21_X1_A_ZN_AND3_X2_A3:A1 (AND3_X2)   |        | 0.002       | 0.000      | 0.011      |             | 0.000  | 0.432f          |
| alu_mod.bus_in_data_rs2_0__reg_p_D_AOI211_X1_ZN_C2_NOR2_X1_A1_ZN_AOI221_X1_B1_B2_AND4_X1_A2_A3_NAND2_X1_ZN_A1_OAI211_X1_C2_ZN_MUX2_X1_A_Z_AOI21_X1_A_ZN_AOI21_X1_A_ZN_AND3_X2_A3:ZN (AND3_X2)   |        | 0.005       | 0.000      | 0.008      |             | 0.033  | 0.466f          |
| alu_mod.bus_in_data_csr_16__reg_p_QN_NOR2_X1_A1_ZN_OAI21_X1_B2_ZN_OAI221_X1_C1_B2_XNOR2_X2_B_ZN_OAI21_X1_A_ZN_AOI22_X1_A2_ZN_OAI221_X2_A_ZN_AOI21_X1_A_B1 (net)                                 | 3      |             |            |            | 0.000       |        |                 |
| alu_mod.bus_in_data_csr_16__reg_p_QN_NOR2_X1_A1_ZN_OAI21_X1_B2_ZN_OAI221_X1_C1_B2_XNOR2_X2_B_ZN_OAI21_X1_A_ZN_AOI22_X1_A2_ZN_OAI221_X2_A_ZN_AOI211_X4_B:C2 (AOI211_X4)                          |        | 0.002       | 0.000      | 0.008      |             | 0.000  | 0.466f          |
| alu_mod.bus_in_data_csr_16__reg_p_QN_NOR2_X1_A1_ZN_OAI21_X1_B2_ZN_OAI221_X1_C1_B2_XNOR2_X2_B_ZN_OAI21_X1_A_ZN_AOI22_X1_A2_ZN_OAI221_X2_A_ZN_AOI211_X4_B:ZN (AOI211_X4)                          |        | 0.010       | 0.000      | 0.011      |             | 0.093  | 0.559r          |
| alu_mod.bus_in_rs1_0__MUX2_X1_B_Z_AOI21_X1_B1_1_ZN_AOI21_X1_B2_ZN_OAI221_X1_B1_C2_OR2_X1_ZN_A2 (net)                                                                                            | 5      |             |            |            | 0.000       |        |                 |
| alu_mod.bus_in_rs1_0__MUX2_X1_B_Z_AOI21_X1_B1_ZN_AOI21_X1_B1_B2_OAI21_X1_ZN_B1_NOR3_X1_ZN_A3_XNOR2_X1_ZN_B_NOR4_X4_ZN_A3_AND2_X1_ZN:A1 (AND2_X1)                                                |        | 0.001       | 0.000      | 0.011      |             | 0.000  | 0.559r          |
| alu_mod.bus_in_rs1_0__MUX2_X1_B_Z_AOI21_X1_B1_ZN_AOI21_X1_B1_B2_OAI21_X1_ZN_B1_NOR3_X1_ZN_A3_XNOR2_X1_ZN_B_NOR4_X4_ZN_A3_AND2_X1_ZN:ZN (AND2_X1)                                                |        | 0.006       | 0.000      | 0.020      |             | 0.045  | 0.604r          |
| alu_mod.bus_in_rs1_0__MUX2_X1_B_Z_AOI21_X1_B1_ZN_AOI21_X1_B1_B2_OAI21_X1_ZN_B1_NOR3_X1_ZN_A3_XNOR2_X1_ZN_B_NOR4_X4_ZN_A3 (net)                                                                  | 1      |             |            |            | 0.000       |        |                 |
| alu_mod.bus_in_rs1_0__MUX2_X1_B_Z_AOI21_X1_B1_ZN_AOI21_X1_B1_B2_OAI21_X1_ZN_B1_NOR3_X1_ZN_A3_XNOR2_X1_ZN_B_NOR4_X4_ZN:A3 (NOR4_X4)                                                              |        | 0.006       | 0.000      | 0.020      |             | 0.000  | 0.604r          |
| alu_mod.bus_in_rs1_0__MUX2_X1_B_Z_AOI21_X1_B1_ZN_AOI21_X1_B1_B2_OAI21_X1_ZN_B1_NOR3_X1_ZN_A3_XNOR2_X1_ZN_B_NOR4_X4_ZN:ZN (NOR4_X4)                                                              |        | 0.007       | 0.000      | 0.015      |             | 0.015  | 0.619f          |
| alu_mod.bus_in_rs1_0__MUX2_X1_B_Z_AOI21_X1_B1_ZN_AOI21_X1_B1_B2_OAI21_X1_ZN_B1_NOR3_X1_ZN_A3_XNOR2_X1_ZN_B (net)                                                                                | 2      |             |            |            | 0.000       |        |                 |
| alu_mod.bus_in_rs1_0__MUX2_X1_B_Z_AOI21_X1_B1_ZN_AOI21_X1_B1_B2_OAI21_X1_ZN_B1_NOR3_X1_ZN_A3_XNOR2_X1_ZN_B_XOR2_X2_B:B (XOR2_X2)                                                                |        | 0.005       | 0.000      | 0.015      |             | 0.000  | 0.619f          |
| alu_mod.bus_in_rs1_0__MUX2_X1_B_Z_AOI21_X1_B1_ZN_AOI21_X1_B1_B2_OAI21_X1_ZN_B1_NOR3_X1_ZN_A3_XNOR2_X1_ZN_B_XOR2_X2_B:Z (XOR2_X2)                                                                |        | 0.009       | 0.000      | 0.015      |             | 0.064  | 0.683f          |
| alu_mod.bus_in_rs1_0__MUX2_X1_B_Z_AOI21_X1_B1_ZN_AOI21_X1_B1_A_AOI221_X1_ZN_C2 (net)                                                                                                            | 3      |             |            |            | 0.000       |        |                 |
| alu_mod.bus_in_rs1_0__MUX2_X1_B_Z_AOI21_X1_B1_1_ZN_AOI21_X1_B2_ZN_OAI221_X1_B1_ZN_AOI22_X1_B1_ZN_OAI21_X2_A_ZN_NOR2_X1_A1_A2_NOR4_X4_ZN:A4 (NOR4_X4)                                            |        | 0.006       | 0.000      | 0.015      |             | 0.000  | 0.683f          |
| alu_mod.bus_in_rs1_0__MUX2_X1_B_Z_AOI21_X1_B1_1_ZN_AOI21_X1_B2_ZN_OAI221_X1_B1_ZN_AOI22_X1_B1_ZN_OAI21_X2_A_ZN_NOR2_X1_A1_A2_NOR4_X4_ZN:ZN (NOR4_X4)                                            |        | 0.008       | 0.000      | 0.046      |             | 0.087  | 0.770r          |
| alu_mod.bus_in_rs1_0__MUX2_X1_B_Z_AOI21_X1_B1_1_ZN_AOI21_X1_B2_ZN_OAI221_X1_B1_ZN_AOI22_X1_B1_ZN_OAI21_X2_A_ZN_NOR2_X1_A1_A2 (net)                                                              | 2      |             |            |            | 0.000       |        |                 |
| alu_mod.bus_in_rs1_0__MUX2_X1_B_Z_AOI21_X1_B1_1_ZN_AOI21_X1_B2_ZN_OAI221_X1_B1_ZN_AOI22_X1_B1_ZN_OAI21_X2_A_ZN_NOR3_X4_A1:A2 (NOR3_X4)                                                          |        | 0.006       | 0.000      | 0.046      |             | 0.000  | 0.770r          |
| alu_mod.bus_in_rs1_0__MUX2_X1_B_Z_AOI21_X1_B1_1_ZN_AOI21_X1_B2_ZN_OAI221_X1_B1_ZN_AOI22_X1_B1_ZN_OAI21_X2_A_ZN_NOR3_X4_A1:ZN (NOR3_X4)                                                          |        | 0.006       | 0.000      | 0.013      |             | 0.016  | 0.786f          |
| alu_mod.bus_in_rs1_0__MUX2_X1_B_Z_AOI21_X1_B1_1_ZN_AOI21_X1_B2_ZN_OAI221_X1_B1_ZN_AOI22_X1_B1_ZN_OAI21_X2_A_ZN_NOR3_X4_A1_ZN (net)                                                              | 1      |             |            |            | 0.000       |        |                 |
| alu_mod.bus_in_rs1_0__MUX2_X1_B_Z_AOI21_X1_B1_1_ZN_AOI21_X1_B2_ZN_OAI221_X1_B1_ZN_AOI22_X1_B1_ZN_OAI21_X2_A_ZN_NOR3_X4_A1_ZN_BUF_X8_A:A (BUF_X8)                                                |        | 0.007       | 0.000      | 0.013      |             | 0.000  | 0.786f          |
| alu_mod.bus_in_rs1_0__MUX2_X1_B_Z_AOI21_X1_B1_1_ZN_AOI21_X1_B2_ZN_OAI221_X1_B1_ZN_AOI22_X1_B1_ZN_OAI21_X2_A_ZN_NOR3_X4_A1_ZN_BUF_X8_A:Z (BUF_X8)                                                |        | 0.037       | 0.000      | 0.008      |             | 0.032  | 0.819f          |
| ifu_mod.block_offset[5]_3__AOI211_X1_C2_ZN_OAI21_X1_B1_ZN_MUX2_X1_B_S (net)                                                                                                                     | 15     |             |            |            | 0.000       |        |                 |
| ifu_mod.block_offset[5]_3__AOI211_X1_C2_ZN_OAI21_X1_B1_ZN_MUX2_X1_B:S (MUX2_X1)                                                                                                                 |        | 0.002       | 0.000      | 0.008      |             | 0.000  | 0.819f          |
| ifu_mod.block_offset[5]_3__AOI211_X1_C2_ZN_OAI21_X1_B1_ZN_MUX2_X1_B:Z (MUX2_X1)                                                                                                                 |        | 0.005       | 0.000      | 0.014      |             | 0.055  | 0.873f          |
| ifu_mod.block_offset[5]_3__AOI211_X1_C2_ZN_OAI21_X1_B1_ZN_MUX2_X1_B_Z (net)                                                                                                                     | 2      |             |            |            | 0.000       |        |                 |
| ifu_mod.block_offset[5]_3__AOI211_X1_C2_ZN_OAI21_X1_B1_ZN_MUX2_X1_B_Z_OAI221_X2_B2:B2 (OAI221_X2)                                                                                               |        | 0.003       | 0.000      | 0.014      |             | 0.000  | 0.873f          |
| ifu_mod.block_offset[5]_3__AOI211_X1_C2_ZN_OAI21_X1_B1_ZN_MUX2_X1_B_Z_OAI221_X2_B2:ZN (OAI221_X2)                                                                                               |        | 0.010       | 0.000      | 0.055      |             | 0.072  | 0.945r          |
| csr_mod.regs[4]_8__OAI211_X1_C1_B_OAI211_X1_ZN_C2_XNOR2_X1_ZN_A (net)                                                                                                                           | 5      |             |            |            | 0.000       |        |                 |
| ifu_mod.block_offset[5]_10__AOI21_X1_B2_ZN_INV_X1_A_ZN_AOI22_X1_A2_B2_NAND2_X1_ZN_A2_AND2_X4_A2:A1 (AND2_X4)                                                                                    |        | 0.003       | 0.000      | 0.055      |             | 0.000  | 0.945r          |
| ifu_mod.block_offset[5]_10__AOI21_X1_B2_ZN_INV_X1_A_ZN_AOI22_X1_A2_B2_NAND2_X1_ZN_A2_AND2_X4_A2:ZN (AND2_X4)                                                                                    |        | 0.013       | 0.000      | 0.013      |             | 0.045  | 0.990r          |
| ifu_mod.block_offset[5]_10__AOI21_X1_B2_ZN_INV_X1_A_ZN_NAND2_X1_A2_ZN_OAI211_X4_B_C1 (net)                                                                                                      | 3      |             |            |            | 0.000       |        |                 |
| pc_mod.pc_11__reg_p_D_OAI21_X1_ZN_B2_AOI21_X1_ZN_B2_XNOR2_X1_ZN_A_OR2_X4_A1_ZN_OAI21_X2_B1:B2 (OAI21_X2)                                                                                        |        | 0.003       | 0.000      | 0.013      |             | 0.000  | 0.990r          |
| pc_mod.pc_11__reg_p_D_OAI21_X1_ZN_B2_AOI21_X1_ZN_B2_XNOR2_X1_ZN_A_OR2_X4_A1_ZN_OAI21_X2_B1:ZN (OAI21_X2)                                                                                        |        | 0.003       | 0.000      | 0.011      |             | 0.018  | 1.008f          |
| pc_mod.pc_11__reg_p_D_OAI21_X1_ZN_B2_AOI21_X1_ZN_B2_XNOR2_X1_ZN_A_OR2_X4_A1_ZN_OAI21_X2_B1_ZN (net)                                                                                             | 1      |             |            |            | 0.000       |        |                 |
| pc_mod.pc_11__reg_p_D_OAI21_X1_ZN_B2_AOI21_X1_ZN_B2_XNOR2_X1_ZN_A_OR2_X4_A1_ZN_OAI21_X2_B1_ZN_BUF_X4_A:A (BUF_X4)                                                                               |        | 0.003       | 0.000      | 0.011      |             | 0.000  | 1.008f          |
| pc_mod.pc_11__reg_p_D_OAI21_X1_ZN_B2_AOI21_X1_ZN_B2_XNOR2_X1_ZN_A_OR2_X4_A1_ZN_OAI21_X2_B1_ZN_BUF_X4_A:Z (BUF_X4)                                                                               |        | 0.020       | 0.000      | 0.009      |             | 0.032  | 1.040f          |
| pc_mod.pc_15__reg_p_D_AOI21_X1_ZN_B2_XOR2_X1_Z_B_MUX2_X1_Z_S (net)                                                                                                                              | 14     |             |            |            | 0.000       |        |                 |
| pc_mod.pc_13__reg_p_D_OAI22_X1_ZN_B2_XNOR2_X1_ZN_B_MUX2_X1_Z_A_OR2_X1_ZN:A1 (OR2_X1)                                                                                                            |        | 0.001       | 0.000      | 0.009      |             | 0.000  | 1.040f          |
| pc_mod.pc_13__reg_p_D_OAI22_X1_ZN_B2_XNOR2_X1_ZN_B_MUX2_X1_Z_A_OR2_X1_ZN:ZN (OR2_X1)                                                                                                            |        | 0.002       | 0.000      | 0.011      |             | 0.048  | 1.087f          |
| pc_mod.pc_13__reg_p_D_OAI22_X1_ZN_B2_XNOR2_X1_ZN_B_MUX2_X1_Z_A (net)                                                                                                                            | 2      |             |            |            | 0.000       |        |                 |
| pc_mod.pc_13__reg_p_D_OAI22_X1_ZN_B2_XNOR2_X1_ZN_B_MUX2_X1_Z:A (MUX2_X1)                                                                                                                        |        | 0.001       | 0.000      | 0.011      |             | 0.000  | 1.087f          |
| pc_mod.pc_13__reg_p_D_OAI22_X1_ZN_B2_XNOR2_X1_ZN_B_MUX2_X1_Z:Z (MUX2_X1)                                                                                                                        |        | 0.002       | 0.000      | 0.012      |             | 0.062  | 1.149f          |
| pc_mod.pc_13__reg_p_D_OAI22_X1_ZN_B2_XNOR2_X1_ZN_B (net)                                                                                                                                        | 1      |             |            |            | 0.000       |        |                 |
| pc_mod.pc_13__reg_p_D_OAI22_X1_ZN_B2_XNOR2_X1_ZN:B (XNOR2_X1)                                                                                                                                   |        | 0.003       | 0.000      | 0.012      |             | 0.000  | 1.149f          |
| pc_mod.pc_13__reg_p_D_OAI22_X1_ZN_B2_XNOR2_X1_ZN:ZN (XNOR2_X1)                                                                                                                                  |        | 0.003       | 0.000      | 0.029      |             | 0.045  | 1.194r          |
| pc_mod.pc_13__reg_p_D_OAI22_X1_ZN_B2 (net)                                                                                                                                                      | 2      |             |            |            | 0.000       |        |                 |
| pc_mod.pc_13__reg_p_D_OAI22_X1_ZN:B2 (OAI22_X1)                                                                                                                                                 |        | 0.002       | 0.000      | 0.029      |             | 0.000  | 1.194r          |
| pc_mod.pc_13__reg_p_D_OAI22_X1_ZN:ZN (OAI22_X1)                                                                                                                                                 |        | 0.001       | 0.000      | 0.015      |             | 0.027  | 1.221f          |
| pc_mod.pc_13__reg_p_D (net)                                                                                                                                                                     | 1      |             |            |            | 0.000       |        |                 |
| pc_mod.pc_13__reg_p:D (DFF_X1)                                                                                                                                                                  |        | 0.001       | 0.000      | 0.015      |             | 0.000  | 1.221f          |
|                                                                                                                                                                                                 |        |             |            |            |             |        |                 |
| clock (port)                                                                                                                                                                                    |        | 0.856       | 0.000      | 0.000      |             | 0.000  | 0.000r          |
| clock (clock net)                                                                                                                                                                               | 839    |             |            |            | NA          |        |                 |
| pc_mod.pc_13__reg_p:CK (DFF_X1)                                                                                                                                                                 |        | 0.001       | 0.000      | 0.000      |             | 0.000  | 0.000r          |
| clock core_clock (rise edge)                                                                                                                                                                    |        |             |            |            |             | 1.769  | 1.769           |
| clock network delay (ideal)                                                                                                                                                                     |        |             |            |            |             | 0.000  | 1.769           |
| pc_mod.pc_13__reg_p:CK (DFF_X1)                                                                                                                                                                 |        |             |            |            |             |        | 1.769r          |
| library setup time                                                                                                                                                                              |        |             |            |            |             | -0.043 | 1.726           |
| clock reconvergence pessimism                                                                                                                                                                   |        |             |            |            |             | 0.000  | 1.726           |
|                                                                                                                                                                                                 |        |             |            |            |             |        |                 |
| path cell delay                                                                                                                                                                                 |        |             |            |            |             |        | 1.221(100.000%) |
| path net delay                                                                                                                                                                                  |        |             |            |            |             |        | 0.000(0.000%)   |
|                                                                                                                                                                                                 |        |             |            |            |             |        |                 |
| data require time                                                                                                                                                                               |        |             |            |            |             |        | 1.726           |
| data arrival time                                                                                                                                                                               |        |             |            |            |             |        | 1.221           |
| slack (MET)                                                                                                                                                                                     |        |             |            |            |             |        | 0.505           |
+-------------------------------------------------------------------------------------------------------------------------------------------------------------------------------------------------+--------+-------------+------------+------------+-------------+--------+-----------------+
+---------------------------------------------------------------------------------------------+--------+-------------+------------+------------+-------------+--------+-----------------+
| Point                                                                                       | Fanout | Capacitance | Resistance | Transition | Delta Delay | Incr   | Path            |
+---------------------------------------------------------------------------------------------+--------+-------------+------------+------------+-------------+--------+-----------------+
| clock (port)                                                                                |        | 0.856       | 0.000      | 0.000      |             | 0.000  | 0.000r          |
| clock (clock net)                                                                           | 839    |             |            |            | NA          |        |                 |
| icache_mod.trans_reg_p_CK_CLKGATE_X1_GCK:CK (CLKGATE_X1)                                    |        | 0.002       | 0.000      | 0.000      |             | 0.000  | 0.000r          |
| icache_mod.trans_reg_p_CK_CLKGATE_X1_GCK:GCK (CLKGATE_X1)                                   |        | 0.001       | 0.000      | 0.000      |             | 0.000  | 0.000r          |
| icache_mod.trans_reg_p_CK (clock net)                                                       | 1      |             |            |            | NA          |        |                 |
| icache_mod.trans_reg_p:CK (DFF_X1)                                                          |        | 0.001       | 0.000      | 0.000      |             | 0.000  | 0.000r          |
| clock core_clock (rise edge)                                                                |        |             |            |            |             | 0      | 0               |
| clock network delay (ideal)                                                                 |        |             |            |            |             | 0.000  | 0.000           |
| icache_mod.trans_reg_p:CK (DFF_X1)                                                          |        | 0.001       | 0.000      | 0.000      |             | 0.000  | 0.000r          |
| icache_mod.trans_reg_p:Q (DFF_X1)                                                           |        | 0.031       | 0.000      | 0.076      |             | 0.155  | 0.155r          |
| icache_mod.trans (net)                                                                      | 17     |             |            |            | 0.000       |        |                 |
| icache_mod.miss_addr_5__MUX2_X1_B:S (MUX2_X1)                                               |        | 0.002       | 0.000      | 0.076      |             | 0.000  | 0.155r          |
| icache_mod.miss_addr_5__MUX2_X1_B:Z (MUX2_X1)                                               |        | 0.008       | 0.000      | 0.023      |             | 0.065  | 0.220r          |
| icache_mod.miss_addr_5__MUX2_X1_B_Z (net)                                                   | 8      |             |            |            | 0.000       |        |                 |
| icache_mod.miss_addr_5__MUX2_X1_B_Z_BUF_X1_A:A (BUF_X1)                                     |        | 0.001       | 0.000      | 0.023      |             | 0.000  | 0.220r          |
| icache_mod.miss_addr_5__MUX2_X1_B_Z_BUF_X1_A:Z (BUF_X1)                                     |        | 0.024       | 0.000      | 0.060      |             | 0.083  | 0.303r          |
| icache_mod.block_tag[5]_3__AND2_X1_A1_A2 (net)                                              | 24     |             |            |            | 0.000       |        |                 |
| icache_mod.block_valid[5]_AND2_X1_A1_A2_BUF_X2_Z:A (BUF_X2)                                 |        | 0.002       | 0.000      | 0.060      |             | 0.000  | 0.303r          |
| icache_mod.block_valid[5]_AND2_X1_A1_A2_BUF_X2_Z:Z (BUF_X2)                                 |        | 0.024       | 0.000      | 0.032      |             | 0.057  | 0.359r          |
| icache_mod.block_valid[5]_AND2_X1_A1_A2 (net)                                               | 24     |             |            |            | 0.000       |        |                 |
| icache_mod.block_valid[5]_AND2_X1_A1_A2_BUF_X1_A_1:A (BUF_X1)                               |        | 0.001       | 0.000      | 0.032      |             | 0.000  | 0.359r          |
| icache_mod.block_valid[5]_AND2_X1_A1_A2_BUF_X1_A_1:Z (BUF_X1)                               |        | 0.023       | 0.000      | 0.058      |             | 0.082  | 0.441r          |
| icache_mod.block_tag[7]_9__AND2_X1_A1_A2 (net)                                              | 24     |             |            |            | 0.000       |        |                 |
| icache_mod.block_tag[4]_6__AND2_X1_A1:A2 (AND2_X1)                                          |        | 0.001       | 0.000      | 0.058      |             | 0.000  | 0.441r          |
| icache_mod.block_tag[4]_6__AND2_X1_A1:ZN (AND2_X1)                                          |        | 0.002       | 0.000      | 0.010      |             | 0.043  | 0.484r          |
| icache_mod.block_tag[4]_6__AND2_X1_A1_ZN (net)                                              | 1      |             |            |            | 0.000       |        |                 |
| icache_mod.block_tag[0]_6__AOI211_X1_C2:B (AOI211_X1)                                       |        | 0.002       | 0.000      | 0.010      |             | 0.000  | 0.484r          |
| icache_mod.block_tag[0]_6__AOI211_X1_C2:ZN (AOI211_X1)                                      |        | 0.002       | 0.000      | 0.025      |             | 0.014  | 0.498f          |
| icache_mod.block_tag[0]_6__AOI211_X1_C2_ZN (net)                                            | 1      |             |            |            | 0.000       |        |                 |
| icache_mod.block_tag[0]_6__AOI211_X1_C2_ZN_AOI21_X1_A:A (AOI21_X1)                          |        | 0.002       | 0.000      | 0.025      |             | 0.000  | 0.498f          |
| icache_mod.block_tag[0]_6__AOI211_X1_C2_ZN_AOI21_X1_A:ZN (AOI21_X1)                         |        | 0.003       | 0.000      | 0.028      |             | 0.042  | 0.540r          |
| icache_mod.block_tag[0]_6__AOI211_X1_C2_ZN_AOI21_X1_A_ZN (net)                              | 1      |             |            |            | 0.000       |        |                 |
| icache_mod.block_tag[0]_6__AOI211_X1_C2_ZN_AOI21_X1_A_ZN_XNOR2_X1_B:B (XNOR2_X1)            |        | 0.003       | 0.000      | 0.028      |             | 0.000  | 0.540r          |
| icache_mod.block_tag[0]_6__AOI211_X1_C2_ZN_AOI21_X1_A_ZN_XNOR2_X1_B:ZN (XNOR2_X1)           |        | 0.001       | 0.000      | 0.015      |             | 0.022  | 0.562f          |
| icache_mod.hit_1_AOI21_X1_A_B2_NOR3_X1_ZN_A2_NAND4_X1_ZN_A4 (net)                           | 1      |             |            |            | 0.000       |        |                 |
| icache_mod.hit_1_AOI21_X1_A_B2_NOR3_X1_ZN_A2_NAND4_X1_ZN:A4 (NAND4_X1)                      |        | 0.002       | 0.000      | 0.015      |             | 0.000  | 0.562f          |
| icache_mod.hit_1_AOI21_X1_A_B2_NOR3_X1_ZN_A2_NAND4_X1_ZN:ZN (NAND4_X1)                      |        | 0.002       | 0.000      | 0.015      |             | 0.027  | 0.589r          |
| icache_mod.hit_1_AOI21_X1_A_B2_NOR3_X1_ZN_A2 (net)                                          | 1      |             |            |            | 0.000       |        |                 |
| icache_mod.hit_1_AOI21_X1_A_B2_NOR3_X1_ZN:A2 (NOR3_X1)                                      |        | 0.002       | 0.000      | 0.015      |             | 0.000  | 0.589r          |
| icache_mod.hit_1_AOI21_X1_A_B2_NOR3_X1_ZN:ZN (NOR3_X1)                                      |        | 0.001       | 0.000      | 0.007      |             | 0.013  | 0.601f          |
| icache_mod.hit_1_AOI21_X1_A_B2 (net)                                                        | 1      |             |            |            | 0.000       |        |                 |
| icache_mod.hit_1_AOI21_X1_A:B2 (AOI21_X1)                                                   |        | 0.002       | 0.000      | 0.007      |             | 0.000  | 0.601f          |
| icache_mod.hit_1_AOI21_X1_A:ZN (AOI21_X1)                                                   |        | 0.005       | 0.000      | 0.037      |             | 0.047  | 0.648r          |
| icache_mod.hit_1_AOI21_X1_A_ZN (net)                                                        | 3      |             |            |            | 0.000       |        |                 |
| branch_taken_NOR2_X1_A1_A2_INV_X1_ZN:A (INV_X1)                                             |        | 0.002       | 0.000      | 0.037      |             | 0.000  | 0.648r          |
| branch_taken_NOR2_X1_A1_A2_INV_X1_ZN:ZN (INV_X1)                                            |        | 0.003       | 0.000      | 0.012      |             | 0.016  | 0.665f          |
| branch_taken_NOR2_X1_A1_A2 (net)                                                            | 2      |             |            |            | 0.000       |        |                 |
| branch_taken_NOR2_X1_A1_A2_OAI21_X1_B2:B2 (OAI21_X1)                                        |        | 0.002       | 0.000      | 0.012      |             | 0.000  | 0.665f          |
| branch_taken_NOR2_X1_A1_A2_OAI21_X1_B2:ZN (OAI21_X1)                                        |        | 0.003       | 0.000      | 0.030      |             | 0.045  | 0.709r          |
| branch_taken_NOR2_X1_A1_A2_OAI21_X1_B2_ZN (net)                                             | 2      |             |            |            | 0.000       |        |                 |
| branch_taken_NOR2_X1_A1_A2_OAI21_X1_B2_ZN_NAND3_X1_A3:A3 (NAND3_X1)                         |        | 0.002       | 0.000      | 0.030      |             | 0.000  | 0.709r          |
| branch_taken_NOR2_X1_A1_A2_OAI21_X1_B2_ZN_NAND3_X1_A3:ZN (NAND3_X1)                         |        | 0.002       | 0.000      | 0.016      |             | 0.025  | 0.734f          |
| branch_taken_NOR2_X1_A1_A2_OAI21_X1_B2_ZN_NAND3_X1_A3_ZN (net)                              | 1      |             |            |            | 0.000       |        |                 |
| branch_taken_NOR2_X1_A1_A2_OAI21_X1_B2_ZN_NAND3_X1_A3_ZN_INV_X1_A:A (INV_X1)                |        | 0.002       | 0.000      | 0.016      |             | 0.000  | 0.734f          |
| branch_taken_NOR2_X1_A1_A2_OAI21_X1_B2_ZN_NAND3_X1_A3_ZN_INV_X1_A:ZN (INV_X1)               |        | 0.004       | 0.000      | 0.012      |             | 0.022  | 0.756r          |
| io_master_rready_OR2_X1_ZN_A1 (net)                                                         | 3      |             |            |            | 0.000       |        |                 |
| io_master_rready_OR2_X1_ZN_A1_NAND2_X1_A2:A2 (NAND2_X1)                                     |        | 0.002       | 0.000      | 0.012      |             | 0.000  | 0.756r          |
| io_master_rready_OR2_X1_ZN_A1_NAND2_X1_A2:ZN (NAND2_X1)                                     |        | 0.006       | 0.000      | 0.014      |             | 0.024  | 0.780f          |
| io_master_rready_OR2_X1_ZN_A1_NAND2_X1_A2_ZN (net)                                          | 4      |             |            |            | 0.000       |        |                 |
| icache_mod.latest_row_NAND3_X1_A2_A3_NOR2_X1_ZN:A2 (NOR2_X1)                                |        | 0.002       | 0.000      | 0.014      |             | 0.000  | 0.780f          |
| icache_mod.latest_row_NAND3_X1_A2_A3_NOR2_X1_ZN:ZN (NOR2_X1)                                |        | 0.007       | 0.000      | 0.040      |             | 0.057  | 0.838r          |
| icache_mod.latest_row_NAND3_X1_A2_A3 (net)                                                  | 4      |             |            |            | 0.000       |        |                 |
| icache_mod.latest_row_NAND3_X1_A2:A3 (NAND3_X1)                                             |        | 0.002       | 0.000      | 0.040      |             | 0.000  | 0.838r          |
| icache_mod.latest_row_NAND3_X1_A2:ZN (NAND3_X1)                                             |        | 0.018       | 0.000      | 0.052      |             | 0.076  | 0.913f          |
| icache_mod.latest_row_NAND3_X1_A2_ZN (net)                                                  | 12     |             |            |            | 0.000       |        |                 |
| icache_mod.block_valid[5]_reg_p_D_OAI21_X1_ZN_B2_NOR2_X1_A1:A2 (NOR2_X1)                    |        | 0.002       | 0.000      | 0.052      |             | 0.000  | 0.913f          |
| icache_mod.block_valid[5]_reg_p_D_OAI21_X1_ZN_B2_NOR2_X1_A1:ZN (NOR2_X1)                    |        | 0.001       | 0.000      | 0.017      |             | 0.038  | 0.951r          |
| icache_mod.block_valid[5]_reg_p_D_OAI21_X1_ZN_B2_NOR2_X1_A1_ZN (net)                        | 1      |             |            |            | 0.000       |        |                 |
| icache_mod.block_valid[5]_reg_p_D_OAI21_X1_ZN_B2_NOR2_X1_A1_ZN_CLKGATE_X1_E:E (CLKGATE_X1)  |        | 0.001       | 0.000      | 0.017      |             | 0.000  | 0.951r          |
|                                                                                             |        |             |            |            |             |        |                 |
| clock (port)                                                                                |        | 0.856       | 0.000      | 0.000      |             | 0.000  | 0.000r          |
| clock (clock net)                                                                           | 839    |             |            |            | NA          |        |                 |
| icache_mod.block_valid[5]_reg_p_D_OAI21_X1_ZN_B2_NOR2_X1_A1_ZN_CLKGATE_X1_E:CK (CLKGATE_X1) |        | 0.002       | 0.000      | 0.000      |             | 0.000  | 0.000r          |
| clock core_clock (rise edge)                                                                |        |             |            |            |             | 1.769  | 1.769           |
| clock network delay (ideal)                                                                 |        |             |            |            |             | 0.000  | 1.769           |
| icache_mod.block_valid[5]_reg_p_D_OAI21_X1_ZN_B2_NOR2_X1_A1_ZN_CLKGATE_X1_E:CK (CLKGATE_X1) |        |             |            |            |             |        | 1.769r          |
| library setup time                                                                          |        |             |            |            |             | -0.051 | 1.718           |
| clock reconvergence pessimism                                                               |        |             |            |            |             | 0.000  | 1.718           |
|                                                                                             |        |             |            |            |             |        |                 |
| path cell delay                                                                             |        |             |            |            |             |        | 0.951(100.000%) |
| path net delay                                                                              |        |             |            |            |             |        | 0.000(0.000%)   |
|                                                                                             |        |             |            |            |             |        |                 |
| data require time                                                                           |        |             |            |            |             |        | 1.718           |
| data arrival time                                                                           |        |             |            |            |             |        | 0.951           |
| slack (MET)                                                                                 |        |             |            |            |             |        | 0.767           |
+---------------------------------------------------------------------------------------------+--------+-------------+------------+------------+-------------+--------+-----------------+
+-----------------------------------------------------------------------------------------------+--------+-------------+------------+------------+-------------+--------+-----------------+
| Point                                                                                         | Fanout | Capacitance | Resistance | Transition | Delta Delay | Incr   | Path            |
+-----------------------------------------------------------------------------------------------+--------+-------------+------------+------------+-------------+--------+-----------------+
| clock (port)                                                                                  |        | 0.856       | 0.000      | 0.000      |             | 0.000  | 0.000r          |
| clock (clock net)                                                                             | 839    |             |            |            | NA          |        |                 |
| icache_mod.trans_reg_p_CK_CLKGATE_X1_GCK:CK (CLKGATE_X1)                                      |        | 0.002       | 0.000      | 0.000      |             | 0.000  | 0.000r          |
| icache_mod.trans_reg_p_CK_CLKGATE_X1_GCK:GCK (CLKGATE_X1)                                     |        | 0.001       | 0.000      | 0.000      |             | 0.000  | 0.000r          |
| icache_mod.trans_reg_p_CK (clock net)                                                         | 1      |             |            |            | NA          |        |                 |
| icache_mod.trans_reg_p:CK (DFF_X1)                                                            |        | 0.001       | 0.000      | 0.000      |             | 0.000  | 0.000r          |
| clock core_clock (rise edge)                                                                  |        |             |            |            |             | 0      | 0               |
| clock network delay (ideal)                                                                   |        |             |            |            |             | 0.000  | 0.000           |
| icache_mod.trans_reg_p:CK (DFF_X1)                                                            |        | 0.001       | 0.000      | 0.000      |             | 0.000  | 0.000r          |
| icache_mod.trans_reg_p:Q (DFF_X1)                                                             |        | 0.031       | 0.000      | 0.076      |             | 0.155  | 0.155r          |
| icache_mod.trans (net)                                                                        | 17     |             |            |            | 0.000       |        |                 |
| icache_mod.miss_addr_5__MUX2_X1_B:S (MUX2_X1)                                                 |        | 0.002       | 0.000      | 0.076      |             | 0.000  | 0.155r          |
| icache_mod.miss_addr_5__MUX2_X1_B:Z (MUX2_X1)                                                 |        | 0.008       | 0.000      | 0.023      |             | 0.065  | 0.220r          |
| icache_mod.miss_addr_5__MUX2_X1_B_Z (net)                                                     | 8      |             |            |            | 0.000       |        |                 |
| icache_mod.miss_addr_5__MUX2_X1_B_Z_BUF_X1_A:A (BUF_X1)                                       |        | 0.001       | 0.000      | 0.023      |             | 0.000  | 0.220r          |
| icache_mod.miss_addr_5__MUX2_X1_B_Z_BUF_X1_A:Z (BUF_X1)                                       |        | 0.024       | 0.000      | 0.060      |             | 0.083  | 0.303r          |
| icache_mod.block_tag[5]_3__AND2_X1_A1_A2 (net)                                                | 24     |             |            |            | 0.000       |        |                 |
| icache_mod.block_valid[5]_AND2_X1_A1_A2_BUF_X2_Z:A (BUF_X2)                                   |        | 0.002       | 0.000      | 0.060      |             | 0.000  | 0.303r          |
| icache_mod.block_valid[5]_AND2_X1_A1_A2_BUF_X2_Z:Z (BUF_X2)                                   |        | 0.024       | 0.000      | 0.032      |             | 0.057  | 0.359r          |
| icache_mod.block_valid[5]_AND2_X1_A1_A2 (net)                                                 | 24     |             |            |            | 0.000       |        |                 |
| icache_mod.block_valid[5]_AND2_X1_A1_A2_BUF_X1_A_1:A (BUF_X1)                                 |        | 0.001       | 0.000      | 0.032      |             | 0.000  | 0.359r          |
| icache_mod.block_valid[5]_AND2_X1_A1_A2_BUF_X1_A_1:Z (BUF_X1)                                 |        | 0.023       | 0.000      | 0.058      |             | 0.082  | 0.441r          |
| icache_mod.block_tag[7]_9__AND2_X1_A1_A2 (net)                                                | 24     |             |            |            | 0.000       |        |                 |
| icache_mod.block_tag[4]_6__AND2_X1_A1:A2 (AND2_X1)                                            |        | 0.001       | 0.000      | 0.058      |             | 0.000  | 0.441r          |
| icache_mod.block_tag[4]_6__AND2_X1_A1:ZN (AND2_X1)                                            |        | 0.002       | 0.000      | 0.010      |             | 0.043  | 0.484r          |
| icache_mod.block_tag[4]_6__AND2_X1_A1_ZN (net)                                                | 1      |             |            |            | 0.000       |        |                 |
| icache_mod.block_tag[0]_6__AOI211_X1_C2:B (AOI211_X1)                                         |        | 0.002       | 0.000      | 0.010      |             | 0.000  | 0.484r          |
| icache_mod.block_tag[0]_6__AOI211_X1_C2:ZN (AOI211_X1)                                        |        | 0.002       | 0.000      | 0.025      |             | 0.014  | 0.498f          |
| icache_mod.block_tag[0]_6__AOI211_X1_C2_ZN (net)                                              | 1      |             |            |            | 0.000       |        |                 |
| icache_mod.block_tag[0]_6__AOI211_X1_C2_ZN_AOI21_X1_A:A (AOI21_X1)                            |        | 0.002       | 0.000      | 0.025      |             | 0.000  | 0.498f          |
| icache_mod.block_tag[0]_6__AOI211_X1_C2_ZN_AOI21_X1_A:ZN (AOI21_X1)                           |        | 0.003       | 0.000      | 0.028      |             | 0.042  | 0.540r          |
| icache_mod.block_tag[0]_6__AOI211_X1_C2_ZN_AOI21_X1_A_ZN (net)                                | 1      |             |            |            | 0.000       |        |                 |
| icache_mod.block_tag[0]_6__AOI211_X1_C2_ZN_AOI21_X1_A_ZN_XNOR2_X1_B:B (XNOR2_X1)              |        | 0.003       | 0.000      | 0.028      |             | 0.000  | 0.540r          |
| icache_mod.block_tag[0]_6__AOI211_X1_C2_ZN_AOI21_X1_A_ZN_XNOR2_X1_B:ZN (XNOR2_X1)             |        | 0.001       | 0.000      | 0.015      |             | 0.022  | 0.562f          |
| icache_mod.hit_1_AOI21_X1_A_B2_NOR3_X1_ZN_A2_NAND4_X1_ZN_A4 (net)                             | 1      |             |            |            | 0.000       |        |                 |
| icache_mod.hit_1_AOI21_X1_A_B2_NOR3_X1_ZN_A2_NAND4_X1_ZN:A4 (NAND4_X1)                        |        | 0.002       | 0.000      | 0.015      |             | 0.000  | 0.562f          |
| icache_mod.hit_1_AOI21_X1_A_B2_NOR3_X1_ZN_A2_NAND4_X1_ZN:ZN (NAND4_X1)                        |        | 0.002       | 0.000      | 0.015      |             | 0.027  | 0.589r          |
| icache_mod.hit_1_AOI21_X1_A_B2_NOR3_X1_ZN_A2 (net)                                            | 1      |             |            |            | 0.000       |        |                 |
| icache_mod.hit_1_AOI21_X1_A_B2_NOR3_X1_ZN:A2 (NOR3_X1)                                        |        | 0.002       | 0.000      | 0.015      |             | 0.000  | 0.589r          |
| icache_mod.hit_1_AOI21_X1_A_B2_NOR3_X1_ZN:ZN (NOR3_X1)                                        |        | 0.001       | 0.000      | 0.007      |             | 0.013  | 0.601f          |
| icache_mod.hit_1_AOI21_X1_A_B2 (net)                                                          | 1      |             |            |            | 0.000       |        |                 |
| icache_mod.hit_1_AOI21_X1_A:B2 (AOI21_X1)                                                     |        | 0.002       | 0.000      | 0.007      |             | 0.000  | 0.601f          |
| icache_mod.hit_1_AOI21_X1_A:ZN (AOI21_X1)                                                     |        | 0.005       | 0.000      | 0.037      |             | 0.047  | 0.648r          |
| icache_mod.hit_1_AOI21_X1_A_ZN (net)                                                          | 3      |             |            |            | 0.000       |        |                 |
| branch_taken_NOR2_X1_A1_A2_INV_X1_ZN:A (INV_X1)                                               |        | 0.002       | 0.000      | 0.037      |             | 0.000  | 0.648r          |
| branch_taken_NOR2_X1_A1_A2_INV_X1_ZN:ZN (INV_X1)                                              |        | 0.003       | 0.000      | 0.012      |             | 0.016  | 0.665f          |
| branch_taken_NOR2_X1_A1_A2 (net)                                                              | 2      |             |            |            | 0.000       |        |                 |
| branch_taken_NOR2_X1_A1_A2_OAI21_X1_B2:B2 (OAI21_X1)                                          |        | 0.002       | 0.000      | 0.012      |             | 0.000  | 0.665f          |
| branch_taken_NOR2_X1_A1_A2_OAI21_X1_B2:ZN (OAI21_X1)                                          |        | 0.003       | 0.000      | 0.030      |             | 0.045  | 0.709r          |
| branch_taken_NOR2_X1_A1_A2_OAI21_X1_B2_ZN (net)                                               | 2      |             |            |            | 0.000       |        |                 |
| branch_taken_NOR2_X1_A1_A2_OAI21_X1_B2_ZN_NAND3_X1_A3:A3 (NAND3_X1)                           |        | 0.002       | 0.000      | 0.030      |             | 0.000  | 0.709r          |
| branch_taken_NOR2_X1_A1_A2_OAI21_X1_B2_ZN_NAND3_X1_A3:ZN (NAND3_X1)                           |        | 0.002       | 0.000      | 0.016      |             | 0.025  | 0.734f          |
| branch_taken_NOR2_X1_A1_A2_OAI21_X1_B2_ZN_NAND3_X1_A3_ZN (net)                                | 1      |             |            |            | 0.000       |        |                 |
| branch_taken_NOR2_X1_A1_A2_OAI21_X1_B2_ZN_NAND3_X1_A3_ZN_INV_X1_A:A (INV_X1)                  |        | 0.002       | 0.000      | 0.016      |             | 0.000  | 0.734f          |
| branch_taken_NOR2_X1_A1_A2_OAI21_X1_B2_ZN_NAND3_X1_A3_ZN_INV_X1_A:ZN (INV_X1)                 |        | 0.004       | 0.000      | 0.012      |             | 0.022  | 0.756r          |
| io_master_rready_OR2_X1_ZN_A1 (net)                                                           | 3      |             |            |            | 0.000       |        |                 |
| io_master_rready_OR2_X1_ZN_A1_NAND2_X1_A2:A2 (NAND2_X1)                                       |        | 0.002       | 0.000      | 0.012      |             | 0.000  | 0.756r          |
| io_master_rready_OR2_X1_ZN_A1_NAND2_X1_A2:ZN (NAND2_X1)                                       |        | 0.006       | 0.000      | 0.014      |             | 0.024  | 0.780f          |
| io_master_rready_OR2_X1_ZN_A1_NAND2_X1_A2_ZN (net)                                            | 4      |             |            |            | 0.000       |        |                 |
| icache_mod.latest_row_NAND3_X1_A2_A3_NOR2_X1_ZN:A2 (NOR2_X1)                                  |        | 0.002       | 0.000      | 0.014      |             | 0.000  | 0.780f          |
| icache_mod.latest_row_NAND3_X1_A2_A3_NOR2_X1_ZN:ZN (NOR2_X1)                                  |        | 0.007       | 0.000      | 0.040      |             | 0.057  | 0.838r          |
| icache_mod.latest_row_NAND3_X1_A2_A3 (net)                                                    | 4      |             |            |            | 0.000       |        |                 |
| icache_mod.latest_row_INV_X1_A_ZN_NAND3_X1_A2:A3 (NAND3_X1)                                   |        | 0.002       | 0.000      | 0.040      |             | 0.000  | 0.838r          |
| icache_mod.latest_row_INV_X1_A_ZN_NAND3_X1_A2:ZN (NAND3_X1)                                   |        | 0.018       | 0.000      | 0.052      |             | 0.076  | 0.913f          |
| icache_mod.latest_row_INV_X1_A_ZN_NAND3_X1_A2_ZN (net)                                        | 12     |             |            |            | 0.000       |        |                 |
| icache_mod.block_valid[5]_reg_p_D_OAI21_X1_ZN_B2_NOR2_X1_A1_1:A2 (NOR2_X1)                    |        | 0.002       | 0.000      | 0.052      |             | 0.000  | 0.913f          |
| icache_mod.block_valid[5]_reg_p_D_OAI21_X1_ZN_B2_NOR2_X1_A1_1:ZN (NOR2_X1)                    |        | 0.001       | 0.000      | 0.017      |             | 0.038  | 0.951r          |
| icache_mod.block_valid[5]_reg_p_D_OAI21_X1_ZN_B2_NOR2_X1_A1_1_ZN (net)                        | 1      |             |            |            | 0.000       |        |                 |
| icache_mod.block_valid[5]_reg_p_D_OAI21_X1_ZN_B2_NOR2_X1_A1_1_ZN_CLKGATE_X1_E:E (CLKGATE_X1)  |        | 0.001       | 0.000      | 0.017      |             | 0.000  | 0.951r          |
|                                                                                               |        |             |            |            |             |        |                 |
| clock (port)                                                                                  |        | 0.856       | 0.000      | 0.000      |             | 0.000  | 0.000r          |
| clock (clock net)                                                                             | 839    |             |            |            | NA          |        |                 |
| icache_mod.block_valid[5]_reg_p_D_OAI21_X1_ZN_B2_NOR2_X1_A1_1_ZN_CLKGATE_X1_E:CK (CLKGATE_X1) |        | 0.002       | 0.000      | 0.000      |             | 0.000  | 0.000r          |
| clock core_clock (rise edge)                                                                  |        |             |            |            |             | 1.769  | 1.769           |
| clock network delay (ideal)                                                                   |        |             |            |            |             | 0.000  | 1.769           |
| icache_mod.block_valid[5]_reg_p_D_OAI21_X1_ZN_B2_NOR2_X1_A1_1_ZN_CLKGATE_X1_E:CK (CLKGATE_X1) |        |             |            |            |             |        | 1.769r          |
| library setup time                                                                            |        |             |            |            |             | -0.051 | 1.718           |
| clock reconvergence pessimism                                                                 |        |             |            |            |             | 0.000  | 1.718           |
|                                                                                               |        |             |            |            |             |        |                 |
| path cell delay                                                                               |        |             |            |            |             |        | 0.951(100.000%) |
| path net delay                                                                                |        |             |            |            |             |        | 0.000(0.000%)   |
|                                                                                               |        |             |            |            |             |        |                 |
| data require time                                                                             |        |             |            |            |             |        | 1.718           |
| data arrival time                                                                             |        |             |            |            |             |        | 0.951           |
| slack (MET)                                                                                   |        |             |            |            |             |        | 0.767           |
+-----------------------------------------------------------------------------------------------+--------+-------------+------------+------------+-------------+--------+-----------------+
+-----------------------------------------------------------------------------------------------+--------+-------------+------------+------------+-------------+--------+-----------------+
| Point                                                                                         | Fanout | Capacitance | Resistance | Transition | Delta Delay | Incr   | Path            |
+-----------------------------------------------------------------------------------------------+--------+-------------+------------+------------+-------------+--------+-----------------+
| clock (port)                                                                                  |        | 0.856       | 0.000      | 0.000      |             | 0.000  | 0.000r          |
| clock (clock net)                                                                             | 839    |             |            |            | NA          |        |                 |
| icache_mod.trans_reg_p_CK_CLKGATE_X1_GCK:CK (CLKGATE_X1)                                      |        | 0.002       | 0.000      | 0.000      |             | 0.000  | 0.000r          |
| icache_mod.trans_reg_p_CK_CLKGATE_X1_GCK:GCK (CLKGATE_X1)                                     |        | 0.001       | 0.000      | 0.000      |             | 0.000  | 0.000r          |
| icache_mod.trans_reg_p_CK (clock net)                                                         | 1      |             |            |            | NA          |        |                 |
| icache_mod.trans_reg_p:CK (DFF_X1)                                                            |        | 0.001       | 0.000      | 0.000      |             | 0.000  | 0.000r          |
| clock core_clock (rise edge)                                                                  |        |             |            |            |             | 0      | 0               |
| clock network delay (ideal)                                                                   |        |             |            |            |             | 0.000  | 0.000           |
| icache_mod.trans_reg_p:CK (DFF_X1)                                                            |        | 0.001       | 0.000      | 0.000      |             | 0.000  | 0.000r          |
| icache_mod.trans_reg_p:Q (DFF_X1)                                                             |        | 0.031       | 0.000      | 0.076      |             | 0.155  | 0.155r          |
| icache_mod.trans (net)                                                                        | 17     |             |            |            | 0.000       |        |                 |
| icache_mod.miss_addr_5__MUX2_X1_B:S (MUX2_X1)                                                 |        | 0.002       | 0.000      | 0.076      |             | 0.000  | 0.155r          |
| icache_mod.miss_addr_5__MUX2_X1_B:Z (MUX2_X1)                                                 |        | 0.008       | 0.000      | 0.023      |             | 0.065  | 0.220r          |
| icache_mod.miss_addr_5__MUX2_X1_B_Z (net)                                                     | 8      |             |            |            | 0.000       |        |                 |
| icache_mod.miss_addr_5__MUX2_X1_B_Z_BUF_X1_A:A (BUF_X1)                                       |        | 0.001       | 0.000      | 0.023      |             | 0.000  | 0.220r          |
| icache_mod.miss_addr_5__MUX2_X1_B_Z_BUF_X1_A:Z (BUF_X1)                                       |        | 0.024       | 0.000      | 0.060      |             | 0.083  | 0.303r          |
| icache_mod.block_tag[5]_3__AND2_X1_A1_A2 (net)                                                | 24     |             |            |            | 0.000       |        |                 |
| icache_mod.block_valid[5]_AND2_X1_A1_A2_BUF_X2_Z:A (BUF_X2)                                   |        | 0.002       | 0.000      | 0.060      |             | 0.000  | 0.303r          |
| icache_mod.block_valid[5]_AND2_X1_A1_A2_BUF_X2_Z:Z (BUF_X2)                                   |        | 0.024       | 0.000      | 0.032      |             | 0.057  | 0.359r          |
| icache_mod.block_valid[5]_AND2_X1_A1_A2 (net)                                                 | 24     |             |            |            | 0.000       |        |                 |
| icache_mod.block_valid[5]_AND2_X1_A1_A2_BUF_X1_A_1:A (BUF_X1)                                 |        | 0.001       | 0.000      | 0.032      |             | 0.000  | 0.359r          |
| icache_mod.block_valid[5]_AND2_X1_A1_A2_BUF_X1_A_1:Z (BUF_X1)                                 |        | 0.023       | 0.000      | 0.058      |             | 0.082  | 0.441r          |
| icache_mod.block_tag[7]_9__AND2_X1_A1_A2 (net)                                                | 24     |             |            |            | 0.000       |        |                 |
| icache_mod.block_tag[4]_6__AND2_X1_A1:A2 (AND2_X1)                                            |        | 0.001       | 0.000      | 0.058      |             | 0.000  | 0.441r          |
| icache_mod.block_tag[4]_6__AND2_X1_A1:ZN (AND2_X1)                                            |        | 0.002       | 0.000      | 0.010      |             | 0.043  | 0.484r          |
| icache_mod.block_tag[4]_6__AND2_X1_A1_ZN (net)                                                | 1      |             |            |            | 0.000       |        |                 |
| icache_mod.block_tag[0]_6__AOI211_X1_C2:B (AOI211_X1)                                         |        | 0.002       | 0.000      | 0.010      |             | 0.000  | 0.484r          |
| icache_mod.block_tag[0]_6__AOI211_X1_C2:ZN (AOI211_X1)                                        |        | 0.002       | 0.000      | 0.025      |             | 0.014  | 0.498f          |
| icache_mod.block_tag[0]_6__AOI211_X1_C2_ZN (net)                                              | 1      |             |            |            | 0.000       |        |                 |
| icache_mod.block_tag[0]_6__AOI211_X1_C2_ZN_AOI21_X1_A:A (AOI21_X1)                            |        | 0.002       | 0.000      | 0.025      |             | 0.000  | 0.498f          |
| icache_mod.block_tag[0]_6__AOI211_X1_C2_ZN_AOI21_X1_A:ZN (AOI21_X1)                           |        | 0.003       | 0.000      | 0.028      |             | 0.042  | 0.540r          |
| icache_mod.block_tag[0]_6__AOI211_X1_C2_ZN_AOI21_X1_A_ZN (net)                                | 1      |             |            |            | 0.000       |        |                 |
| icache_mod.block_tag[0]_6__AOI211_X1_C2_ZN_AOI21_X1_A_ZN_XNOR2_X1_B:B (XNOR2_X1)              |        | 0.003       | 0.000      | 0.028      |             | 0.000  | 0.540r          |
| icache_mod.block_tag[0]_6__AOI211_X1_C2_ZN_AOI21_X1_A_ZN_XNOR2_X1_B:ZN (XNOR2_X1)             |        | 0.001       | 0.000      | 0.015      |             | 0.022  | 0.562f          |
| icache_mod.hit_1_AOI21_X1_A_B2_NOR3_X1_ZN_A2_NAND4_X1_ZN_A4 (net)                             | 1      |             |            |            | 0.000       |        |                 |
| icache_mod.hit_1_AOI21_X1_A_B2_NOR3_X1_ZN_A2_NAND4_X1_ZN:A4 (NAND4_X1)                        |        | 0.002       | 0.000      | 0.015      |             | 0.000  | 0.562f          |
| icache_mod.hit_1_AOI21_X1_A_B2_NOR3_X1_ZN_A2_NAND4_X1_ZN:ZN (NAND4_X1)                        |        | 0.002       | 0.000      | 0.015      |             | 0.027  | 0.589r          |
| icache_mod.hit_1_AOI21_X1_A_B2_NOR3_X1_ZN_A2 (net)                                            | 1      |             |            |            | 0.000       |        |                 |
| icache_mod.hit_1_AOI21_X1_A_B2_NOR3_X1_ZN:A2 (NOR3_X1)                                        |        | 0.002       | 0.000      | 0.015      |             | 0.000  | 0.589r          |
| icache_mod.hit_1_AOI21_X1_A_B2_NOR3_X1_ZN:ZN (NOR3_X1)                                        |        | 0.001       | 0.000      | 0.007      |             | 0.013  | 0.601f          |
| icache_mod.hit_1_AOI21_X1_A_B2 (net)                                                          | 1      |             |            |            | 0.000       |        |                 |
| icache_mod.hit_1_AOI21_X1_A:B2 (AOI21_X1)                                                     |        | 0.002       | 0.000      | 0.007      |             | 0.000  | 0.601f          |
| icache_mod.hit_1_AOI21_X1_A:ZN (AOI21_X1)                                                     |        | 0.005       | 0.000      | 0.037      |             | 0.047  | 0.648r          |
| icache_mod.hit_1_AOI21_X1_A_ZN (net)                                                          | 3      |             |            |            | 0.000       |        |                 |
| branch_taken_NOR2_X1_A1_A2_INV_X1_ZN:A (INV_X1)                                               |        | 0.002       | 0.000      | 0.037      |             | 0.000  | 0.648r          |
| branch_taken_NOR2_X1_A1_A2_INV_X1_ZN:ZN (INV_X1)                                              |        | 0.003       | 0.000      | 0.012      |             | 0.016  | 0.665f          |
| branch_taken_NOR2_X1_A1_A2 (net)                                                              | 2      |             |            |            | 0.000       |        |                 |
| branch_taken_NOR2_X1_A1_A2_OAI21_X1_B2:B2 (OAI21_X1)                                          |        | 0.002       | 0.000      | 0.012      |             | 0.000  | 0.665f          |
| branch_taken_NOR2_X1_A1_A2_OAI21_X1_B2:ZN (OAI21_X1)                                          |        | 0.003       | 0.000      | 0.030      |             | 0.045  | 0.709r          |
| branch_taken_NOR2_X1_A1_A2_OAI21_X1_B2_ZN (net)                                               | 2      |             |            |            | 0.000       |        |                 |
| branch_taken_NOR2_X1_A1_A2_OAI21_X1_B2_ZN_NAND3_X1_A3:A3 (NAND3_X1)                           |        | 0.002       | 0.000      | 0.030      |             | 0.000  | 0.709r          |
| branch_taken_NOR2_X1_A1_A2_OAI21_X1_B2_ZN_NAND3_X1_A3:ZN (NAND3_X1)                           |        | 0.002       | 0.000      | 0.016      |             | 0.025  | 0.734f          |
| branch_taken_NOR2_X1_A1_A2_OAI21_X1_B2_ZN_NAND3_X1_A3_ZN (net)                                | 1      |             |            |            | 0.000       |        |                 |
| branch_taken_NOR2_X1_A1_A2_OAI21_X1_B2_ZN_NAND3_X1_A3_ZN_INV_X1_A:A (INV_X1)                  |        | 0.002       | 0.000      | 0.016      |             | 0.000  | 0.734f          |
| branch_taken_NOR2_X1_A1_A2_OAI21_X1_B2_ZN_NAND3_X1_A3_ZN_INV_X1_A:ZN (INV_X1)                 |        | 0.004       | 0.000      | 0.012      |             | 0.022  | 0.756r          |
| io_master_rready_OR2_X1_ZN_A1 (net)                                                           | 3      |             |            |            | 0.000       |        |                 |
| io_master_rready_OR2_X1_ZN_A1_NAND2_X1_A2:A2 (NAND2_X1)                                       |        | 0.002       | 0.000      | 0.012      |             | 0.000  | 0.756r          |
| io_master_rready_OR2_X1_ZN_A1_NAND2_X1_A2:ZN (NAND2_X1)                                       |        | 0.006       | 0.000      | 0.014      |             | 0.024  | 0.780f          |
| io_master_rready_OR2_X1_ZN_A1_NAND2_X1_A2_ZN (net)                                            | 4      |             |            |            | 0.000       |        |                 |
| icache_mod.latest_row_NAND3_X1_A2_A3_NOR2_X1_ZN:A2 (NOR2_X1)                                  |        | 0.002       | 0.000      | 0.014      |             | 0.000  | 0.780f          |
| icache_mod.latest_row_NAND3_X1_A2_A3_NOR2_X1_ZN:ZN (NOR2_X1)                                  |        | 0.007       | 0.000      | 0.040      |             | 0.057  | 0.838r          |
| icache_mod.latest_row_NAND3_X1_A2_A3 (net)                                                    | 4      |             |            |            | 0.000       |        |                 |
| icache_mod.latest_row_INV_X1_A_ZN_NAND3_X1_A2:A3 (NAND3_X1)                                   |        | 0.002       | 0.000      | 0.040      |             | 0.000  | 0.838r          |
| icache_mod.latest_row_INV_X1_A_ZN_NAND3_X1_A2:ZN (NAND3_X1)                                   |        | 0.018       | 0.000      | 0.052      |             | 0.076  | 0.913f          |
| icache_mod.latest_row_INV_X1_A_ZN_NAND3_X1_A2_ZN (net)                                        | 12     |             |            |            | 0.000       |        |                 |
| icache_mod.block_valid[6]_reg_p_D_OAI21_X1_ZN_B1_NOR2_X1_A2_1:A1 (NOR2_X1)                    |        | 0.002       | 0.000      | 0.052      |             | 0.000  | 0.913f          |
| icache_mod.block_valid[6]_reg_p_D_OAI21_X1_ZN_B1_NOR2_X1_A2_1:ZN (NOR2_X1)                    |        | 0.001       | 0.000      | 0.019      |             | 0.036  | 0.949r          |
| icache_mod.block_valid[6]_reg_p_D_OAI21_X1_ZN_B1_NOR2_X1_A2_1_ZN (net)                        | 1      |             |            |            | 0.000       |        |                 |
| icache_mod.block_valid[6]_reg_p_D_OAI21_X1_ZN_B1_NOR2_X1_A2_1_ZN_CLKGATE_X1_E:E (CLKGATE_X1)  |        | 0.001       | 0.000      | 0.019      |             | 0.000  | 0.949r          |
|                                                                                               |        |             |            |            |             |        |                 |
| clock (port)                                                                                  |        | 0.856       | 0.000      | 0.000      |             | 0.000  | 0.000r          |
| clock (clock net)                                                                             | 839    |             |            |            | NA          |        |                 |
| icache_mod.block_valid[6]_reg_p_D_OAI21_X1_ZN_B1_NOR2_X1_A2_1_ZN_CLKGATE_X1_E:CK (CLKGATE_X1) |        | 0.002       | 0.000      | 0.000      |             | 0.000  | 0.000r          |
| clock core_clock (rise edge)                                                                  |        |             |            |            |             | 1.769  | 1.769           |
| clock network delay (ideal)                                                                   |        |             |            |            |             | 0.000  | 1.769           |
| icache_mod.block_valid[6]_reg_p_D_OAI21_X1_ZN_B1_NOR2_X1_A2_1_ZN_CLKGATE_X1_E:CK (CLKGATE_X1) |        |             |            |            |             |        | 1.769r          |
| library setup time                                                                            |        |             |            |            |             | -0.052 | 1.717           |
| clock reconvergence pessimism                                                                 |        |             |            |            |             | 0.000  | 1.717           |
|                                                                                               |        |             |            |            |             |        |                 |
| path cell delay                                                                               |        |             |            |            |             |        | 0.949(100.000%) |
| path net delay                                                                                |        |             |            |            |             |        | 0.000(0.000%)   |
|                                                                                               |        |             |            |            |             |        |                 |
| data require time                                                                             |        |             |            |            |             |        | 1.717           |
| data arrival time                                                                             |        |             |            |            |             |        | 0.949           |
| slack (MET)                                                                                   |        |             |            |            |             |        | 0.768           |
+-----------------------------------------------------------------------------------------------+--------+-------------+------------+------------+-------------+--------+-----------------+
+----------------------------------------------------------------------------------------------------------------------------+--------+-------------+------------+------------+-------------+--------+-----------------+
| Point                                                                                                                      | Fanout | Capacitance | Resistance | Transition | Delta Delay | Incr   | Path            |
+----------------------------------------------------------------------------------------------------------------------------+--------+-------------+------------+------------+-------------+--------+-----------------+
| clock (port)                                                                                                               |        | 0.856       | 0.000      | 0.000      |             | 0.000  | 0.000r          |
| clock (clock net)                                                                                                          | 839    |             |            |            | NA          |        |                 |
| icache_mod.trans_reg_p_CK_CLKGATE_X1_GCK:CK (CLKGATE_X1)                                                                   |        | 0.002       | 0.000      | 0.000      |             | 0.000  | 0.000r          |
| icache_mod.trans_reg_p_CK_CLKGATE_X1_GCK:GCK (CLKGATE_X1)                                                                  |        | 0.001       | 0.000      | 0.000      |             | 0.000  | 0.000r          |
| icache_mod.trans_reg_p_CK (clock net)                                                                                      | 1      |             |            |            | NA          |        |                 |
| icache_mod.trans_reg_p:CK (DFF_X1)                                                                                         |        | 0.001       | 0.000      | 0.000      |             | 0.000  | 0.000r          |
| clock core_clock (rise edge)                                                                                               |        |             |            |            |             | 0      | 0               |
| clock network delay (ideal)                                                                                                |        |             |            |            |             | 0.000  | 0.000           |
| icache_mod.trans_reg_p:CK (DFF_X1)                                                                                         |        | 0.001       | 0.000      | 0.000      |             | 0.000  | 0.000r          |
| icache_mod.trans_reg_p:Q (DFF_X1)                                                                                          |        | 0.031       | 0.000      | 0.076      |             | 0.155  | 0.155r          |
| icache_mod.trans (net)                                                                                                     | 17     |             |            |            | 0.000       |        |                 |
| icache_mod.miss_addr_5__MUX2_X1_B:S (MUX2_X1)                                                                              |        | 0.002       | 0.000      | 0.076      |             | 0.000  | 0.155r          |
| icache_mod.miss_addr_5__MUX2_X1_B:Z (MUX2_X1)                                                                              |        | 0.008       | 0.000      | 0.023      |             | 0.065  | 0.220r          |
| icache_mod.miss_addr_5__MUX2_X1_B_Z (net)                                                                                  | 8      |             |            |            | 0.000       |        |                 |
| icache_mod.miss_addr_5__MUX2_X1_B_Z_BUF_X1_A:A (BUF_X1)                                                                    |        | 0.001       | 0.000      | 0.023      |             | 0.000  | 0.220r          |
| icache_mod.miss_addr_5__MUX2_X1_B_Z_BUF_X1_A:Z (BUF_X1)                                                                    |        | 0.024       | 0.000      | 0.060      |             | 0.083  | 0.303r          |
| icache_mod.block_tag[5]_3__AND2_X1_A1_A2 (net)                                                                             | 24     |             |            |            | 0.000       |        |                 |
| icache_mod.block_valid[5]_AND2_X1_A1_A2_BUF_X2_Z:A (BUF_X2)                                                                |        | 0.002       | 0.000      | 0.060      |             | 0.000  | 0.303r          |
| icache_mod.block_valid[5]_AND2_X1_A1_A2_BUF_X2_Z:Z (BUF_X2)                                                                |        | 0.024       | 0.000      | 0.032      |             | 0.057  | 0.359r          |
| icache_mod.block_valid[5]_AND2_X1_A1_A2 (net)                                                                              | 24     |             |            |            | 0.000       |        |                 |
| icache_mod.block_valid[5]_AND2_X1_A1_A2_BUF_X1_A_1:A (BUF_X1)                                                              |        | 0.001       | 0.000      | 0.032      |             | 0.000  | 0.359r          |
| icache_mod.block_valid[5]_AND2_X1_A1_A2_BUF_X1_A_1:Z (BUF_X1)                                                              |        | 0.023       | 0.000      | 0.058      |             | 0.082  | 0.441r          |
| icache_mod.block_tag[7]_9__AND2_X1_A1_A2 (net)                                                                             | 24     |             |            |            | 0.000       |        |                 |
| icache_mod.block_tag[4]_6__AND2_X1_A1:A2 (AND2_X1)                                                                         |        | 0.001       | 0.000      | 0.058      |             | 0.000  | 0.441r          |
| icache_mod.block_tag[4]_6__AND2_X1_A1:ZN (AND2_X1)                                                                         |        | 0.002       | 0.000      | 0.010      |             | 0.043  | 0.484r          |
| icache_mod.block_tag[4]_6__AND2_X1_A1_ZN (net)                                                                             | 1      |             |            |            | 0.000       |        |                 |
| icache_mod.block_tag[0]_6__AOI211_X1_C2:B (AOI211_X1)                                                                      |        | 0.002       | 0.000      | 0.010      |             | 0.000  | 0.484r          |
| icache_mod.block_tag[0]_6__AOI211_X1_C2:ZN (AOI211_X1)                                                                     |        | 0.002       | 0.000      | 0.025      |             | 0.014  | 0.498f          |
| icache_mod.block_tag[0]_6__AOI211_X1_C2_ZN (net)                                                                           | 1      |             |            |            | 0.000       |        |                 |
| icache_mod.block_tag[0]_6__AOI211_X1_C2_ZN_AOI21_X1_A:A (AOI21_X1)                                                         |        | 0.002       | 0.000      | 0.025      |             | 0.000  | 0.498f          |
| icache_mod.block_tag[0]_6__AOI211_X1_C2_ZN_AOI21_X1_A:ZN (AOI21_X1)                                                        |        | 0.003       | 0.000      | 0.028      |             | 0.042  | 0.540r          |
| icache_mod.block_tag[0]_6__AOI211_X1_C2_ZN_AOI21_X1_A_ZN (net)                                                             | 1      |             |            |            | 0.000       |        |                 |
| icache_mod.block_tag[0]_6__AOI211_X1_C2_ZN_AOI21_X1_A_ZN_XNOR2_X1_B:B (XNOR2_X1)                                           |        | 0.003       | 0.000      | 0.028      |             | 0.000  | 0.540r          |
| icache_mod.block_tag[0]_6__AOI211_X1_C2_ZN_AOI21_X1_A_ZN_XNOR2_X1_B:ZN (XNOR2_X1)                                          |        | 0.001       | 0.000      | 0.015      |             | 0.022  | 0.562f          |
| icache_mod.hit_1_AOI21_X1_A_B2_NOR3_X1_ZN_A2_NAND4_X1_ZN_A4 (net)                                                          | 1      |             |            |            | 0.000       |        |                 |
| icache_mod.hit_1_AOI21_X1_A_B2_NOR3_X1_ZN_A2_NAND4_X1_ZN:A4 (NAND4_X1)                                                     |        | 0.002       | 0.000      | 0.015      |             | 0.000  | 0.562f          |
| icache_mod.hit_1_AOI21_X1_A_B2_NOR3_X1_ZN_A2_NAND4_X1_ZN:ZN (NAND4_X1)                                                     |        | 0.002       | 0.000      | 0.015      |             | 0.027  | 0.589r          |
| icache_mod.hit_1_AOI21_X1_A_B2_NOR3_X1_ZN_A2 (net)                                                                         | 1      |             |            |            | 0.000       |        |                 |
| icache_mod.hit_1_AOI21_X1_A_B2_NOR3_X1_ZN:A2 (NOR3_X1)                                                                     |        | 0.002       | 0.000      | 0.015      |             | 0.000  | 0.589r          |
| icache_mod.hit_1_AOI21_X1_A_B2_NOR3_X1_ZN:ZN (NOR3_X1)                                                                     |        | 0.001       | 0.000      | 0.007      |             | 0.013  | 0.601f          |
| icache_mod.hit_1_AOI21_X1_A_B2 (net)                                                                                       | 1      |             |            |            | 0.000       |        |                 |
| icache_mod.hit_1_AOI21_X1_A:B2 (AOI21_X1)                                                                                  |        | 0.002       | 0.000      | 0.007      |             | 0.000  | 0.601f          |
| icache_mod.hit_1_AOI21_X1_A:ZN (AOI21_X1)                                                                                  |        | 0.005       | 0.000      | 0.037      |             | 0.047  | 0.648r          |
| icache_mod.hit_1_AOI21_X1_A_ZN (net)                                                                                       | 3      |             |            |            | 0.000       |        |                 |
| branch_taken_NOR2_X1_A1_A2_INV_X1_ZN:A (INV_X1)                                                                            |        | 0.002       | 0.000      | 0.037      |             | 0.000  | 0.648r          |
| branch_taken_NOR2_X1_A1_A2_INV_X1_ZN:ZN (INV_X1)                                                                           |        | 0.003       | 0.000      | 0.012      |             | 0.016  | 0.665f          |
| branch_taken_NOR2_X1_A1_A2 (net)                                                                                           | 2      |             |            |            | 0.000       |        |                 |
| branch_taken_NOR2_X1_A1_A2_OAI21_X1_B2:B2 (OAI21_X1)                                                                       |        | 0.002       | 0.000      | 0.012      |             | 0.000  | 0.665f          |
| branch_taken_NOR2_X1_A1_A2_OAI21_X1_B2:ZN (OAI21_X1)                                                                       |        | 0.003       | 0.000      | 0.030      |             | 0.045  | 0.709r          |
| branch_taken_NOR2_X1_A1_A2_OAI21_X1_B2_ZN (net)                                                                            | 2      |             |            |            | 0.000       |        |                 |
| branch_taken_NOR2_X1_A1_A2_OAI21_X1_B2_ZN_NAND3_X1_A3:A3 (NAND3_X1)                                                        |        | 0.002       | 0.000      | 0.030      |             | 0.000  | 0.709r          |
| branch_taken_NOR2_X1_A1_A2_OAI21_X1_B2_ZN_NAND3_X1_A3:ZN (NAND3_X1)                                                        |        | 0.002       | 0.000      | 0.016      |             | 0.025  | 0.734f          |
| branch_taken_NOR2_X1_A1_A2_OAI21_X1_B2_ZN_NAND3_X1_A3_ZN (net)                                                             | 1      |             |            |            | 0.000       |        |                 |
| branch_taken_NOR2_X1_A1_A2_OAI21_X1_B2_ZN_NAND3_X1_A3_ZN_INV_X1_A:A (INV_X1)                                               |        | 0.002       | 0.000      | 0.016      |             | 0.000  | 0.734f          |
| branch_taken_NOR2_X1_A1_A2_OAI21_X1_B2_ZN_NAND3_X1_A3_ZN_INV_X1_A:ZN (INV_X1)                                              |        | 0.004       | 0.000      | 0.012      |             | 0.022  | 0.756r          |
| io_master_rready_OR2_X1_ZN_A1 (net)                                                                                        | 3      |             |            |            | 0.000       |        |                 |
| io_master_rready_OR2_X1_ZN_A1_NAND2_X1_A2:A2 (NAND2_X1)                                                                    |        | 0.002       | 0.000      | 0.012      |             | 0.000  | 0.756r          |
| io_master_rready_OR2_X1_ZN_A1_NAND2_X1_A2:ZN (NAND2_X1)                                                                    |        | 0.006       | 0.000      | 0.014      |             | 0.024  | 0.780f          |
| io_master_rready_OR2_X1_ZN_A1_NAND2_X1_A2_ZN (net)                                                                         | 4      |             |            |            | 0.000       |        |                 |
| icache_mod.latest_row_NAND3_X1_A2_A3_NOR2_X1_ZN:A2 (NOR2_X1)                                                               |        | 0.002       | 0.000      | 0.014      |             | 0.000  | 0.780f          |
| icache_mod.latest_row_NAND3_X1_A2_A3_NOR2_X1_ZN:ZN (NOR2_X1)                                                               |        | 0.007       | 0.000      | 0.040      |             | 0.057  | 0.838r          |
| icache_mod.latest_row_NAND3_X1_A2_A3 (net)                                                                                 | 4      |             |            |            | 0.000       |        |                 |
| icache_mod.latest_row_NAND3_X1_A2:A3 (NAND3_X1)                                                                            |        | 0.002       | 0.000      | 0.040      |             | 0.000  | 0.838r          |
| icache_mod.latest_row_NAND3_X1_A2:ZN (NAND3_X1)                                                                            |        | 0.018       | 0.000      | 0.052      |             | 0.076  | 0.913f          |
| icache_mod.latest_row_NAND3_X1_A2_ZN (net)                                                                                 | 12     |             |            |            | 0.000       |        |                 |
| icache_mod.fill_count_1__XOR2_X1_B_Z_INV_X1_A_ZN_NOR2_X1_A2_ZN_NAND2_X1_A2_1_ZN_NOR2_X1_A2:A1 (NOR2_X1)                    |        | 0.002       | 0.000      | 0.052      |             | 0.000  | 0.913f          |
| icache_mod.fill_count_1__XOR2_X1_B_Z_INV_X1_A_ZN_NOR2_X1_A2_ZN_NAND2_X1_A2_1_ZN_NOR2_X1_A2:ZN (NOR2_X1)                    |        | 0.001       | 0.000      | 0.019      |             | 0.036  | 0.949r          |
| icache_mod.fill_count_1__XOR2_X1_B_Z_INV_X1_A_ZN_NOR2_X1_A2_ZN_NAND2_X1_A2_1_ZN_NOR2_X1_A2_ZN (net)                        | 1      |             |            |            | 0.000       |        |                 |
| icache_mod.fill_count_1__XOR2_X1_B_Z_INV_X1_A_ZN_NOR2_X1_A2_ZN_NAND2_X1_A2_1_ZN_NOR2_X1_A2_ZN_CLKGATE_X1_E:E (CLKGATE_X1)  |        | 0.001       | 0.000      | 0.019      |             | 0.000  | 0.949r          |
|                                                                                                                            |        |             |            |            |             |        |                 |
| clock (port)                                                                                                               |        | 0.856       | 0.000      | 0.000      |             | 0.000  | 0.000r          |
| clock (clock net)                                                                                                          | 839    |             |            |            | NA          |        |                 |
| icache_mod.fill_count_1__XOR2_X1_B_Z_INV_X1_A_ZN_NOR2_X1_A2_ZN_NAND2_X1_A2_1_ZN_NOR2_X1_A2_ZN_CLKGATE_X1_E:CK (CLKGATE_X1) |        | 0.002       | 0.000      | 0.000      |             | 0.000  | 0.000r          |
| clock core_clock (rise edge)                                                                                               |        |             |            |            |             | 1.769  | 1.769           |
| clock network delay (ideal)                                                                                                |        |             |            |            |             | 0.000  | 1.769           |
| icache_mod.fill_count_1__XOR2_X1_B_Z_INV_X1_A_ZN_NOR2_X1_A2_ZN_NAND2_X1_A2_1_ZN_NOR2_X1_A2_ZN_CLKGATE_X1_E:CK (CLKGATE_X1) |        |             |            |            |             |        | 1.769r          |
| library setup time                                                                                                         |        |             |            |            |             | -0.052 | 1.717           |
| clock reconvergence pessimism                                                                                              |        |             |            |            |             | 0.000  | 1.717           |
|                                                                                                                            |        |             |            |            |             |        |                 |
| path cell delay                                                                                                            |        |             |            |            |             |        | 0.949(100.000%) |
| path net delay                                                                                                             |        |             |            |            |             |        | 0.000(0.000%)   |
|                                                                                                                            |        |             |            |            |             |        |                 |
| data require time                                                                                                          |        |             |            |            |             |        | 1.717           |
| data arrival time                                                                                                          |        |             |            |            |             |        | 0.949           |
| slack (MET)                                                                                                                |        |             |            |            |             |        | 0.768           |
+----------------------------------------------------------------------------------------------------------------------------+--------+-------------+------------+------------+-------------+--------+-----------------+
+--------------------------------------------------------------------------------------------------+--------+-------------+------------+------------+-------------+--------+-----------------+
| Point                                                                                            | Fanout | Capacitance | Resistance | Transition | Delta Delay | Incr   | Path            |
+--------------------------------------------------------------------------------------------------+--------+-------------+------------+------------+-------------+--------+-----------------+
| clock (port)                                                                                     |        | 0.856       | 0.000      | 0.000      |             | 0.000  | 0.000r          |
| clock (clock net)                                                                                | 839    |             |            |            | NA          |        |                 |
| icache_mod.trans_reg_p_CK_CLKGATE_X1_GCK:CK (CLKGATE_X1)                                         |        | 0.002       | 0.000      | 0.000      |             | 0.000  | 0.000r          |
| icache_mod.trans_reg_p_CK_CLKGATE_X1_GCK:GCK (CLKGATE_X1)                                        |        | 0.001       | 0.000      | 0.000      |             | 0.000  | 0.000r          |
| icache_mod.trans_reg_p_CK (clock net)                                                            | 1      |             |            |            | NA          |        |                 |
| icache_mod.trans_reg_p:CK (DFF_X1)                                                               |        | 0.001       | 0.000      | 0.000      |             | 0.000  | 0.000r          |
| clock core_clock (rise edge)                                                                     |        |             |            |            |             | 0      | 0               |
| clock network delay (ideal)                                                                      |        |             |            |            |             | 0.000  | 0.000           |
| icache_mod.trans_reg_p:CK (DFF_X1)                                                               |        | 0.001       | 0.000      | 0.000      |             | 0.000  | 0.000r          |
| icache_mod.trans_reg_p:Q (DFF_X1)                                                                |        | 0.031       | 0.000      | 0.076      |             | 0.155  | 0.155r          |
| icache_mod.trans (net)                                                                           | 17     |             |            |            | 0.000       |        |                 |
| icache_mod.miss_addr_5__MUX2_X1_B:S (MUX2_X1)                                                    |        | 0.002       | 0.000      | 0.076      |             | 0.000  | 0.155r          |
| icache_mod.miss_addr_5__MUX2_X1_B:Z (MUX2_X1)                                                    |        | 0.008       | 0.000      | 0.023      |             | 0.065  | 0.220r          |
| icache_mod.miss_addr_5__MUX2_X1_B_Z (net)                                                        | 8      |             |            |            | 0.000       |        |                 |
| icache_mod.miss_addr_5__MUX2_X1_B_Z_BUF_X1_A:A (BUF_X1)                                          |        | 0.001       | 0.000      | 0.023      |             | 0.000  | 0.220r          |
| icache_mod.miss_addr_5__MUX2_X1_B_Z_BUF_X1_A:Z (BUF_X1)                                          |        | 0.024       | 0.000      | 0.060      |             | 0.083  | 0.303r          |
| icache_mod.block_tag[5]_3__AND2_X1_A1_A2 (net)                                                   | 24     |             |            |            | 0.000       |        |                 |
| icache_mod.block_valid[5]_AND2_X1_A1_A2_BUF_X2_Z:A (BUF_X2)                                      |        | 0.002       | 0.000      | 0.060      |             | 0.000  | 0.303r          |
| icache_mod.block_valid[5]_AND2_X1_A1_A2_BUF_X2_Z:Z (BUF_X2)                                      |        | 0.024       | 0.000      | 0.032      |             | 0.057  | 0.359r          |
| icache_mod.block_valid[5]_AND2_X1_A1_A2 (net)                                                    | 24     |             |            |            | 0.000       |        |                 |
| icache_mod.block_valid[5]_AND2_X1_A1_A2_BUF_X1_A_1:A (BUF_X1)                                    |        | 0.001       | 0.000      | 0.032      |             | 0.000  | 0.359r          |
| icache_mod.block_valid[5]_AND2_X1_A1_A2_BUF_X1_A_1:Z (BUF_X1)                                    |        | 0.023       | 0.000      | 0.058      |             | 0.082  | 0.441r          |
| icache_mod.block_tag[7]_9__AND2_X1_A1_A2 (net)                                                   | 24     |             |            |            | 0.000       |        |                 |
| icache_mod.block_tag[4]_6__AND2_X1_A1:A2 (AND2_X1)                                               |        | 0.001       | 0.000      | 0.058      |             | 0.000  | 0.441r          |
| icache_mod.block_tag[4]_6__AND2_X1_A1:ZN (AND2_X1)                                               |        | 0.002       | 0.000      | 0.010      |             | 0.043  | 0.484r          |
| icache_mod.block_tag[4]_6__AND2_X1_A1_ZN (net)                                                   | 1      |             |            |            | 0.000       |        |                 |
| icache_mod.block_tag[0]_6__AOI211_X1_C2:B (AOI211_X1)                                            |        | 0.002       | 0.000      | 0.010      |             | 0.000  | 0.484r          |
| icache_mod.block_tag[0]_6__AOI211_X1_C2:ZN (AOI211_X1)                                           |        | 0.002       | 0.000      | 0.025      |             | 0.014  | 0.498f          |
| icache_mod.block_tag[0]_6__AOI211_X1_C2_ZN (net)                                                 | 1      |             |            |            | 0.000       |        |                 |
| icache_mod.block_tag[0]_6__AOI211_X1_C2_ZN_AOI21_X1_A:A (AOI21_X1)                               |        | 0.002       | 0.000      | 0.025      |             | 0.000  | 0.498f          |
| icache_mod.block_tag[0]_6__AOI211_X1_C2_ZN_AOI21_X1_A:ZN (AOI21_X1)                              |        | 0.003       | 0.000      | 0.028      |             | 0.042  | 0.540r          |
| icache_mod.block_tag[0]_6__AOI211_X1_C2_ZN_AOI21_X1_A_ZN (net)                                   | 1      |             |            |            | 0.000       |        |                 |
| icache_mod.block_tag[0]_6__AOI211_X1_C2_ZN_AOI21_X1_A_ZN_XNOR2_X1_B:B (XNOR2_X1)                 |        | 0.003       | 0.000      | 0.028      |             | 0.000  | 0.540r          |
| icache_mod.block_tag[0]_6__AOI211_X1_C2_ZN_AOI21_X1_A_ZN_XNOR2_X1_B:ZN (XNOR2_X1)                |        | 0.001       | 0.000      | 0.015      |             | 0.022  | 0.562f          |
| icache_mod.hit_1_AOI21_X1_A_B2_NOR3_X1_ZN_A2_NAND4_X1_ZN_A4 (net)                                | 1      |             |            |            | 0.000       |        |                 |
| icache_mod.hit_1_AOI21_X1_A_B2_NOR3_X1_ZN_A2_NAND4_X1_ZN:A4 (NAND4_X1)                           |        | 0.002       | 0.000      | 0.015      |             | 0.000  | 0.562f          |
| icache_mod.hit_1_AOI21_X1_A_B2_NOR3_X1_ZN_A2_NAND4_X1_ZN:ZN (NAND4_X1)                           |        | 0.002       | 0.000      | 0.015      |             | 0.027  | 0.589r          |
| icache_mod.hit_1_AOI21_X1_A_B2_NOR3_X1_ZN_A2 (net)                                               | 1      |             |            |            | 0.000       |        |                 |
| icache_mod.hit_1_AOI21_X1_A_B2_NOR3_X1_ZN:A2 (NOR3_X1)                                           |        | 0.002       | 0.000      | 0.015      |             | 0.000  | 0.589r          |
| icache_mod.hit_1_AOI21_X1_A_B2_NOR3_X1_ZN:ZN (NOR3_X1)                                           |        | 0.001       | 0.000      | 0.007      |             | 0.013  | 0.601f          |
| icache_mod.hit_1_AOI21_X1_A_B2 (net)                                                             | 1      |             |            |            | 0.000       |        |                 |
| icache_mod.hit_1_AOI21_X1_A:B2 (AOI21_X1)                                                        |        | 0.002       | 0.000      | 0.007      |             | 0.000  | 0.601f          |
| icache_mod.hit_1_AOI21_X1_A:ZN (AOI21_X1)                                                        |        | 0.005       | 0.000      | 0.037      |             | 0.047  | 0.648r          |
| icache_mod.hit_1_AOI21_X1_A_ZN (net)                                                             | 3      |             |            |            | 0.000       |        |                 |
| branch_taken_NOR2_X1_A1_A2_INV_X1_ZN:A (INV_X1)                                                  |        | 0.002       | 0.000      | 0.037      |             | 0.000  | 0.648r          |
| branch_taken_NOR2_X1_A1_A2_INV_X1_ZN:ZN (INV_X1)                                                 |        | 0.003       | 0.000      | 0.012      |             | 0.016  | 0.665f          |
| branch_taken_NOR2_X1_A1_A2 (net)                                                                 | 2      |             |            |            | 0.000       |        |                 |
| branch_taken_NOR2_X1_A1_A2_OAI21_X1_B2:B2 (OAI21_X1)                                             |        | 0.002       | 0.000      | 0.012      |             | 0.000  | 0.665f          |
| branch_taken_NOR2_X1_A1_A2_OAI21_X1_B2:ZN (OAI21_X1)                                             |        | 0.003       | 0.000      | 0.030      |             | 0.045  | 0.709r          |
| branch_taken_NOR2_X1_A1_A2_OAI21_X1_B2_ZN (net)                                                  | 2      |             |            |            | 0.000       |        |                 |
| branch_taken_NOR2_X1_A1_A2_OAI21_X1_B2_ZN_NAND3_X1_A3:A3 (NAND3_X1)                              |        | 0.002       | 0.000      | 0.030      |             | 0.000  | 0.709r          |
| branch_taken_NOR2_X1_A1_A2_OAI21_X1_B2_ZN_NAND3_X1_A3:ZN (NAND3_X1)                              |        | 0.002       | 0.000      | 0.016      |             | 0.025  | 0.734f          |
| branch_taken_NOR2_X1_A1_A2_OAI21_X1_B2_ZN_NAND3_X1_A3_ZN (net)                                   | 1      |             |            |            | 0.000       |        |                 |
| branch_taken_NOR2_X1_A1_A2_OAI21_X1_B2_ZN_NAND3_X1_A3_ZN_INV_X1_A:A (INV_X1)                     |        | 0.002       | 0.000      | 0.016      |             | 0.000  | 0.734f          |
| branch_taken_NOR2_X1_A1_A2_OAI21_X1_B2_ZN_NAND3_X1_A3_ZN_INV_X1_A:ZN (INV_X1)                    |        | 0.004       | 0.000      | 0.012      |             | 0.022  | 0.756r          |
| io_master_rready_OR2_X1_ZN_A1 (net)                                                              | 3      |             |            |            | 0.000       |        |                 |
| io_master_rready_OR2_X1_ZN_A1_NAND2_X1_A2:A2 (NAND2_X1)                                          |        | 0.002       | 0.000      | 0.012      |             | 0.000  | 0.756r          |
| io_master_rready_OR2_X1_ZN_A1_NAND2_X1_A2:ZN (NAND2_X1)                                          |        | 0.006       | 0.000      | 0.014      |             | 0.024  | 0.780f          |
| io_master_rready_OR2_X1_ZN_A1_NAND2_X1_A2_ZN (net)                                               | 4      |             |            |            | 0.000       |        |                 |
| icache_mod.latest_row_NAND3_X1_A2_A3_NOR2_X1_ZN:A2 (NOR2_X1)                                     |        | 0.002       | 0.000      | 0.014      |             | 0.000  | 0.780f          |
| icache_mod.latest_row_NAND3_X1_A2_A3_NOR2_X1_ZN:ZN (NOR2_X1)                                     |        | 0.007       | 0.000      | 0.040      |             | 0.057  | 0.838r          |
| icache_mod.latest_row_NAND3_X1_A2_A3 (net)                                                       | 4      |             |            |            | 0.000       |        |                 |
| icache_mod.latest_row_NAND3_X1_A2:A3 (NAND3_X1)                                                  |        | 0.002       | 0.000      | 0.040      |             | 0.000  | 0.838r          |
| icache_mod.latest_row_NAND3_X1_A2:ZN (NAND3_X1)                                                  |        | 0.018       | 0.000      | 0.052      |             | 0.076  | 0.913f          |
| icache_mod.latest_row_NAND3_X1_A2_ZN (net)                                                       | 12     |             |            |            | 0.000       |        |                 |
| icache_mod.fill_count_1__XOR2_X1_B_Z_NAND3_X1_A3_1_ZN_NOR2_X1_A2:A1 (NOR2_X1)                    |        | 0.002       | 0.000      | 0.052      |             | 0.000  | 0.913f          |
| icache_mod.fill_count_1__XOR2_X1_B_Z_NAND3_X1_A3_1_ZN_NOR2_X1_A2:ZN (NOR2_X1)                    |        | 0.001       | 0.000      | 0.019      |             | 0.036  | 0.949r          |
| icache_mod.fill_count_1__XOR2_X1_B_Z_NAND3_X1_A3_1_ZN_NOR2_X1_A2_ZN (net)                        | 1      |             |            |            | 0.000       |        |                 |
| icache_mod.fill_count_1__XOR2_X1_B_Z_NAND3_X1_A3_1_ZN_NOR2_X1_A2_ZN_CLKGATE_X1_E:E (CLKGATE_X1)  |        | 0.001       | 0.000      | 0.019      |             | 0.000  | 0.949r          |
|                                                                                                  |        |             |            |            |             |        |                 |
| clock (port)                                                                                     |        | 0.856       | 0.000      | 0.000      |             | 0.000  | 0.000r          |
| clock (clock net)                                                                                | 839    |             |            |            | NA          |        |                 |
| icache_mod.fill_count_1__XOR2_X1_B_Z_NAND3_X1_A3_1_ZN_NOR2_X1_A2_ZN_CLKGATE_X1_E:CK (CLKGATE_X1) |        | 0.002       | 0.000      | 0.000      |             | 0.000  | 0.000r          |
| clock core_clock (rise edge)                                                                     |        |             |            |            |             | 1.769  | 1.769           |
| clock network delay (ideal)                                                                      |        |             |            |            |             | 0.000  | 1.769           |
| icache_mod.fill_count_1__XOR2_X1_B_Z_NAND3_X1_A3_1_ZN_NOR2_X1_A2_ZN_CLKGATE_X1_E:CK (CLKGATE_X1) |        |             |            |            |             |        | 1.769r          |
| library setup time                                                                               |        |             |            |            |             | -0.052 | 1.717           |
| clock reconvergence pessimism                                                                    |        |             |            |            |             | 0.000  | 1.717           |
|                                                                                                  |        |             |            |            |             |        |                 |
| path cell delay                                                                                  |        |             |            |            |             |        | 0.949(100.000%) |
| path net delay                                                                                   |        |             |            |            |             |        | 0.000(0.000%)   |
|                                                                                                  |        |             |            |            |             |        |                 |
| data require time                                                                                |        |             |            |            |             |        | 1.717           |
| data arrival time                                                                                |        |             |            |            |             |        | 0.949           |
| slack (MET)                                                                                      |        |             |            |            |             |        | 0.768           |
+--------------------------------------------------------------------------------------------------+--------+-------------+------------+------------+-------------+--------+-----------------+
+----------------------------------------------------------+--------+-------------+------------+------------+-------------+--------+-----------------+
| Point                                                    | Fanout | Capacitance | Resistance | Transition | Delta Delay | Incr   | Path            |
+----------------------------------------------------------+--------+-------------+------------+------------+-------------+--------+-----------------+
| clock (port)                                             |        | 0.856       | 0.000      | 0.000      |             | 0.000  | 0.000r          |
| clock (clock net)                                        | 839    |             |            |            | NA          |        |                 |
| lsu_mod.lsu_r_1__reg_p:CK (DFF_X1)                       |        | 0.001       | 0.000      | 0.000      |             | 0.000  | 0.000r          |
| clock core_clock (rise edge)                             |        |             |            |            |             | 0      | 0               |
| clock network delay (ideal)                              |        |             |            |            |             | 0.000  | 0.000           |
| lsu_mod.lsu_r_1__reg_p:CK (DFF_X1)                       |        | 0.001       | 0.000      | 0.000      |             | 0.000  | 0.000r          |
| lsu_mod.lsu_r_1__reg_p:QN (DFF_X1)                       |        | 0.002       | 0.000      | 0.011      |             | 0.063  | 0.063r          |
| lsu_mod.trans_r_reg_p_D (net)                            | 2      |             |            |            | 0.000       |        |                 |
| lsu_mod.trans_r_reg_p:D (DFF_X1)                         |        | 0.001       | 0.000      | 0.011      |             | 0.000  | 0.063r          |
|                                                          |        |             |            |            |             |        |                 |
| clock (port)                                             |        | 0.856       | 0.000      | 0.000      |             | 0.000  | 0.000r          |
| clock (clock net)                                        | 839    |             |            |            | NA          |        |                 |
| lsu_mod.trans_r_reg_p_CK_CLKGATE_X1_GCK:CK (CLKGATE_X1)  |        | 0.002       | 0.000      | 0.000      |             | 0.000  | 0.000r          |
| lsu_mod.trans_r_reg_p_CK_CLKGATE_X1_GCK:GCK (CLKGATE_X1) |        | 0.001       | 0.000      | 0.000      |             | 0.000  | 0.000r          |
| lsu_mod.trans_r_reg_p_CK (clock net)                     | 1      |             |            |            | NA          |        |                 |
| lsu_mod.trans_r_reg_p:CK (DFF_X1)                        |        | 0.001       | 0.000      | 0.000      |             | 0.000  | 0.000r          |
| clock core_clock (rise edge)                             |        |             |            |            |             | 0      | 0               |
| clock network delay (ideal)                              |        |             |            |            |             | 0.000  | 0.000           |
| lsu_mod.trans_r_reg_p:CK (DFF_X1)                        |        |             |            |            |             |        | 0.000r          |
| library hold time                                        |        |             |            |            |             | 0.006  | 0.006           |
| clock reconvergence pessimism                            |        |             |            |            |             | -0.000 | 0.006           |
|                                                          |        |             |            |            |             |        |                 |
| path cell delay                                          |        |             |            |            |             |        | 0.063(100.000%) |
| path net delay                                           |        |             |            |            |             |        | 0.000(0.000%)   |
|                                                          |        |             |            |            |             |        |                 |
| data require time                                        |        |             |            |            |             |        | 0.006           |
| data arrival time                                        |        |             |            |            |             |        | 0.063           |
| slack (MET)                                              |        |             |            |            |             |        | 0.057           |
+----------------------------------------------------------+--------+-------------+------------+------------+-------------+--------+-----------------+
+----------------------------------------------------------+--------+-------------+------------+------------+-------------+--------+-----------------+
| Point                                                    | Fanout | Capacitance | Resistance | Transition | Delta Delay | Incr   | Path            |
+----------------------------------------------------------+--------+-------------+------------+------------+-------------+--------+-----------------+
| clock (port)                                             |        | 0.856       | 0.000      | 0.000      |             | 0.000  | 0.000r          |
| clock (clock net)                                        | 839    |             |            |            | NA          |        |                 |
| lsu_mod.lsu_r_1__reg_p:CK (DFF_X1)                       |        | 0.001       | 0.000      | 0.000      |             | 0.000  | 0.000r          |
| clock core_clock (rise edge)                             |        |             |            |            |             | 0      | 0               |
| clock network delay (ideal)                              |        |             |            |            |             | 0.000  | 0.000           |
| lsu_mod.lsu_r_1__reg_p:CK (DFF_X1)                       |        | 0.001       | 0.000      | 0.000      |             | 0.000  | 0.000r          |
| lsu_mod.lsu_r_1__reg_p:QN (DFF_X1)                       |        | 0.002       | 0.000      | 0.011      |             | 0.063  | 0.063r          |
| lsu_mod.trans_r_reg_p_D (net)                            | 2      |             |            |            | 0.000       |        |                 |
| lsu_mod.trans_r_reg_p:D (DFF_X1)                         |        | 0.001       | 0.000      | 0.011      |             | 0.000  | 0.063r          |
|                                                          |        |             |            |            |             |        |                 |
| clock (port)                                             |        | 0.856       | 0.000      | 0.000      |             | 0.000  | 0.000r          |
| clock (clock net)                                        | 839    |             |            |            | NA          |        |                 |
| lsu_mod.trans_r_reg_p_CK_CLKGATE_X1_GCK:CK (CLKGATE_X1)  |        | 0.002       | 0.000      | 0.000      |             | 0.000  | 0.000r          |
| lsu_mod.trans_r_reg_p_CK_CLKGATE_X1_GCK:GCK (CLKGATE_X1) |        | 0.001       | 0.000      | 0.000      |             | 0.000  | 0.000r          |
| lsu_mod.trans_r_reg_p_CK (clock net)                     | 1      |             |            |            | NA          |        |                 |
| lsu_mod.trans_r_reg_p:CK (DFF_X1)                        |        | 0.001       | 0.000      | 0.000      |             | 0.000  | 0.000r          |
| clock core_clock (rise edge)                             |        |             |            |            |             | 0      | 0               |
| clock network delay (ideal)                              |        |             |            |            |             | 0.000  | 0.000           |
| lsu_mod.trans_r_reg_p:CK (DFF_X1)                        |        |             |            |            |             |        | 0.000r          |
| library hold time                                        |        |             |            |            |             | 0.006  | 0.006           |
| clock reconvergence pessimism                            |        |             |            |            |             | -0.000 | 0.006           |
|                                                          |        |             |            |            |             |        |                 |
| path cell delay                                          |        |             |            |            |             |        | 0.063(100.000%) |
| path net delay                                           |        |             |            |            |             |        | 0.000(0.000%)   |
|                                                          |        |             |            |            |             |        |                 |
| data require time                                        |        |             |            |            |             |        | 0.006           |
| data arrival time                                        |        |             |            |            |             |        | 0.063           |
| slack (MET)                                              |        |             |            |            |             |        | 0.057           |
+----------------------------------------------------------+--------+-------------+------------+------------+-------------+--------+-----------------+
+-----------------------------------------------------------+--------+-------------+------------+------------+-------------+--------+-----------------+
| Point                                                     | Fanout | Capacitance | Resistance | Transition | Delta Delay | Incr   | Path            |
+-----------------------------------------------------------+--------+-------------+------------+------------+-------------+--------+-----------------+
| clock (port)                                              |        | 0.856       | 0.000      | 0.000      |             | 0.000  | 0.000r          |
| clock (clock net)                                         | 839    |             |            |            | NA          |        |                 |
| icache_mod.state_1__reg_p:CK (DFF_X1)                     |        | 0.001       | 0.000      | 0.000      |             | 0.000  | 0.000r          |
| clock core_clock (rise edge)                              |        |             |            |            |             | 0      | 0               |
| clock network delay (ideal)                               |        |             |            |            |             | 0.000  | 0.000           |
| icache_mod.state_1__reg_p:CK (DFF_X1)                     |        | 0.001       | 0.000      | 0.000      |             | 0.000  | 0.000r          |
| icache_mod.state_1__reg_p:QN (DFF_X1)                     |        | 0.001       | 0.000      | 0.011      |             | 0.063  | 0.063r          |
| icache_mod.trans_reg_p_D (net)                            | 1      |             |            |            | 0.000       |        |                 |
| icache_mod.trans_reg_p:D (DFF_X1)                         |        | 0.001       | 0.000      | 0.011      |             | 0.000  | 0.063r          |
|                                                           |        |             |            |            |             |        |                 |
| clock (port)                                              |        | 0.856       | 0.000      | 0.000      |             | 0.000  | 0.000r          |
| clock (clock net)                                         | 839    |             |            |            | NA          |        |                 |
| icache_mod.trans_reg_p_CK_CLKGATE_X1_GCK:CK (CLKGATE_X1)  |        | 0.002       | 0.000      | 0.000      |             | 0.000  | 0.000r          |
| icache_mod.trans_reg_p_CK_CLKGATE_X1_GCK:GCK (CLKGATE_X1) |        | 0.001       | 0.000      | 0.000      |             | 0.000  | 0.000r          |
| icache_mod.trans_reg_p_CK (clock net)                     | 1      |             |            |            | NA          |        |                 |
| icache_mod.trans_reg_p:CK (DFF_X1)                        |        | 0.001       | 0.000      | 0.000      |             | 0.000  | 0.000r          |
| clock core_clock (rise edge)                              |        |             |            |            |             | 0      | 0               |
| clock network delay (ideal)                               |        |             |            |            |             | 0.000  | 0.000           |
| icache_mod.trans_reg_p:CK (DFF_X1)                        |        |             |            |            |             |        | 0.000r          |
| library hold time                                         |        |             |            |            |             | 0.006  | 0.006           |
| clock reconvergence pessimism                             |        |             |            |            |             | -0.000 | 0.006           |
|                                                           |        |             |            |            |             |        |                 |
| path cell delay                                           |        |             |            |            |             |        | 0.063(100.000%) |
| path net delay                                            |        |             |            |            |             |        | 0.000(0.000%)   |
|                                                           |        |             |            |            |             |        |                 |
| data require time                                         |        |             |            |            |             |        | 0.006           |
| data arrival time                                         |        |             |            |            |             |        | 0.063           |
| slack (MET)                                               |        |             |            |            |             |        | 0.057           |
+-----------------------------------------------------------+--------+-------------+------------+------------+-------------+--------+-----------------+
+-----------------------------------------------------------+--------+-------------+------------+------------+-------------+--------+-----------------+
| Point                                                     | Fanout | Capacitance | Resistance | Transition | Delta Delay | Incr   | Path            |
+-----------------------------------------------------------+--------+-------------+------------+------------+-------------+--------+-----------------+
| clock (port)                                              |        | 0.856       | 0.000      | 0.000      |             | 0.000  | 0.000r          |
| clock (clock net)                                         | 839    |             |            |            | NA          |        |                 |
| icache_mod.state_1__reg_p:CK (DFF_X1)                     |        | 0.001       | 0.000      | 0.000      |             | 0.000  | 0.000r          |
| clock core_clock (rise edge)                              |        |             |            |            |             | 0      | 0               |
| clock network delay (ideal)                               |        |             |            |            |             | 0.000  | 0.000           |
| icache_mod.state_1__reg_p:CK (DFF_X1)                     |        | 0.001       | 0.000      | 0.000      |             | 0.000  | 0.000r          |
| icache_mod.state_1__reg_p:QN (DFF_X1)                     |        | 0.001       | 0.000      | 0.011      |             | 0.063  | 0.063r          |
| icache_mod.trans_reg_p_D (net)                            | 1      |             |            |            | 0.000       |        |                 |
| icache_mod.trans_reg_p:D (DFF_X1)                         |        | 0.001       | 0.000      | 0.011      |             | 0.000  | 0.063r          |
|                                                           |        |             |            |            |             |        |                 |
| clock (port)                                              |        | 0.856       | 0.000      | 0.000      |             | 0.000  | 0.000r          |
| clock (clock net)                                         | 839    |             |            |            | NA          |        |                 |
| icache_mod.trans_reg_p_CK_CLKGATE_X1_GCK:CK (CLKGATE_X1)  |        | 0.002       | 0.000      | 0.000      |             | 0.000  | 0.000r          |
| icache_mod.trans_reg_p_CK_CLKGATE_X1_GCK:GCK (CLKGATE_X1) |        | 0.001       | 0.000      | 0.000      |             | 0.000  | 0.000r          |
| icache_mod.trans_reg_p_CK (clock net)                     | 1      |             |            |            | NA          |        |                 |
| icache_mod.trans_reg_p:CK (DFF_X1)                        |        | 0.001       | 0.000      | 0.000      |             | 0.000  | 0.000r          |
| clock core_clock (rise edge)                              |        |             |            |            |             | 0      | 0               |
| clock network delay (ideal)                               |        |             |            |            |             | 0.000  | 0.000           |
| icache_mod.trans_reg_p:CK (DFF_X1)                        |        |             |            |            |             |        | 0.000r          |
| library hold time                                         |        |             |            |            |             | 0.006  | 0.006           |
| clock reconvergence pessimism                             |        |             |            |            |             | -0.000 | 0.006           |
|                                                           |        |             |            |            |             |        |                 |
| path cell delay                                           |        |             |            |            |             |        | 0.063(100.000%) |
| path net delay                                            |        |             |            |            |             |        | 0.000(0.000%)   |
|                                                           |        |             |            |            |             |        |                 |
| data require time                                         |        |             |            |            |             |        | 0.006           |
| data arrival time                                         |        |             |            |            |             |        | 0.063           |
| slack (MET)                                               |        |             |            |            |             |        | 0.057           |
+-----------------------------------------------------------+--------+-------------+------------+------------+-------------+--------+-----------------+
+----------------------------------------------------------+--------+-------------+------------+------------+-------------+--------+-----------------+
| Point                                                    | Fanout | Capacitance | Resistance | Transition | Delta Delay | Incr   | Path            |
+----------------------------------------------------------+--------+-------------+------------+------------+-------------+--------+-----------------+
| clock (port)                                             |        | 0.856       | 0.000      | 0.000      |             | 0.000  | 0.000r          |
| clock (clock net)                                        | 839    |             |            |            | NA          |        |                 |
| lsu_mod.lsu_r_1__reg_p:CK (DFF_X1)                       |        | 0.001       | 0.000      | 0.000      |             | 0.000  | 0.000r          |
| clock core_clock (rise edge)                             |        |             |            |            |             | 0      | 0               |
| clock network delay (ideal)                              |        |             |            |            |             | 0.000  | 0.000           |
| lsu_mod.lsu_r_1__reg_p:CK (DFF_X1)                       |        | 0.001       | 0.000      | 0.000      |             | 0.000  | 0.000r          |
| lsu_mod.lsu_r_1__reg_p:QN (DFF_X1)                       |        | 0.002       | 0.000      | 0.012      |             | 0.064  | 0.064f          |
| lsu_mod.trans_r_reg_p_D (net)                            | 2      |             |            |            | 0.000       |        |                 |
| lsu_mod.trans_r_reg_p:D (DFF_X1)                         |        | 0.001       | 0.000      | 0.012      |             | 0.000  | 0.064f          |
|                                                          |        |             |            |            |             |        |                 |
| clock (port)                                             |        | 0.856       | 0.000      | 0.000      |             | 0.000  | 0.000r          |
| clock (clock net)                                        | 839    |             |            |            | NA          |        |                 |
| lsu_mod.trans_r_reg_p_CK_CLKGATE_X1_GCK:CK (CLKGATE_X1)  |        | 0.002       | 0.000      | 0.000      |             | 0.000  | 0.000r          |
| lsu_mod.trans_r_reg_p_CK_CLKGATE_X1_GCK:GCK (CLKGATE_X1) |        | 0.001       | 0.000      | 0.000      |             | 0.000  | 0.000r          |
| lsu_mod.trans_r_reg_p_CK (clock net)                     | 1      |             |            |            | NA          |        |                 |
| lsu_mod.trans_r_reg_p:CK (DFF_X1)                        |        | 0.001       | 0.000      | 0.000      |             | 0.000  | 0.000r          |
| clock core_clock (rise edge)                             |        |             |            |            |             | 0      | 0               |
| clock network delay (ideal)                              |        |             |            |            |             | 0.000  | 0.000           |
| lsu_mod.trans_r_reg_p:CK (DFF_X1)                        |        |             |            |            |             |        | 0.000r          |
| library hold time                                        |        |             |            |            |             | 0.002  | 0.002           |
| clock reconvergence pessimism                            |        |             |            |            |             | -0.000 | 0.002           |
|                                                          |        |             |            |            |             |        |                 |
| path cell delay                                          |        |             |            |            |             |        | 0.064(100.000%) |
| path net delay                                           |        |             |            |            |             |        | 0.000(0.000%)   |
|                                                          |        |             |            |            |             |        |                 |
| data require time                                        |        |             |            |            |             |        | 0.002           |
| data arrival time                                        |        |             |            |            |             |        | 0.064           |
| slack (MET)                                              |        |             |            |            |             |        | 0.062           |
+----------------------------------------------------------+--------+-------------+------------+------------+-------------+--------+-----------------+
+----------------------------------------------------------------------+--------+-------------+------------+------------+-------------+--------+-----------------+
| Point                                                                | Fanout | Capacitance | Resistance | Transition | Delta Delay | Incr   | Path            |
+----------------------------------------------------------------------+--------+-------------+------------+------------+-------------+--------+-----------------+
| clock (port)                                                         |        | 0.856       | 0.000      | 0.000      |             | 0.000  | 0.000r          |
| clock (clock net)                                                    | 839    |             |            |            | NA          |        |                 |
| icache_mod.state_1__reg_p:CK (DFF_X1)                                |        | 0.001       | 0.000      | 0.000      |             | 0.000  | 0.000r          |
| clock core_clock (rise edge)                                         |        |             |            |            |             | 0      | 0               |
| clock network delay (ideal)                                          |        |             |            |            |             | 0.000  | 0.000           |
| icache_mod.state_1__reg_p:CK (DFF_X1)                                |        | 0.001       | 0.000      | 0.000      |             | 0.000  | 0.000r          |
| icache_mod.state_1__reg_p:Q (DFF_X1)                                 |        | 0.005       | 0.000      | 0.010      |             | 0.086  | 0.086f          |
| icache_mod.state_1_ (net)                                            | 4      |             |            |            | 0.000       |        |                 |
| icache_mod.trans_reg_p_CK_CLKGATE_X1_GCK_E_AOI21_X1_ZN:B2 (AOI21_X1) |        | 0.002       | 0.000      | 0.010      |             | 0.000  | 0.086f          |
| icache_mod.trans_reg_p_CK_CLKGATE_X1_GCK_E_AOI21_X1_ZN:ZN (AOI21_X1) |        | 0.001       | 0.000      | 0.013      |             | 0.028  | 0.114r          |
| icache_mod.trans_reg_p_CK_CLKGATE_X1_GCK_E (net)                     | 1      |             |            |            | 0.000       |        |                 |
| icache_mod.trans_reg_p_CK_CLKGATE_X1_GCK:E (CLKGATE_X1)              |        | 0.001       | 0.000      | 0.013      |             | 0.000  | 0.114r          |
|                                                                      |        |             |            |            |             |        |                 |
| clock (port)                                                         |        | 0.856       | 0.000      | 0.000      |             | 0.000  | 0.000r          |
| clock (clock net)                                                    | 839    |             |            |            | NA          |        |                 |
| icache_mod.trans_reg_p_CK_CLKGATE_X1_GCK:CK (CLKGATE_X1)             |        | 0.002       | 0.000      | 0.000      |             | 0.000  | 0.000r          |
| clock core_clock (rise edge)                                         |        |             |            |            |             | 0      | 0               |
| clock network delay (ideal)                                          |        |             |            |            |             | 0.000  | 0.000           |
| icache_mod.trans_reg_p_CK_CLKGATE_X1_GCK:CK (CLKGATE_X1)             |        |             |            |            |             |        | 0.000r          |
| library hold time                                                    |        |             |            |            |             | -0.001 | -0.001          |
| clock reconvergence pessimism                                        |        |             |            |            |             | -0.000 | -0.001          |
|                                                                      |        |             |            |            |             |        |                 |
| path cell delay                                                      |        |             |            |            |             |        | 0.114(100.000%) |
| path net delay                                                       |        |             |            |            |             |        | 0.000(0.000%)   |
|                                                                      |        |             |            |            |             |        |                 |
| data require time                                                    |        |             |            |            |             |        | -0.001          |
| data arrival time                                                    |        |             |            |            |             |        | 0.114           |
| slack (MET)                                                          |        |             |            |            |             |        | 0.114           |
+----------------------------------------------------------------------+--------+-------------+------------+------------+-------------+--------+-----------------+
+---------------------------------------------------------+--------+-------------+------------+------------+-------------+--------+-----------------+
| Point                                                   | Fanout | Capacitance | Resistance | Transition | Delta Delay | Incr   | Path            |
+---------------------------------------------------------+--------+-------------+------------+------------+-------------+--------+-----------------+
| clock (port)                                            |        | 0.856       | 0.000      | 0.000      |             | 0.000  | 0.000r          |
| clock (clock net)                                       | 839    |             |            |            | NA          |        |                 |
| lsu_mod.lsu_r_0__reg_p:CK (DFF_X1)                      |        | 0.001       | 0.000      | 0.000      |             | 0.000  | 0.000r          |
| clock core_clock (rise edge)                            |        |             |            |            |             | 0      | 0               |
| clock network delay (ideal)                             |        |             |            |            |             | 0.000  | 0.000           |
| lsu_mod.lsu_r_0__reg_p:CK (DFF_X1)                      |        | 0.001       | 0.000      | 0.000      |             | 0.000  | 0.000r          |
| lsu_mod.lsu_r_0__reg_p:Q (DFF_X1)                       |        | 0.004       | 0.000      | 0.013      |             | 0.090  | 0.090r          |
| lsu_mod.lsu_r_0_ (net)                                  | 3      |             |            |            | 0.000       |        |                 |
| lsu_mod.lsu_r_1__OAI211_X1_C2:C1 (OAI211_X1)            |        | 0.002       | 0.000      | 0.013      |             | 0.000  | 0.090r          |
| lsu_mod.lsu_r_1__OAI211_X1_C2:ZN (OAI211_X1)            |        | 0.002       | 0.000      | 0.012      |             | 0.021  | 0.111f          |
| lsu_mod.lsu_r_1__OAI211_X1_C2_ZN (net)                  | 1      |             |            |            | 0.000       |        |                 |
| lsu_mod.lsu_r_1__OAI211_X1_C2_ZN_INV_X1_A:A (INV_X1)    |        | 0.002       | 0.000      | 0.012      |             | 0.000  | 0.111f          |
| lsu_mod.lsu_r_1__OAI211_X1_C2_ZN_INV_X1_A:ZN (INV_X1)   |        | 0.001       | 0.000      | 0.006      |             | 0.012  | 0.123r          |
| lsu_mod.trans_r_reg_p_CK_CLKGATE_X1_GCK_E (net)         | 1      |             |            |            | 0.000       |        |                 |
| lsu_mod.trans_r_reg_p_CK_CLKGATE_X1_GCK:E (CLKGATE_X1)  |        | 0.001       | 0.000      | 0.006      |             | 0.000  | 0.123r          |
|                                                         |        |             |            |            |             |        |                 |
| clock (port)                                            |        | 0.856       | 0.000      | 0.000      |             | 0.000  | 0.000r          |
| clock (clock net)                                       | 839    |             |            |            | NA          |        |                 |
| lsu_mod.trans_r_reg_p_CK_CLKGATE_X1_GCK:CK (CLKGATE_X1) |        | 0.002       | 0.000      | 0.000      |             | 0.000  | 0.000r          |
| clock core_clock (rise edge)                            |        |             |            |            |             | 0      | 0               |
| clock network delay (ideal)                             |        |             |            |            |             | 0.000  | 0.000           |
| lsu_mod.trans_r_reg_p_CK_CLKGATE_X1_GCK:CK (CLKGATE_X1) |        |             |            |            |             |        | 0.000r          |
| library hold time                                       |        |             |            |            |             | -0.002 | -0.002          |
| clock reconvergence pessimism                           |        |             |            |            |             | -0.000 | -0.002          |
|                                                         |        |             |            |            |             |        |                 |
| path cell delay                                         |        |             |            |            |             |        | 0.123(100.000%) |
| path net delay                                          |        |             |            |            |             |        | 0.000(0.000%)   |
|                                                         |        |             |            |            |             |        |                 |
| data require time                                       |        |             |            |            |             |        | -0.002          |
| data arrival time                                       |        |             |            |            |             |        | 0.123           |
| slack (MET)                                             |        |             |            |            |             |        | 0.124           |
+---------------------------------------------------------+--------+-------------+------------+------------+-------------+--------+-----------------+
+----------------------------------------------------------------------+--------+-------------+------------+------------+-------------+--------+-----------------+
| Point                                                                | Fanout | Capacitance | Resistance | Transition | Delta Delay | Incr   | Path            |
+----------------------------------------------------------------------+--------+-------------+------------+------------+-------------+--------+-----------------+
| clock (port)                                                         |        | 0.856       | 0.000      | 0.000      |             | 0.000  | 0.000r          |
| clock (clock net)                                                    | 839    |             |            |            | NA          |        |                 |
| icache_mod.state_1__reg_p:CK (DFF_X1)                                |        | 0.001       | 0.000      | 0.000      |             | 0.000  | 0.000r          |
| clock core_clock (rise edge)                                         |        |             |            |            |             | 0      | 0               |
| clock network delay (ideal)                                          |        |             |            |            |             | 0.000  | 0.000           |
| icache_mod.state_1__reg_p:CK (DFF_X1)                                |        | 0.001       | 0.000      | 0.000      |             | 0.000  | 0.000r          |
| icache_mod.state_1__reg_p:Q (DFF_X1)                                 |        | 0.006       | 0.000      | 0.017      |             | 0.094  | 0.094r          |
| icache_mod.state_1_ (net)                                            | 4      |             |            |            | 0.000       |        |                 |
| icache_mod.trans_reg_p_CK_CLKGATE_X1_GCK_E_AOI21_X1_ZN:B2 (AOI21_X1) |        | 0.002       | 0.000      | 0.017      |             | 0.000  | 0.094r          |
| icache_mod.trans_reg_p_CK_CLKGATE_X1_GCK_E_AOI21_X1_ZN:ZN (AOI21_X1) |        | 0.001       | 0.000      | 0.006      |             | 0.015  | 0.109f          |
| icache_mod.trans_reg_p_CK_CLKGATE_X1_GCK_E (net)                     | 1      |             |            |            | 0.000       |        |                 |
| icache_mod.trans_reg_p_CK_CLKGATE_X1_GCK:E (CLKGATE_X1)              |        | 0.001       | 0.000      | 0.006      |             | 0.000  | 0.109f          |
|                                                                      |        |             |            |            |             |        |                 |
| clock (port)                                                         |        | 0.856       | 0.000      | 0.000      |             | 0.000  | 0.000r          |
| clock (clock net)                                                    | 839    |             |            |            | NA          |        |                 |
| icache_mod.trans_reg_p_CK_CLKGATE_X1_GCK:CK (CLKGATE_X1)             |        | 0.002       | 0.000      | 0.000      |             | 0.000  | 0.000r          |
| clock core_clock (rise edge)                                         |        |             |            |            |             | 0      | 0               |
| clock network delay (ideal)                                          |        |             |            |            |             | 0.000  | 0.000           |
| icache_mod.trans_reg_p_CK_CLKGATE_X1_GCK:CK (CLKGATE_X1)             |        |             |            |            |             |        | 0.000r          |
| library hold time                                                    |        |             |            |            |             | -0.016 | -0.016          |
| clock reconvergence pessimism                                        |        |             |            |            |             | -0.000 | -0.016          |
|                                                                      |        |             |            |            |             |        |                 |
| path cell delay                                                      |        |             |            |            |             |        | 0.109(100.000%) |
| path net delay                                                       |        |             |            |            |             |        | 0.000(0.000%)   |
|                                                                      |        |             |            |            |             |        |                 |
| data require time                                                    |        |             |            |            |             |        | -0.016          |
| data arrival time                                                    |        |             |            |            |             |        | 0.109           |
| slack (MET)                                                          |        |             |            |            |             |        | 0.125           |
+----------------------------------------------------------------------+--------+-------------+------------+------------+-------------+--------+-----------------+
+-----------------------------------------------------------------------------------------------------+--------+-------------+------------+------------+-------------+--------+-----------------+
| Point                                                                                               | Fanout | Capacitance | Resistance | Transition | Delta Delay | Incr   | Path            |
+-----------------------------------------------------------------------------------------------------+--------+-------------+------------+------------+-------------+--------+-----------------+
| clock (port)                                                                                        |        | 0.856       | 0.000      | 0.000      |             | 0.000  | 0.000r          |
| clock (clock net)                                                                                   | 839    |             |            |            | NA          |        |                 |
| icache_mod.state_0__reg_p:CK (DFF_X1)                                                               |        | 0.001       | 0.000      | 0.000      |             | 0.000  | 0.000r          |
| clock core_clock (rise edge)                                                                        |        |             |            |            |             | 0      | 0               |
| clock network delay (ideal)                                                                         |        |             |            |            |             | 0.000  | 0.000           |
| icache_mod.state_0__reg_p:CK (DFF_X1)                                                               |        | 0.001       | 0.000      | 0.000      |             | 0.000  | 0.000r          |
| icache_mod.state_0__reg_p:Q (DFF_X1)                                                                |        | 0.005       | 0.000      | 0.010      |             | 0.084  | 0.084f          |
| icache_mod.state_0_ (net)                                                                           | 3      |             |            |            | 0.000       |        |                 |
| branch_taken_NOR2_X1_A1_A2_OAI21_X1_B2_ZN_NAND2_X1_A2:A1 (NAND2_X1)                                 |        | 0.002       | 0.000      | 0.010      |             | 0.000  | 0.084f          |
| branch_taken_NOR2_X1_A1_A2_OAI21_X1_B2_ZN_NAND2_X1_A2:ZN (NAND2_X1)                                 |        | 0.003       | 0.000      | 0.013      |             | 0.020  | 0.105r          |
| branch_taken_NOR2_X1_A1_A2_OAI21_X1_B2_ZN_NAND2_X1_A2_ZN (net)                                      | 2      |             |            |            | 0.000       |        |                 |
| branch_taken_NOR2_X1_A1_A2_OAI21_X1_B2_ZN_NAND2_X1_A2_ZN_NOR2_X1_A2:A2 (NOR2_X1)                    |        | 0.002       | 0.000      | 0.013      |             | 0.000  | 0.105r          |
| branch_taken_NOR2_X1_A1_A2_OAI21_X1_B2_ZN_NAND2_X1_A2_ZN_NOR2_X1_A2:ZN (NOR2_X1)                    |        | 0.001       | 0.000      | 0.006      |             | 0.010  | 0.114f          |
| branch_taken_NOR2_X1_A1_A2_OAI21_X1_B2_ZN_NAND2_X1_A2_ZN_NOR2_X1_A2_ZN (net)                        | 1      |             |            |            | 0.000       |        |                 |
| branch_taken_NOR2_X1_A1_A2_OAI21_X1_B2_ZN_NAND2_X1_A2_ZN_NOR2_X1_A2_ZN_CLKGATE_X1_E:E (CLKGATE_X1)  |        | 0.001       | 0.000      | 0.006      |             | 0.000  | 0.114f          |
|                                                                                                     |        |             |            |            |             |        |                 |
| clock (port)                                                                                        |        | 0.856       | 0.000      | 0.000      |             | 0.000  | 0.000r          |
| clock (clock net)                                                                                   | 839    |             |            |            | NA          |        |                 |
| branch_taken_NOR2_X1_A1_A2_OAI21_X1_B2_ZN_NAND2_X1_A2_ZN_NOR2_X1_A2_ZN_CLKGATE_X1_E:CK (CLKGATE_X1) |        | 0.002       | 0.000      | 0.000      |             | 0.000  | 0.000r          |
| clock core_clock (rise edge)                                                                        |        |             |            |            |             | 0      | 0               |
| clock network delay (ideal)                                                                         |        |             |            |            |             | 0.000  | 0.000           |
| branch_taken_NOR2_X1_A1_A2_OAI21_X1_B2_ZN_NAND2_X1_A2_ZN_NOR2_X1_A2_ZN_CLKGATE_X1_E:CK (CLKGATE_X1) |        |             |            |            |             |        | 0.000r          |
| library hold time                                                                                   |        |             |            |            |             | -0.016 | -0.016          |
| clock reconvergence pessimism                                                                       |        |             |            |            |             | -0.000 | -0.016          |
|                                                                                                     |        |             |            |            |             |        |                 |
| path cell delay                                                                                     |        |             |            |            |             |        | 0.114(100.000%) |
| path net delay                                                                                      |        |             |            |            |             |        | 0.000(0.000%)   |
|                                                                                                     |        |             |            |            |             |        |                 |
| data require time                                                                                   |        |             |            |            |             |        | -0.016          |
| data arrival time                                                                                   |        |             |            |            |             |        | 0.114           |
| slack (MET)                                                                                         |        |             |            |            |             |        | 0.130           |
+-----------------------------------------------------------------------------------------------------+--------+-------------+------------+------------+-------------+--------+-----------------+
+---------------------------------------------------------+--------+-------------+------------+------------+-------------+--------+-----------------+
| Point                                                   | Fanout | Capacitance | Resistance | Transition | Delta Delay | Incr   | Path            |
+---------------------------------------------------------+--------+-------------+------------+------------+-------------+--------+-----------------+
| clock (port)                                            |        | 0.856       | 0.000      | 0.000      |             | 0.000  | 0.000r          |
| clock (clock net)                                       | 839    |             |            |            | NA          |        |                 |
| lsu_mod.lsu_r_0__reg_p:CK (DFF_X1)                      |        | 0.001       | 0.000      | 0.000      |             | 0.000  | 0.000r          |
| clock core_clock (rise edge)                            |        |             |            |            |             | 0      | 0               |
| clock network delay (ideal)                             |        |             |            |            |             | 0.000  | 0.000           |
| lsu_mod.lsu_r_0__reg_p:CK (DFF_X1)                      |        | 0.001       | 0.000      | 0.000      |             | 0.000  | 0.000r          |
| lsu_mod.lsu_r_0__reg_p:Q (DFF_X1)                       |        | 0.004       | 0.000      | 0.009      |             | 0.083  | 0.083f          |
| lsu_mod.lsu_r_0_ (net)                                  | 3      |             |            |            | 0.000       |        |                 |
| lsu_mod.lsu_r_1__OAI211_X1_C2:C1 (OAI211_X1)            |        | 0.002       | 0.000      | 0.009      |             | 0.000  | 0.083f          |
| lsu_mod.lsu_r_1__OAI211_X1_C2:ZN (OAI211_X1)            |        | 0.002       | 0.000      | 0.015      |             | 0.031  | 0.114r          |
| lsu_mod.lsu_r_1__OAI211_X1_C2_ZN (net)                  | 1      |             |            |            | 0.000       |        |                 |
| lsu_mod.lsu_r_1__OAI211_X1_C2_ZN_INV_X1_A:A (INV_X1)    |        | 0.002       | 0.000      | 0.015      |             | 0.000  | 0.114r          |
| lsu_mod.lsu_r_1__OAI211_X1_C2_ZN_INV_X1_A:ZN (INV_X1)   |        | 0.001       | 0.000      | 0.005      |             | 0.007  | 0.120f          |
| lsu_mod.trans_r_reg_p_CK_CLKGATE_X1_GCK_E (net)         | 1      |             |            |            | 0.000       |        |                 |
| lsu_mod.trans_r_reg_p_CK_CLKGATE_X1_GCK:E (CLKGATE_X1)  |        | 0.001       | 0.000      | 0.005      |             | 0.000  | 0.120f          |
|                                                         |        |             |            |            |             |        |                 |
| clock (port)                                            |        | 0.856       | 0.000      | 0.000      |             | 0.000  | 0.000r          |
| clock (clock net)                                       | 839    |             |            |            | NA          |        |                 |
| lsu_mod.trans_r_reg_p_CK_CLKGATE_X1_GCK:CK (CLKGATE_X1) |        | 0.002       | 0.000      | 0.000      |             | 0.000  | 0.000r          |
| clock core_clock (rise edge)                            |        |             |            |            |             | 0      | 0               |
| clock network delay (ideal)                             |        |             |            |            |             | 0.000  | 0.000           |
| lsu_mod.trans_r_reg_p_CK_CLKGATE_X1_GCK:CK (CLKGATE_X1) |        |             |            |            |             |        | 0.000r          |
| library hold time                                       |        |             |            |            |             | -0.016 | -0.016          |
| clock reconvergence pessimism                           |        |             |            |            |             | -0.000 | -0.016          |
|                                                         |        |             |            |            |             |        |                 |
| path cell delay                                         |        |             |            |            |             |        | 0.120(100.000%) |
| path net delay                                          |        |             |            |            |             |        | 0.000(0.000%)   |
|                                                         |        |             |            |            |             |        |                 |
| data require time                                       |        |             |            |            |             |        | -0.016          |
| data arrival time                                       |        |             |            |            |             |        | 0.120           |
| slack (MET)                                             |        |             |            |            |             |        | 0.136           |
+---------------------------------------------------------+--------+-------------+------------+------------+-------------+--------+-----------------+
