Generate the report at 2026-07-20T10:35:16, GitVersion: aa25008b3778a76ae1975c839d4cc459f7f7b3b7.
+-----------------------------------------------------------------------------------------------------------------------------------------+--------------------------+------------+------------+---------------+-------+-------+-----------+
| Endpoint                                                                                                                                | Clock Group              | Delay Type | Path Delay | Path Required | CPPR  | Slack | Freq(MHz) |
+-----------------------------------------------------------------------------------------------------------------------------------------+--------------------------+------------+------------+---------------+-------+-------+-----------+
| de_ex_bus_next_pc_de_31__reg_p:D                                                                                                        | core_clock               | max        | 1.235r     | 1.729         | 0.000 | 0.495 | 784.805   |
| pc_mod.pc_22__reg_p:D                                                                                                                   | core_clock               | max        | 1.237r     | 1.734         | 0.000 | 0.497 | 786.202   |
| pc_mod.pc_26__reg_p:D                                                                                                                   | core_clock               | max        | 1.236r     | 1.734         | 0.000 | 0.497 | 786.461   |
| ex_ls_bus_pc_ls_10__reg_p:D                                                                                                             | core_clock               | max        | 1.227r     | 1.733         | 0.000 | 0.505 | 791.434   |
| ex_ls_bus_pc_ls_17__reg_p:D                                                                                                             | core_clock               | max        | 1.227r     | 1.733         | 0.000 | 0.505 | 791.434   |
| ifu_mod.block_valid[6]_reg_p_D_OAI21_X1_ZN_B2_NOR2_X1_A1_ZN_CLKGATE_X1_E:E                                                              | **clock_gating_default** | max        | 1.069r     | 1.719         | 0.000 | 0.649 | NA        |
| ifu_mod.block_valid[5]_reg_p_D_OAI21_X1_ZN_B1_NOR2_X1_A2_1_ZN_CLKGATE_X1_E:E                                                            | **clock_gating_default** | max        | 1.065r     | 1.719         | 0.000 | 0.654 | NA        |
| ifu_mod.block_valid[3]_reg_p_D_OAI21_X1_ZN_B1_NOR2_X1_A2_ZN_CLKGATE_X1_E:E                                                              | **clock_gating_default** | max        | 1.065r     | 1.719         | 0.000 | 0.654 | NA        |
| ifu_mod.block_valid[1]_reg_p_D_OAI21_X1_ZN_B1_NOR2_X1_A2_ZN_CLKGATE_X1_E:E                                                              | **clock_gating_default** | max        | 1.065r     | 1.719         | 0.000 | 0.654 | NA        |
| ifu_mod.block_valid[6]_reg_p_D_OAI21_X1_ZN_B2_NOR2_X1_A2_ZN_CLKGATE_X1_E:E                                                              | **clock_gating_default** | max        | 1.014r     | 1.718         | 0.000 | 0.704 | NA        |
| icache_mod.trans_reg_p:D                                                                                                                | core_clock               | min        | 0.069r     | 0.008         | 0.000 | 0.061 | NA        |
| icache_mod.trans_reg_p:D                                                                                                                | core_clock               | min        | 0.069r     | 0.008         | 0.000 | 0.061 | NA        |
| lsu_mod.trans_r_reg_p:D                                                                                                                 | core_clock               | min        | 0.071r     | 0.008         | 0.000 | 0.063 | NA        |
| lsu_mod.trans_r_reg_p:D                                                                                                                 | core_clock               | min        | 0.071r     | 0.008         | 0.000 | 0.063 | NA        |
| icache_mod.trans_reg_p:D                                                                                                                | core_clock               | min        | 0.069f     | 0.002         | 0.000 | 0.067 | NA        |
| icache_mod.trans_reg_p_CK_CLKGATE_X1_GCK:E                                                                                              | **clock_gating_default** | min        | 0.109r     | 0.001         | 0.000 | 0.107 | NA        |
| icache_mod.trans_reg_p_CK_CLKGATE_X1_GCK:E                                                                                              | **clock_gating_default** | min        | 0.098f     | -0.016        | 0.000 | 0.114 | NA        |
| lsu_mod.trans_r_reg_p_CK_CLKGATE_X1_GCK:E                                                                                               | **clock_gating_default** | min        | 0.119r     | -0.002        | 0.000 | 0.120 | NA        |
| lsu_mod.trans_r_reg_p_CK_CLKGATE_X1_GCK:E                                                                                               | **clock_gating_default** | min        | 0.122f     | -0.016        | 0.000 | 0.137 | NA        |
| alu_mod.bus_in_rs1_4__AOI21_X1_B2_A_NOR2_X1_ZN_A1_MUX2_X1_S_B_AOI21_X1_ZN_B1_AND2_X1_A2_A1_AND3_X1_A3_1_ZN_AND3_X1_A3_ZN_CLKGATE_X1_E:E | **clock_gating_default** | min        | 0.128f     | -0.016        | 0.000 | 0.144 | NA        |
+-----------------------------------------------------------------------------------------------------------------------------------------+--------------------------+------------+------------+---------------+-------+-------+-----------+
+------------+------------+-------+
| Clock      | Delay Type | TNS   |
+------------+------------+-------+
| core_clock | max        | 0.000 |
| core_clock | min        | 0.000 |
+------------+------------+-------+
+--------------------------------------------------------------------------------------------------------------------------------------------------------------------------+--------+-------------+------------+------------+-------------+--------+-----------------+
| Point                                                                                                                                                                    | Fanout | Capacitance | Resistance | Transition | Delta Delay | Incr   | Path            |
+--------------------------------------------------------------------------------------------------------------------------------------------------------------------------+--------+-------------+------------+------------+-------------+--------+-----------------+
| clock (port)                                                                                                                                                             |        | 0.856       | 0.000      | 0.000      |             | 0.000  | 0.000r          |
| clock (clock net)                                                                                                                                                        | 839    |             |            |            | NA          |        |                 |
| alu_mod.bus_in_alu_op_7__reg_p:CK (DFF_X1)                                                                                                                               |        | 0.001       | 0.000      | 0.000      |             | 0.000  | 0.000r          |
| clock core_clock (rise edge)                                                                                                                                             |        |             |            |            |             | 0      | 0               |
| clock network delay (ideal)                                                                                                                                              |        |             |            |            |             | 0.000  | 0.000           |
| alu_mod.bus_in_alu_op_7__reg_p:CK (DFF_X1)                                                                                                                               |        | 0.001       | 0.000      | 0.000      |             | 0.000  | 0.000r          |
| alu_mod.bus_in_alu_op_7__reg_p:Q (DFF_X1)                                                                                                                                |        | 0.032       | 0.000      | 0.076      |             | 0.155  | 0.155r          |
| alu_mod.bus_in_alu_op_7_ (net)                                                                                                                                           | 11     |             |            |            | 0.000       |        |                 |
| alu_mod.bus_in_imm_0__MUX2_X1_B:S (MUX2_X1)                                                                                                                              |        | 0.002       | 0.000      | 0.076      |             | 0.000  | 0.155r          |
| alu_mod.bus_in_imm_0__MUX2_X1_B:Z (MUX2_X1)                                                                                                                              |        | 0.001       | 0.000      | 0.012      |             | 0.049  | 0.203r          |
| alu_mod.bus_in_imm_0__MUX2_X1_B_Z (net)                                                                                                                                  | 1      |             |            |            | 0.000       |        |                 |
| alu_mod.bus_in_imm_0__MUX2_X1_B_Z_CLKBUF_X3_A:A (CLKBUF_X3)                                                                                                              |        | 0.001       | 0.000      | 0.012      |             | 0.000  | 0.203r          |
| alu_mod.bus_in_imm_0__MUX2_X1_B_Z_CLKBUF_X3_A:Z (CLKBUF_X3)                                                                                                              |        | 0.025       | 0.000      | 0.022      |             | 0.049  | 0.253r          |
| alu_mod.bus_in_imm_0__MUX2_X1_B_Z_CLKBUF_X3_A_Z (net)                                                                                                                    | 15     |             |            |            | 0.000       |        |                 |
| alu_mod.bus_in_imm_1__reg_p_QN_NAND2_X1_A2_ZN_OAI211_X1_B_ZN_OAI22_X1_A2_B2_OAI211_X1_ZN:A (OAI211_X1)                                                                   |        | 0.002       | 0.000      | 0.022      |             | 0.000  | 0.253r          |
| alu_mod.bus_in_imm_1__reg_p_QN_NAND2_X1_A2_ZN_OAI211_X1_B_ZN_OAI22_X1_A2_B2_OAI211_X1_ZN:ZN (OAI211_X1)                                                                  |        | 0.003       | 0.000      | 0.020      |             | 0.038  | 0.291f          |
| alu_mod.bus_in_imm_1__reg_p_QN_NAND2_X1_A2_ZN_OAI211_X1_B_ZN_OAI22_X1_A2_B2 (net)                                                                                        | 2      |             |            |            | 0.000       |        |                 |
| alu_mod.bus_in_imm_1__reg_p_QN_NAND2_X1_A2_ZN_OAI211_X1_B_ZN_OAI22_X1_A2:B2 (OAI22_X1)                                                                                   |        | 0.002       | 0.000      | 0.020      |             | 0.000  | 0.291f          |
| alu_mod.bus_in_imm_1__reg_p_QN_NAND2_X1_A2_ZN_OAI211_X1_B_ZN_OAI22_X1_A2:ZN (OAI22_X1)                                                                                   |        | 0.005       | 0.000      | 0.046      |             | 0.063  | 0.353r          |
| alu_mod.bus_in_imm_1__reg_p_QN_NAND2_X1_A2_ZN_OAI211_X1_B_ZN_OAI22_X1_A2_ZN (net)                                                                                        | 3      |             |            |            | 0.000       |        |                 |
| alu_mod.bus_in_imm_1__reg_p_QN_NAND2_X1_A2_ZN_OAI211_X1_B_ZN_OAI22_X1_A2_ZN_OAI221_X1_B2:B2 (OAI221_X1)                                                                  |        | 0.002       | 0.000      | 0.046      |             | 0.000  | 0.353r          |
| alu_mod.bus_in_imm_1__reg_p_QN_NAND2_X1_A2_ZN_OAI211_X1_B_ZN_OAI22_X1_A2_ZN_OAI221_X1_B2:ZN (OAI221_X1)                                                                  |        | 0.006       | 0.000      | 0.028      |             | 0.053  | 0.406f          |
| alu_mod.bus_in_imm_1__reg_p_QN_NAND2_X1_A2_ZN_OAI211_X1_B_ZN_OAI22_X1_A2_ZN_OAI221_X1_B2_ZN (net)                                                                        | 4      |             |            |            | 0.000       |        |                 |
| alu_mod.bus_in_data_csr_6__INV_X1_A_ZN_OAI22_X1_B2_A2_AND3_X1_A2_ZN_AOI21_X1_A_ZN_AOI211_X1_A_1:C2 (AOI211_X1)                                                           |        | 0.002       | 0.000      | 0.028      |             | 0.000  | 0.406f          |
| alu_mod.bus_in_data_csr_6__INV_X1_A_ZN_OAI22_X1_B2_A2_AND3_X1_A2_ZN_AOI21_X1_A_ZN_AOI211_X1_A_1:ZN (AOI211_X1)                                                           |        | 0.009       | 0.000      | 0.096      |             | 0.118  | 0.524r          |
| alu_mod.bus_in_data_csr_6__INV_X1_A_ZN_OAI22_X1_B2_A2_AND3_X1_A2_ZN_AOI21_X1_A_ZN_AOI211_X1_A_1_ZN (net)                                                                 | 3      |             |            |            | 0.000       |        |                 |
| alu_mod.bus_in_data_csr_6__INV_X1_A_ZN_OAI22_X1_B2_A2_AND3_X1_A2_ZN_AOI21_X1_A_B1_AOI22_X1_ZN_B2_XNOR2_X1_B_ZN_NOR2_X1_A2_ZN_OR4_X2_A4_ZN_NOR3_X4_A3:A1 (NOR3_X4)        |        | 0.007       | 0.000      | 0.096      |             | 0.000  | 0.524r          |
| alu_mod.bus_in_data_csr_6__INV_X1_A_ZN_OAI22_X1_B2_A2_AND3_X1_A2_ZN_AOI21_X1_A_B1_AOI22_X1_ZN_B2_XNOR2_X1_B_ZN_NOR2_X1_A2_ZN_OR4_X2_A4_ZN_NOR3_X4_A3:ZN (NOR3_X4)        |        | 0.005       | 0.000      | 0.020      |             | 0.007  | 0.531f          |
| alu_mod.bus_in_data_csr_21__NOR3_X1_A1_ZN_AOI211_X1_B_C2_NOR3_X1_A3_ZN_NOR2_X1_A2_ZN_AOI221_X1_A_ZN_AND3_X1_A2_ZN_OAI33_X1_B1_A1 (net)                                   | 4      |             |            |            | 0.000       |        |                 |
| alu_mod.bus_in_data_csr_21__NOR3_X1_A1_ZN_AOI211_X1_B_C2_NOR3_X1_A3_ZN_NOR2_X1_A2_ZN_AOI221_X1_A_ZN_AND3_X1_A2_ZN_OAI33_X1_B1:A1 (OAI33_X1)                              |        | 0.002       | 0.000      | 0.020      |             | 0.000  | 0.531f          |
| alu_mod.bus_in_data_csr_21__NOR3_X1_A1_ZN_AOI211_X1_B_C2_NOR3_X1_A3_ZN_NOR2_X1_A2_ZN_AOI221_X1_A_ZN_AND3_X1_A2_ZN_OAI33_X1_B1:ZN (OAI33_X1)                              |        | 0.006       | 0.000      | 0.098      |             | 0.086  | 0.618r          |
| alu_mod.bus_in_rs1_0__MUX2_X1_B_Z_OAI21_X1_B1_ZN_AOI211_X1_B_ZN_OAI21_X1_A_B1_AOI21_X1_ZN_B1 (net)                                                                       | 4      |             |            |            | 0.000       |        |                 |
| alu_mod.bus_in_data_rs2_23__reg_p_D_AOI211_X1_ZN_C2_AOI22_X1_A1_ZN_NAND3_X1_A3_ZN_NOR2_X1_A1_ZN_AOI221_X1_C1_ZN_NOR3_X1_A2_ZN_NAND2_X1_A1_A2_OAI221_X1_ZN:C2 (OAI221_X1) |        | 0.002       | 0.000      | 0.098      |             | 0.000  | 0.618r          |
| alu_mod.bus_in_data_rs2_23__reg_p_D_AOI211_X1_ZN_C2_AOI22_X1_A1_ZN_NAND3_X1_A3_ZN_NOR2_X1_A1_ZN_AOI221_X1_C1_ZN_NOR3_X1_A2_ZN_NAND2_X1_A1_A2_OAI221_X1_ZN:ZN (OAI221_X1) |        | 0.005       | 0.000      | 0.039      |             | 0.062  | 0.680f          |
| alu_mod.bus_in_data_rs2_23__reg_p_D_AOI211_X1_ZN_C2_AOI22_X1_A1_ZN_NAND3_X1_A3_ZN_NOR2_X1_A1_ZN_AOI221_X1_C1_ZN_NOR3_X1_A2_ZN_NAND2_X1_A1_A2 (net)                       | 2      |             |            |            | 0.000       |        |                 |
| alu_mod.bus_in_data_rs2_23__reg_p_D_AOI211_X1_ZN_C2_AOI22_X1_A1_ZN_NAND3_X1_A3_ZN_NOR2_X1_A1_ZN_AOI221_X1_C1_ZN_NOR3_X1_A2_ZN_AOI221_X2_B2:B1 (AOI221_X2)                |        | 0.003       | 0.000      | 0.039      |             | 0.000  | 0.680f          |
| alu_mod.bus_in_data_rs2_23__reg_p_D_AOI211_X1_ZN_C2_AOI22_X1_A1_ZN_NAND3_X1_A3_ZN_NOR2_X1_A1_ZN_AOI221_X1_C1_ZN_NOR3_X1_A2_ZN_AOI221_X2_B2:ZN (AOI221_X2)                |        | 0.008       | 0.000      | 0.051      |             | 0.087  | 0.766r          |
| de_ex_bus_next_pc_de_4__MUX2_X1_A_B_XNOR2_X1_ZN_A_OAI221_X1_A_B1_INV_X1_ZN_A_NOR4_X1_ZN_A1 (net)                                                                         | 3      |             |            |            | 0.000       |        |                 |
| ex_ls_bus_exception_ls_NOR2_X1_A2_ZN_NAND4_X1_A4_ZN_NOR3_X1_A3_ZN_OAI22_X1_B1_ZN_OR3_X4_A2:A1 (OR3_X4)                                                                   |        | 0.003       | 0.000      | 0.051      |             | 0.000  | 0.766r          |
| ex_ls_bus_exception_ls_NOR2_X1_A2_ZN_NAND4_X1_A4_ZN_NOR3_X1_A3_ZN_OAI22_X1_B1_ZN_OR3_X4_A2:ZN (OR3_X4)                                                                   |        | 0.013       | 0.000      | 0.013      |             | 0.035  | 0.802r          |
| ifu_mod.block_offset[5]_6__INV_X1_A_ZN_OAI21_X1_B2_ZN_OAI22_X1_B1_ZN_AOI211_X1_B_A (net)                                                                                 | 5      |             |            |            | 0.000       |        |                 |
| ifu_mod.block_offset[5]_6__INV_X1_A_ZN_OAI21_X1_B2_ZN_OAI22_X1_B1_ZN_AOI211_X1_B_A_AOI21_X4_A:A (AOI21_X4)                                                               |        | 0.006       | 0.000      | 0.013      |             | 0.000  | 0.802r          |
| ifu_mod.block_offset[5]_6__INV_X1_A_ZN_OAI21_X1_B2_ZN_OAI22_X1_B1_ZN_AOI211_X1_B_A_AOI21_X4_A:ZN (AOI21_X4)                                                              |        | 0.006       | 0.000      | 0.020      |             | 0.014  | 0.815f          |
| ifu_mod.block_offset[5]_6__INV_X1_A_ZN_OAI21_X1_B2_ZN_OAI22_X1_B1_ZN_AOI211_X1_B_A_AOI21_X4_A_ZN (net)                                                                   | 1      |             |            |            | 0.000       |        |                 |
| ifu_mod.block_offset[5]_6__INV_X1_A_ZN_OAI21_X1_B2_ZN_OAI22_X1_B1_ZN_AOI211_X1_B_A_AOI21_X4_A_ZN_BUF_X8_A:A (BUF_X8)                                                     |        | 0.007       | 0.000      | 0.020      |             | 0.000  | 0.815f          |
| ifu_mod.block_offset[5]_6__INV_X1_A_ZN_OAI21_X1_B2_ZN_OAI22_X1_B1_ZN_AOI211_X1_B_A_AOI21_X4_A_ZN_BUF_X8_A:Z (BUF_X8)                                                     |        | 0.032       | 0.000      | 0.008      |             | 0.035  | 0.850f          |
| pc_mod.pc_16__reg_p_QN_INV_X1_A_ZN_MUX2_X1_B_A_MUX2_X1_A_S (net)                                                                                                         | 13     |             |            |            | 0.000       |        |                 |
| pc_mod.pc_16__reg_p_QN_INV_X1_A_ZN_MUX2_X1_B_A_MUX2_X1_A_S_BUF_X16_A:A (BUF_X16)                                                                                         |        | 0.012       | 0.000      | 0.008      |             | 0.000  | 0.850f          |
| pc_mod.pc_16__reg_p_QN_INV_X1_A_ZN_MUX2_X1_B_A_MUX2_X1_A_S_BUF_X16_A:Z (BUF_X16)                                                                                         |        | 0.047       | 0.000      | 0.007      |             | 0.028  | 0.878f          |
| pc_mod.pc_27__MUX2_X1_A_S (net)                                                                                                                                          | 24     |             |            |            | 0.000       |        |                 |
| pc_mod.pc_27__MUX2_X1_A:S (MUX2_X1)                                                                                                                                      |        | 0.002       | 0.000      | 0.007      |             | 0.000  | 0.878f          |
| pc_mod.pc_27__MUX2_X1_A:Z (MUX2_X1)                                                                                                                                      |        | 0.011       | 0.000      | 0.021      |             | 0.067  | 0.945f          |
| pc_mod.pc_27__MUX2_X1_A_Z (net)                                                                                                                                          | 8      |             |            |            | 0.000       |        |                 |
| pc_mod.pc_31__reg_p_D_OAI21_X1_ZN_B1_XNOR2_X1_ZN_B_OAI22_X2_ZN_A2_OR3_X2_ZN_A3_OR4_X2_ZN:A4 (OR4_X2)                                                                     |        | 0.002       | 0.000      | 0.021      |             | 0.000  | 0.945f          |
| pc_mod.pc_31__reg_p_D_OAI21_X1_ZN_B1_XNOR2_X1_ZN_B_OAI22_X2_ZN_A2_OR3_X2_ZN_A3_OR4_X2_ZN:ZN (OR4_X2)                                                                     |        | 0.002       | 0.000      | 0.016      |             | 0.111  | 1.055f          |
| pc_mod.pc_31__reg_p_D_OAI21_X1_ZN_B1_XNOR2_X1_ZN_B_OAI22_X2_ZN_A2_OR3_X2_ZN_A3 (net)                                                                                     | 1      |             |            |            | 0.000       |        |                 |
| pc_mod.pc_31__reg_p_D_OAI21_X1_ZN_B1_XNOR2_X1_ZN_B_OAI22_X2_ZN_A2_OR3_X2_ZN:A3 (OR3_X2)                                                                                  |        | 0.002       | 0.000      | 0.016      |             | 0.000  | 1.055f          |
| pc_mod.pc_31__reg_p_D_OAI21_X1_ZN_B1_XNOR2_X1_ZN_B_OAI22_X2_ZN_A2_OR3_X2_ZN:ZN (OR3_X2)                                                                                  |        | 0.003       | 0.000      | 0.013      |             | 0.079  | 1.135f          |
| pc_mod.pc_31__reg_p_D_OAI21_X1_ZN_B1_XNOR2_X1_ZN_B_OAI22_X2_ZN_A2 (net)                                                                                                  | 1      |             |            |            | 0.000       |        |                 |
| pc_mod.pc_31__reg_p_D_OAI21_X1_ZN_B1_XNOR2_X1_ZN_B_OAI22_X2_ZN:A2 (OAI22_X2)                                                                                             |        | 0.003       | 0.000      | 0.013      |             | 0.000  | 1.135f          |
| pc_mod.pc_31__reg_p_D_OAI21_X1_ZN_B1_XNOR2_X1_ZN_B_OAI22_X2_ZN:ZN (OAI22_X2)                                                                                             |        | 0.003       | 0.000      | 0.029      |             | 0.033  | 1.167r          |
| pc_mod.pc_31__reg_p_D_OAI21_X1_ZN_B1_XNOR2_X1_ZN_B (net)                                                                                                                 | 1      |             |            |            | 0.000       |        |                 |
| pc_mod.pc_31__reg_p_D_OAI21_X1_ZN_B1_XNOR2_X1_ZN:B (XNOR2_X1)                                                                                                            |        | 0.003       | 0.000      | 0.029      |             | 0.000  | 1.167r          |
| pc_mod.pc_31__reg_p_D_OAI21_X1_ZN_B1_XNOR2_X1_ZN:ZN (XNOR2_X1)                                                                                                           |        | 0.003       | 0.000      | 0.015      |             | 0.025  | 1.193f          |
| pc_mod.pc_31__reg_p_D_OAI21_X1_ZN_B1 (net)                                                                                                                               | 2      |             |            |            | 0.000       |        |                 |
| de_ex_bus_next_pc_de_31__reg_p_D_AOI211_X1_ZN:C1 (AOI211_X1)                                                                                                             |        | 0.002       | 0.000      | 0.015      |             | 0.000  | 1.193f          |
| de_ex_bus_next_pc_de_31__reg_p_D_AOI211_X1_ZN:ZN (AOI211_X1)                                                                                                             |        | 0.001       | 0.000      | 0.039      |             | 0.042  | 1.235r          |
| de_ex_bus_next_pc_de_31__reg_p_D (net)                                                                                                                                   | 1      |             |            |            | 0.000       |        |                 |
| de_ex_bus_next_pc_de_31__reg_p:D (DFF_X1)                                                                                                                                |        | 0.001       | 0.000      | 0.039      |             | 0.000  | 1.235r          |
|                                                                                                                                                                          |        |             |            |            |             |        |                 |
| clock (port)                                                                                                                                                             |        | 0.856       | 0.000      | 0.000      |             | 0.000  | 0.000r          |
| clock (clock net)                                                                                                                                                        | 839    |             |            |            | NA          |        |                 |
| de_ex_bus_next_pc_de_31__reg_p:CK (DFF_X1)                                                                                                                               |        | 0.001       | 0.000      | 0.000      |             | 0.000  | 0.000r          |
| clock core_clock (rise edge)                                                                                                                                             |        |             |            |            |             | 1.769  | 1.769           |
| clock network delay (ideal)                                                                                                                                              |        |             |            |            |             | 0.000  | 1.769           |
| de_ex_bus_next_pc_de_31__reg_p:CK (DFF_X1)                                                                                                                               |        |             |            |            |             |        | 1.769r          |
| library setup time                                                                                                                                                       |        |             |            |            |             | -0.040 | 1.729           |
| clock reconvergence pessimism                                                                                                                                            |        |             |            |            |             | 0.000  | 1.729           |
|                                                                                                                                                                          |        |             |            |            |             |        |                 |
| path cell delay                                                                                                                                                          |        |             |            |            |             |        | 1.235(100.000%) |
| path net delay                                                                                                                                                           |        |             |            |            |             |        | 0.000(0.000%)   |
|                                                                                                                                                                          |        |             |            |            |             |        |                 |
| data require time                                                                                                                                                        |        |             |            |            |             |        | 1.729           |
| data arrival time                                                                                                                                                        |        |             |            |            |             |        | 1.235           |
| slack (MET)                                                                                                                                                              |        |             |            |            |             |        | 0.495           |
+--------------------------------------------------------------------------------------------------------------------------------------------------------------------------+--------+-------------+------------+------------+-------------+--------+-----------------+
+--------------------------------------------------------------------------------------------------------------------------------------------------------------------------+--------+-------------+------------+------------+-------------+--------+-----------------+
| Point                                                                                                                                                                    | Fanout | Capacitance | Resistance | Transition | Delta Delay | Incr   | Path            |
+--------------------------------------------------------------------------------------------------------------------------------------------------------------------------+--------+-------------+------------+------------+-------------+--------+-----------------+
| clock (port)                                                                                                                                                             |        | 0.856       | 0.000      | 0.000      |             | 0.000  | 0.000r          |
| clock (clock net)                                                                                                                                                        | 839    |             |            |            | NA          |        |                 |
| alu_mod.bus_in_alu_op_7__reg_p:CK (DFF_X1)                                                                                                                               |        | 0.001       | 0.000      | 0.000      |             | 0.000  | 0.000r          |
| clock core_clock (rise edge)                                                                                                                                             |        |             |            |            |             | 0      | 0               |
| clock network delay (ideal)                                                                                                                                              |        |             |            |            |             | 0.000  | 0.000           |
| alu_mod.bus_in_alu_op_7__reg_p:CK (DFF_X1)                                                                                                                               |        | 0.001       | 0.000      | 0.000      |             | 0.000  | 0.000r          |
| alu_mod.bus_in_alu_op_7__reg_p:Q (DFF_X1)                                                                                                                                |        | 0.032       | 0.000      | 0.076      |             | 0.155  | 0.155r          |
| alu_mod.bus_in_alu_op_7_ (net)                                                                                                                                           | 11     |             |            |            | 0.000       |        |                 |
| alu_mod.bus_in_imm_0__MUX2_X1_B:S (MUX2_X1)                                                                                                                              |        | 0.002       | 0.000      | 0.076      |             | 0.000  | 0.155r          |
| alu_mod.bus_in_imm_0__MUX2_X1_B:Z (MUX2_X1)                                                                                                                              |        | 0.001       | 0.000      | 0.012      |             | 0.049  | 0.203r          |
| alu_mod.bus_in_imm_0__MUX2_X1_B_Z (net)                                                                                                                                  | 1      |             |            |            | 0.000       |        |                 |
| alu_mod.bus_in_imm_0__MUX2_X1_B_Z_CLKBUF_X3_A:A (CLKBUF_X3)                                                                                                              |        | 0.001       | 0.000      | 0.012      |             | 0.000  | 0.203r          |
| alu_mod.bus_in_imm_0__MUX2_X1_B_Z_CLKBUF_X3_A:Z (CLKBUF_X3)                                                                                                              |        | 0.025       | 0.000      | 0.022      |             | 0.049  | 0.253r          |
| alu_mod.bus_in_imm_0__MUX2_X1_B_Z_CLKBUF_X3_A_Z (net)                                                                                                                    | 15     |             |            |            | 0.000       |        |                 |
| alu_mod.bus_in_imm_1__reg_p_QN_NAND2_X1_A2_ZN_OAI211_X1_B_ZN_OAI22_X1_A2_B2_OAI211_X1_ZN:A (OAI211_X1)                                                                   |        | 0.002       | 0.000      | 0.022      |             | 0.000  | 0.253r          |
| alu_mod.bus_in_imm_1__reg_p_QN_NAND2_X1_A2_ZN_OAI211_X1_B_ZN_OAI22_X1_A2_B2_OAI211_X1_ZN:ZN (OAI211_X1)                                                                  |        | 0.003       | 0.000      | 0.020      |             | 0.038  | 0.291f          |
| alu_mod.bus_in_imm_1__reg_p_QN_NAND2_X1_A2_ZN_OAI211_X1_B_ZN_OAI22_X1_A2_B2 (net)                                                                                        | 2      |             |            |            | 0.000       |        |                 |
| alu_mod.bus_in_imm_1__reg_p_QN_NAND2_X1_A2_ZN_OAI211_X1_B_ZN_OAI22_X1_A2:B2 (OAI22_X1)                                                                                   |        | 0.002       | 0.000      | 0.020      |             | 0.000  | 0.291f          |
| alu_mod.bus_in_imm_1__reg_p_QN_NAND2_X1_A2_ZN_OAI211_X1_B_ZN_OAI22_X1_A2:ZN (OAI22_X1)                                                                                   |        | 0.005       | 0.000      | 0.046      |             | 0.063  | 0.353r          |
| alu_mod.bus_in_imm_1__reg_p_QN_NAND2_X1_A2_ZN_OAI211_X1_B_ZN_OAI22_X1_A2_ZN (net)                                                                                        | 3      |             |            |            | 0.000       |        |                 |
| alu_mod.bus_in_imm_1__reg_p_QN_NAND2_X1_A2_ZN_OAI211_X1_B_ZN_OAI22_X1_A2_ZN_OAI221_X1_B2:B2 (OAI221_X1)                                                                  |        | 0.002       | 0.000      | 0.046      |             | 0.000  | 0.353r          |
| alu_mod.bus_in_imm_1__reg_p_QN_NAND2_X1_A2_ZN_OAI211_X1_B_ZN_OAI22_X1_A2_ZN_OAI221_X1_B2:ZN (OAI221_X1)                                                                  |        | 0.006       | 0.000      | 0.028      |             | 0.053  | 0.406f          |
| alu_mod.bus_in_imm_1__reg_p_QN_NAND2_X1_A2_ZN_OAI211_X1_B_ZN_OAI22_X1_A2_ZN_OAI221_X1_B2_ZN (net)                                                                        | 4      |             |            |            | 0.000       |        |                 |
| alu_mod.bus_in_data_csr_6__INV_X1_A_ZN_OAI22_X1_B2_A2_AND3_X1_A2_ZN_AOI21_X1_A_ZN_AOI211_X1_A_1:C2 (AOI211_X1)                                                           |        | 0.002       | 0.000      | 0.028      |             | 0.000  | 0.406f          |
| alu_mod.bus_in_data_csr_6__INV_X1_A_ZN_OAI22_X1_B2_A2_AND3_X1_A2_ZN_AOI21_X1_A_ZN_AOI211_X1_A_1:ZN (AOI211_X1)                                                           |        | 0.009       | 0.000      | 0.096      |             | 0.118  | 0.524r          |
| alu_mod.bus_in_data_csr_6__INV_X1_A_ZN_OAI22_X1_B2_A2_AND3_X1_A2_ZN_AOI21_X1_A_ZN_AOI211_X1_A_1_ZN (net)                                                                 | 3      |             |            |            | 0.000       |        |                 |
| alu_mod.bus_in_data_csr_6__INV_X1_A_ZN_OAI22_X1_B2_A2_AND3_X1_A2_ZN_AOI21_X1_A_B1_AOI22_X1_ZN_B2_XNOR2_X1_B_ZN_NOR2_X1_A2_ZN_OR4_X2_A4_ZN_NOR3_X4_A3:A1 (NOR3_X4)        |        | 0.007       | 0.000      | 0.096      |             | 0.000  | 0.524r          |
| alu_mod.bus_in_data_csr_6__INV_X1_A_ZN_OAI22_X1_B2_A2_AND3_X1_A2_ZN_AOI21_X1_A_B1_AOI22_X1_ZN_B2_XNOR2_X1_B_ZN_NOR2_X1_A2_ZN_OR4_X2_A4_ZN_NOR3_X4_A3:ZN (NOR3_X4)        |        | 0.005       | 0.000      | 0.020      |             | 0.007  | 0.531f          |
| alu_mod.bus_in_data_csr_21__NOR3_X1_A1_ZN_AOI211_X1_B_C2_NOR3_X1_A3_ZN_NOR2_X1_A2_ZN_AOI221_X1_A_ZN_AND3_X1_A2_ZN_OAI33_X1_B1_A1 (net)                                   | 4      |             |            |            | 0.000       |        |                 |
| alu_mod.bus_in_data_csr_21__NOR3_X1_A1_ZN_AOI211_X1_B_C2_NOR3_X1_A3_ZN_NOR2_X1_A2_ZN_AOI221_X1_A_ZN_AND3_X1_A2_ZN_OAI33_X1_B1:A1 (OAI33_X1)                              |        | 0.002       | 0.000      | 0.020      |             | 0.000  | 0.531f          |
| alu_mod.bus_in_data_csr_21__NOR3_X1_A1_ZN_AOI211_X1_B_C2_NOR3_X1_A3_ZN_NOR2_X1_A2_ZN_AOI221_X1_A_ZN_AND3_X1_A2_ZN_OAI33_X1_B1:ZN (OAI33_X1)                              |        | 0.006       | 0.000      | 0.098      |             | 0.086  | 0.618r          |
| alu_mod.bus_in_rs1_0__MUX2_X1_B_Z_OAI21_X1_B1_ZN_AOI211_X1_B_ZN_OAI21_X1_A_B1_AOI21_X1_ZN_B1 (net)                                                                       | 4      |             |            |            | 0.000       |        |                 |
| alu_mod.bus_in_data_rs2_23__reg_p_D_AOI211_X1_ZN_C2_AOI22_X1_A1_ZN_NAND3_X1_A3_ZN_NOR2_X1_A1_ZN_AOI221_X1_C1_ZN_NOR3_X1_A2_ZN_NAND2_X1_A1_A2_OAI221_X1_ZN:C2 (OAI221_X1) |        | 0.002       | 0.000      | 0.098      |             | 0.000  | 0.618r          |
| alu_mod.bus_in_data_rs2_23__reg_p_D_AOI211_X1_ZN_C2_AOI22_X1_A1_ZN_NAND3_X1_A3_ZN_NOR2_X1_A1_ZN_AOI221_X1_C1_ZN_NOR3_X1_A2_ZN_NAND2_X1_A1_A2_OAI221_X1_ZN:ZN (OAI221_X1) |        | 0.005       | 0.000      | 0.039      |             | 0.062  | 0.680f          |
| alu_mod.bus_in_data_rs2_23__reg_p_D_AOI211_X1_ZN_C2_AOI22_X1_A1_ZN_NAND3_X1_A3_ZN_NOR2_X1_A1_ZN_AOI221_X1_C1_ZN_NOR3_X1_A2_ZN_NAND2_X1_A1_A2 (net)                       | 2      |             |            |            | 0.000       |        |                 |
| alu_mod.bus_in_data_rs2_23__reg_p_D_AOI211_X1_ZN_C2_AOI22_X1_A1_ZN_NAND3_X1_A3_ZN_NOR2_X1_A1_ZN_AOI221_X1_C1_ZN_NOR3_X1_A2_ZN_AOI221_X2_B2:B1 (AOI221_X2)                |        | 0.003       | 0.000      | 0.039      |             | 0.000  | 0.680f          |
| alu_mod.bus_in_data_rs2_23__reg_p_D_AOI211_X1_ZN_C2_AOI22_X1_A1_ZN_NAND3_X1_A3_ZN_NOR2_X1_A1_ZN_AOI221_X1_C1_ZN_NOR3_X1_A2_ZN_AOI221_X2_B2:ZN (AOI221_X2)                |        | 0.008       | 0.000      | 0.051      |             | 0.087  | 0.766r          |
| de_ex_bus_next_pc_de_4__MUX2_X1_A_B_XNOR2_X1_ZN_A_OAI221_X1_A_B1_INV_X1_ZN_A_NOR4_X1_ZN_A1 (net)                                                                         | 3      |             |            |            | 0.000       |        |                 |
| ex_ls_bus_exception_ls_NOR2_X1_A2_ZN_NAND4_X1_A4_ZN_NOR3_X1_A3_ZN_OAI22_X1_B1_ZN_OR3_X4_A2:A1 (OR3_X4)                                                                   |        | 0.003       | 0.000      | 0.051      |             | 0.000  | 0.766r          |
| ex_ls_bus_exception_ls_NOR2_X1_A2_ZN_NAND4_X1_A4_ZN_NOR3_X1_A3_ZN_OAI22_X1_B1_ZN_OR3_X4_A2:ZN (OR3_X4)                                                                   |        | 0.013       | 0.000      | 0.013      |             | 0.035  | 0.802r          |
| ifu_mod.block_offset[5]_6__INV_X1_A_ZN_OAI21_X1_B2_ZN_OAI22_X1_B1_ZN_AOI211_X1_B_A (net)                                                                                 | 5      |             |            |            | 0.000       |        |                 |
| ifu_mod.block_offset[5]_6__INV_X1_A_ZN_OAI21_X1_B2_ZN_OAI22_X1_B1_ZN_AOI211_X1_B_A_AOI21_X4_A:A (AOI21_X4)                                                               |        | 0.006       | 0.000      | 0.013      |             | 0.000  | 0.802r          |
| ifu_mod.block_offset[5]_6__INV_X1_A_ZN_OAI21_X1_B2_ZN_OAI22_X1_B1_ZN_AOI211_X1_B_A_AOI21_X4_A:ZN (AOI21_X4)                                                              |        | 0.006       | 0.000      | 0.020      |             | 0.014  | 0.815f          |
| ifu_mod.block_offset[5]_6__INV_X1_A_ZN_OAI21_X1_B2_ZN_OAI22_X1_B1_ZN_AOI211_X1_B_A_AOI21_X4_A_ZN (net)                                                                   | 1      |             |            |            | 0.000       |        |                 |
| ifu_mod.block_offset[5]_6__INV_X1_A_ZN_OAI21_X1_B2_ZN_OAI22_X1_B1_ZN_AOI211_X1_B_A_AOI21_X4_A_ZN_BUF_X8_A:A (BUF_X8)                                                     |        | 0.007       | 0.000      | 0.020      |             | 0.000  | 0.815f          |
| ifu_mod.block_offset[5]_6__INV_X1_A_ZN_OAI21_X1_B2_ZN_OAI22_X1_B1_ZN_AOI211_X1_B_A_AOI21_X4_A_ZN_BUF_X8_A:Z (BUF_X8)                                                     |        | 0.032       | 0.000      | 0.008      |             | 0.035  | 0.850f          |
| pc_mod.pc_16__reg_p_QN_INV_X1_A_ZN_MUX2_X1_B_A_MUX2_X1_A_S (net)                                                                                                         | 13     |             |            |            | 0.000       |        |                 |
| de_ex_bus_next_pc_de_9__reg_p_D_AOI21_X1_ZN_B1_XNOR2_X1_ZN_B_XNOR2_X2_ZN_A_MUX2_X1_Z:S (MUX2_X1)                                                                         |        | 0.002       | 0.000      | 0.008      |             | 0.000  | 0.850f          |
| de_ex_bus_next_pc_de_9__reg_p_D_AOI21_X1_ZN_B1_XNOR2_X1_ZN_B_XNOR2_X2_ZN_A_MUX2_X1_Z:Z (MUX2_X1)                                                                         |        | 0.008       | 0.000      | 0.017      |             | 0.060  | 0.911f          |
| de_ex_bus_next_pc_de_9__reg_p_D_AOI21_X1_ZN_B1_XNOR2_X1_ZN_B_XNOR2_X2_ZN_A (net)                                                                                         | 3      |             |            |            | 0.000       |        |                 |
| de_ex_bus_next_pc_de_9__reg_p_D_AOI21_X1_ZN_B1_XNOR2_X1_ZN_A_NOR2_X1_ZN_A2_OAI211_X4_C1_B_XOR2_X1_Z:A (XOR2_X1)                                                          |        | 0.002       | 0.000      | 0.017      |             | 0.000  | 0.911f          |
| de_ex_bus_next_pc_de_9__reg_p_D_AOI21_X1_ZN_B1_XNOR2_X1_ZN_A_NOR2_X1_ZN_A2_OAI211_X4_C1_B_XOR2_X1_Z:Z (XOR2_X1)                                                          |        | 0.006       | 0.000      | 0.016      |             | 0.061  | 0.972f          |
| de_ex_bus_next_pc_de_9__reg_p_D_AOI21_X1_ZN_B1_XNOR2_X1_ZN_A_NOR2_X1_ZN_A2_OAI211_X4_C1_B (net)                                                                          | 1      |             |            |            | 0.000       |        |                 |
| de_ex_bus_next_pc_de_9__reg_p_D_AOI21_X1_ZN_B1_XNOR2_X1_ZN_A_NOR2_X1_ZN_A2_OAI211_X4_C1:B (OAI211_X4)                                                                    |        | 0.007       | 0.000      | 0.016      |             | 0.000  | 0.972f          |
| de_ex_bus_next_pc_de_9__reg_p_D_AOI21_X1_ZN_B1_XNOR2_X1_ZN_A_NOR2_X1_ZN_A2_OAI211_X4_C1:ZN (OAI211_X4)                                                                   |        | 0.023       | 0.000      | 0.040      |             | 0.036  | 1.008r          |
| pc_mod.pc_15__reg_p_D_OAI22_X1_ZN_A1_OR3_X1_ZN_A1_AOI211_X1_ZN_C1 (net)                                                                                                  | 8      |             |            |            | 0.000       |        |                 |
| pc_mod.pc_22__reg_p_D_OAI211_X1_ZN_B_OR4_X1_ZN_A3_MUX2_X1_Z_B_AOI211_X1_ZN:C1 (AOI211_X1)                                                                                |        | 0.002       | 0.000      | 0.040      |             | 0.000  | 1.008r          |
| pc_mod.pc_22__reg_p_D_OAI211_X1_ZN_B_OR4_X1_ZN_A3_MUX2_X1_Z_B_AOI211_X1_ZN:ZN (AOI211_X1)                                                                                |        | 0.001       | 0.000      | 0.013      |             | 0.019  | 1.027f          |
| pc_mod.pc_22__reg_p_D_OAI211_X1_ZN_B_OR4_X1_ZN_A3_MUX2_X1_Z_B (net)                                                                                                      | 1      |             |            |            | 0.000       |        |                 |
| pc_mod.pc_22__reg_p_D_OAI211_X1_ZN_B_OR4_X1_ZN_A3_MUX2_X1_Z:B (MUX2_X1)                                                                                                  |        | 0.001       | 0.000      | 0.013      |             | 0.000  | 1.027f          |
| pc_mod.pc_22__reg_p_D_OAI211_X1_ZN_B_OR4_X1_ZN_A3_MUX2_X1_Z:Z (MUX2_X1)                                                                                                  |        | 0.005       | 0.000      | 0.014      |             | 0.068  | 1.095f          |
| pc_mod.pc_22__reg_p_D_OAI211_X1_ZN_B_OR4_X1_ZN_A3 (net)                                                                                                                  | 3      |             |            |            | 0.000       |        |                 |
| pc_mod.pc_22__reg_p_D_OAI211_X1_ZN_B_OR4_X1_ZN:A3 (OR4_X1)                                                                                                               |        | 0.001       | 0.000      | 0.014      |             | 0.000  | 1.095f          |
| pc_mod.pc_22__reg_p_D_OAI211_X1_ZN_B_OR4_X1_ZN:ZN (OR4_X1)                                                                                                               |        | 0.001       | 0.000      | 0.018      |             | 0.114  | 1.209f          |
| pc_mod.pc_22__reg_p_D_OAI211_X1_ZN_B (net)                                                                                                                               | 1      |             |            |            | 0.000       |        |                 |
| pc_mod.pc_22__reg_p_D_OAI211_X1_ZN:B (OAI211_X1)                                                                                                                         |        | 0.002       | 0.000      | 0.018      |             | 0.000  | 1.209f          |
| pc_mod.pc_22__reg_p_D_OAI211_X1_ZN:ZN (OAI211_X1)                                                                                                                        |        | 0.001       | 0.000      | 0.023      |             | 0.027  | 1.237r          |
| pc_mod.pc_22__reg_p_D (net)                                                                                                                                              | 1      |             |            |            | 0.000       |        |                 |
| pc_mod.pc_22__reg_p:D (DFF_X1)                                                                                                                                           |        | 0.001       | 0.000      | 0.023      |             | 0.000  | 1.237r          |
|                                                                                                                                                                          |        |             |            |            |             |        |                 |
| clock (port)                                                                                                                                                             |        | 0.856       | 0.000      | 0.000      |             | 0.000  | 0.000r          |
| clock (clock net)                                                                                                                                                        | 839    |             |            |            | NA          |        |                 |
| pc_mod.pc_22__reg_p:CK (DFF_X1)                                                                                                                                          |        | 0.001       | 0.000      | 0.000      |             | 0.000  | 0.000r          |
| clock core_clock (rise edge)                                                                                                                                             |        |             |            |            |             | 1.769  | 1.769           |
| clock network delay (ideal)                                                                                                                                              |        |             |            |            |             | 0.000  | 1.769           |
| pc_mod.pc_22__reg_p:CK (DFF_X1)                                                                                                                                          |        |             |            |            |             |        | 1.769r          |
| library setup time                                                                                                                                                       |        |             |            |            |             | -0.035 | 1.734           |
| clock reconvergence pessimism                                                                                                                                            |        |             |            |            |             | 0.000  | 1.734           |
|                                                                                                                                                                          |        |             |            |            |             |        |                 |
| path cell delay                                                                                                                                                          |        |             |            |            |             |        | 1.237(100.000%) |
| path net delay                                                                                                                                                           |        |             |            |            |             |        | 0.000(0.000%)   |
|                                                                                                                                                                          |        |             |            |            |             |        |                 |
| data require time                                                                                                                                                        |        |             |            |            |             |        | 1.734           |
| data arrival time                                                                                                                                                        |        |             |            |            |             |        | 1.237           |
| slack (MET)                                                                                                                                                              |        |             |            |            |             |        | 0.497           |
+--------------------------------------------------------------------------------------------------------------------------------------------------------------------------+--------+-------------+------------+------------+-------------+--------+-----------------+
+--------------------------------------------------------------------------------------------------------------------------------------------------------------------------+--------+-------------+------------+------------+-------------+--------+-----------------+
| Point                                                                                                                                                                    | Fanout | Capacitance | Resistance | Transition | Delta Delay | Incr   | Path            |
+--------------------------------------------------------------------------------------------------------------------------------------------------------------------------+--------+-------------+------------+------------+-------------+--------+-----------------+
| clock (port)                                                                                                                                                             |        | 0.856       | 0.000      | 0.000      |             | 0.000  | 0.000r          |
| clock (clock net)                                                                                                                                                        | 839    |             |            |            | NA          |        |                 |
| alu_mod.bus_in_alu_op_7__reg_p:CK (DFF_X1)                                                                                                                               |        | 0.001       | 0.000      | 0.000      |             | 0.000  | 0.000r          |
| clock core_clock (rise edge)                                                                                                                                             |        |             |            |            |             | 0      | 0               |
| clock network delay (ideal)                                                                                                                                              |        |             |            |            |             | 0.000  | 0.000           |
| alu_mod.bus_in_alu_op_7__reg_p:CK (DFF_X1)                                                                                                                               |        | 0.001       | 0.000      | 0.000      |             | 0.000  | 0.000r          |
| alu_mod.bus_in_alu_op_7__reg_p:Q (DFF_X1)                                                                                                                                |        | 0.032       | 0.000      | 0.076      |             | 0.155  | 0.155r          |
| alu_mod.bus_in_alu_op_7_ (net)                                                                                                                                           | 11     |             |            |            | 0.000       |        |                 |
| alu_mod.bus_in_imm_0__MUX2_X1_B:S (MUX2_X1)                                                                                                                              |        | 0.002       | 0.000      | 0.076      |             | 0.000  | 0.155r          |
| alu_mod.bus_in_imm_0__MUX2_X1_B:Z (MUX2_X1)                                                                                                                              |        | 0.001       | 0.000      | 0.012      |             | 0.049  | 0.203r          |
| alu_mod.bus_in_imm_0__MUX2_X1_B_Z (net)                                                                                                                                  | 1      |             |            |            | 0.000       |        |                 |
| alu_mod.bus_in_imm_0__MUX2_X1_B_Z_CLKBUF_X3_A:A (CLKBUF_X3)                                                                                                              |        | 0.001       | 0.000      | 0.012      |             | 0.000  | 0.203r          |
| alu_mod.bus_in_imm_0__MUX2_X1_B_Z_CLKBUF_X3_A:Z (CLKBUF_X3)                                                                                                              |        | 0.025       | 0.000      | 0.022      |             | 0.049  | 0.253r          |
| alu_mod.bus_in_imm_0__MUX2_X1_B_Z_CLKBUF_X3_A_Z (net)                                                                                                                    | 15     |             |            |            | 0.000       |        |                 |
| alu_mod.bus_in_imm_1__reg_p_QN_NAND2_X1_A2_ZN_OAI211_X1_B_ZN_OAI22_X1_A2_B2_OAI211_X1_ZN:A (OAI211_X1)                                                                   |        | 0.002       | 0.000      | 0.022      |             | 0.000  | 0.253r          |
| alu_mod.bus_in_imm_1__reg_p_QN_NAND2_X1_A2_ZN_OAI211_X1_B_ZN_OAI22_X1_A2_B2_OAI211_X1_ZN:ZN (OAI211_X1)                                                                  |        | 0.003       | 0.000      | 0.020      |             | 0.038  | 0.291f          |
| alu_mod.bus_in_imm_1__reg_p_QN_NAND2_X1_A2_ZN_OAI211_X1_B_ZN_OAI22_X1_A2_B2 (net)                                                                                        | 2      |             |            |            | 0.000       |        |                 |
| alu_mod.bus_in_imm_1__reg_p_QN_NAND2_X1_A2_ZN_OAI211_X1_B_ZN_OAI22_X1_A2:B2 (OAI22_X1)                                                                                   |        | 0.002       | 0.000      | 0.020      |             | 0.000  | 0.291f          |
| alu_mod.bus_in_imm_1__reg_p_QN_NAND2_X1_A2_ZN_OAI211_X1_B_ZN_OAI22_X1_A2:ZN (OAI22_X1)                                                                                   |        | 0.005       | 0.000      | 0.046      |             | 0.063  | 0.353r          |
| alu_mod.bus_in_imm_1__reg_p_QN_NAND2_X1_A2_ZN_OAI211_X1_B_ZN_OAI22_X1_A2_ZN (net)                                                                                        | 3      |             |            |            | 0.000       |        |                 |
| alu_mod.bus_in_imm_1__reg_p_QN_NAND2_X1_A2_ZN_OAI211_X1_B_ZN_OAI22_X1_A2_ZN_OAI221_X1_B2:B2 (OAI221_X1)                                                                  |        | 0.002       | 0.000      | 0.046      |             | 0.000  | 0.353r          |
| alu_mod.bus_in_imm_1__reg_p_QN_NAND2_X1_A2_ZN_OAI211_X1_B_ZN_OAI22_X1_A2_ZN_OAI221_X1_B2:ZN (OAI221_X1)                                                                  |        | 0.006       | 0.000      | 0.028      |             | 0.053  | 0.406f          |
| alu_mod.bus_in_imm_1__reg_p_QN_NAND2_X1_A2_ZN_OAI211_X1_B_ZN_OAI22_X1_A2_ZN_OAI221_X1_B2_ZN (net)                                                                        | 4      |             |            |            | 0.000       |        |                 |
| alu_mod.bus_in_data_csr_6__INV_X1_A_ZN_OAI22_X1_B2_A2_AND3_X1_A2_ZN_AOI21_X1_A_ZN_AOI211_X1_A_1:C2 (AOI211_X1)                                                           |        | 0.002       | 0.000      | 0.028      |             | 0.000  | 0.406f          |
| alu_mod.bus_in_data_csr_6__INV_X1_A_ZN_OAI22_X1_B2_A2_AND3_X1_A2_ZN_AOI21_X1_A_ZN_AOI211_X1_A_1:ZN (AOI211_X1)                                                           |        | 0.009       | 0.000      | 0.096      |             | 0.118  | 0.524r          |
| alu_mod.bus_in_data_csr_6__INV_X1_A_ZN_OAI22_X1_B2_A2_AND3_X1_A2_ZN_AOI21_X1_A_ZN_AOI211_X1_A_1_ZN (net)                                                                 | 3      |             |            |            | 0.000       |        |                 |
| alu_mod.bus_in_data_csr_6__INV_X1_A_ZN_OAI22_X1_B2_A2_AND3_X1_A2_ZN_AOI21_X1_A_B1_AOI22_X1_ZN_B2_XNOR2_X1_B_ZN_NOR2_X1_A2_ZN_OR4_X2_A4_ZN_NOR3_X4_A3:A1 (NOR3_X4)        |        | 0.007       | 0.000      | 0.096      |             | 0.000  | 0.524r          |
| alu_mod.bus_in_data_csr_6__INV_X1_A_ZN_OAI22_X1_B2_A2_AND3_X1_A2_ZN_AOI21_X1_A_B1_AOI22_X1_ZN_B2_XNOR2_X1_B_ZN_NOR2_X1_A2_ZN_OR4_X2_A4_ZN_NOR3_X4_A3:ZN (NOR3_X4)        |        | 0.005       | 0.000      | 0.020      |             | 0.007  | 0.531f          |
| alu_mod.bus_in_data_csr_21__NOR3_X1_A1_ZN_AOI211_X1_B_C2_NOR3_X1_A3_ZN_NOR2_X1_A2_ZN_AOI221_X1_A_ZN_AND3_X1_A2_ZN_OAI33_X1_B1_A1 (net)                                   | 4      |             |            |            | 0.000       |        |                 |
| alu_mod.bus_in_data_csr_21__NOR3_X1_A1_ZN_AOI211_X1_B_C2_NOR3_X1_A3_ZN_NOR2_X1_A2_ZN_AOI221_X1_A_ZN_AND3_X1_A2_ZN_OAI33_X1_B1:A1 (OAI33_X1)                              |        | 0.002       | 0.000      | 0.020      |             | 0.000  | 0.531f          |
| alu_mod.bus_in_data_csr_21__NOR3_X1_A1_ZN_AOI211_X1_B_C2_NOR3_X1_A3_ZN_NOR2_X1_A2_ZN_AOI221_X1_A_ZN_AND3_X1_A2_ZN_OAI33_X1_B1:ZN (OAI33_X1)                              |        | 0.006       | 0.000      | 0.098      |             | 0.086  | 0.618r          |
| alu_mod.bus_in_rs1_0__MUX2_X1_B_Z_OAI21_X1_B1_ZN_AOI211_X1_B_ZN_OAI21_X1_A_B1_AOI21_X1_ZN_B1 (net)                                                                       | 4      |             |            |            | 0.000       |        |                 |
| alu_mod.bus_in_data_rs2_23__reg_p_D_AOI211_X1_ZN_C2_AOI22_X1_A1_ZN_NAND3_X1_A3_ZN_NOR2_X1_A1_ZN_AOI221_X1_C1_ZN_NOR3_X1_A2_ZN_NAND2_X1_A1_A2_OAI221_X1_ZN:C2 (OAI221_X1) |        | 0.002       | 0.000      | 0.098      |             | 0.000  | 0.618r          |
| alu_mod.bus_in_data_rs2_23__reg_p_D_AOI211_X1_ZN_C2_AOI22_X1_A1_ZN_NAND3_X1_A3_ZN_NOR2_X1_A1_ZN_AOI221_X1_C1_ZN_NOR3_X1_A2_ZN_NAND2_X1_A1_A2_OAI221_X1_ZN:ZN (OAI221_X1) |        | 0.005       | 0.000      | 0.039      |             | 0.062  | 0.680f          |
| alu_mod.bus_in_data_rs2_23__reg_p_D_AOI211_X1_ZN_C2_AOI22_X1_A1_ZN_NAND3_X1_A3_ZN_NOR2_X1_A1_ZN_AOI221_X1_C1_ZN_NOR3_X1_A2_ZN_NAND2_X1_A1_A2 (net)                       | 2      |             |            |            | 0.000       |        |                 |
| alu_mod.bus_in_data_rs2_23__reg_p_D_AOI211_X1_ZN_C2_AOI22_X1_A1_ZN_NAND3_X1_A3_ZN_NOR2_X1_A1_ZN_AOI221_X1_C1_ZN_NOR3_X1_A2_ZN_AOI221_X2_B2:B1 (AOI221_X2)                |        | 0.003       | 0.000      | 0.039      |             | 0.000  | 0.680f          |
| alu_mod.bus_in_data_rs2_23__reg_p_D_AOI211_X1_ZN_C2_AOI22_X1_A1_ZN_NAND3_X1_A3_ZN_NOR2_X1_A1_ZN_AOI221_X1_C1_ZN_NOR3_X1_A2_ZN_AOI221_X2_B2:ZN (AOI221_X2)                |        | 0.008       | 0.000      | 0.051      |             | 0.087  | 0.766r          |
| de_ex_bus_next_pc_de_4__MUX2_X1_A_B_XNOR2_X1_ZN_A_OAI221_X1_A_B1_INV_X1_ZN_A_NOR4_X1_ZN_A1 (net)                                                                         | 3      |             |            |            | 0.000       |        |                 |
| ex_ls_bus_exception_ls_NOR2_X1_A2_ZN_NAND4_X1_A4_ZN_NOR3_X1_A3_ZN_OAI22_X1_B1_ZN_OR3_X4_A2:A1 (OR3_X4)                                                                   |        | 0.003       | 0.000      | 0.051      |             | 0.000  | 0.766r          |
| ex_ls_bus_exception_ls_NOR2_X1_A2_ZN_NAND4_X1_A4_ZN_NOR3_X1_A3_ZN_OAI22_X1_B1_ZN_OR3_X4_A2:ZN (OR3_X4)                                                                   |        | 0.013       | 0.000      | 0.013      |             | 0.035  | 0.802r          |
| ifu_mod.block_offset[5]_6__INV_X1_A_ZN_OAI21_X1_B2_ZN_OAI22_X1_B1_ZN_AOI211_X1_B_A (net)                                                                                 | 5      |             |            |            | 0.000       |        |                 |
| ifu_mod.block_offset[5]_6__INV_X1_A_ZN_OAI21_X1_B2_ZN_OAI22_X1_B1_ZN_AOI211_X1_B_A_AOI21_X4_A:A (AOI21_X4)                                                               |        | 0.006       | 0.000      | 0.013      |             | 0.000  | 0.802r          |
| ifu_mod.block_offset[5]_6__INV_X1_A_ZN_OAI21_X1_B2_ZN_OAI22_X1_B1_ZN_AOI211_X1_B_A_AOI21_X4_A:ZN (AOI21_X4)                                                              |        | 0.006       | 0.000      | 0.020      |             | 0.014  | 0.815f          |
| ifu_mod.block_offset[5]_6__INV_X1_A_ZN_OAI21_X1_B2_ZN_OAI22_X1_B1_ZN_AOI211_X1_B_A_AOI21_X4_A_ZN (net)                                                                   | 1      |             |            |            | 0.000       |        |                 |
| ifu_mod.block_offset[5]_6__INV_X1_A_ZN_OAI21_X1_B2_ZN_OAI22_X1_B1_ZN_AOI211_X1_B_A_AOI21_X4_A_ZN_BUF_X8_A:A (BUF_X8)                                                     |        | 0.007       | 0.000      | 0.020      |             | 0.000  | 0.815f          |
| ifu_mod.block_offset[5]_6__INV_X1_A_ZN_OAI21_X1_B2_ZN_OAI22_X1_B1_ZN_AOI211_X1_B_A_AOI21_X4_A_ZN_BUF_X8_A:Z (BUF_X8)                                                     |        | 0.032       | 0.000      | 0.008      |             | 0.035  | 0.850f          |
| pc_mod.pc_16__reg_p_QN_INV_X1_A_ZN_MUX2_X1_B_A_MUX2_X1_A_S (net)                                                                                                         | 13     |             |            |            | 0.000       |        |                 |
| de_ex_bus_next_pc_de_9__reg_p_D_AOI21_X1_ZN_B1_XNOR2_X1_ZN_B_XNOR2_X2_ZN_A_MUX2_X1_Z:S (MUX2_X1)                                                                         |        | 0.002       | 0.000      | 0.008      |             | 0.000  | 0.850f          |
| de_ex_bus_next_pc_de_9__reg_p_D_AOI21_X1_ZN_B1_XNOR2_X1_ZN_B_XNOR2_X2_ZN_A_MUX2_X1_Z:Z (MUX2_X1)                                                                         |        | 0.008       | 0.000      | 0.017      |             | 0.060  | 0.911f          |
| de_ex_bus_next_pc_de_9__reg_p_D_AOI21_X1_ZN_B1_XNOR2_X1_ZN_B_XNOR2_X2_ZN_A (net)                                                                                         | 3      |             |            |            | 0.000       |        |                 |
| de_ex_bus_next_pc_de_9__reg_p_D_AOI21_X1_ZN_B1_XNOR2_X1_ZN_B_XNOR2_X2_ZN:A (XNOR2_X2)                                                                                    |        | 0.004       | 0.000      | 0.017      |             | 0.000  | 0.911f          |
| de_ex_bus_next_pc_de_9__reg_p_D_AOI21_X1_ZN_B1_XNOR2_X1_ZN_B_XNOR2_X2_ZN:ZN (XNOR2_X2)                                                                                   |        | 0.008       | 0.000      | 0.030      |             | 0.042  | 0.953r          |
| de_ex_bus_next_pc_de_9__reg_p_D_AOI21_X1_ZN_B1_XNOR2_X1_ZN_B (net)                                                                                                       | 3      |             |            |            | 0.000       |        |                 |
| de_ex_bus_next_pc_de_6__MUX2_X1_A_B_XOR2_X1_Z_A_OAI21_X1_ZN_A_OAI211_X1_B_ZN_AOI211_X2_C2:B (AOI211_X2)                                                                  |        | 0.003       | 0.000      | 0.030      |             | 0.000  | 0.953r          |
| de_ex_bus_next_pc_de_6__MUX2_X1_A_B_XOR2_X1_Z_A_OAI21_X1_ZN_A_OAI211_X1_B_ZN_AOI211_X2_C2:ZN (AOI211_X2)                                                                 |        | 0.003       | 0.000      | 0.012      |             | 0.019  | 0.972f          |
| de_ex_bus_next_pc_de_6__MUX2_X1_A_B_XOR2_X1_Z_A_OAI21_X1_ZN_A_OAI211_X1_B_ZN_AOI211_X2_C2_ZN (net)                                                                       | 1      |             |            |            | 0.000       |        |                 |
| de_ex_bus_next_pc_de_6__MUX2_X1_A_B_XOR2_X1_Z_A_OAI21_X1_ZN_A_OAI211_X1_B_ZN_AOI211_X2_C2_ZN_BUF_X4_A:A (BUF_X4)                                                         |        | 0.003       | 0.000      | 0.012      |             | 0.000  | 0.972f          |
| de_ex_bus_next_pc_de_6__MUX2_X1_A_B_XOR2_X1_Z_A_OAI21_X1_ZN_A_OAI211_X1_B_ZN_AOI211_X2_C2_ZN_BUF_X4_A:Z (BUF_X4)                                                         |        | 0.016       | 0.000      | 0.008      |             | 0.030  | 1.002f          |
| pc_mod.pc_27__reg_p_D_OAI221_X1_ZN_B2_OAI33_X1_ZN_B3 (net)                                                                                                               | 8      |             |            |            | 0.000       |        |                 |
| pc_mod.pc_27__reg_p_D_OAI221_X1_ZN_B2_OAI33_X1_ZN_B2_NOR3_X4_A1:A2 (NOR3_X4)                                                                                             |        | 0.006       | 0.000      | 0.008      |             | 0.000  | 1.002f          |
| pc_mod.pc_27__reg_p_D_OAI221_X1_ZN_B2_OAI33_X1_ZN_B2_NOR3_X4_A1:ZN (NOR3_X4)                                                                                             |        | 0.015       | 0.000      | 0.043      |             | 0.063  | 1.065r          |
| pc_mod.pc_28__reg_p_D_OAI221_X1_ZN_B2_OAI22_X2_ZN_B2 (net)                                                                                                               | 7      |             |            |            | 0.000       |        |                 |
| pc_mod.pc_24__reg_p_D_OAI221_X1_ZN_A_NAND4_X1_ZN_A2_NAND4_X1_A2_ZN_INV_X1_A_ZN_AOI22_X1_A1:A2 (AOI22_X1)                                                                 |        | 0.002       | 0.000      | 0.043      |             | 0.000  | 1.065r          |
| pc_mod.pc_24__reg_p_D_OAI221_X1_ZN_A_NAND4_X1_ZN_A2_NAND4_X1_A2_ZN_INV_X1_A_ZN_AOI22_X1_A1:ZN (AOI22_X1)                                                                 |        | 0.005       | 0.000      | 0.017      |             | 0.030  | 1.095f          |
| pc_mod.pc_26__reg_p_D_OAI211_X1_ZN_A_OR4_X1_ZN_A3 (net)                                                                                                                  | 3      |             |            |            | 0.000       |        |                 |
| pc_mod.pc_26__reg_p_D_OAI211_X1_ZN_A_OR4_X1_ZN:A3 (OR4_X1)                                                                                                               |        | 0.001       | 0.000      | 0.017      |             | 0.000  | 1.095f          |
| pc_mod.pc_26__reg_p_D_OAI211_X1_ZN_A_OR4_X1_ZN:ZN (OR4_X1)                                                                                                               |        | 0.002       | 0.000      | 0.018      |             | 0.115  | 1.211f          |
| pc_mod.pc_26__reg_p_D_OAI211_X1_ZN_A (net)                                                                                                                               | 1      |             |            |            | 0.000       |        |                 |
| pc_mod.pc_26__reg_p_D_OAI211_X1_ZN:A (OAI211_X1)                                                                                                                         |        | 0.002       | 0.000      | 0.018      |             | 0.000  | 1.211f          |
| pc_mod.pc_26__reg_p_D_OAI211_X1_ZN:ZN (OAI211_X1)                                                                                                                        |        | 0.001       | 0.000      | 0.023      |             | 0.026  | 1.236r          |
| pc_mod.pc_26__reg_p_D (net)                                                                                                                                              | 1      |             |            |            | 0.000       |        |                 |
| pc_mod.pc_26__reg_p:D (DFF_X1)                                                                                                                                           |        | 0.001       | 0.000      | 0.023      |             | 0.000  | 1.236r          |
|                                                                                                                                                                          |        |             |            |            |             |        |                 |
| clock (port)                                                                                                                                                             |        | 0.856       | 0.000      | 0.000      |             | 0.000  | 0.000r          |
| clock (clock net)                                                                                                                                                        | 839    |             |            |            | NA          |        |                 |
| pc_mod.pc_26__reg_p:CK (DFF_X1)                                                                                                                                          |        | 0.001       | 0.000      | 0.000      |             | 0.000  | 0.000r          |
| clock core_clock (rise edge)                                                                                                                                             |        |             |            |            |             | 1.769  | 1.769           |
| clock network delay (ideal)                                                                                                                                              |        |             |            |            |             | 0.000  | 1.769           |
| pc_mod.pc_26__reg_p:CK (DFF_X1)                                                                                                                                          |        |             |            |            |             |        | 1.769r          |
| library setup time                                                                                                                                                       |        |             |            |            |             | -0.035 | 1.734           |
| clock reconvergence pessimism                                                                                                                                            |        |             |            |            |             | 0.000  | 1.734           |
|                                                                                                                                                                          |        |             |            |            |             |        |                 |
| path cell delay                                                                                                                                                          |        |             |            |            |             |        | 1.236(100.000%) |
| path net delay                                                                                                                                                           |        |             |            |            |             |        | 0.000(0.000%)   |
|                                                                                                                                                                          |        |             |            |            |             |        |                 |
| data require time                                                                                                                                                        |        |             |            |            |             |        | 1.734           |
| data arrival time                                                                                                                                                        |        |             |            |            |             |        | 1.236           |
| slack (MET)                                                                                                                                                              |        |             |            |            |             |        | 0.497           |
+--------------------------------------------------------------------------------------------------------------------------------------------------------------------------+--------+-------------+------------+------------+-------------+--------+-----------------+
+--------------------------------------------------------------------------------------------------------------------------------------------------------------------------+--------+-------------+------------+------------+-------------+--------+-----------------+
| Point                                                                                                                                                                    | Fanout | Capacitance | Resistance | Transition | Delta Delay | Incr   | Path            |
+--------------------------------------------------------------------------------------------------------------------------------------------------------------------------+--------+-------------+------------+------------+-------------+--------+-----------------+
| clock (port)                                                                                                                                                             |        | 0.856       | 0.000      | 0.000      |             | 0.000  | 0.000r          |
| clock (clock net)                                                                                                                                                        | 839    |             |            |            | NA          |        |                 |
| alu_mod.bus_in_alu_op_7__reg_p:CK (DFF_X1)                                                                                                                               |        | 0.001       | 0.000      | 0.000      |             | 0.000  | 0.000r          |
| clock core_clock (rise edge)                                                                                                                                             |        |             |            |            |             | 0      | 0               |
| clock network delay (ideal)                                                                                                                                              |        |             |            |            |             | 0.000  | 0.000           |
| alu_mod.bus_in_alu_op_7__reg_p:CK (DFF_X1)                                                                                                                               |        | 0.001       | 0.000      | 0.000      |             | 0.000  | 0.000r          |
| alu_mod.bus_in_alu_op_7__reg_p:Q (DFF_X1)                                                                                                                                |        | 0.032       | 0.000      | 0.076      |             | 0.155  | 0.155r          |
| alu_mod.bus_in_alu_op_7_ (net)                                                                                                                                           | 11     |             |            |            | 0.000       |        |                 |
| alu_mod.bus_in_imm_0__MUX2_X1_B:S (MUX2_X1)                                                                                                                              |        | 0.002       | 0.000      | 0.076      |             | 0.000  | 0.155r          |
| alu_mod.bus_in_imm_0__MUX2_X1_B:Z (MUX2_X1)                                                                                                                              |        | 0.001       | 0.000      | 0.012      |             | 0.049  | 0.203r          |
| alu_mod.bus_in_imm_0__MUX2_X1_B_Z (net)                                                                                                                                  | 1      |             |            |            | 0.000       |        |                 |
| alu_mod.bus_in_imm_0__MUX2_X1_B_Z_CLKBUF_X3_A:A (CLKBUF_X3)                                                                                                              |        | 0.001       | 0.000      | 0.012      |             | 0.000  | 0.203r          |
| alu_mod.bus_in_imm_0__MUX2_X1_B_Z_CLKBUF_X3_A:Z (CLKBUF_X3)                                                                                                              |        | 0.025       | 0.000      | 0.022      |             | 0.049  | 0.253r          |
| alu_mod.bus_in_imm_0__MUX2_X1_B_Z_CLKBUF_X3_A_Z (net)                                                                                                                    | 15     |             |            |            | 0.000       |        |                 |
| alu_mod.bus_in_imm_1__reg_p_QN_NAND2_X1_A2_ZN_OAI211_X1_B_ZN_OAI22_X1_A2_B2_OAI211_X1_ZN:A (OAI211_X1)                                                                   |        | 0.002       | 0.000      | 0.022      |             | 0.000  | 0.253r          |
| alu_mod.bus_in_imm_1__reg_p_QN_NAND2_X1_A2_ZN_OAI211_X1_B_ZN_OAI22_X1_A2_B2_OAI211_X1_ZN:ZN (OAI211_X1)                                                                  |        | 0.003       | 0.000      | 0.020      |             | 0.038  | 0.291f          |
| alu_mod.bus_in_imm_1__reg_p_QN_NAND2_X1_A2_ZN_OAI211_X1_B_ZN_OAI22_X1_A2_B2 (net)                                                                                        | 2      |             |            |            | 0.000       |        |                 |
| alu_mod.bus_in_imm_1__reg_p_QN_NAND2_X1_A2_ZN_OAI211_X1_B_ZN_OAI22_X1_A2:B2 (OAI22_X1)                                                                                   |        | 0.002       | 0.000      | 0.020      |             | 0.000  | 0.291f          |
| alu_mod.bus_in_imm_1__reg_p_QN_NAND2_X1_A2_ZN_OAI211_X1_B_ZN_OAI22_X1_A2:ZN (OAI22_X1)                                                                                   |        | 0.005       | 0.000      | 0.046      |             | 0.063  | 0.353r          |
| alu_mod.bus_in_imm_1__reg_p_QN_NAND2_X1_A2_ZN_OAI211_X1_B_ZN_OAI22_X1_A2_ZN (net)                                                                                        | 3      |             |            |            | 0.000       |        |                 |
| alu_mod.bus_in_imm_1__reg_p_QN_NAND2_X1_A2_ZN_OAI211_X1_B_ZN_OAI22_X1_A2_ZN_OAI221_X1_B2:B2 (OAI221_X1)                                                                  |        | 0.002       | 0.000      | 0.046      |             | 0.000  | 0.353r          |
| alu_mod.bus_in_imm_1__reg_p_QN_NAND2_X1_A2_ZN_OAI211_X1_B_ZN_OAI22_X1_A2_ZN_OAI221_X1_B2:ZN (OAI221_X1)                                                                  |        | 0.006       | 0.000      | 0.028      |             | 0.053  | 0.406f          |
| alu_mod.bus_in_imm_1__reg_p_QN_NAND2_X1_A2_ZN_OAI211_X1_B_ZN_OAI22_X1_A2_ZN_OAI221_X1_B2_ZN (net)                                                                        | 4      |             |            |            | 0.000       |        |                 |
| alu_mod.bus_in_data_csr_6__INV_X1_A_ZN_OAI22_X1_B2_A2_AND3_X1_A2_ZN_AOI21_X1_A_ZN_AOI211_X1_A_1:C2 (AOI211_X1)                                                           |        | 0.002       | 0.000      | 0.028      |             | 0.000  | 0.406f          |
| alu_mod.bus_in_data_csr_6__INV_X1_A_ZN_OAI22_X1_B2_A2_AND3_X1_A2_ZN_AOI21_X1_A_ZN_AOI211_X1_A_1:ZN (AOI211_X1)                                                           |        | 0.009       | 0.000      | 0.096      |             | 0.118  | 0.524r          |
| alu_mod.bus_in_data_csr_6__INV_X1_A_ZN_OAI22_X1_B2_A2_AND3_X1_A2_ZN_AOI21_X1_A_ZN_AOI211_X1_A_1_ZN (net)                                                                 | 3      |             |            |            | 0.000       |        |                 |
| alu_mod.bus_in_data_csr_6__INV_X1_A_ZN_OAI22_X1_B2_A2_AND3_X1_A2_ZN_AOI21_X1_A_B1_AOI22_X1_ZN_B2_XNOR2_X1_B_ZN_NOR2_X1_A2_ZN_OR4_X2_A4_ZN_NOR3_X4_A3:A1 (NOR3_X4)        |        | 0.007       | 0.000      | 0.096      |             | 0.000  | 0.524r          |
| alu_mod.bus_in_data_csr_6__INV_X1_A_ZN_OAI22_X1_B2_A2_AND3_X1_A2_ZN_AOI21_X1_A_B1_AOI22_X1_ZN_B2_XNOR2_X1_B_ZN_NOR2_X1_A2_ZN_OR4_X2_A4_ZN_NOR3_X4_A3:ZN (NOR3_X4)        |        | 0.005       | 0.000      | 0.020      |             | 0.007  | 0.531f          |
| alu_mod.bus_in_data_csr_21__NOR3_X1_A1_ZN_AOI211_X1_B_C2_NOR3_X1_A3_ZN_NOR2_X1_A2_ZN_AOI221_X1_A_ZN_AND3_X1_A2_ZN_OAI33_X1_B1_A1 (net)                                   | 4      |             |            |            | 0.000       |        |                 |
| alu_mod.bus_in_data_csr_21__NOR3_X1_A1_ZN_AOI211_X1_B_C2_NOR3_X1_A3_ZN_NOR2_X1_A2_ZN_AOI221_X1_A_ZN_AND3_X1_A2_ZN_OAI33_X1_B1:A1 (OAI33_X1)                              |        | 0.002       | 0.000      | 0.020      |             | 0.000  | 0.531f          |
| alu_mod.bus_in_data_csr_21__NOR3_X1_A1_ZN_AOI211_X1_B_C2_NOR3_X1_A3_ZN_NOR2_X1_A2_ZN_AOI221_X1_A_ZN_AND3_X1_A2_ZN_OAI33_X1_B1:ZN (OAI33_X1)                              |        | 0.006       | 0.000      | 0.098      |             | 0.086  | 0.618r          |
| alu_mod.bus_in_rs1_0__MUX2_X1_B_Z_OAI21_X1_B1_ZN_AOI211_X1_B_ZN_OAI21_X1_A_B1_AOI21_X1_ZN_B1 (net)                                                                       | 4      |             |            |            | 0.000       |        |                 |
| alu_mod.bus_in_data_rs2_23__reg_p_D_AOI211_X1_ZN_C2_AOI22_X1_A1_ZN_NAND3_X1_A3_ZN_NOR2_X1_A1_ZN_AOI221_X1_C1_ZN_NOR3_X1_A2_ZN_NAND2_X1_A1_A2_OAI221_X1_ZN:C2 (OAI221_X1) |        | 0.002       | 0.000      | 0.098      |             | 0.000  | 0.618r          |
| alu_mod.bus_in_data_rs2_23__reg_p_D_AOI211_X1_ZN_C2_AOI22_X1_A1_ZN_NAND3_X1_A3_ZN_NOR2_X1_A1_ZN_AOI221_X1_C1_ZN_NOR3_X1_A2_ZN_NAND2_X1_A1_A2_OAI221_X1_ZN:ZN (OAI221_X1) |        | 0.005       | 0.000      | 0.039      |             | 0.062  | 0.680f          |
| alu_mod.bus_in_data_rs2_23__reg_p_D_AOI211_X1_ZN_C2_AOI22_X1_A1_ZN_NAND3_X1_A3_ZN_NOR2_X1_A1_ZN_AOI221_X1_C1_ZN_NOR3_X1_A2_ZN_NAND2_X1_A1_A2 (net)                       | 2      |             |            |            | 0.000       |        |                 |
| alu_mod.bus_in_data_rs2_23__reg_p_D_AOI211_X1_ZN_C2_AOI22_X1_A1_ZN_NAND3_X1_A3_ZN_NOR2_X1_A1_ZN_AOI221_X1_C1_ZN_NOR3_X1_A2_ZN_AOI221_X2_B2:B1 (AOI221_X2)                |        | 0.003       | 0.000      | 0.039      |             | 0.000  | 0.680f          |
| alu_mod.bus_in_data_rs2_23__reg_p_D_AOI211_X1_ZN_C2_AOI22_X1_A1_ZN_NAND3_X1_A3_ZN_NOR2_X1_A1_ZN_AOI221_X1_C1_ZN_NOR3_X1_A2_ZN_AOI221_X2_B2:ZN (AOI221_X2)                |        | 0.008       | 0.000      | 0.051      |             | 0.087  | 0.766r          |
| de_ex_bus_next_pc_de_4__MUX2_X1_A_B_XNOR2_X1_ZN_A_OAI221_X1_A_B1_INV_X1_ZN_A_NOR4_X1_ZN_A1 (net)                                                                         | 3      |             |            |            | 0.000       |        |                 |
| ex_ls_bus_exception_ls_NOR2_X1_A2_ZN_NAND4_X1_A4_ZN_NOR3_X1_A3_ZN_OAI22_X1_B1_ZN_OR3_X4_A2:A1 (OR3_X4)                                                                   |        | 0.003       | 0.000      | 0.051      |             | 0.000  | 0.766r          |
| ex_ls_bus_exception_ls_NOR2_X1_A2_ZN_NAND4_X1_A4_ZN_NOR3_X1_A3_ZN_OAI22_X1_B1_ZN_OR3_X4_A2:ZN (OR3_X4)                                                                   |        | 0.013       | 0.000      | 0.013      |             | 0.035  | 0.802r          |
| ifu_mod.block_offset[5]_6__INV_X1_A_ZN_OAI21_X1_B2_ZN_OAI22_X1_B1_ZN_AOI211_X1_B_A (net)                                                                                 | 5      |             |            |            | 0.000       |        |                 |
| ifu_mod.block_offset[5]_6__INV_X1_A_ZN_OAI21_X1_B2_ZN_OAI22_X1_B1_ZN_AOI211_X1_B_A_AOI21_X4_A:A (AOI21_X4)                                                               |        | 0.006       | 0.000      | 0.013      |             | 0.000  | 0.802r          |
| ifu_mod.block_offset[5]_6__INV_X1_A_ZN_OAI21_X1_B2_ZN_OAI22_X1_B1_ZN_AOI211_X1_B_A_AOI21_X4_A:ZN (AOI21_X4)                                                              |        | 0.006       | 0.000      | 0.020      |             | 0.014  | 0.815f          |
| ifu_mod.block_offset[5]_6__INV_X1_A_ZN_OAI21_X1_B2_ZN_OAI22_X1_B1_ZN_AOI211_X1_B_A_AOI21_X4_A_ZN (net)                                                                   | 1      |             |            |            | 0.000       |        |                 |
| ifu_mod.block_offset[5]_6__INV_X1_A_ZN_OAI21_X1_B2_ZN_OAI22_X1_B1_ZN_AOI211_X1_B_A_AOI21_X4_A_ZN_BUF_X8_A:A (BUF_X8)                                                     |        | 0.007       | 0.000      | 0.020      |             | 0.000  | 0.815f          |
| ifu_mod.block_offset[5]_6__INV_X1_A_ZN_OAI21_X1_B2_ZN_OAI22_X1_B1_ZN_AOI211_X1_B_A_AOI21_X4_A_ZN_BUF_X8_A:Z (BUF_X8)                                                     |        | 0.032       | 0.000      | 0.008      |             | 0.035  | 0.850f          |
| pc_mod.pc_16__reg_p_QN_INV_X1_A_ZN_MUX2_X1_B_A_MUX2_X1_A_S (net)                                                                                                         | 13     |             |            |            | 0.000       |        |                 |
| pc_mod.pc_16__reg_p_QN_INV_X1_A_ZN_MUX2_X1_B_A_MUX2_X1_A_S_BUF_X16_A:A (BUF_X16)                                                                                         |        | 0.012       | 0.000      | 0.008      |             | 0.000  | 0.850f          |
| pc_mod.pc_16__reg_p_QN_INV_X1_A_ZN_MUX2_X1_B_A_MUX2_X1_A_S_BUF_X16_A:Z (BUF_X16)                                                                                         |        | 0.047       | 0.000      | 0.007      |             | 0.028  | 0.878f          |
| pc_mod.pc_27__MUX2_X1_A_S (net)                                                                                                                                          | 24     |             |            |            | 0.000       |        |                 |
| pc_mod.pc_27__MUX2_X1_A_S_BUF_X4_A:A (BUF_X4)                                                                                                                            |        | 0.003       | 0.000      | 0.007      |             | 0.000  | 0.878f          |
| pc_mod.pc_27__MUX2_X1_A_S_BUF_X4_A:Z (BUF_X4)                                                                                                                            |        | 0.038       | 0.000      | 0.013      |             | 0.036  | 0.914f          |
| pc_mod.pc_20__MUX2_X1_A_S (net)                                                                                                                                          | 24     |             |            |            | 0.000       |        |                 |
| alu_mod.valid_left_AND3_X1_A1_A3_NOR2_X1_ZN:A2 (NOR2_X1)                                                                                                                 |        | 0.002       | 0.000      | 0.013      |             | 0.000  | 0.914f          |
| alu_mod.valid_left_AND3_X1_A1_A3_NOR2_X1_ZN:ZN (NOR2_X1)                                                                                                                 |        | 0.004       | 0.000      | 0.031      |             | 0.047  | 0.960r          |
| alu_mod.valid_left_AND3_X1_A1_A3 (net)                                                                                                                                   | 3      |             |            |            | 0.000       |        |                 |
| alu_mod.valid_left_AND3_X1_A1:A3 (AND3_X1)                                                                                                                               |        | 0.001       | 0.000      | 0.031      |             | 0.000  | 0.960r          |
| alu_mod.valid_left_AND3_X1_A1:ZN (AND3_X1)                                                                                                                               |        | 0.002       | 0.000      | 0.011      |             | 0.049  | 1.009r          |
| alu_mod.valid_left_AND3_X1_A1_ZN (net)                                                                                                                                   | 1      |             |            |            | 0.000       |        |                 |
| alu_mod.valid_left_AND3_X1_A1_ZN_BUF_X2_A:A (BUF_X2)                                                                                                                     |        | 0.002       | 0.000      | 0.011      |             | 0.000  | 1.009r          |
| alu_mod.valid_left_AND3_X1_A1_ZN_BUF_X2_A:Z (BUF_X2)                                                                                                                     |        | 0.026       | 0.000      | 0.034      |             | 0.051  | 1.060r          |
| ex_ls_bus_data_rs2_ls_23__MUX2_X1_A_S (net)                                                                                                                              | 13     |             |            |            | 0.000       |        |                 |
| ex_ls_bus_data_rs2_ls_23__MUX2_X1_A_S_BUF_X4_A:A (BUF_X4)                                                                                                                |        | 0.003       | 0.000      | 0.034      |             | 0.000  | 1.060r          |
| ex_ls_bus_data_rs2_ls_23__MUX2_X1_A_S_BUF_X4_A:Z (BUF_X4)                                                                                                                |        | 0.045       | 0.000      | 0.029      |             | 0.050  | 1.110r          |
| ex_ls_bus_data_rs2_ls_23__MUX2_X1_A_S_BUF_X4_A_Z (net)                                                                                                                   | 24     |             |            |            | 0.000       |        |                 |
| alu_mod.bus_in_next_pc_2__NAND2_X1_A1_1_A2_CLKBUF_X3_Z:A (CLKBUF_X3)                                                                                                     |        | 0.001       | 0.000      | 0.029      |             | 0.000  | 1.110r          |
| alu_mod.bus_in_next_pc_2__NAND2_X1_A1_1_A2_CLKBUF_X3_Z:Z (CLKBUF_X3)                                                                                                     |        | 0.040       | 0.000      | 0.034      |             | 0.068  | 1.178r          |
| alu_mod.bus_in_next_pc_2__NAND2_X1_A1_1_A2 (net)                                                                                                                         | 24     |             |            |            | 0.000       |        |                 |
| ex_ls_bus_pc_ls_10__reg_p_D_AOI21_X1_ZN_B1_NAND2_X1_ZN:A2 (NAND2_X1)                                                                                                     |        | 0.002       | 0.000      | 0.034      |             | 0.000  | 1.178r          |
| ex_ls_bus_pc_ls_10__reg_p_D_AOI21_X1_ZN_B1_NAND2_X1_ZN:ZN (NAND2_X1)                                                                                                     |        | 0.001       | 0.000      | 0.016      |             | 0.019  | 1.197f          |
| ex_ls_bus_pc_ls_10__reg_p_D_AOI21_X1_ZN_B1 (net)                                                                                                                         | 1      |             |            |            | 0.000       |        |                 |
| ex_ls_bus_pc_ls_10__reg_p_D_AOI21_X1_ZN:B1 (AOI21_X1)                                                                                                                    |        | 0.002       | 0.000      | 0.016      |             | 0.000  | 1.197f          |
| ex_ls_bus_pc_ls_10__reg_p_D_AOI21_X1_ZN:ZN (AOI21_X1)                                                                                                                    |        | 0.001       | 0.000      | 0.027      |             | 0.030  | 1.227r          |
| ex_ls_bus_pc_ls_10__reg_p_D (net)                                                                                                                                        | 1      |             |            |            | 0.000       |        |                 |
| ex_ls_bus_pc_ls_10__reg_p:D (DFF_X1)                                                                                                                                     |        | 0.001       | 0.000      | 0.027      |             | 0.000  | 1.227r          |
|                                                                                                                                                                          |        |             |            |            |             |        |                 |
| clock (port)                                                                                                                                                             |        | 0.856       | 0.000      | 0.000      |             | 0.000  | 0.000r          |
| clock (clock net)                                                                                                                                                        | 839    |             |            |            | NA          |        |                 |
| ex_ls_bus_pc_ls_10__reg_p:CK (DFF_X1)                                                                                                                                    |        | 0.001       | 0.000      | 0.000      |             | 0.000  | 0.000r          |
| clock core_clock (rise edge)                                                                                                                                             |        |             |            |            |             | 1.769  | 1.769           |
| clock network delay (ideal)                                                                                                                                              |        |             |            |            |             | 0.000  | 1.769           |
| ex_ls_bus_pc_ls_10__reg_p:CK (DFF_X1)                                                                                                                                    |        |             |            |            |             |        | 1.769r          |
| library setup time                                                                                                                                                       |        |             |            |            |             | -0.036 | 1.733           |
| clock reconvergence pessimism                                                                                                                                            |        |             |            |            |             | 0.000  | 1.733           |
|                                                                                                                                                                          |        |             |            |            |             |        |                 |
| path cell delay                                                                                                                                                          |        |             |            |            |             |        | 1.227(100.000%) |
| path net delay                                                                                                                                                           |        |             |            |            |             |        | 0.000(0.000%)   |
|                                                                                                                                                                          |        |             |            |            |             |        |                 |
| data require time                                                                                                                                                        |        |             |            |            |             |        | 1.733           |
| data arrival time                                                                                                                                                        |        |             |            |            |             |        | 1.227           |
| slack (MET)                                                                                                                                                              |        |             |            |            |             |        | 0.505           |
+--------------------------------------------------------------------------------------------------------------------------------------------------------------------------+--------+-------------+------------+------------+-------------+--------+-----------------+
+--------------------------------------------------------------------------------------------------------------------------------------------------------------------------+--------+-------------+------------+------------+-------------+--------+-----------------+
| Point                                                                                                                                                                    | Fanout | Capacitance | Resistance | Transition | Delta Delay | Incr   | Path            |
+--------------------------------------------------------------------------------------------------------------------------------------------------------------------------+--------+-------------+------------+------------+-------------+--------+-----------------+
| clock (port)                                                                                                                                                             |        | 0.856       | 0.000      | 0.000      |             | 0.000  | 0.000r          |
| clock (clock net)                                                                                                                                                        | 839    |             |            |            | NA          |        |                 |
| alu_mod.bus_in_alu_op_7__reg_p:CK (DFF_X1)                                                                                                                               |        | 0.001       | 0.000      | 0.000      |             | 0.000  | 0.000r          |
| clock core_clock (rise edge)                                                                                                                                             |        |             |            |            |             | 0      | 0               |
| clock network delay (ideal)                                                                                                                                              |        |             |            |            |             | 0.000  | 0.000           |
| alu_mod.bus_in_alu_op_7__reg_p:CK (DFF_X1)                                                                                                                               |        | 0.001       | 0.000      | 0.000      |             | 0.000  | 0.000r          |
| alu_mod.bus_in_alu_op_7__reg_p:Q (DFF_X1)                                                                                                                                |        | 0.032       | 0.000      | 0.076      |             | 0.155  | 0.155r          |
| alu_mod.bus_in_alu_op_7_ (net)                                                                                                                                           | 11     |             |            |            | 0.000       |        |                 |
| alu_mod.bus_in_imm_0__MUX2_X1_B:S (MUX2_X1)                                                                                                                              |        | 0.002       | 0.000      | 0.076      |             | 0.000  | 0.155r          |
| alu_mod.bus_in_imm_0__MUX2_X1_B:Z (MUX2_X1)                                                                                                                              |        | 0.001       | 0.000      | 0.012      |             | 0.049  | 0.203r          |
| alu_mod.bus_in_imm_0__MUX2_X1_B_Z (net)                                                                                                                                  | 1      |             |            |            | 0.000       |        |                 |
| alu_mod.bus_in_imm_0__MUX2_X1_B_Z_CLKBUF_X3_A:A (CLKBUF_X3)                                                                                                              |        | 0.001       | 0.000      | 0.012      |             | 0.000  | 0.203r          |
| alu_mod.bus_in_imm_0__MUX2_X1_B_Z_CLKBUF_X3_A:Z (CLKBUF_X3)                                                                                                              |        | 0.025       | 0.000      | 0.022      |             | 0.049  | 0.253r          |
| alu_mod.bus_in_imm_0__MUX2_X1_B_Z_CLKBUF_X3_A_Z (net)                                                                                                                    | 15     |             |            |            | 0.000       |        |                 |
| alu_mod.bus_in_imm_1__reg_p_QN_NAND2_X1_A2_ZN_OAI211_X1_B_ZN_OAI22_X1_A2_B2_OAI211_X1_ZN:A (OAI211_X1)                                                                   |        | 0.002       | 0.000      | 0.022      |             | 0.000  | 0.253r          |
| alu_mod.bus_in_imm_1__reg_p_QN_NAND2_X1_A2_ZN_OAI211_X1_B_ZN_OAI22_X1_A2_B2_OAI211_X1_ZN:ZN (OAI211_X1)                                                                  |        | 0.003       | 0.000      | 0.020      |             | 0.038  | 0.291f          |
| alu_mod.bus_in_imm_1__reg_p_QN_NAND2_X1_A2_ZN_OAI211_X1_B_ZN_OAI22_X1_A2_B2 (net)                                                                                        | 2      |             |            |            | 0.000       |        |                 |
| alu_mod.bus_in_imm_1__reg_p_QN_NAND2_X1_A2_ZN_OAI211_X1_B_ZN_OAI22_X1_A2:B2 (OAI22_X1)                                                                                   |        | 0.002       | 0.000      | 0.020      |             | 0.000  | 0.291f          |
| alu_mod.bus_in_imm_1__reg_p_QN_NAND2_X1_A2_ZN_OAI211_X1_B_ZN_OAI22_X1_A2:ZN (OAI22_X1)                                                                                   |        | 0.005       | 0.000      | 0.046      |             | 0.063  | 0.353r          |
| alu_mod.bus_in_imm_1__reg_p_QN_NAND2_X1_A2_ZN_OAI211_X1_B_ZN_OAI22_X1_A2_ZN (net)                                                                                        | 3      |             |            |            | 0.000       |        |                 |
| alu_mod.bus_in_imm_1__reg_p_QN_NAND2_X1_A2_ZN_OAI211_X1_B_ZN_OAI22_X1_A2_ZN_OAI221_X1_B2:B2 (OAI221_X1)                                                                  |        | 0.002       | 0.000      | 0.046      |             | 0.000  | 0.353r          |
| alu_mod.bus_in_imm_1__reg_p_QN_NAND2_X1_A2_ZN_OAI211_X1_B_ZN_OAI22_X1_A2_ZN_OAI221_X1_B2:ZN (OAI221_X1)                                                                  |        | 0.006       | 0.000      | 0.028      |             | 0.053  | 0.406f          |
| alu_mod.bus_in_imm_1__reg_p_QN_NAND2_X1_A2_ZN_OAI211_X1_B_ZN_OAI22_X1_A2_ZN_OAI221_X1_B2_ZN (net)                                                                        | 4      |             |            |            | 0.000       |        |                 |
| alu_mod.bus_in_data_csr_6__INV_X1_A_ZN_OAI22_X1_B2_A2_AND3_X1_A2_ZN_AOI21_X1_A_ZN_AOI211_X1_A_1:C2 (AOI211_X1)                                                           |        | 0.002       | 0.000      | 0.028      |             | 0.000  | 0.406f          |
| alu_mod.bus_in_data_csr_6__INV_X1_A_ZN_OAI22_X1_B2_A2_AND3_X1_A2_ZN_AOI21_X1_A_ZN_AOI211_X1_A_1:ZN (AOI211_X1)                                                           |        | 0.009       | 0.000      | 0.096      |             | 0.118  | 0.524r          |
| alu_mod.bus_in_data_csr_6__INV_X1_A_ZN_OAI22_X1_B2_A2_AND3_X1_A2_ZN_AOI21_X1_A_ZN_AOI211_X1_A_1_ZN (net)                                                                 | 3      |             |            |            | 0.000       |        |                 |
| alu_mod.bus_in_data_csr_6__INV_X1_A_ZN_OAI22_X1_B2_A2_AND3_X1_A2_ZN_AOI21_X1_A_B1_AOI22_X1_ZN_B2_XNOR2_X1_B_ZN_NOR2_X1_A2_ZN_OR4_X2_A4_ZN_NOR3_X4_A3:A1 (NOR3_X4)        |        | 0.007       | 0.000      | 0.096      |             | 0.000  | 0.524r          |
| alu_mod.bus_in_data_csr_6__INV_X1_A_ZN_OAI22_X1_B2_A2_AND3_X1_A2_ZN_AOI21_X1_A_B1_AOI22_X1_ZN_B2_XNOR2_X1_B_ZN_NOR2_X1_A2_ZN_OR4_X2_A4_ZN_NOR3_X4_A3:ZN (NOR3_X4)        |        | 0.005       | 0.000      | 0.020      |             | 0.007  | 0.531f          |
| alu_mod.bus_in_data_csr_21__NOR3_X1_A1_ZN_AOI211_X1_B_C2_NOR3_X1_A3_ZN_NOR2_X1_A2_ZN_AOI221_X1_A_ZN_AND3_X1_A2_ZN_OAI33_X1_B1_A1 (net)                                   | 4      |             |            |            | 0.000       |        |                 |
| alu_mod.bus_in_data_csr_21__NOR3_X1_A1_ZN_AOI211_X1_B_C2_NOR3_X1_A3_ZN_NOR2_X1_A2_ZN_AOI221_X1_A_ZN_AND3_X1_A2_ZN_OAI33_X1_B1:A1 (OAI33_X1)                              |        | 0.002       | 0.000      | 0.020      |             | 0.000  | 0.531f          |
| alu_mod.bus_in_data_csr_21__NOR3_X1_A1_ZN_AOI211_X1_B_C2_NOR3_X1_A3_ZN_NOR2_X1_A2_ZN_AOI221_X1_A_ZN_AND3_X1_A2_ZN_OAI33_X1_B1:ZN (OAI33_X1)                              |        | 0.006       | 0.000      | 0.098      |             | 0.086  | 0.618r          |
| alu_mod.bus_in_rs1_0__MUX2_X1_B_Z_OAI21_X1_B1_ZN_AOI211_X1_B_ZN_OAI21_X1_A_B1_AOI21_X1_ZN_B1 (net)                                                                       | 4      |             |            |            | 0.000       |        |                 |
| alu_mod.bus_in_data_rs2_23__reg_p_D_AOI211_X1_ZN_C2_AOI22_X1_A1_ZN_NAND3_X1_A3_ZN_NOR2_X1_A1_ZN_AOI221_X1_C1_ZN_NOR3_X1_A2_ZN_NAND2_X1_A1_A2_OAI221_X1_ZN:C2 (OAI221_X1) |        | 0.002       | 0.000      | 0.098      |             | 0.000  | 0.618r          |
| alu_mod.bus_in_data_rs2_23__reg_p_D_AOI211_X1_ZN_C2_AOI22_X1_A1_ZN_NAND3_X1_A3_ZN_NOR2_X1_A1_ZN_AOI221_X1_C1_ZN_NOR3_X1_A2_ZN_NAND2_X1_A1_A2_OAI221_X1_ZN:ZN (OAI221_X1) |        | 0.005       | 0.000      | 0.039      |             | 0.062  | 0.680f          |
| alu_mod.bus_in_data_rs2_23__reg_p_D_AOI211_X1_ZN_C2_AOI22_X1_A1_ZN_NAND3_X1_A3_ZN_NOR2_X1_A1_ZN_AOI221_X1_C1_ZN_NOR3_X1_A2_ZN_NAND2_X1_A1_A2 (net)                       | 2      |             |            |            | 0.000       |        |                 |
| alu_mod.bus_in_data_rs2_23__reg_p_D_AOI211_X1_ZN_C2_AOI22_X1_A1_ZN_NAND3_X1_A3_ZN_NOR2_X1_A1_ZN_AOI221_X1_C1_ZN_NOR3_X1_A2_ZN_AOI221_X2_B2:B1 (AOI221_X2)                |        | 0.003       | 0.000      | 0.039      |             | 0.000  | 0.680f          |
| alu_mod.bus_in_data_rs2_23__reg_p_D_AOI211_X1_ZN_C2_AOI22_X1_A1_ZN_NAND3_X1_A3_ZN_NOR2_X1_A1_ZN_AOI221_X1_C1_ZN_NOR3_X1_A2_ZN_AOI221_X2_B2:ZN (AOI221_X2)                |        | 0.008       | 0.000      | 0.051      |             | 0.087  | 0.766r          |
| de_ex_bus_next_pc_de_4__MUX2_X1_A_B_XNOR2_X1_ZN_A_OAI221_X1_A_B1_INV_X1_ZN_A_NOR4_X1_ZN_A1 (net)                                                                         | 3      |             |            |            | 0.000       |        |                 |
| ex_ls_bus_exception_ls_NOR2_X1_A2_ZN_NAND4_X1_A4_ZN_NOR3_X1_A3_ZN_OAI22_X1_B1_ZN_OR3_X4_A2:A1 (OR3_X4)                                                                   |        | 0.003       | 0.000      | 0.051      |             | 0.000  | 0.766r          |
| ex_ls_bus_exception_ls_NOR2_X1_A2_ZN_NAND4_X1_A4_ZN_NOR3_X1_A3_ZN_OAI22_X1_B1_ZN_OR3_X4_A2:ZN (OR3_X4)                                                                   |        | 0.013       | 0.000      | 0.013      |             | 0.035  | 0.802r          |
| ifu_mod.block_offset[5]_6__INV_X1_A_ZN_OAI21_X1_B2_ZN_OAI22_X1_B1_ZN_AOI211_X1_B_A (net)                                                                                 | 5      |             |            |            | 0.000       |        |                 |
| ifu_mod.block_offset[5]_6__INV_X1_A_ZN_OAI21_X1_B2_ZN_OAI22_X1_B1_ZN_AOI211_X1_B_A_AOI21_X4_A:A (AOI21_X4)                                                               |        | 0.006       | 0.000      | 0.013      |             | 0.000  | 0.802r          |
| ifu_mod.block_offset[5]_6__INV_X1_A_ZN_OAI21_X1_B2_ZN_OAI22_X1_B1_ZN_AOI211_X1_B_A_AOI21_X4_A:ZN (AOI21_X4)                                                              |        | 0.006       | 0.000      | 0.020      |             | 0.014  | 0.815f          |
| ifu_mod.block_offset[5]_6__INV_X1_A_ZN_OAI21_X1_B2_ZN_OAI22_X1_B1_ZN_AOI211_X1_B_A_AOI21_X4_A_ZN (net)                                                                   | 1      |             |            |            | 0.000       |        |                 |
| ifu_mod.block_offset[5]_6__INV_X1_A_ZN_OAI21_X1_B2_ZN_OAI22_X1_B1_ZN_AOI211_X1_B_A_AOI21_X4_A_ZN_BUF_X8_A:A (BUF_X8)                                                     |        | 0.007       | 0.000      | 0.020      |             | 0.000  | 0.815f          |
| ifu_mod.block_offset[5]_6__INV_X1_A_ZN_OAI21_X1_B2_ZN_OAI22_X1_B1_ZN_AOI211_X1_B_A_AOI21_X4_A_ZN_BUF_X8_A:Z (BUF_X8)                                                     |        | 0.032       | 0.000      | 0.008      |             | 0.035  | 0.850f          |
| pc_mod.pc_16__reg_p_QN_INV_X1_A_ZN_MUX2_X1_B_A_MUX2_X1_A_S (net)                                                                                                         | 13     |             |            |            | 0.000       |        |                 |
| pc_mod.pc_16__reg_p_QN_INV_X1_A_ZN_MUX2_X1_B_A_MUX2_X1_A_S_BUF_X16_A:A (BUF_X16)                                                                                         |        | 0.012       | 0.000      | 0.008      |             | 0.000  | 0.850f          |
| pc_mod.pc_16__reg_p_QN_INV_X1_A_ZN_MUX2_X1_B_A_MUX2_X1_A_S_BUF_X16_A:Z (BUF_X16)                                                                                         |        | 0.047       | 0.000      | 0.007      |             | 0.028  | 0.878f          |
| pc_mod.pc_27__MUX2_X1_A_S (net)                                                                                                                                          | 24     |             |            |            | 0.000       |        |                 |
| pc_mod.pc_27__MUX2_X1_A_S_BUF_X4_A:A (BUF_X4)                                                                                                                            |        | 0.003       | 0.000      | 0.007      |             | 0.000  | 0.878f          |
| pc_mod.pc_27__MUX2_X1_A_S_BUF_X4_A:Z (BUF_X4)                                                                                                                            |        | 0.038       | 0.000      | 0.013      |             | 0.036  | 0.914f          |
| pc_mod.pc_20__MUX2_X1_A_S (net)                                                                                                                                          | 24     |             |            |            | 0.000       |        |                 |
| alu_mod.valid_left_AND3_X1_A1_A3_NOR2_X1_ZN:A2 (NOR2_X1)                                                                                                                 |        | 0.002       | 0.000      | 0.013      |             | 0.000  | 0.914f          |
| alu_mod.valid_left_AND3_X1_A1_A3_NOR2_X1_ZN:ZN (NOR2_X1)                                                                                                                 |        | 0.004       | 0.000      | 0.031      |             | 0.047  | 0.960r          |
| alu_mod.valid_left_AND3_X1_A1_A3 (net)                                                                                                                                   | 3      |             |            |            | 0.000       |        |                 |
| alu_mod.valid_left_AND3_X1_A1:A3 (AND3_X1)                                                                                                                               |        | 0.001       | 0.000      | 0.031      |             | 0.000  | 0.960r          |
| alu_mod.valid_left_AND3_X1_A1:ZN (AND3_X1)                                                                                                                               |        | 0.002       | 0.000      | 0.011      |             | 0.049  | 1.009r          |
| alu_mod.valid_left_AND3_X1_A1_ZN (net)                                                                                                                                   | 1      |             |            |            | 0.000       |        |                 |
| alu_mod.valid_left_AND3_X1_A1_ZN_BUF_X2_A:A (BUF_X2)                                                                                                                     |        | 0.002       | 0.000      | 0.011      |             | 0.000  | 1.009r          |
| alu_mod.valid_left_AND3_X1_A1_ZN_BUF_X2_A:Z (BUF_X2)                                                                                                                     |        | 0.026       | 0.000      | 0.034      |             | 0.051  | 1.060r          |
| ex_ls_bus_data_rs2_ls_23__MUX2_X1_A_S (net)                                                                                                                              | 13     |             |            |            | 0.000       |        |                 |
| ex_ls_bus_data_rs2_ls_23__MUX2_X1_A_S_BUF_X4_A:A (BUF_X4)                                                                                                                |        | 0.003       | 0.000      | 0.034      |             | 0.000  | 1.060r          |
| ex_ls_bus_data_rs2_ls_23__MUX2_X1_A_S_BUF_X4_A:Z (BUF_X4)                                                                                                                |        | 0.045       | 0.000      | 0.029      |             | 0.050  | 1.110r          |
| ex_ls_bus_data_rs2_ls_23__MUX2_X1_A_S_BUF_X4_A_Z (net)                                                                                                                   | 24     |             |            |            | 0.000       |        |                 |
| alu_mod.bus_in_next_pc_2__NAND2_X1_A1_1_A2_CLKBUF_X3_Z:A (CLKBUF_X3)                                                                                                     |        | 0.001       | 0.000      | 0.029      |             | 0.000  | 1.110r          |
| alu_mod.bus_in_next_pc_2__NAND2_X1_A1_1_A2_CLKBUF_X3_Z:Z (CLKBUF_X3)                                                                                                     |        | 0.040       | 0.000      | 0.034      |             | 0.068  | 1.178r          |
| alu_mod.bus_in_next_pc_2__NAND2_X1_A1_1_A2 (net)                                                                                                                         | 24     |             |            |            | 0.000       |        |                 |
| ex_ls_bus_pc_ls_17__reg_p_D_AOI21_X1_ZN_B1_NAND2_X1_ZN:A2 (NAND2_X1)                                                                                                     |        | 0.002       | 0.000      | 0.034      |             | 0.000  | 1.178r          |
| ex_ls_bus_pc_ls_17__reg_p_D_AOI21_X1_ZN_B1_NAND2_X1_ZN:ZN (NAND2_X1)                                                                                                     |        | 0.001       | 0.000      | 0.016      |             | 0.019  | 1.197f          |
| ex_ls_bus_pc_ls_17__reg_p_D_AOI21_X1_ZN_B1 (net)                                                                                                                         | 1      |             |            |            | 0.000       |        |                 |
| ex_ls_bus_pc_ls_17__reg_p_D_AOI21_X1_ZN:B1 (AOI21_X1)                                                                                                                    |        | 0.002       | 0.000      | 0.016      |             | 0.000  | 1.197f          |
| ex_ls_bus_pc_ls_17__reg_p_D_AOI21_X1_ZN:ZN (AOI21_X1)                                                                                                                    |        | 0.001       | 0.000      | 0.027      |             | 0.030  | 1.227r          |
| ex_ls_bus_pc_ls_17__reg_p_D (net)                                                                                                                                        | 1      |             |            |            | 0.000       |        |                 |
| ex_ls_bus_pc_ls_17__reg_p:D (DFF_X1)                                                                                                                                     |        | 0.001       | 0.000      | 0.027      |             | 0.000  | 1.227r          |
|                                                                                                                                                                          |        |             |            |            |             |        |                 |
| clock (port)                                                                                                                                                             |        | 0.856       | 0.000      | 0.000      |             | 0.000  | 0.000r          |
| clock (clock net)                                                                                                                                                        | 839    |             |            |            | NA          |        |                 |
| ex_ls_bus_pc_ls_17__reg_p:CK (DFF_X1)                                                                                                                                    |        | 0.001       | 0.000      | 0.000      |             | 0.000  | 0.000r          |
| clock core_clock (rise edge)                                                                                                                                             |        |             |            |            |             | 1.769  | 1.769           |
| clock network delay (ideal)                                                                                                                                              |        |             |            |            |             | 0.000  | 1.769           |
| ex_ls_bus_pc_ls_17__reg_p:CK (DFF_X1)                                                                                                                                    |        |             |            |            |             |        | 1.769r          |
| library setup time                                                                                                                                                       |        |             |            |            |             | -0.036 | 1.733           |
| clock reconvergence pessimism                                                                                                                                            |        |             |            |            |             | 0.000  | 1.733           |
|                                                                                                                                                                          |        |             |            |            |             |        |                 |
| path cell delay                                                                                                                                                          |        |             |            |            |             |        | 1.227(100.000%) |
| path net delay                                                                                                                                                           |        |             |            |            |             |        | 0.000(0.000%)   |
|                                                                                                                                                                          |        |             |            |            |             |        |                 |
| data require time                                                                                                                                                        |        |             |            |            |             |        | 1.733           |
| data arrival time                                                                                                                                                        |        |             |            |            |             |        | 1.227           |
| slack (MET)                                                                                                                                                              |        |             |            |            |             |        | 0.505           |
+--------------------------------------------------------------------------------------------------------------------------------------------------------------------------+--------+-------------+------------+------------+-------------+--------+-----------------+
+-----------------------------------------------------------------------------------------------------------------------------------------------------------------+--------+-------------+------------+------------+-------------+--------+-----------------+
| Point                                                                                                                                                           | Fanout | Capacitance | Resistance | Transition | Delta Delay | Incr   | Path            |
+-----------------------------------------------------------------------------------------------------------------------------------------------------------------+--------+-------------+------------+------------+-------------+--------+-----------------+
| clock (port)                                                                                                                                                    |        | 0.856       | 0.000      | 0.000      |             | 0.000  | 0.000r          |
| clock (clock net)                                                                                                                                               | 839    |             |            |            | NA          |        |                 |
| alu_mod.bus_in_alu_op_7__reg_p:CK (DFF_X1)                                                                                                                      |        | 0.001       | 0.000      | 0.000      |             | 0.000  | 0.000r          |
| clock core_clock (rise edge)                                                                                                                                    |        |             |            |            |             | 0      | 0               |
| clock network delay (ideal)                                                                                                                                     |        |             |            |            |             | 0.000  | 0.000           |
| alu_mod.bus_in_alu_op_7__reg_p:CK (DFF_X1)                                                                                                                      |        | 0.001       | 0.000      | 0.000      |             | 0.000  | 0.000r          |
| alu_mod.bus_in_alu_op_7__reg_p:Q (DFF_X1)                                                                                                                       |        | 0.032       | 0.000      | 0.076      |             | 0.155  | 0.155r          |
| alu_mod.bus_in_alu_op_7_ (net)                                                                                                                                  | 11     |             |            |            | 0.000       |        |                 |
| alu_mod.bus_in_imm_0__MUX2_X1_B:S (MUX2_X1)                                                                                                                     |        | 0.002       | 0.000      | 0.076      |             | 0.000  | 0.155r          |
| alu_mod.bus_in_imm_0__MUX2_X1_B:Z (MUX2_X1)                                                                                                                     |        | 0.001       | 0.000      | 0.012      |             | 0.049  | 0.203r          |
| alu_mod.bus_in_imm_0__MUX2_X1_B_Z (net)                                                                                                                         | 1      |             |            |            | 0.000       |        |                 |
| alu_mod.bus_in_imm_0__MUX2_X1_B_Z_CLKBUF_X3_A:A (CLKBUF_X3)                                                                                                     |        | 0.001       | 0.000      | 0.012      |             | 0.000  | 0.203r          |
| alu_mod.bus_in_imm_0__MUX2_X1_B_Z_CLKBUF_X3_A:Z (CLKBUF_X3)                                                                                                     |        | 0.025       | 0.000      | 0.022      |             | 0.049  | 0.253r          |
| alu_mod.bus_in_imm_0__MUX2_X1_B_Z_CLKBUF_X3_A_Z (net)                                                                                                           | 15     |             |            |            | 0.000       |        |                 |
| alu_mod.bus_in_imm_1__reg_p_QN_NAND2_X1_A2_ZN_OAI211_X1_B_ZN_OAI22_X1_A2_B2_OAI211_X1_ZN:A (OAI211_X1)                                                          |        | 0.002       | 0.000      | 0.022      |             | 0.000  | 0.253r          |
| alu_mod.bus_in_imm_1__reg_p_QN_NAND2_X1_A2_ZN_OAI211_X1_B_ZN_OAI22_X1_A2_B2_OAI211_X1_ZN:ZN (OAI211_X1)                                                         |        | 0.003       | 0.000      | 0.020      |             | 0.038  | 0.291f          |
| alu_mod.bus_in_imm_1__reg_p_QN_NAND2_X1_A2_ZN_OAI211_X1_B_ZN_OAI22_X1_A2_B2 (net)                                                                               | 2      |             |            |            | 0.000       |        |                 |
| alu_mod.bus_in_imm_1__reg_p_QN_NAND2_X1_A2_ZN_OAI211_X1_B_ZN_OAI22_X1_A2:B2 (OAI22_X1)                                                                          |        | 0.002       | 0.000      | 0.020      |             | 0.000  | 0.291f          |
| alu_mod.bus_in_imm_1__reg_p_QN_NAND2_X1_A2_ZN_OAI211_X1_B_ZN_OAI22_X1_A2:ZN (OAI22_X1)                                                                          |        | 0.005       | 0.000      | 0.046      |             | 0.063  | 0.353r          |
| alu_mod.bus_in_imm_1__reg_p_QN_NAND2_X1_A2_ZN_OAI211_X1_B_ZN_OAI22_X1_A2_ZN (net)                                                                               | 3      |             |            |            | 0.000       |        |                 |
| alu_mod.bus_in_imm_1__reg_p_QN_NAND2_X1_A2_ZN_OAI211_X1_B_ZN_OAI22_X1_A2_ZN_OAI221_X1_B2:B2 (OAI221_X1)                                                         |        | 0.002       | 0.000      | 0.046      |             | 0.000  | 0.353r          |
| alu_mod.bus_in_imm_1__reg_p_QN_NAND2_X1_A2_ZN_OAI211_X1_B_ZN_OAI22_X1_A2_ZN_OAI221_X1_B2:ZN (OAI221_X1)                                                         |        | 0.006       | 0.000      | 0.028      |             | 0.053  | 0.406f          |
| alu_mod.bus_in_imm_1__reg_p_QN_NAND2_X1_A2_ZN_OAI211_X1_B_ZN_OAI22_X1_A2_ZN_OAI221_X1_B2_ZN (net)                                                               | 4      |             |            |            | 0.000       |        |                 |
| alu_mod.bus_in_data_csr_6__INV_X1_A_ZN_OAI22_X1_B2_A2_AND3_X1_A2_ZN_AOI21_X1_A_ZN_AOI211_X1_A_1:C2 (AOI211_X1)                                                  |        | 0.002       | 0.000      | 0.028      |             | 0.000  | 0.406f          |
| alu_mod.bus_in_data_csr_6__INV_X1_A_ZN_OAI22_X1_B2_A2_AND3_X1_A2_ZN_AOI21_X1_A_ZN_AOI211_X1_A_1:ZN (AOI211_X1)                                                  |        | 0.009       | 0.000      | 0.096      |             | 0.118  | 0.524r          |
| alu_mod.bus_in_data_csr_6__INV_X1_A_ZN_OAI22_X1_B2_A2_AND3_X1_A2_ZN_AOI21_X1_A_ZN_AOI211_X1_A_1_ZN (net)                                                        | 3      |             |            |            | 0.000       |        |                 |
| alu_mod.bus_in_data_csr_6__INV_X1_A_ZN_OAI22_X1_B2_A2_AND3_X1_A2_ZN_AOI21_X1_A_B1_AOI22_X1_ZN_B2_XNOR2_X1_B_ZN_NOR2_X1_A2_ZN_OR4_X2_A4_ZN_OR3_X1_A3:A1 (OR3_X1) |        | 0.001       | 0.000      | 0.096      |             | 0.000  | 0.524r          |
| alu_mod.bus_in_data_csr_6__INV_X1_A_ZN_OAI22_X1_B2_A2_AND3_X1_A2_ZN_AOI21_X1_A_B1_AOI22_X1_ZN_B2_XNOR2_X1_B_ZN_NOR2_X1_A2_ZN_OR4_X2_A4_ZN_OR3_X1_A3:ZN (OR3_X1) |        | 0.004       | 0.000      | 0.016      |             | 0.045  | 0.569r          |
| alu_mod.bus_in_imm_18__NAND2_X1_A2_ZN_OAI211_X1_B_ZN_OAI211_X1_B_ZN_NAND2_X1_A1_ZN_NAND3_X1_A3_A1 (net)                                                         | 3      |             |            |            | 0.000       |        |                 |
| alu_mod.bus_in_data_csr_21__NOR3_X1_A1_ZN_AOI211_X1_B_C2_NOR3_X1_A3_ZN_OAI21_X1_B1_ZN_OAI221_X1_C2_ZN_AOI221_X1_B2_ZN_AOI211_X2_B_A_AND3_X1_ZN:A1 (AND3_X1)     |        | 0.001       | 0.000      | 0.016      |             | 0.000  | 0.569r          |
| alu_mod.bus_in_data_csr_21__NOR3_X1_A1_ZN_AOI211_X1_B_C2_NOR3_X1_A3_ZN_OAI21_X1_B1_ZN_OAI221_X1_C2_ZN_AOI221_X1_B2_ZN_AOI211_X2_B_A_AND3_X1_ZN:ZN (AND3_X1)     |        | 0.003       | 0.000      | 0.016      |             | 0.050  | 0.619r          |
| alu_mod.bus_in_data_csr_21__NOR3_X1_A1_ZN_AOI211_X1_B_C2_NOR3_X1_A3_ZN_OAI21_X1_B1_ZN_OAI221_X1_C2_ZN_AOI221_X1_B2_ZN_AOI211_X2_B_A (net)                       | 1      |             |            |            | 0.000       |        |                 |
| alu_mod.bus_in_data_csr_21__NOR3_X1_A1_ZN_AOI211_X1_B_C2_NOR3_X1_A3_ZN_OAI21_X1_B1_ZN_OAI221_X1_C2_ZN_AOI221_X1_B2_ZN_AOI211_X2_B:A (AOI211_X2)                 |        | 0.003       | 0.000      | 0.016      |             | 0.000  | 0.619r          |
| alu_mod.bus_in_data_csr_21__NOR3_X1_A1_ZN_AOI211_X1_B_C2_NOR3_X1_A3_ZN_OAI21_X1_B1_ZN_OAI221_X1_C2_ZN_AOI221_X1_B2_ZN_AOI211_X2_B:ZN (AOI211_X2)                |        | 0.002       | 0.000      | 0.014      |             | 0.016  | 0.635f          |
| alu_mod.bus_in_data_csr_21__NOR3_X1_A1_ZN_AOI211_X1_B_C2_NOR3_X1_A3_ZN_OAI21_X1_B1_ZN_OAI221_X1_C2_ZN_AOI221_X1_B2_ZN_AOI211_X2_B_ZN (net)                      | 2      |             |            |            | 0.000       |        |                 |
| alu_mod.bus_in_data_csr_21__NOR3_X1_A1_ZN_AOI211_X1_B_C2_NOR3_X1_A3_ZN_OAI21_X1_B1_ZN_OAI221_X1_C2_ZN_AOI21_X1_B2_ZN_OAI33_X1_A1_ZN_OR4_X1_A4:A2 (OR4_X1)       |        | 0.001       | 0.000      | 0.014      |             | 0.000  | 0.635f          |
| alu_mod.bus_in_data_csr_21__NOR3_X1_A1_ZN_AOI211_X1_B_C2_NOR3_X1_A3_ZN_OAI21_X1_B1_ZN_OAI221_X1_C2_ZN_AOI21_X1_B2_ZN_OAI33_X1_A1_ZN_OR4_X1_A4:ZN (OR4_X1)       |        | 0.006       | 0.000      | 0.023      |             | 0.116  | 0.751f          |
| ex_ls_bus_exception_ls_NOR2_X1_A2_ZN_NAND3_X1_A3_ZN_AOI211_X1_B_C2_OAI211_X1_ZN_C1_AOI21_X1_ZN_B2 (net)                                                         | 3      |             |            |            | 0.000       |        |                 |
| ex_ls_bus_exception_ls_NOR2_X1_A2_ZN_NAND3_X1_A3_ZN_AOI211_X1_B_C2_OAI211_X1_ZN_C1_AOI21_X1_ZN:B2 (AOI21_X1)                                                    |        | 0.002       | 0.000      | 0.023      |             | 0.000  | 0.751f          |
| ex_ls_bus_exception_ls_NOR2_X1_A2_ZN_NAND3_X1_A3_ZN_AOI211_X1_B_C2_OAI211_X1_ZN_C1_AOI21_X1_ZN:ZN (AOI21_X1)                                                    |        | 0.003       | 0.000      | 0.028      |             | 0.044  | 0.794r          |
| ex_ls_bus_exception_ls_NOR2_X1_A2_ZN_NAND3_X1_A3_ZN_AOI211_X1_B_C2_OAI211_X1_ZN_C1 (net)                                                                        | 2      |             |            |            | 0.000       |        |                 |
| ex_ls_bus_exception_ls_NOR2_X1_A2_ZN_NAND3_X1_A3_ZN_AOI211_X1_B_C2_OAI211_X1_ZN:C1 (OAI211_X1)                                                                  |        | 0.002       | 0.000      | 0.028      |             | 0.000  | 0.794r          |
| ex_ls_bus_exception_ls_NOR2_X1_A2_ZN_NAND3_X1_A3_ZN_AOI211_X1_B_C2_OAI211_X1_ZN:ZN (OAI211_X1)                                                                  |        | 0.003       | 0.000      | 0.019      |             | 0.029  | 0.823f          |
| ex_ls_bus_exception_ls_NOR2_X1_A2_ZN_NAND3_X1_A3_ZN_AOI211_X1_B_C2 (net)                                                                                        | 2      |             |            |            | 0.000       |        |                 |
| ex_ls_bus_exception_ls_NOR2_X1_A2_ZN_NAND3_X1_A3_ZN_AOI211_X1_B_C1_NAND2_X1_A1:A2 (NAND2_X1)                                                                    |        | 0.002       | 0.000      | 0.019      |             | 0.000  | 0.823f          |
| ex_ls_bus_exception_ls_NOR2_X1_A2_ZN_NAND3_X1_A3_ZN_AOI211_X1_B_C1_NAND2_X1_A1:ZN (NAND2_X1)                                                                    |        | 0.002       | 0.000      | 0.011      |             | 0.022  | 0.845r          |
| ex_ls_bus_exception_ls_NOR2_X1_A2_ZN_NAND3_X1_A3_ZN_AOI211_X1_B_C1_NAND2_X1_A1_ZN (net)                                                                         | 1      |             |            |            | 0.000       |        |                 |
| ex_ls_bus_exception_ls_NOR2_X1_A2_ZN_NAND3_X1_A3_ZN_AOI211_X1_B_C1_NAND2_X1_A1_ZN_NAND2_X1_A2:A2 (NAND2_X1)                                                     |        | 0.002       | 0.000      | 0.011      |             | 0.000  | 0.845r          |
| ex_ls_bus_exception_ls_NOR2_X1_A2_ZN_NAND3_X1_A3_ZN_AOI211_X1_B_C1_NAND2_X1_A1_ZN_NAND2_X1_A2:ZN (NAND2_X1)                                                     |        | 0.003       | 0.000      | 0.021      |             | 0.017  | 0.862f          |
| ex_ls_bus_branch_ls_INV_X1_A_ZN_MUX2_X1_A_B (net)                                                                                                               | 3      |             |            |            | 0.000       |        |                 |
| ifu_mod.latest_row_OR3_X1_A2_A3_OR2_X1_ZN:A2 (OR2_X1)                                                                                                           |        | 0.001       | 0.000      | 0.021      |             | 0.000  | 0.862f          |
| ifu_mod.latest_row_OR3_X1_A2_A3_OR2_X1_ZN:ZN (OR2_X1)                                                                                                           |        | 0.002       | 0.000      | 0.011      |             | 0.058  | 0.920f          |
| ifu_mod.latest_row_OR3_X1_A2_A3 (net)                                                                                                                           | 2      |             |            |            | 0.000       |        |                 |
| ifu_mod.latest_row_OR3_X1_A2:A3 (OR3_X1)                                                                                                                        |        | 0.001       | 0.000      | 0.011      |             | 0.000  | 0.920f          |
| ifu_mod.latest_row_OR3_X1_A2:ZN (OR3_X1)                                                                                                                        |        | 0.001       | 0.000      | 0.012      |             | 0.078  | 0.998f          |
| ifu_mod.latest_row_OR3_X1_A2_ZN (net)                                                                                                                           | 1      |             |            |            | 0.000       |        |                 |
| ifu_mod.latest_row_OR3_X1_A2_ZN_BUF_X1_A:A (BUF_X1)                                                                                                             |        | 0.001       | 0.000      | 0.012      |             | 0.000  | 0.998f          |
| ifu_mod.latest_row_OR3_X1_A2_ZN_BUF_X1_A:Z (BUF_X1)                                                                                                             |        | 0.012       | 0.000      | 0.016      |             | 0.044  | 1.042f          |
| ifu_mod.latest_row_OR3_X1_A2_ZN_BUF_X1_A_Z (net)                                                                                                                | 8      |             |            |            | 0.000       |        |                 |
| ifu_mod.block_valid[6]_reg_p_D_OAI21_X1_ZN_B2_NOR2_X1_A1:A2 (NOR2_X1)                                                                                           |        | 0.002       | 0.000      | 0.016      |             | 0.000  | 1.042f          |
| ifu_mod.block_valid[6]_reg_p_D_OAI21_X1_ZN_B2_NOR2_X1_A1:ZN (NOR2_X1)                                                                                           |        | 0.001       | 0.000      | 0.013      |             | 0.027  | 1.069r          |
| ifu_mod.block_valid[6]_reg_p_D_OAI21_X1_ZN_B2_NOR2_X1_A1_ZN (net)                                                                                               | 1      |             |            |            | 0.000       |        |                 |
| ifu_mod.block_valid[6]_reg_p_D_OAI21_X1_ZN_B2_NOR2_X1_A1_ZN_CLKGATE_X1_E:E (CLKGATE_X1)                                                                         |        | 0.001       | 0.000      | 0.013      |             | 0.000  | 1.069r          |
|                                                                                                                                                                 |        |             |            |            |             |        |                 |
| clock (port)                                                                                                                                                    |        | 0.856       | 0.000      | 0.000      |             | 0.000  | 0.000r          |
| clock (clock net)                                                                                                                                               | 839    |             |            |            | NA          |        |                 |
| ifu_mod.block_valid[6]_reg_p_D_OAI21_X1_ZN_B2_NOR2_X1_A1_ZN_CLKGATE_X1_E:CK (CLKGATE_X1)                                                                        |        | 0.002       | 0.000      | 0.000      |             | 0.000  | 0.000r          |
| clock core_clock (rise edge)                                                                                                                                    |        |             |            |            |             | 1.769  | 1.769           |
| clock network delay (ideal)                                                                                                                                     |        |             |            |            |             | 0.000  | 1.769           |
| ifu_mod.block_valid[6]_reg_p_D_OAI21_X1_ZN_B2_NOR2_X1_A1_ZN_CLKGATE_X1_E:CK (CLKGATE_X1)                                                                        |        |             |            |            |             |        | 1.769r          |
| library setup time                                                                                                                                              |        |             |            |            |             | -0.050 | 1.719           |
| clock reconvergence pessimism                                                                                                                                   |        |             |            |            |             | 0.000  | 1.719           |
|                                                                                                                                                                 |        |             |            |            |             |        |                 |
| path cell delay                                                                                                                                                 |        |             |            |            |             |        | 1.069(100.000%) |
| path net delay                                                                                                                                                  |        |             |            |            |             |        | 0.000(0.000%)   |
|                                                                                                                                                                 |        |             |            |            |             |        |                 |
| data require time                                                                                                                                               |        |             |            |            |             |        | 1.719           |
| data arrival time                                                                                                                                               |        |             |            |            |             |        | 1.069           |
| slack (MET)                                                                                                                                                     |        |             |            |            |             |        | 0.649           |
+-----------------------------------------------------------------------------------------------------------------------------------------------------------------+--------+-------------+------------+------------+-------------+--------+-----------------+
+-----------------------------------------------------------------------------------------------------------------------------------------------------------------+--------+-------------+------------+------------+-------------+--------+-----------------+
| Point                                                                                                                                                           | Fanout | Capacitance | Resistance | Transition | Delta Delay | Incr   | Path            |
+-----------------------------------------------------------------------------------------------------------------------------------------------------------------+--------+-------------+------------+------------+-------------+--------+-----------------+
| clock (port)                                                                                                                                                    |        | 0.856       | 0.000      | 0.000      |             | 0.000  | 0.000r          |
| clock (clock net)                                                                                                                                               | 839    |             |            |            | NA          |        |                 |
| alu_mod.bus_in_alu_op_7__reg_p:CK (DFF_X1)                                                                                                                      |        | 0.001       | 0.000      | 0.000      |             | 0.000  | 0.000r          |
| clock core_clock (rise edge)                                                                                                                                    |        |             |            |            |             | 0      | 0               |
| clock network delay (ideal)                                                                                                                                     |        |             |            |            |             | 0.000  | 0.000           |
| alu_mod.bus_in_alu_op_7__reg_p:CK (DFF_X1)                                                                                                                      |        | 0.001       | 0.000      | 0.000      |             | 0.000  | 0.000r          |
| alu_mod.bus_in_alu_op_7__reg_p:Q (DFF_X1)                                                                                                                       |        | 0.032       | 0.000      | 0.076      |             | 0.155  | 0.155r          |
| alu_mod.bus_in_alu_op_7_ (net)                                                                                                                                  | 11     |             |            |            | 0.000       |        |                 |
| alu_mod.bus_in_imm_0__MUX2_X1_B:S (MUX2_X1)                                                                                                                     |        | 0.002       | 0.000      | 0.076      |             | 0.000  | 0.155r          |
| alu_mod.bus_in_imm_0__MUX2_X1_B:Z (MUX2_X1)                                                                                                                     |        | 0.001       | 0.000      | 0.012      |             | 0.049  | 0.203r          |
| alu_mod.bus_in_imm_0__MUX2_X1_B_Z (net)                                                                                                                         | 1      |             |            |            | 0.000       |        |                 |
| alu_mod.bus_in_imm_0__MUX2_X1_B_Z_CLKBUF_X3_A:A (CLKBUF_X3)                                                                                                     |        | 0.001       | 0.000      | 0.012      |             | 0.000  | 0.203r          |
| alu_mod.bus_in_imm_0__MUX2_X1_B_Z_CLKBUF_X3_A:Z (CLKBUF_X3)                                                                                                     |        | 0.025       | 0.000      | 0.022      |             | 0.049  | 0.253r          |
| alu_mod.bus_in_imm_0__MUX2_X1_B_Z_CLKBUF_X3_A_Z (net)                                                                                                           | 15     |             |            |            | 0.000       |        |                 |
| alu_mod.bus_in_imm_1__reg_p_QN_NAND2_X1_A2_ZN_OAI211_X1_B_ZN_OAI22_X1_A2_B2_OAI211_X1_ZN:A (OAI211_X1)                                                          |        | 0.002       | 0.000      | 0.022      |             | 0.000  | 0.253r          |
| alu_mod.bus_in_imm_1__reg_p_QN_NAND2_X1_A2_ZN_OAI211_X1_B_ZN_OAI22_X1_A2_B2_OAI211_X1_ZN:ZN (OAI211_X1)                                                         |        | 0.003       | 0.000      | 0.020      |             | 0.038  | 0.291f          |
| alu_mod.bus_in_imm_1__reg_p_QN_NAND2_X1_A2_ZN_OAI211_X1_B_ZN_OAI22_X1_A2_B2 (net)                                                                               | 2      |             |            |            | 0.000       |        |                 |
| alu_mod.bus_in_imm_1__reg_p_QN_NAND2_X1_A2_ZN_OAI211_X1_B_ZN_OAI22_X1_A2:B2 (OAI22_X1)                                                                          |        | 0.002       | 0.000      | 0.020      |             | 0.000  | 0.291f          |
| alu_mod.bus_in_imm_1__reg_p_QN_NAND2_X1_A2_ZN_OAI211_X1_B_ZN_OAI22_X1_A2:ZN (OAI22_X1)                                                                          |        | 0.005       | 0.000      | 0.046      |             | 0.063  | 0.353r          |
| alu_mod.bus_in_imm_1__reg_p_QN_NAND2_X1_A2_ZN_OAI211_X1_B_ZN_OAI22_X1_A2_ZN (net)                                                                               | 3      |             |            |            | 0.000       |        |                 |
| alu_mod.bus_in_imm_1__reg_p_QN_NAND2_X1_A2_ZN_OAI211_X1_B_ZN_OAI22_X1_A2_ZN_OAI221_X1_B2:B2 (OAI221_X1)                                                         |        | 0.002       | 0.000      | 0.046      |             | 0.000  | 0.353r          |
| alu_mod.bus_in_imm_1__reg_p_QN_NAND2_X1_A2_ZN_OAI211_X1_B_ZN_OAI22_X1_A2_ZN_OAI221_X1_B2:ZN (OAI221_X1)                                                         |        | 0.006       | 0.000      | 0.028      |             | 0.053  | 0.406f          |
| alu_mod.bus_in_imm_1__reg_p_QN_NAND2_X1_A2_ZN_OAI211_X1_B_ZN_OAI22_X1_A2_ZN_OAI221_X1_B2_ZN (net)                                                               | 4      |             |            |            | 0.000       |        |                 |
| alu_mod.bus_in_data_csr_6__INV_X1_A_ZN_OAI22_X1_B2_A2_AND3_X1_A2_ZN_AOI21_X1_A_ZN_AOI211_X1_A_1:C2 (AOI211_X1)                                                  |        | 0.002       | 0.000      | 0.028      |             | 0.000  | 0.406f          |
| alu_mod.bus_in_data_csr_6__INV_X1_A_ZN_OAI22_X1_B2_A2_AND3_X1_A2_ZN_AOI21_X1_A_ZN_AOI211_X1_A_1:ZN (AOI211_X1)                                                  |        | 0.009       | 0.000      | 0.096      |             | 0.118  | 0.524r          |
| alu_mod.bus_in_data_csr_6__INV_X1_A_ZN_OAI22_X1_B2_A2_AND3_X1_A2_ZN_AOI21_X1_A_ZN_AOI211_X1_A_1_ZN (net)                                                        | 3      |             |            |            | 0.000       |        |                 |
| alu_mod.bus_in_data_csr_6__INV_X1_A_ZN_OAI22_X1_B2_A2_AND3_X1_A2_ZN_AOI21_X1_A_B1_AOI22_X1_ZN_B2_XNOR2_X1_B_ZN_NOR2_X1_A2_ZN_OR4_X2_A4_ZN_OR3_X1_A3:A1 (OR3_X1) |        | 0.001       | 0.000      | 0.096      |             | 0.000  | 0.524r          |
| alu_mod.bus_in_data_csr_6__INV_X1_A_ZN_OAI22_X1_B2_A2_AND3_X1_A2_ZN_AOI21_X1_A_B1_AOI22_X1_ZN_B2_XNOR2_X1_B_ZN_NOR2_X1_A2_ZN_OR4_X2_A4_ZN_OR3_X1_A3:ZN (OR3_X1) |        | 0.004       | 0.000      | 0.016      |             | 0.045  | 0.569r          |
| alu_mod.bus_in_imm_18__NAND2_X1_A2_ZN_OAI211_X1_B_ZN_OAI211_X1_B_ZN_NAND2_X1_A1_ZN_NAND3_X1_A3_A1 (net)                                                         | 3      |             |            |            | 0.000       |        |                 |
| alu_mod.bus_in_data_csr_21__NOR3_X1_A1_ZN_AOI211_X1_B_C2_NOR3_X1_A3_ZN_OAI21_X1_B1_ZN_OAI221_X1_C2_ZN_AOI221_X1_B2_ZN_AOI211_X2_B_A_AND3_X1_ZN:A1 (AND3_X1)     |        | 0.001       | 0.000      | 0.016      |             | 0.000  | 0.569r          |
| alu_mod.bus_in_data_csr_21__NOR3_X1_A1_ZN_AOI211_X1_B_C2_NOR3_X1_A3_ZN_OAI21_X1_B1_ZN_OAI221_X1_C2_ZN_AOI221_X1_B2_ZN_AOI211_X2_B_A_AND3_X1_ZN:ZN (AND3_X1)     |        | 0.003       | 0.000      | 0.016      |             | 0.050  | 0.619r          |
| alu_mod.bus_in_data_csr_21__NOR3_X1_A1_ZN_AOI211_X1_B_C2_NOR3_X1_A3_ZN_OAI21_X1_B1_ZN_OAI221_X1_C2_ZN_AOI221_X1_B2_ZN_AOI211_X2_B_A (net)                       | 1      |             |            |            | 0.000       |        |                 |
| alu_mod.bus_in_data_csr_21__NOR3_X1_A1_ZN_AOI211_X1_B_C2_NOR3_X1_A3_ZN_OAI21_X1_B1_ZN_OAI221_X1_C2_ZN_AOI221_X1_B2_ZN_AOI211_X2_B:A (AOI211_X2)                 |        | 0.003       | 0.000      | 0.016      |             | 0.000  | 0.619r          |
| alu_mod.bus_in_data_csr_21__NOR3_X1_A1_ZN_AOI211_X1_B_C2_NOR3_X1_A3_ZN_OAI21_X1_B1_ZN_OAI221_X1_C2_ZN_AOI221_X1_B2_ZN_AOI211_X2_B:ZN (AOI211_X2)                |        | 0.002       | 0.000      | 0.014      |             | 0.016  | 0.635f          |
| alu_mod.bus_in_data_csr_21__NOR3_X1_A1_ZN_AOI211_X1_B_C2_NOR3_X1_A3_ZN_OAI21_X1_B1_ZN_OAI221_X1_C2_ZN_AOI221_X1_B2_ZN_AOI211_X2_B_ZN (net)                      | 2      |             |            |            | 0.000       |        |                 |
| alu_mod.bus_in_data_csr_21__NOR3_X1_A1_ZN_AOI211_X1_B_C2_NOR3_X1_A3_ZN_OAI21_X1_B1_ZN_OAI221_X1_C2_ZN_AOI21_X1_B2_ZN_OAI33_X1_A1_ZN_OR4_X1_A4:A2 (OR4_X1)       |        | 0.001       | 0.000      | 0.014      |             | 0.000  | 0.635f          |
| alu_mod.bus_in_data_csr_21__NOR3_X1_A1_ZN_AOI211_X1_B_C2_NOR3_X1_A3_ZN_OAI21_X1_B1_ZN_OAI221_X1_C2_ZN_AOI21_X1_B2_ZN_OAI33_X1_A1_ZN_OR4_X1_A4:ZN (OR4_X1)       |        | 0.006       | 0.000      | 0.023      |             | 0.116  | 0.751f          |
| ex_ls_bus_exception_ls_NOR2_X1_A2_ZN_NAND3_X1_A3_ZN_AOI211_X1_B_C2_OAI211_X1_ZN_C1_AOI21_X1_ZN_B2 (net)                                                         | 3      |             |            |            | 0.000       |        |                 |
| ex_ls_bus_exception_ls_NOR2_X1_A2_ZN_NAND3_X1_A3_ZN_AOI211_X1_B_C2_OAI211_X1_ZN_C1_AOI21_X1_ZN:B2 (AOI21_X1)                                                    |        | 0.002       | 0.000      | 0.023      |             | 0.000  | 0.751f          |
| ex_ls_bus_exception_ls_NOR2_X1_A2_ZN_NAND3_X1_A3_ZN_AOI211_X1_B_C2_OAI211_X1_ZN_C1_AOI21_X1_ZN:ZN (AOI21_X1)                                                    |        | 0.003       | 0.000      | 0.028      |             | 0.044  | 0.794r          |
| ex_ls_bus_exception_ls_NOR2_X1_A2_ZN_NAND3_X1_A3_ZN_AOI211_X1_B_C2_OAI211_X1_ZN_C1 (net)                                                                        | 2      |             |            |            | 0.000       |        |                 |
| ex_ls_bus_exception_ls_NOR2_X1_A2_ZN_NAND3_X1_A3_ZN_AOI211_X1_B_C2_OAI211_X1_ZN:C1 (OAI211_X1)                                                                  |        | 0.002       | 0.000      | 0.028      |             | 0.000  | 0.794r          |
| ex_ls_bus_exception_ls_NOR2_X1_A2_ZN_NAND3_X1_A3_ZN_AOI211_X1_B_C2_OAI211_X1_ZN:ZN (OAI211_X1)                                                                  |        | 0.003       | 0.000      | 0.019      |             | 0.029  | 0.823f          |
| ex_ls_bus_exception_ls_NOR2_X1_A2_ZN_NAND3_X1_A3_ZN_AOI211_X1_B_C2 (net)                                                                                        | 2      |             |            |            | 0.000       |        |                 |
| ex_ls_bus_exception_ls_NOR2_X1_A2_ZN_NAND3_X1_A3_ZN_AOI211_X1_B_C1_NAND2_X1_A1:A2 (NAND2_X1)                                                                    |        | 0.002       | 0.000      | 0.019      |             | 0.000  | 0.823f          |
| ex_ls_bus_exception_ls_NOR2_X1_A2_ZN_NAND3_X1_A3_ZN_AOI211_X1_B_C1_NAND2_X1_A1:ZN (NAND2_X1)                                                                    |        | 0.002       | 0.000      | 0.011      |             | 0.022  | 0.845r          |
| ex_ls_bus_exception_ls_NOR2_X1_A2_ZN_NAND3_X1_A3_ZN_AOI211_X1_B_C1_NAND2_X1_A1_ZN (net)                                                                         | 1      |             |            |            | 0.000       |        |                 |
| ex_ls_bus_exception_ls_NOR2_X1_A2_ZN_NAND3_X1_A3_ZN_AOI211_X1_B_C1_NAND2_X1_A1_ZN_NAND2_X1_A2:A2 (NAND2_X1)                                                     |        | 0.002       | 0.000      | 0.011      |             | 0.000  | 0.845r          |
| ex_ls_bus_exception_ls_NOR2_X1_A2_ZN_NAND3_X1_A3_ZN_AOI211_X1_B_C1_NAND2_X1_A1_ZN_NAND2_X1_A2:ZN (NAND2_X1)                                                     |        | 0.003       | 0.000      | 0.021      |             | 0.017  | 0.862f          |
| ex_ls_bus_branch_ls_INV_X1_A_ZN_MUX2_X1_A_B (net)                                                                                                               | 3      |             |            |            | 0.000       |        |                 |
| ifu_mod.latest_row_OR3_X1_A2_A3_OR2_X1_ZN:A2 (OR2_X1)                                                                                                           |        | 0.001       | 0.000      | 0.021      |             | 0.000  | 0.862f          |
| ifu_mod.latest_row_OR3_X1_A2_A3_OR2_X1_ZN:ZN (OR2_X1)                                                                                                           |        | 0.002       | 0.000      | 0.011      |             | 0.058  | 0.920f          |
| ifu_mod.latest_row_OR3_X1_A2_A3 (net)                                                                                                                           | 2      |             |            |            | 0.000       |        |                 |
| ifu_mod.latest_row_OR3_X1_A2:A3 (OR3_X1)                                                                                                                        |        | 0.001       | 0.000      | 0.011      |             | 0.000  | 0.920f          |
| ifu_mod.latest_row_OR3_X1_A2:ZN (OR3_X1)                                                                                                                        |        | 0.001       | 0.000      | 0.012      |             | 0.078  | 0.998f          |
| ifu_mod.latest_row_OR3_X1_A2_ZN (net)                                                                                                                           | 1      |             |            |            | 0.000       |        |                 |
| ifu_mod.latest_row_OR3_X1_A2_ZN_BUF_X1_A:A (BUF_X1)                                                                                                             |        | 0.001       | 0.000      | 0.012      |             | 0.000  | 0.998f          |
| ifu_mod.latest_row_OR3_X1_A2_ZN_BUF_X1_A:Z (BUF_X1)                                                                                                             |        | 0.012       | 0.000      | 0.016      |             | 0.044  | 1.042f          |
| ifu_mod.latest_row_OR3_X1_A2_ZN_BUF_X1_A_Z (net)                                                                                                                | 8      |             |            |            | 0.000       |        |                 |
| ifu_mod.block_valid[5]_reg_p_D_OAI21_X1_ZN_B1_NOR2_X1_A2_1:A1 (NOR2_X1)                                                                                         |        | 0.002       | 0.000      | 0.016      |             | 0.000  | 1.042f          |
| ifu_mod.block_valid[5]_reg_p_D_OAI21_X1_ZN_B1_NOR2_X1_A2_1:ZN (NOR2_X1)                                                                                         |        | 0.001       | 0.000      | 0.013      |             | 0.023  | 1.065r          |
| ifu_mod.block_valid[5]_reg_p_D_OAI21_X1_ZN_B1_NOR2_X1_A2_1_ZN (net)                                                                                             | 1      |             |            |            | 0.000       |        |                 |
| ifu_mod.block_valid[5]_reg_p_D_OAI21_X1_ZN_B1_NOR2_X1_A2_1_ZN_CLKGATE_X1_E:E (CLKGATE_X1)                                                                       |        | 0.001       | 0.000      | 0.013      |             | 0.000  | 1.065r          |
|                                                                                                                                                                 |        |             |            |            |             |        |                 |
| clock (port)                                                                                                                                                    |        | 0.856       | 0.000      | 0.000      |             | 0.000  | 0.000r          |
| clock (clock net)                                                                                                                                               | 839    |             |            |            | NA          |        |                 |
| ifu_mod.block_valid[5]_reg_p_D_OAI21_X1_ZN_B1_NOR2_X1_A2_1_ZN_CLKGATE_X1_E:CK (CLKGATE_X1)                                                                      |        | 0.002       | 0.000      | 0.000      |             | 0.000  | 0.000r          |
| clock core_clock (rise edge)                                                                                                                                    |        |             |            |            |             | 1.769  | 1.769           |
| clock network delay (ideal)                                                                                                                                     |        |             |            |            |             | 0.000  | 1.769           |
| ifu_mod.block_valid[5]_reg_p_D_OAI21_X1_ZN_B1_NOR2_X1_A2_1_ZN_CLKGATE_X1_E:CK (CLKGATE_X1)                                                                      |        |             |            |            |             |        | 1.769r          |
| library setup time                                                                                                                                              |        |             |            |            |             | -0.050 | 1.719           |
| clock reconvergence pessimism                                                                                                                                   |        |             |            |            |             | 0.000  | 1.719           |
|                                                                                                                                                                 |        |             |            |            |             |        |                 |
| path cell delay                                                                                                                                                 |        |             |            |            |             |        | 1.065(100.000%) |
| path net delay                                                                                                                                                  |        |             |            |            |             |        | 0.000(0.000%)   |
|                                                                                                                                                                 |        |             |            |            |             |        |                 |
| data require time                                                                                                                                               |        |             |            |            |             |        | 1.719           |
| data arrival time                                                                                                                                               |        |             |            |            |             |        | 1.065           |
| slack (MET)                                                                                                                                                     |        |             |            |            |             |        | 0.654           |
+-----------------------------------------------------------------------------------------------------------------------------------------------------------------+--------+-------------+------------+------------+-------------+--------+-----------------+
+-----------------------------------------------------------------------------------------------------------------------------------------------------------------+--------+-------------+------------+------------+-------------+--------+-----------------+
| Point                                                                                                                                                           | Fanout | Capacitance | Resistance | Transition | Delta Delay | Incr   | Path            |
+-----------------------------------------------------------------------------------------------------------------------------------------------------------------+--------+-------------+------------+------------+-------------+--------+-----------------+
| clock (port)                                                                                                                                                    |        | 0.856       | 0.000      | 0.000      |             | 0.000  | 0.000r          |
| clock (clock net)                                                                                                                                               | 839    |             |            |            | NA          |        |                 |
| alu_mod.bus_in_alu_op_7__reg_p:CK (DFF_X1)                                                                                                                      |        | 0.001       | 0.000      | 0.000      |             | 0.000  | 0.000r          |
| clock core_clock (rise edge)                                                                                                                                    |        |             |            |            |             | 0      | 0               |
| clock network delay (ideal)                                                                                                                                     |        |             |            |            |             | 0.000  | 0.000           |
| alu_mod.bus_in_alu_op_7__reg_p:CK (DFF_X1)                                                                                                                      |        | 0.001       | 0.000      | 0.000      |             | 0.000  | 0.000r          |
| alu_mod.bus_in_alu_op_7__reg_p:Q (DFF_X1)                                                                                                                       |        | 0.032       | 0.000      | 0.076      |             | 0.155  | 0.155r          |
| alu_mod.bus_in_alu_op_7_ (net)                                                                                                                                  | 11     |             |            |            | 0.000       |        |                 |
| alu_mod.bus_in_imm_0__MUX2_X1_B:S (MUX2_X1)                                                                                                                     |        | 0.002       | 0.000      | 0.076      |             | 0.000  | 0.155r          |
| alu_mod.bus_in_imm_0__MUX2_X1_B:Z (MUX2_X1)                                                                                                                     |        | 0.001       | 0.000      | 0.012      |             | 0.049  | 0.203r          |
| alu_mod.bus_in_imm_0__MUX2_X1_B_Z (net)                                                                                                                         | 1      |             |            |            | 0.000       |        |                 |
| alu_mod.bus_in_imm_0__MUX2_X1_B_Z_CLKBUF_X3_A:A (CLKBUF_X3)                                                                                                     |        | 0.001       | 0.000      | 0.012      |             | 0.000  | 0.203r          |
| alu_mod.bus_in_imm_0__MUX2_X1_B_Z_CLKBUF_X3_A:Z (CLKBUF_X3)                                                                                                     |        | 0.025       | 0.000      | 0.022      |             | 0.049  | 0.253r          |
| alu_mod.bus_in_imm_0__MUX2_X1_B_Z_CLKBUF_X3_A_Z (net)                                                                                                           | 15     |             |            |            | 0.000       |        |                 |
| alu_mod.bus_in_imm_1__reg_p_QN_NAND2_X1_A2_ZN_OAI211_X1_B_ZN_OAI22_X1_A2_B2_OAI211_X1_ZN:A (OAI211_X1)                                                          |        | 0.002       | 0.000      | 0.022      |             | 0.000  | 0.253r          |
| alu_mod.bus_in_imm_1__reg_p_QN_NAND2_X1_A2_ZN_OAI211_X1_B_ZN_OAI22_X1_A2_B2_OAI211_X1_ZN:ZN (OAI211_X1)                                                         |        | 0.003       | 0.000      | 0.020      |             | 0.038  | 0.291f          |
| alu_mod.bus_in_imm_1__reg_p_QN_NAND2_X1_A2_ZN_OAI211_X1_B_ZN_OAI22_X1_A2_B2 (net)                                                                               | 2      |             |            |            | 0.000       |        |                 |
| alu_mod.bus_in_imm_1__reg_p_QN_NAND2_X1_A2_ZN_OAI211_X1_B_ZN_OAI22_X1_A2:B2 (OAI22_X1)                                                                          |        | 0.002       | 0.000      | 0.020      |             | 0.000  | 0.291f          |
| alu_mod.bus_in_imm_1__reg_p_QN_NAND2_X1_A2_ZN_OAI211_X1_B_ZN_OAI22_X1_A2:ZN (OAI22_X1)                                                                          |        | 0.005       | 0.000      | 0.046      |             | 0.063  | 0.353r          |
| alu_mod.bus_in_imm_1__reg_p_QN_NAND2_X1_A2_ZN_OAI211_X1_B_ZN_OAI22_X1_A2_ZN (net)                                                                               | 3      |             |            |            | 0.000       |        |                 |
| alu_mod.bus_in_imm_1__reg_p_QN_NAND2_X1_A2_ZN_OAI211_X1_B_ZN_OAI22_X1_A2_ZN_OAI221_X1_B2:B2 (OAI221_X1)                                                         |        | 0.002       | 0.000      | 0.046      |             | 0.000  | 0.353r          |
| alu_mod.bus_in_imm_1__reg_p_QN_NAND2_X1_A2_ZN_OAI211_X1_B_ZN_OAI22_X1_A2_ZN_OAI221_X1_B2:ZN (OAI221_X1)                                                         |        | 0.006       | 0.000      | 0.028      |             | 0.053  | 0.406f          |
| alu_mod.bus_in_imm_1__reg_p_QN_NAND2_X1_A2_ZN_OAI211_X1_B_ZN_OAI22_X1_A2_ZN_OAI221_X1_B2_ZN (net)                                                               | 4      |             |            |            | 0.000       |        |                 |
| alu_mod.bus_in_data_csr_6__INV_X1_A_ZN_OAI22_X1_B2_A2_AND3_X1_A2_ZN_AOI21_X1_A_ZN_AOI211_X1_A_1:C2 (AOI211_X1)                                                  |        | 0.002       | 0.000      | 0.028      |             | 0.000  | 0.406f          |
| alu_mod.bus_in_data_csr_6__INV_X1_A_ZN_OAI22_X1_B2_A2_AND3_X1_A2_ZN_AOI21_X1_A_ZN_AOI211_X1_A_1:ZN (AOI211_X1)                                                  |        | 0.009       | 0.000      | 0.096      |             | 0.118  | 0.524r          |
| alu_mod.bus_in_data_csr_6__INV_X1_A_ZN_OAI22_X1_B2_A2_AND3_X1_A2_ZN_AOI21_X1_A_ZN_AOI211_X1_A_1_ZN (net)                                                        | 3      |             |            |            | 0.000       |        |                 |
| alu_mod.bus_in_data_csr_6__INV_X1_A_ZN_OAI22_X1_B2_A2_AND3_X1_A2_ZN_AOI21_X1_A_B1_AOI22_X1_ZN_B2_XNOR2_X1_B_ZN_NOR2_X1_A2_ZN_OR4_X2_A4_ZN_OR3_X1_A3:A1 (OR3_X1) |        | 0.001       | 0.000      | 0.096      |             | 0.000  | 0.524r          |
| alu_mod.bus_in_data_csr_6__INV_X1_A_ZN_OAI22_X1_B2_A2_AND3_X1_A2_ZN_AOI21_X1_A_B1_AOI22_X1_ZN_B2_XNOR2_X1_B_ZN_NOR2_X1_A2_ZN_OR4_X2_A4_ZN_OR3_X1_A3:ZN (OR3_X1) |        | 0.004       | 0.000      | 0.016      |             | 0.045  | 0.569r          |
| alu_mod.bus_in_imm_18__NAND2_X1_A2_ZN_OAI211_X1_B_ZN_OAI211_X1_B_ZN_NAND2_X1_A1_ZN_NAND3_X1_A3_A1 (net)                                                         | 3      |             |            |            | 0.000       |        |                 |
| alu_mod.bus_in_data_csr_21__NOR3_X1_A1_ZN_AOI211_X1_B_C2_NOR3_X1_A3_ZN_OAI21_X1_B1_ZN_OAI221_X1_C2_ZN_AOI221_X1_B2_ZN_AOI211_X2_B_A_AND3_X1_ZN:A1 (AND3_X1)     |        | 0.001       | 0.000      | 0.016      |             | 0.000  | 0.569r          |
| alu_mod.bus_in_data_csr_21__NOR3_X1_A1_ZN_AOI211_X1_B_C2_NOR3_X1_A3_ZN_OAI21_X1_B1_ZN_OAI221_X1_C2_ZN_AOI221_X1_B2_ZN_AOI211_X2_B_A_AND3_X1_ZN:ZN (AND3_X1)     |        | 0.003       | 0.000      | 0.016      |             | 0.050  | 0.619r          |
| alu_mod.bus_in_data_csr_21__NOR3_X1_A1_ZN_AOI211_X1_B_C2_NOR3_X1_A3_ZN_OAI21_X1_B1_ZN_OAI221_X1_C2_ZN_AOI221_X1_B2_ZN_AOI211_X2_B_A (net)                       | 1      |             |            |            | 0.000       |        |                 |
| alu_mod.bus_in_data_csr_21__NOR3_X1_A1_ZN_AOI211_X1_B_C2_NOR3_X1_A3_ZN_OAI21_X1_B1_ZN_OAI221_X1_C2_ZN_AOI221_X1_B2_ZN_AOI211_X2_B:A (AOI211_X2)                 |        | 0.003       | 0.000      | 0.016      |             | 0.000  | 0.619r          |
| alu_mod.bus_in_data_csr_21__NOR3_X1_A1_ZN_AOI211_X1_B_C2_NOR3_X1_A3_ZN_OAI21_X1_B1_ZN_OAI221_X1_C2_ZN_AOI221_X1_B2_ZN_AOI211_X2_B:ZN (AOI211_X2)                |        | 0.002       | 0.000      | 0.014      |             | 0.016  | 0.635f          |
| alu_mod.bus_in_data_csr_21__NOR3_X1_A1_ZN_AOI211_X1_B_C2_NOR3_X1_A3_ZN_OAI21_X1_B1_ZN_OAI221_X1_C2_ZN_AOI221_X1_B2_ZN_AOI211_X2_B_ZN (net)                      | 2      |             |            |            | 0.000       |        |                 |
| alu_mod.bus_in_data_csr_21__NOR3_X1_A1_ZN_AOI211_X1_B_C2_NOR3_X1_A3_ZN_OAI21_X1_B1_ZN_OAI221_X1_C2_ZN_AOI21_X1_B2_ZN_OAI33_X1_A1_ZN_OR4_X1_A4:A2 (OR4_X1)       |        | 0.001       | 0.000      | 0.014      |             | 0.000  | 0.635f          |
| alu_mod.bus_in_data_csr_21__NOR3_X1_A1_ZN_AOI211_X1_B_C2_NOR3_X1_A3_ZN_OAI21_X1_B1_ZN_OAI221_X1_C2_ZN_AOI21_X1_B2_ZN_OAI33_X1_A1_ZN_OR4_X1_A4:ZN (OR4_X1)       |        | 0.006       | 0.000      | 0.023      |             | 0.116  | 0.751f          |
| ex_ls_bus_exception_ls_NOR2_X1_A2_ZN_NAND3_X1_A3_ZN_AOI211_X1_B_C2_OAI211_X1_ZN_C1_AOI21_X1_ZN_B2 (net)                                                         | 3      |             |            |            | 0.000       |        |                 |
| ex_ls_bus_exception_ls_NOR2_X1_A2_ZN_NAND3_X1_A3_ZN_AOI211_X1_B_C2_OAI211_X1_ZN_C1_AOI21_X1_ZN:B2 (AOI21_X1)                                                    |        | 0.002       | 0.000      | 0.023      |             | 0.000  | 0.751f          |
| ex_ls_bus_exception_ls_NOR2_X1_A2_ZN_NAND3_X1_A3_ZN_AOI211_X1_B_C2_OAI211_X1_ZN_C1_AOI21_X1_ZN:ZN (AOI21_X1)                                                    |        | 0.003       | 0.000      | 0.028      |             | 0.044  | 0.794r          |
| ex_ls_bus_exception_ls_NOR2_X1_A2_ZN_NAND3_X1_A3_ZN_AOI211_X1_B_C2_OAI211_X1_ZN_C1 (net)                                                                        | 2      |             |            |            | 0.000       |        |                 |
| ex_ls_bus_exception_ls_NOR2_X1_A2_ZN_NAND3_X1_A3_ZN_AOI211_X1_B_C2_OAI211_X1_ZN:C1 (OAI211_X1)                                                                  |        | 0.002       | 0.000      | 0.028      |             | 0.000  | 0.794r          |
| ex_ls_bus_exception_ls_NOR2_X1_A2_ZN_NAND3_X1_A3_ZN_AOI211_X1_B_C2_OAI211_X1_ZN:ZN (OAI211_X1)                                                                  |        | 0.003       | 0.000      | 0.019      |             | 0.029  | 0.823f          |
| ex_ls_bus_exception_ls_NOR2_X1_A2_ZN_NAND3_X1_A3_ZN_AOI211_X1_B_C2 (net)                                                                                        | 2      |             |            |            | 0.000       |        |                 |
| ex_ls_bus_exception_ls_NOR2_X1_A2_ZN_NAND3_X1_A3_ZN_AOI211_X1_B_C1_NAND2_X1_A1:A2 (NAND2_X1)                                                                    |        | 0.002       | 0.000      | 0.019      |             | 0.000  | 0.823f          |
| ex_ls_bus_exception_ls_NOR2_X1_A2_ZN_NAND3_X1_A3_ZN_AOI211_X1_B_C1_NAND2_X1_A1:ZN (NAND2_X1)                                                                    |        | 0.002       | 0.000      | 0.011      |             | 0.022  | 0.845r          |
| ex_ls_bus_exception_ls_NOR2_X1_A2_ZN_NAND3_X1_A3_ZN_AOI211_X1_B_C1_NAND2_X1_A1_ZN (net)                                                                         | 1      |             |            |            | 0.000       |        |                 |
| ex_ls_bus_exception_ls_NOR2_X1_A2_ZN_NAND3_X1_A3_ZN_AOI211_X1_B_C1_NAND2_X1_A1_ZN_NAND2_X1_A2:A2 (NAND2_X1)                                                     |        | 0.002       | 0.000      | 0.011      |             | 0.000  | 0.845r          |
| ex_ls_bus_exception_ls_NOR2_X1_A2_ZN_NAND3_X1_A3_ZN_AOI211_X1_B_C1_NAND2_X1_A1_ZN_NAND2_X1_A2:ZN (NAND2_X1)                                                     |        | 0.003       | 0.000      | 0.021      |             | 0.017  | 0.862f          |
| ex_ls_bus_branch_ls_INV_X1_A_ZN_MUX2_X1_A_B (net)                                                                                                               | 3      |             |            |            | 0.000       |        |                 |
| ifu_mod.latest_row_OR3_X1_A2_A3_OR2_X1_ZN:A2 (OR2_X1)                                                                                                           |        | 0.001       | 0.000      | 0.021      |             | 0.000  | 0.862f          |
| ifu_mod.latest_row_OR3_X1_A2_A3_OR2_X1_ZN:ZN (OR2_X1)                                                                                                           |        | 0.002       | 0.000      | 0.011      |             | 0.058  | 0.920f          |
| ifu_mod.latest_row_OR3_X1_A2_A3 (net)                                                                                                                           | 2      |             |            |            | 0.000       |        |                 |
| ifu_mod.latest_row_OR3_X1_A2:A3 (OR3_X1)                                                                                                                        |        | 0.001       | 0.000      | 0.011      |             | 0.000  | 0.920f          |
| ifu_mod.latest_row_OR3_X1_A2:ZN (OR3_X1)                                                                                                                        |        | 0.001       | 0.000      | 0.012      |             | 0.078  | 0.998f          |
| ifu_mod.latest_row_OR3_X1_A2_ZN (net)                                                                                                                           | 1      |             |            |            | 0.000       |        |                 |
| ifu_mod.latest_row_OR3_X1_A2_ZN_BUF_X1_A:A (BUF_X1)                                                                                                             |        | 0.001       | 0.000      | 0.012      |             | 0.000  | 0.998f          |
| ifu_mod.latest_row_OR3_X1_A2_ZN_BUF_X1_A:Z (BUF_X1)                                                                                                             |        | 0.012       | 0.000      | 0.016      |             | 0.044  | 1.042f          |
| ifu_mod.latest_row_OR3_X1_A2_ZN_BUF_X1_A_Z (net)                                                                                                                | 8      |             |            |            | 0.000       |        |                 |
| ifu_mod.block_valid[3]_reg_p_D_OAI21_X1_ZN_B1_NOR2_X1_A2:A1 (NOR2_X1)                                                                                           |        | 0.002       | 0.000      | 0.016      |             | 0.000  | 1.042f          |
| ifu_mod.block_valid[3]_reg_p_D_OAI21_X1_ZN_B1_NOR2_X1_A2:ZN (NOR2_X1)                                                                                           |        | 0.001       | 0.000      | 0.013      |             | 0.023  | 1.065r          |
| ifu_mod.block_valid[3]_reg_p_D_OAI21_X1_ZN_B1_NOR2_X1_A2_ZN (net)                                                                                               | 1      |             |            |            | 0.000       |        |                 |
| ifu_mod.block_valid[3]_reg_p_D_OAI21_X1_ZN_B1_NOR2_X1_A2_ZN_CLKGATE_X1_E:E (CLKGATE_X1)                                                                         |        | 0.001       | 0.000      | 0.013      |             | 0.000  | 1.065r          |
|                                                                                                                                                                 |        |             |            |            |             |        |                 |
| clock (port)                                                                                                                                                    |        | 0.856       | 0.000      | 0.000      |             | 0.000  | 0.000r          |
| clock (clock net)                                                                                                                                               | 839    |             |            |            | NA          |        |                 |
| ifu_mod.block_valid[3]_reg_p_D_OAI21_X1_ZN_B1_NOR2_X1_A2_ZN_CLKGATE_X1_E:CK (CLKGATE_X1)                                                                        |        | 0.002       | 0.000      | 0.000      |             | 0.000  | 0.000r          |
| clock core_clock (rise edge)                                                                                                                                    |        |             |            |            |             | 1.769  | 1.769           |
| clock network delay (ideal)                                                                                                                                     |        |             |            |            |             | 0.000  | 1.769           |
| ifu_mod.block_valid[3]_reg_p_D_OAI21_X1_ZN_B1_NOR2_X1_A2_ZN_CLKGATE_X1_E:CK (CLKGATE_X1)                                                                        |        |             |            |            |             |        | 1.769r          |
| library setup time                                                                                                                                              |        |             |            |            |             | -0.050 | 1.719           |
| clock reconvergence pessimism                                                                                                                                   |        |             |            |            |             | 0.000  | 1.719           |
|                                                                                                                                                                 |        |             |            |            |             |        |                 |
| path cell delay                                                                                                                                                 |        |             |            |            |             |        | 1.065(100.000%) |
| path net delay                                                                                                                                                  |        |             |            |            |             |        | 0.000(0.000%)   |
|                                                                                                                                                                 |        |             |            |            |             |        |                 |
| data require time                                                                                                                                               |        |             |            |            |             |        | 1.719           |
| data arrival time                                                                                                                                               |        |             |            |            |             |        | 1.065           |
| slack (MET)                                                                                                                                                     |        |             |            |            |             |        | 0.654           |
+-----------------------------------------------------------------------------------------------------------------------------------------------------------------+--------+-------------+------------+------------+-------------+--------+-----------------+
+-----------------------------------------------------------------------------------------------------------------------------------------------------------------+--------+-------------+------------+------------+-------------+--------+-----------------+
| Point                                                                                                                                                           | Fanout | Capacitance | Resistance | Transition | Delta Delay | Incr   | Path            |
+-----------------------------------------------------------------------------------------------------------------------------------------------------------------+--------+-------------+------------+------------+-------------+--------+-----------------+
| clock (port)                                                                                                                                                    |        | 0.856       | 0.000      | 0.000      |             | 0.000  | 0.000r          |
| clock (clock net)                                                                                                                                               | 839    |             |            |            | NA          |        |                 |
| alu_mod.bus_in_alu_op_7__reg_p:CK (DFF_X1)                                                                                                                      |        | 0.001       | 0.000      | 0.000      |             | 0.000  | 0.000r          |
| clock core_clock (rise edge)                                                                                                                                    |        |             |            |            |             | 0      | 0               |
| clock network delay (ideal)                                                                                                                                     |        |             |            |            |             | 0.000  | 0.000           |
| alu_mod.bus_in_alu_op_7__reg_p:CK (DFF_X1)                                                                                                                      |        | 0.001       | 0.000      | 0.000      |             | 0.000  | 0.000r          |
| alu_mod.bus_in_alu_op_7__reg_p:Q (DFF_X1)                                                                                                                       |        | 0.032       | 0.000      | 0.076      |             | 0.155  | 0.155r          |
| alu_mod.bus_in_alu_op_7_ (net)                                                                                                                                  | 11     |             |            |            | 0.000       |        |                 |
| alu_mod.bus_in_imm_0__MUX2_X1_B:S (MUX2_X1)                                                                                                                     |        | 0.002       | 0.000      | 0.076      |             | 0.000  | 0.155r          |
| alu_mod.bus_in_imm_0__MUX2_X1_B:Z (MUX2_X1)                                                                                                                     |        | 0.001       | 0.000      | 0.012      |             | 0.049  | 0.203r          |
| alu_mod.bus_in_imm_0__MUX2_X1_B_Z (net)                                                                                                                         | 1      |             |            |            | 0.000       |        |                 |
| alu_mod.bus_in_imm_0__MUX2_X1_B_Z_CLKBUF_X3_A:A (CLKBUF_X3)                                                                                                     |        | 0.001       | 0.000      | 0.012      |             | 0.000  | 0.203r          |
| alu_mod.bus_in_imm_0__MUX2_X1_B_Z_CLKBUF_X3_A:Z (CLKBUF_X3)                                                                                                     |        | 0.025       | 0.000      | 0.022      |             | 0.049  | 0.253r          |
| alu_mod.bus_in_imm_0__MUX2_X1_B_Z_CLKBUF_X3_A_Z (net)                                                                                                           | 15     |             |            |            | 0.000       |        |                 |
| alu_mod.bus_in_imm_1__reg_p_QN_NAND2_X1_A2_ZN_OAI211_X1_B_ZN_OAI22_X1_A2_B2_OAI211_X1_ZN:A (OAI211_X1)                                                          |        | 0.002       | 0.000      | 0.022      |             | 0.000  | 0.253r          |
| alu_mod.bus_in_imm_1__reg_p_QN_NAND2_X1_A2_ZN_OAI211_X1_B_ZN_OAI22_X1_A2_B2_OAI211_X1_ZN:ZN (OAI211_X1)                                                         |        | 0.003       | 0.000      | 0.020      |             | 0.038  | 0.291f          |
| alu_mod.bus_in_imm_1__reg_p_QN_NAND2_X1_A2_ZN_OAI211_X1_B_ZN_OAI22_X1_A2_B2 (net)                                                                               | 2      |             |            |            | 0.000       |        |                 |
| alu_mod.bus_in_imm_1__reg_p_QN_NAND2_X1_A2_ZN_OAI211_X1_B_ZN_OAI22_X1_A2:B2 (OAI22_X1)                                                                          |        | 0.002       | 0.000      | 0.020      |             | 0.000  | 0.291f          |
| alu_mod.bus_in_imm_1__reg_p_QN_NAND2_X1_A2_ZN_OAI211_X1_B_ZN_OAI22_X1_A2:ZN (OAI22_X1)                                                                          |        | 0.005       | 0.000      | 0.046      |             | 0.063  | 0.353r          |
| alu_mod.bus_in_imm_1__reg_p_QN_NAND2_X1_A2_ZN_OAI211_X1_B_ZN_OAI22_X1_A2_ZN (net)                                                                               | 3      |             |            |            | 0.000       |        |                 |
| alu_mod.bus_in_imm_1__reg_p_QN_NAND2_X1_A2_ZN_OAI211_X1_B_ZN_OAI22_X1_A2_ZN_OAI221_X1_B2:B2 (OAI221_X1)                                                         |        | 0.002       | 0.000      | 0.046      |             | 0.000  | 0.353r          |
| alu_mod.bus_in_imm_1__reg_p_QN_NAND2_X1_A2_ZN_OAI211_X1_B_ZN_OAI22_X1_A2_ZN_OAI221_X1_B2:ZN (OAI221_X1)                                                         |        | 0.006       | 0.000      | 0.028      |             | 0.053  | 0.406f          |
| alu_mod.bus_in_imm_1__reg_p_QN_NAND2_X1_A2_ZN_OAI211_X1_B_ZN_OAI22_X1_A2_ZN_OAI221_X1_B2_ZN (net)                                                               | 4      |             |            |            | 0.000       |        |                 |
| alu_mod.bus_in_data_csr_6__INV_X1_A_ZN_OAI22_X1_B2_A2_AND3_X1_A2_ZN_AOI21_X1_A_ZN_AOI211_X1_A_1:C2 (AOI211_X1)                                                  |        | 0.002       | 0.000      | 0.028      |             | 0.000  | 0.406f          |
| alu_mod.bus_in_data_csr_6__INV_X1_A_ZN_OAI22_X1_B2_A2_AND3_X1_A2_ZN_AOI21_X1_A_ZN_AOI211_X1_A_1:ZN (AOI211_X1)                                                  |        | 0.009       | 0.000      | 0.096      |             | 0.118  | 0.524r          |
| alu_mod.bus_in_data_csr_6__INV_X1_A_ZN_OAI22_X1_B2_A2_AND3_X1_A2_ZN_AOI21_X1_A_ZN_AOI211_X1_A_1_ZN (net)                                                        | 3      |             |            |            | 0.000       |        |                 |
| alu_mod.bus_in_data_csr_6__INV_X1_A_ZN_OAI22_X1_B2_A2_AND3_X1_A2_ZN_AOI21_X1_A_B1_AOI22_X1_ZN_B2_XNOR2_X1_B_ZN_NOR2_X1_A2_ZN_OR4_X2_A4_ZN_OR3_X1_A3:A1 (OR3_X1) |        | 0.001       | 0.000      | 0.096      |             | 0.000  | 0.524r          |
| alu_mod.bus_in_data_csr_6__INV_X1_A_ZN_OAI22_X1_B2_A2_AND3_X1_A2_ZN_AOI21_X1_A_B1_AOI22_X1_ZN_B2_XNOR2_X1_B_ZN_NOR2_X1_A2_ZN_OR4_X2_A4_ZN_OR3_X1_A3:ZN (OR3_X1) |        | 0.004       | 0.000      | 0.016      |             | 0.045  | 0.569r          |
| alu_mod.bus_in_imm_18__NAND2_X1_A2_ZN_OAI211_X1_B_ZN_OAI211_X1_B_ZN_NAND2_X1_A1_ZN_NAND3_X1_A3_A1 (net)                                                         | 3      |             |            |            | 0.000       |        |                 |
| alu_mod.bus_in_data_csr_21__NOR3_X1_A1_ZN_AOI211_X1_B_C2_NOR3_X1_A3_ZN_OAI21_X1_B1_ZN_OAI221_X1_C2_ZN_AOI221_X1_B2_ZN_AOI211_X2_B_A_AND3_X1_ZN:A1 (AND3_X1)     |        | 0.001       | 0.000      | 0.016      |             | 0.000  | 0.569r          |
| alu_mod.bus_in_data_csr_21__NOR3_X1_A1_ZN_AOI211_X1_B_C2_NOR3_X1_A3_ZN_OAI21_X1_B1_ZN_OAI221_X1_C2_ZN_AOI221_X1_B2_ZN_AOI211_X2_B_A_AND3_X1_ZN:ZN (AND3_X1)     |        | 0.003       | 0.000      | 0.016      |             | 0.050  | 0.619r          |
| alu_mod.bus_in_data_csr_21__NOR3_X1_A1_ZN_AOI211_X1_B_C2_NOR3_X1_A3_ZN_OAI21_X1_B1_ZN_OAI221_X1_C2_ZN_AOI221_X1_B2_ZN_AOI211_X2_B_A (net)                       | 1      |             |            |            | 0.000       |        |                 |
| alu_mod.bus_in_data_csr_21__NOR3_X1_A1_ZN_AOI211_X1_B_C2_NOR3_X1_A3_ZN_OAI21_X1_B1_ZN_OAI221_X1_C2_ZN_AOI221_X1_B2_ZN_AOI211_X2_B:A (AOI211_X2)                 |        | 0.003       | 0.000      | 0.016      |             | 0.000  | 0.619r          |
| alu_mod.bus_in_data_csr_21__NOR3_X1_A1_ZN_AOI211_X1_B_C2_NOR3_X1_A3_ZN_OAI21_X1_B1_ZN_OAI221_X1_C2_ZN_AOI221_X1_B2_ZN_AOI211_X2_B:ZN (AOI211_X2)                |        | 0.002       | 0.000      | 0.014      |             | 0.016  | 0.635f          |
| alu_mod.bus_in_data_csr_21__NOR3_X1_A1_ZN_AOI211_X1_B_C2_NOR3_X1_A3_ZN_OAI21_X1_B1_ZN_OAI221_X1_C2_ZN_AOI221_X1_B2_ZN_AOI211_X2_B_ZN (net)                      | 2      |             |            |            | 0.000       |        |                 |
| alu_mod.bus_in_data_csr_21__NOR3_X1_A1_ZN_AOI211_X1_B_C2_NOR3_X1_A3_ZN_OAI21_X1_B1_ZN_OAI221_X1_C2_ZN_AOI21_X1_B2_ZN_OAI33_X1_A1_ZN_OR4_X1_A4:A2 (OR4_X1)       |        | 0.001       | 0.000      | 0.014      |             | 0.000  | 0.635f          |
| alu_mod.bus_in_data_csr_21__NOR3_X1_A1_ZN_AOI211_X1_B_C2_NOR3_X1_A3_ZN_OAI21_X1_B1_ZN_OAI221_X1_C2_ZN_AOI21_X1_B2_ZN_OAI33_X1_A1_ZN_OR4_X1_A4:ZN (OR4_X1)       |        | 0.006       | 0.000      | 0.023      |             | 0.116  | 0.751f          |
| ex_ls_bus_exception_ls_NOR2_X1_A2_ZN_NAND3_X1_A3_ZN_AOI211_X1_B_C2_OAI211_X1_ZN_C1_AOI21_X1_ZN_B2 (net)                                                         | 3      |             |            |            | 0.000       |        |                 |
| ex_ls_bus_exception_ls_NOR2_X1_A2_ZN_NAND3_X1_A3_ZN_AOI211_X1_B_C2_OAI211_X1_ZN_C1_AOI21_X1_ZN:B2 (AOI21_X1)                                                    |        | 0.002       | 0.000      | 0.023      |             | 0.000  | 0.751f          |
| ex_ls_bus_exception_ls_NOR2_X1_A2_ZN_NAND3_X1_A3_ZN_AOI211_X1_B_C2_OAI211_X1_ZN_C1_AOI21_X1_ZN:ZN (AOI21_X1)                                                    |        | 0.003       | 0.000      | 0.028      |             | 0.044  | 0.794r          |
| ex_ls_bus_exception_ls_NOR2_X1_A2_ZN_NAND3_X1_A3_ZN_AOI211_X1_B_C2_OAI211_X1_ZN_C1 (net)                                                                        | 2      |             |            |            | 0.000       |        |                 |
| ex_ls_bus_exception_ls_NOR2_X1_A2_ZN_NAND3_X1_A3_ZN_AOI211_X1_B_C2_OAI211_X1_ZN:C1 (OAI211_X1)                                                                  |        | 0.002       | 0.000      | 0.028      |             | 0.000  | 0.794r          |
| ex_ls_bus_exception_ls_NOR2_X1_A2_ZN_NAND3_X1_A3_ZN_AOI211_X1_B_C2_OAI211_X1_ZN:ZN (OAI211_X1)                                                                  |        | 0.003       | 0.000      | 0.019      |             | 0.029  | 0.823f          |
| ex_ls_bus_exception_ls_NOR2_X1_A2_ZN_NAND3_X1_A3_ZN_AOI211_X1_B_C2 (net)                                                                                        | 2      |             |            |            | 0.000       |        |                 |
| ex_ls_bus_exception_ls_NOR2_X1_A2_ZN_NAND3_X1_A3_ZN_AOI211_X1_B_C1_NAND2_X1_A1:A2 (NAND2_X1)                                                                    |        | 0.002       | 0.000      | 0.019      |             | 0.000  | 0.823f          |
| ex_ls_bus_exception_ls_NOR2_X1_A2_ZN_NAND3_X1_A3_ZN_AOI211_X1_B_C1_NAND2_X1_A1:ZN (NAND2_X1)                                                                    |        | 0.002       | 0.000      | 0.011      |             | 0.022  | 0.845r          |
| ex_ls_bus_exception_ls_NOR2_X1_A2_ZN_NAND3_X1_A3_ZN_AOI211_X1_B_C1_NAND2_X1_A1_ZN (net)                                                                         | 1      |             |            |            | 0.000       |        |                 |
| ex_ls_bus_exception_ls_NOR2_X1_A2_ZN_NAND3_X1_A3_ZN_AOI211_X1_B_C1_NAND2_X1_A1_ZN_NAND2_X1_A2:A2 (NAND2_X1)                                                     |        | 0.002       | 0.000      | 0.011      |             | 0.000  | 0.845r          |
| ex_ls_bus_exception_ls_NOR2_X1_A2_ZN_NAND3_X1_A3_ZN_AOI211_X1_B_C1_NAND2_X1_A1_ZN_NAND2_X1_A2:ZN (NAND2_X1)                                                     |        | 0.003       | 0.000      | 0.021      |             | 0.017  | 0.862f          |
| ex_ls_bus_branch_ls_INV_X1_A_ZN_MUX2_X1_A_B (net)                                                                                                               | 3      |             |            |            | 0.000       |        |                 |
| ifu_mod.latest_row_OR3_X1_A2_A3_OR2_X1_ZN:A2 (OR2_X1)                                                                                                           |        | 0.001       | 0.000      | 0.021      |             | 0.000  | 0.862f          |
| ifu_mod.latest_row_OR3_X1_A2_A3_OR2_X1_ZN:ZN (OR2_X1)                                                                                                           |        | 0.002       | 0.000      | 0.011      |             | 0.058  | 0.920f          |
| ifu_mod.latest_row_OR3_X1_A2_A3 (net)                                                                                                                           | 2      |             |            |            | 0.000       |        |                 |
| ifu_mod.latest_row_OR3_X1_A2:A3 (OR3_X1)                                                                                                                        |        | 0.001       | 0.000      | 0.011      |             | 0.000  | 0.920f          |
| ifu_mod.latest_row_OR3_X1_A2:ZN (OR3_X1)                                                                                                                        |        | 0.001       | 0.000      | 0.012      |             | 0.078  | 0.998f          |
| ifu_mod.latest_row_OR3_X1_A2_ZN (net)                                                                                                                           | 1      |             |            |            | 0.000       |        |                 |
| ifu_mod.latest_row_OR3_X1_A2_ZN_BUF_X1_A:A (BUF_X1)                                                                                                             |        | 0.001       | 0.000      | 0.012      |             | 0.000  | 0.998f          |
| ifu_mod.latest_row_OR3_X1_A2_ZN_BUF_X1_A:Z (BUF_X1)                                                                                                             |        | 0.012       | 0.000      | 0.016      |             | 0.044  | 1.042f          |
| ifu_mod.latest_row_OR3_X1_A2_ZN_BUF_X1_A_Z (net)                                                                                                                | 8      |             |            |            | 0.000       |        |                 |
| ifu_mod.block_valid[1]_reg_p_D_OAI21_X1_ZN_B1_NOR2_X1_A2:A1 (NOR2_X1)                                                                                           |        | 0.002       | 0.000      | 0.016      |             | 0.000  | 1.042f          |
| ifu_mod.block_valid[1]_reg_p_D_OAI21_X1_ZN_B1_NOR2_X1_A2:ZN (NOR2_X1)                                                                                           |        | 0.001       | 0.000      | 0.013      |             | 0.023  | 1.065r          |
| ifu_mod.block_valid[1]_reg_p_D_OAI21_X1_ZN_B1_NOR2_X1_A2_ZN (net)                                                                                               | 1      |             |            |            | 0.000       |        |                 |
| ifu_mod.block_valid[1]_reg_p_D_OAI21_X1_ZN_B1_NOR2_X1_A2_ZN_CLKGATE_X1_E:E (CLKGATE_X1)                                                                         |        | 0.001       | 0.000      | 0.013      |             | 0.000  | 1.065r          |
|                                                                                                                                                                 |        |             |            |            |             |        |                 |
| clock (port)                                                                                                                                                    |        | 0.856       | 0.000      | 0.000      |             | 0.000  | 0.000r          |
| clock (clock net)                                                                                                                                               | 839    |             |            |            | NA          |        |                 |
| ifu_mod.block_valid[1]_reg_p_D_OAI21_X1_ZN_B1_NOR2_X1_A2_ZN_CLKGATE_X1_E:CK (CLKGATE_X1)                                                                        |        | 0.002       | 0.000      | 0.000      |             | 0.000  | 0.000r          |
| clock core_clock (rise edge)                                                                                                                                    |        |             |            |            |             | 1.769  | 1.769           |
| clock network delay (ideal)                                                                                                                                     |        |             |            |            |             | 0.000  | 1.769           |
| ifu_mod.block_valid[1]_reg_p_D_OAI21_X1_ZN_B1_NOR2_X1_A2_ZN_CLKGATE_X1_E:CK (CLKGATE_X1)                                                                        |        |             |            |            |             |        | 1.769r          |
| library setup time                                                                                                                                              |        |             |            |            |             | -0.050 | 1.719           |
| clock reconvergence pessimism                                                                                                                                   |        |             |            |            |             | 0.000  | 1.719           |
|                                                                                                                                                                 |        |             |            |            |             |        |                 |
| path cell delay                                                                                                                                                 |        |             |            |            |             |        | 1.065(100.000%) |
| path net delay                                                                                                                                                  |        |             |            |            |             |        | 0.000(0.000%)   |
|                                                                                                                                                                 |        |             |            |            |             |        |                 |
| data require time                                                                                                                                               |        |             |            |            |             |        | 1.719           |
| data arrival time                                                                                                                                               |        |             |            |            |             |        | 1.065           |
| slack (MET)                                                                                                                                                     |        |             |            |            |             |        | 0.654           |
+-----------------------------------------------------------------------------------------------------------------------------------------------------------------+--------+-------------+------------+------------+-------------+--------+-----------------+
+-----------------------------------------------------------------------------------------------------------------------------------------------------------------+--------+-------------+------------+------------+-------------+--------+-----------------+
| Point                                                                                                                                                           | Fanout | Capacitance | Resistance | Transition | Delta Delay | Incr   | Path            |
+-----------------------------------------------------------------------------------------------------------------------------------------------------------------+--------+-------------+------------+------------+-------------+--------+-----------------+
| clock (port)                                                                                                                                                    |        | 0.856       | 0.000      | 0.000      |             | 0.000  | 0.000r          |
| clock (clock net)                                                                                                                                               | 839    |             |            |            | NA          |        |                 |
| alu_mod.bus_in_alu_op_7__reg_p:CK (DFF_X1)                                                                                                                      |        | 0.001       | 0.000      | 0.000      |             | 0.000  | 0.000r          |
| clock core_clock (rise edge)                                                                                                                                    |        |             |            |            |             | 0      | 0               |
| clock network delay (ideal)                                                                                                                                     |        |             |            |            |             | 0.000  | 0.000           |
| alu_mod.bus_in_alu_op_7__reg_p:CK (DFF_X1)                                                                                                                      |        | 0.001       | 0.000      | 0.000      |             | 0.000  | 0.000r          |
| alu_mod.bus_in_alu_op_7__reg_p:Q (DFF_X1)                                                                                                                       |        | 0.032       | 0.000      | 0.076      |             | 0.155  | 0.155r          |
| alu_mod.bus_in_alu_op_7_ (net)                                                                                                                                  | 11     |             |            |            | 0.000       |        |                 |
| alu_mod.bus_in_imm_0__MUX2_X1_B:S (MUX2_X1)                                                                                                                     |        | 0.002       | 0.000      | 0.076      |             | 0.000  | 0.155r          |
| alu_mod.bus_in_imm_0__MUX2_X1_B:Z (MUX2_X1)                                                                                                                     |        | 0.001       | 0.000      | 0.012      |             | 0.049  | 0.203r          |
| alu_mod.bus_in_imm_0__MUX2_X1_B_Z (net)                                                                                                                         | 1      |             |            |            | 0.000       |        |                 |
| alu_mod.bus_in_imm_0__MUX2_X1_B_Z_CLKBUF_X3_A:A (CLKBUF_X3)                                                                                                     |        | 0.001       | 0.000      | 0.012      |             | 0.000  | 0.203r          |
| alu_mod.bus_in_imm_0__MUX2_X1_B_Z_CLKBUF_X3_A:Z (CLKBUF_X3)                                                                                                     |        | 0.025       | 0.000      | 0.022      |             | 0.049  | 0.253r          |
| alu_mod.bus_in_imm_0__MUX2_X1_B_Z_CLKBUF_X3_A_Z (net)                                                                                                           | 15     |             |            |            | 0.000       |        |                 |
| alu_mod.bus_in_imm_1__reg_p_QN_NAND2_X1_A2_ZN_OAI211_X1_B_ZN_OAI22_X1_A2_B2_OAI211_X1_ZN:A (OAI211_X1)                                                          |        | 0.002       | 0.000      | 0.022      |             | 0.000  | 0.253r          |
| alu_mod.bus_in_imm_1__reg_p_QN_NAND2_X1_A2_ZN_OAI211_X1_B_ZN_OAI22_X1_A2_B2_OAI211_X1_ZN:ZN (OAI211_X1)                                                         |        | 0.003       | 0.000      | 0.020      |             | 0.038  | 0.291f          |
| alu_mod.bus_in_imm_1__reg_p_QN_NAND2_X1_A2_ZN_OAI211_X1_B_ZN_OAI22_X1_A2_B2 (net)                                                                               | 2      |             |            |            | 0.000       |        |                 |
| alu_mod.bus_in_imm_1__reg_p_QN_NAND2_X1_A2_ZN_OAI211_X1_B_ZN_OAI22_X1_A2:B2 (OAI22_X1)                                                                          |        | 0.002       | 0.000      | 0.020      |             | 0.000  | 0.291f          |
| alu_mod.bus_in_imm_1__reg_p_QN_NAND2_X1_A2_ZN_OAI211_X1_B_ZN_OAI22_X1_A2:ZN (OAI22_X1)                                                                          |        | 0.005       | 0.000      | 0.046      |             | 0.063  | 0.353r          |
| alu_mod.bus_in_imm_1__reg_p_QN_NAND2_X1_A2_ZN_OAI211_X1_B_ZN_OAI22_X1_A2_ZN (net)                                                                               | 3      |             |            |            | 0.000       |        |                 |
| alu_mod.bus_in_imm_1__reg_p_QN_NAND2_X1_A2_ZN_OAI211_X1_B_ZN_OAI22_X1_A2_ZN_OAI221_X1_B2:B2 (OAI221_X1)                                                         |        | 0.002       | 0.000      | 0.046      |             | 0.000  | 0.353r          |
| alu_mod.bus_in_imm_1__reg_p_QN_NAND2_X1_A2_ZN_OAI211_X1_B_ZN_OAI22_X1_A2_ZN_OAI221_X1_B2:ZN (OAI221_X1)                                                         |        | 0.006       | 0.000      | 0.028      |             | 0.053  | 0.406f          |
| alu_mod.bus_in_imm_1__reg_p_QN_NAND2_X1_A2_ZN_OAI211_X1_B_ZN_OAI22_X1_A2_ZN_OAI221_X1_B2_ZN (net)                                                               | 4      |             |            |            | 0.000       |        |                 |
| alu_mod.bus_in_data_csr_6__INV_X1_A_ZN_OAI22_X1_B2_A2_AND3_X1_A2_ZN_AOI21_X1_A_ZN_AOI211_X1_A_1:C2 (AOI211_X1)                                                  |        | 0.002       | 0.000      | 0.028      |             | 0.000  | 0.406f          |
| alu_mod.bus_in_data_csr_6__INV_X1_A_ZN_OAI22_X1_B2_A2_AND3_X1_A2_ZN_AOI21_X1_A_ZN_AOI211_X1_A_1:ZN (AOI211_X1)                                                  |        | 0.009       | 0.000      | 0.096      |             | 0.118  | 0.524r          |
| alu_mod.bus_in_data_csr_6__INV_X1_A_ZN_OAI22_X1_B2_A2_AND3_X1_A2_ZN_AOI21_X1_A_ZN_AOI211_X1_A_1_ZN (net)                                                        | 3      |             |            |            | 0.000       |        |                 |
| alu_mod.bus_in_data_csr_6__INV_X1_A_ZN_OAI22_X1_B2_A2_AND3_X1_A2_ZN_AOI21_X1_A_B1_AOI22_X1_ZN_B2_XNOR2_X1_B_ZN_NOR2_X1_A2_ZN_OR4_X2_A4_ZN_OR3_X1_A3:A1 (OR3_X1) |        | 0.001       | 0.000      | 0.096      |             | 0.000  | 0.524r          |
| alu_mod.bus_in_data_csr_6__INV_X1_A_ZN_OAI22_X1_B2_A2_AND3_X1_A2_ZN_AOI21_X1_A_B1_AOI22_X1_ZN_B2_XNOR2_X1_B_ZN_NOR2_X1_A2_ZN_OR4_X2_A4_ZN_OR3_X1_A3:ZN (OR3_X1) |        | 0.004       | 0.000      | 0.016      |             | 0.045  | 0.569r          |
| alu_mod.bus_in_imm_18__NAND2_X1_A2_ZN_OAI211_X1_B_ZN_OAI211_X1_B_ZN_NAND2_X1_A1_ZN_NAND3_X1_A3_A1 (net)                                                         | 3      |             |            |            | 0.000       |        |                 |
| alu_mod.bus_in_data_csr_21__NOR3_X1_A1_ZN_AOI211_X1_B_C2_NOR3_X1_A3_ZN_OAI21_X1_B1_ZN_OAI221_X1_C2_ZN_AOI221_X1_B2_ZN_AOI211_X2_B_A_AND3_X1_ZN:A1 (AND3_X1)     |        | 0.001       | 0.000      | 0.016      |             | 0.000  | 0.569r          |
| alu_mod.bus_in_data_csr_21__NOR3_X1_A1_ZN_AOI211_X1_B_C2_NOR3_X1_A3_ZN_OAI21_X1_B1_ZN_OAI221_X1_C2_ZN_AOI221_X1_B2_ZN_AOI211_X2_B_A_AND3_X1_ZN:ZN (AND3_X1)     |        | 0.003       | 0.000      | 0.016      |             | 0.050  | 0.619r          |
| alu_mod.bus_in_data_csr_21__NOR3_X1_A1_ZN_AOI211_X1_B_C2_NOR3_X1_A3_ZN_OAI21_X1_B1_ZN_OAI221_X1_C2_ZN_AOI221_X1_B2_ZN_AOI211_X2_B_A (net)                       | 1      |             |            |            | 0.000       |        |                 |
| alu_mod.bus_in_data_csr_21__NOR3_X1_A1_ZN_AOI211_X1_B_C2_NOR3_X1_A3_ZN_OAI21_X1_B1_ZN_OAI221_X1_C2_ZN_AOI221_X1_B2_ZN_AOI211_X2_B:A (AOI211_X2)                 |        | 0.003       | 0.000      | 0.016      |             | 0.000  | 0.619r          |
| alu_mod.bus_in_data_csr_21__NOR3_X1_A1_ZN_AOI211_X1_B_C2_NOR3_X1_A3_ZN_OAI21_X1_B1_ZN_OAI221_X1_C2_ZN_AOI221_X1_B2_ZN_AOI211_X2_B:ZN (AOI211_X2)                |        | 0.002       | 0.000      | 0.014      |             | 0.016  | 0.635f          |
| alu_mod.bus_in_data_csr_21__NOR3_X1_A1_ZN_AOI211_X1_B_C2_NOR3_X1_A3_ZN_OAI21_X1_B1_ZN_OAI221_X1_C2_ZN_AOI221_X1_B2_ZN_AOI211_X2_B_ZN (net)                      | 2      |             |            |            | 0.000       |        |                 |
| alu_mod.bus_in_data_csr_21__NOR3_X1_A1_ZN_AOI211_X1_B_C2_NOR3_X1_A3_ZN_OAI21_X1_B1_ZN_OAI221_X1_C2_ZN_AOI21_X1_B2_ZN_OAI33_X1_A1_ZN_OR4_X1_A4:A2 (OR4_X1)       |        | 0.001       | 0.000      | 0.014      |             | 0.000  | 0.635f          |
| alu_mod.bus_in_data_csr_21__NOR3_X1_A1_ZN_AOI211_X1_B_C2_NOR3_X1_A3_ZN_OAI21_X1_B1_ZN_OAI221_X1_C2_ZN_AOI21_X1_B2_ZN_OAI33_X1_A1_ZN_OR4_X1_A4:ZN (OR4_X1)       |        | 0.006       | 0.000      | 0.023      |             | 0.116  | 0.751f          |
| ex_ls_bus_exception_ls_NOR2_X1_A2_ZN_NAND3_X1_A3_ZN_AOI211_X1_B_C2_OAI211_X1_ZN_C1_AOI21_X1_ZN_B2 (net)                                                         | 3      |             |            |            | 0.000       |        |                 |
| ex_ls_bus_exception_ls_NOR2_X1_A2_ZN_NAND3_X1_A3_ZN_AOI211_X1_B_C2_OAI211_X1_ZN_C1_AOI21_X1_ZN:B2 (AOI21_X1)                                                    |        | 0.002       | 0.000      | 0.023      |             | 0.000  | 0.751f          |
| ex_ls_bus_exception_ls_NOR2_X1_A2_ZN_NAND3_X1_A3_ZN_AOI211_X1_B_C2_OAI211_X1_ZN_C1_AOI21_X1_ZN:ZN (AOI21_X1)                                                    |        | 0.003       | 0.000      | 0.028      |             | 0.044  | 0.794r          |
| ex_ls_bus_exception_ls_NOR2_X1_A2_ZN_NAND3_X1_A3_ZN_AOI211_X1_B_C2_OAI211_X1_ZN_C1 (net)                                                                        | 2      |             |            |            | 0.000       |        |                 |
| ex_ls_bus_exception_ls_NOR2_X1_A2_ZN_NAND3_X1_A3_ZN_AOI211_X1_B_C2_OAI211_X1_ZN:C1 (OAI211_X1)                                                                  |        | 0.002       | 0.000      | 0.028      |             | 0.000  | 0.794r          |
| ex_ls_bus_exception_ls_NOR2_X1_A2_ZN_NAND3_X1_A3_ZN_AOI211_X1_B_C2_OAI211_X1_ZN:ZN (OAI211_X1)                                                                  |        | 0.003       | 0.000      | 0.019      |             | 0.029  | 0.823f          |
| ex_ls_bus_exception_ls_NOR2_X1_A2_ZN_NAND3_X1_A3_ZN_AOI211_X1_B_C2 (net)                                                                                        | 2      |             |            |            | 0.000       |        |                 |
| ex_ls_bus_exception_ls_NOR2_X1_A2_ZN_NAND3_X1_A3_ZN_AOI211_X1_B_C1_NAND2_X1_A1:A2 (NAND2_X1)                                                                    |        | 0.002       | 0.000      | 0.019      |             | 0.000  | 0.823f          |
| ex_ls_bus_exception_ls_NOR2_X1_A2_ZN_NAND3_X1_A3_ZN_AOI211_X1_B_C1_NAND2_X1_A1:ZN (NAND2_X1)                                                                    |        | 0.002       | 0.000      | 0.011      |             | 0.022  | 0.845r          |
| ex_ls_bus_exception_ls_NOR2_X1_A2_ZN_NAND3_X1_A3_ZN_AOI211_X1_B_C1_NAND2_X1_A1_ZN (net)                                                                         | 1      |             |            |            | 0.000       |        |                 |
| ex_ls_bus_exception_ls_NOR2_X1_A2_ZN_NAND3_X1_A3_ZN_AOI211_X1_B_C1_NAND2_X1_A1_ZN_NAND2_X1_A2:A2 (NAND2_X1)                                                     |        | 0.002       | 0.000      | 0.011      |             | 0.000  | 0.845r          |
| ex_ls_bus_exception_ls_NOR2_X1_A2_ZN_NAND3_X1_A3_ZN_AOI211_X1_B_C1_NAND2_X1_A1_ZN_NAND2_X1_A2:ZN (NAND2_X1)                                                     |        | 0.003       | 0.000      | 0.021      |             | 0.017  | 0.862f          |
| ex_ls_bus_branch_ls_INV_X1_A_ZN_MUX2_X1_A_B (net)                                                                                                               | 3      |             |            |            | 0.000       |        |                 |
| ifu_mod.latest_row_OR3_X1_A2_A3_OR2_X1_ZN:A2 (OR2_X1)                                                                                                           |        | 0.001       | 0.000      | 0.021      |             | 0.000  | 0.862f          |
| ifu_mod.latest_row_OR3_X1_A2_A3_OR2_X1_ZN:ZN (OR2_X1)                                                                                                           |        | 0.002       | 0.000      | 0.011      |             | 0.058  | 0.920f          |
| ifu_mod.latest_row_OR3_X1_A2_A3 (net)                                                                                                                           | 2      |             |            |            | 0.000       |        |                 |
| ifu_mod.latest_row_NAND2_X1_A1_A2_NOR2_X1_ZN:A2 (NOR2_X1)                                                                                                       |        | 0.002       | 0.000      | 0.011      |             | 0.000  | 0.920f          |
| ifu_mod.latest_row_NAND2_X1_A1_A2_NOR2_X1_ZN:ZN (NOR2_X1)                                                                                                       |        | 0.002       | 0.000      | 0.017      |             | 0.030  | 0.950r          |
| ifu_mod.latest_row_NAND2_X1_A1_A2 (net)                                                                                                                         | 1      |             |            |            | 0.000       |        |                 |
| ifu_mod.latest_row_NAND2_X1_A1:A2 (NAND2_X1)                                                                                                                    |        | 0.002       | 0.000      | 0.017      |             | 0.000  | 0.950r          |
| ifu_mod.latest_row_NAND2_X1_A1:ZN (NAND2_X1)                                                                                                                    |        | 0.012       | 0.000      | 0.025      |             | 0.038  | 0.988f          |
| ifu_mod.latest_row_NAND2_X1_A1_ZN (net)                                                                                                                         | 8      |             |            |            | 0.000       |        |                 |
| ifu_mod.block_valid[6]_reg_p_D_OAI21_X1_ZN_B2_NOR2_X1_A2:A1 (NOR2_X1)                                                                                           |        | 0.002       | 0.000      | 0.025      |             | 0.000  | 0.988f          |
| ifu_mod.block_valid[6]_reg_p_D_OAI21_X1_ZN_B2_NOR2_X1_A2:ZN (NOR2_X1)                                                                                           |        | 0.001       | 0.000      | 0.014      |             | 0.026  | 1.014r          |
| ifu_mod.block_valid[6]_reg_p_D_OAI21_X1_ZN_B2_NOR2_X1_A2_ZN (net)                                                                                               | 1      |             |            |            | 0.000       |        |                 |
| ifu_mod.block_valid[6]_reg_p_D_OAI21_X1_ZN_B2_NOR2_X1_A2_ZN_CLKGATE_X1_E:E (CLKGATE_X1)                                                                         |        | 0.001       | 0.000      | 0.014      |             | 0.000  | 1.014r          |
|                                                                                                                                                                 |        |             |            |            |             |        |                 |
| clock (port)                                                                                                                                                    |        | 0.856       | 0.000      | 0.000      |             | 0.000  | 0.000r          |
| clock (clock net)                                                                                                                                               | 839    |             |            |            | NA          |        |                 |
| ifu_mod.block_valid[6]_reg_p_D_OAI21_X1_ZN_B2_NOR2_X1_A2_ZN_CLKGATE_X1_E:CK (CLKGATE_X1)                                                                        |        | 0.002       | 0.000      | 0.000      |             | 0.000  | 0.000r          |
| clock core_clock (rise edge)                                                                                                                                    |        |             |            |            |             | 1.769  | 1.769           |
| clock network delay (ideal)                                                                                                                                     |        |             |            |            |             | 0.000  | 1.769           |
| ifu_mod.block_valid[6]_reg_p_D_OAI21_X1_ZN_B2_NOR2_X1_A2_ZN_CLKGATE_X1_E:CK (CLKGATE_X1)                                                                        |        |             |            |            |             |        | 1.769r          |
| library setup time                                                                                                                                              |        |             |            |            |             | -0.051 | 1.718           |
| clock reconvergence pessimism                                                                                                                                   |        |             |            |            |             | 0.000  | 1.718           |
|                                                                                                                                                                 |        |             |            |            |             |        |                 |
| path cell delay                                                                                                                                                 |        |             |            |            |             |        | 1.014(100.000%) |
| path net delay                                                                                                                                                  |        |             |            |            |             |        | 0.000(0.000%)   |
|                                                                                                                                                                 |        |             |            |            |             |        |                 |
| data require time                                                                                                                                               |        |             |            |            |             |        | 1.718           |
| data arrival time                                                                                                                                               |        |             |            |            |             |        | 1.014           |
| slack (MET)                                                                                                                                                     |        |             |            |            |             |        | 0.704           |
+-----------------------------------------------------------------------------------------------------------------------------------------------------------------+--------+-------------+------------+------------+-------------+--------+-----------------+
+-----------------------------------------------------------+--------+-------------+------------+------------+-------------+--------+-----------------+
| Point                                                     | Fanout | Capacitance | Resistance | Transition | Delta Delay | Incr   | Path            |
+-----------------------------------------------------------+--------+-------------+------------+------------+-------------+--------+-----------------+
| clock (port)                                              |        | 0.856       | 0.000      | 0.000      |             | 0.000  | 0.000r          |
| clock (clock net)                                         | 839    |             |            |            | NA          |        |                 |
| icache_mod.state_1__reg_p:CK (DFF_X1)                     |        | 0.001       | 0.000      | 0.000      |             | 0.000  | 0.000r          |
| clock core_clock (rise edge)                              |        |             |            |            |             | 0      | 0               |
| clock network delay (ideal)                               |        |             |            |            |             | 0.000  | 0.000           |
| icache_mod.state_1__reg_p:CK (DFF_X1)                     |        | 0.001       | 0.000      | 0.000      |             | 0.000  | 0.000r          |
| icache_mod.state_1__reg_p:QN (DFF_X1)                     |        | 0.004       | 0.000      | 0.015      |             | 0.069  | 0.069r          |
| icache_mod.trans_reg_p_D (net)                            | 3      |             |            |            | 0.000       |        |                 |
| icache_mod.trans_reg_p:D (DFF_X1)                         |        | 0.001       | 0.000      | 0.015      |             | 0.000  | 0.069r          |
|                                                           |        |             |            |            |             |        |                 |
| clock (port)                                              |        | 0.856       | 0.000      | 0.000      |             | 0.000  | 0.000r          |
| clock (clock net)                                         | 839    |             |            |            | NA          |        |                 |
| icache_mod.trans_reg_p_CK_CLKGATE_X1_GCK:CK (CLKGATE_X1)  |        | 0.002       | 0.000      | 0.000      |             | 0.000  | 0.000r          |
| icache_mod.trans_reg_p_CK_CLKGATE_X1_GCK:GCK (CLKGATE_X1) |        | 0.001       | 0.000      | 0.000      |             | 0.000  | 0.000r          |
| icache_mod.trans_reg_p_CK (clock net)                     | 1      |             |            |            | NA          |        |                 |
| icache_mod.trans_reg_p:CK (DFF_X1)                        |        | 0.001       | 0.000      | 0.000      |             | 0.000  | 0.000r          |
| clock core_clock (rise edge)                              |        |             |            |            |             | 0      | 0               |
| clock network delay (ideal)                               |        |             |            |            |             | 0.000  | 0.000           |
| icache_mod.trans_reg_p:CK (DFF_X1)                        |        |             |            |            |             |        | 0.000r          |
| library hold time                                         |        |             |            |            |             | 0.008  | 0.008           |
| clock reconvergence pessimism                             |        |             |            |            |             | -0.000 | 0.008           |
|                                                           |        |             |            |            |             |        |                 |
| path cell delay                                           |        |             |            |            |             |        | 0.069(100.000%) |
| path net delay                                            |        |             |            |            |             |        | 0.000(0.000%)   |
|                                                           |        |             |            |            |             |        |                 |
| data require time                                         |        |             |            |            |             |        | 0.008           |
| data arrival time                                         |        |             |            |            |             |        | 0.069           |
| slack (MET)                                               |        |             |            |            |             |        | 0.061           |
+-----------------------------------------------------------+--------+-------------+------------+------------+-------------+--------+-----------------+
+-----------------------------------------------------------+--------+-------------+------------+------------+-------------+--------+-----------------+
| Point                                                     | Fanout | Capacitance | Resistance | Transition | Delta Delay | Incr   | Path            |
+-----------------------------------------------------------+--------+-------------+------------+------------+-------------+--------+-----------------+
| clock (port)                                              |        | 0.856       | 0.000      | 0.000      |             | 0.000  | 0.000r          |
| clock (clock net)                                         | 839    |             |            |            | NA          |        |                 |
| icache_mod.state_1__reg_p:CK (DFF_X1)                     |        | 0.001       | 0.000      | 0.000      |             | 0.000  | 0.000r          |
| clock core_clock (rise edge)                              |        |             |            |            |             | 0      | 0               |
| clock network delay (ideal)                               |        |             |            |            |             | 0.000  | 0.000           |
| icache_mod.state_1__reg_p:CK (DFF_X1)                     |        | 0.001       | 0.000      | 0.000      |             | 0.000  | 0.000r          |
| icache_mod.state_1__reg_p:QN (DFF_X1)                     |        | 0.004       | 0.000      | 0.015      |             | 0.069  | 0.069r          |
| icache_mod.trans_reg_p_D (net)                            | 3      |             |            |            | 0.000       |        |                 |
| icache_mod.trans_reg_p:D (DFF_X1)                         |        | 0.001       | 0.000      | 0.015      |             | 0.000  | 0.069r          |
|                                                           |        |             |            |            |             |        |                 |
| clock (port)                                              |        | 0.856       | 0.000      | 0.000      |             | 0.000  | 0.000r          |
| clock (clock net)                                         | 839    |             |            |            | NA          |        |                 |
| icache_mod.trans_reg_p_CK_CLKGATE_X1_GCK:CK (CLKGATE_X1)  |        | 0.002       | 0.000      | 0.000      |             | 0.000  | 0.000r          |
| icache_mod.trans_reg_p_CK_CLKGATE_X1_GCK:GCK (CLKGATE_X1) |        | 0.001       | 0.000      | 0.000      |             | 0.000  | 0.000r          |
| icache_mod.trans_reg_p_CK (clock net)                     | 1      |             |            |            | NA          |        |                 |
| icache_mod.trans_reg_p:CK (DFF_X1)                        |        | 0.001       | 0.000      | 0.000      |             | 0.000  | 0.000r          |
| clock core_clock (rise edge)                              |        |             |            |            |             | 0      | 0               |
| clock network delay (ideal)                               |        |             |            |            |             | 0.000  | 0.000           |
| icache_mod.trans_reg_p:CK (DFF_X1)                        |        |             |            |            |             |        | 0.000r          |
| library hold time                                         |        |             |            |            |             | 0.008  | 0.008           |
| clock reconvergence pessimism                             |        |             |            |            |             | -0.000 | 0.008           |
|                                                           |        |             |            |            |             |        |                 |
| path cell delay                                           |        |             |            |            |             |        | 0.069(100.000%) |
| path net delay                                            |        |             |            |            |             |        | 0.000(0.000%)   |
|                                                           |        |             |            |            |             |        |                 |
| data require time                                         |        |             |            |            |             |        | 0.008           |
| data arrival time                                         |        |             |            |            |             |        | 0.069           |
| slack (MET)                                               |        |             |            |            |             |        | 0.061           |
+-----------------------------------------------------------+--------+-------------+------------+------------+-------------+--------+-----------------+
+----------------------------------------------------------+--------+-------------+------------+------------+-------------+--------+-----------------+
| Point                                                    | Fanout | Capacitance | Resistance | Transition | Delta Delay | Incr   | Path            |
+----------------------------------------------------------+--------+-------------+------------+------------+-------------+--------+-----------------+
| clock (port)                                             |        | 0.856       | 0.000      | 0.000      |             | 0.000  | 0.000r          |
| clock (clock net)                                        | 839    |             |            |            | NA          |        |                 |
| lsu_mod.lsu_r_1__reg_p:CK (DFF_X1)                       |        | 0.001       | 0.000      | 0.000      |             | 0.000  | 0.000r          |
| clock core_clock (rise edge)                             |        |             |            |            |             | 0      | 0               |
| clock network delay (ideal)                              |        |             |            |            |             | 0.000  | 0.000           |
| lsu_mod.lsu_r_1__reg_p:CK (DFF_X1)                       |        | 0.001       | 0.000      | 0.000      |             | 0.000  | 0.000r          |
| lsu_mod.lsu_r_1__reg_p:QN (DFF_X1)                       |        | 0.004       | 0.000      | 0.017      |             | 0.071  | 0.071r          |
| lsu_mod.trans_r_reg_p_D (net)                            | 3      |             |            |            | 0.000       |        |                 |
| lsu_mod.trans_r_reg_p:D (DFF_X1)                         |        | 0.001       | 0.000      | 0.017      |             | 0.000  | 0.071r          |
|                                                          |        |             |            |            |             |        |                 |
| clock (port)                                             |        | 0.856       | 0.000      | 0.000      |             | 0.000  | 0.000r          |
| clock (clock net)                                        | 839    |             |            |            | NA          |        |                 |
| lsu_mod.trans_r_reg_p_CK_CLKGATE_X1_GCK:CK (CLKGATE_X1)  |        | 0.002       | 0.000      | 0.000      |             | 0.000  | 0.000r          |
| lsu_mod.trans_r_reg_p_CK_CLKGATE_X1_GCK:GCK (CLKGATE_X1) |        | 0.001       | 0.000      | 0.000      |             | 0.000  | 0.000r          |
| lsu_mod.trans_r_reg_p_CK (clock net)                     | 1      |             |            |            | NA          |        |                 |
| lsu_mod.trans_r_reg_p:CK (DFF_X1)                        |        | 0.001       | 0.000      | 0.000      |             | 0.000  | 0.000r          |
| clock core_clock (rise edge)                             |        |             |            |            |             | 0      | 0               |
| clock network delay (ideal)                              |        |             |            |            |             | 0.000  | 0.000           |
| lsu_mod.trans_r_reg_p:CK (DFF_X1)                        |        |             |            |            |             |        | 0.000r          |
| library hold time                                        |        |             |            |            |             | 0.008  | 0.008           |
| clock reconvergence pessimism                            |        |             |            |            |             | -0.000 | 0.008           |
|                                                          |        |             |            |            |             |        |                 |
| path cell delay                                          |        |             |            |            |             |        | 0.071(100.000%) |
| path net delay                                           |        |             |            |            |             |        | 0.000(0.000%)   |
|                                                          |        |             |            |            |             |        |                 |
| data require time                                        |        |             |            |            |             |        | 0.008           |
| data arrival time                                        |        |             |            |            |             |        | 0.071           |
| slack (MET)                                              |        |             |            |            |             |        | 0.063           |
+----------------------------------------------------------+--------+-------------+------------+------------+-------------+--------+-----------------+
+----------------------------------------------------------+--------+-------------+------------+------------+-------------+--------+-----------------+
| Point                                                    | Fanout | Capacitance | Resistance | Transition | Delta Delay | Incr   | Path            |
+----------------------------------------------------------+--------+-------------+------------+------------+-------------+--------+-----------------+
| clock (port)                                             |        | 0.856       | 0.000      | 0.000      |             | 0.000  | 0.000r          |
| clock (clock net)                                        | 839    |             |            |            | NA          |        |                 |
| lsu_mod.lsu_r_1__reg_p:CK (DFF_X1)                       |        | 0.001       | 0.000      | 0.000      |             | 0.000  | 0.000r          |
| clock core_clock (rise edge)                             |        |             |            |            |             | 0      | 0               |
| clock network delay (ideal)                              |        |             |            |            |             | 0.000  | 0.000           |
| lsu_mod.lsu_r_1__reg_p:CK (DFF_X1)                       |        | 0.001       | 0.000      | 0.000      |             | 0.000  | 0.000r          |
| lsu_mod.lsu_r_1__reg_p:QN (DFF_X1)                       |        | 0.004       | 0.000      | 0.017      |             | 0.071  | 0.071r          |
| lsu_mod.trans_r_reg_p_D (net)                            | 3      |             |            |            | 0.000       |        |                 |
| lsu_mod.trans_r_reg_p:D (DFF_X1)                         |        | 0.001       | 0.000      | 0.017      |             | 0.000  | 0.071r          |
|                                                          |        |             |            |            |             |        |                 |
| clock (port)                                             |        | 0.856       | 0.000      | 0.000      |             | 0.000  | 0.000r          |
| clock (clock net)                                        | 839    |             |            |            | NA          |        |                 |
| lsu_mod.trans_r_reg_p_CK_CLKGATE_X1_GCK:CK (CLKGATE_X1)  |        | 0.002       | 0.000      | 0.000      |             | 0.000  | 0.000r          |
| lsu_mod.trans_r_reg_p_CK_CLKGATE_X1_GCK:GCK (CLKGATE_X1) |        | 0.001       | 0.000      | 0.000      |             | 0.000  | 0.000r          |
| lsu_mod.trans_r_reg_p_CK (clock net)                     | 1      |             |            |            | NA          |        |                 |
| lsu_mod.trans_r_reg_p:CK (DFF_X1)                        |        | 0.001       | 0.000      | 0.000      |             | 0.000  | 0.000r          |
| clock core_clock (rise edge)                             |        |             |            |            |             | 0      | 0               |
| clock network delay (ideal)                              |        |             |            |            |             | 0.000  | 0.000           |
| lsu_mod.trans_r_reg_p:CK (DFF_X1)                        |        |             |            |            |             |        | 0.000r          |
| library hold time                                        |        |             |            |            |             | 0.008  | 0.008           |
| clock reconvergence pessimism                            |        |             |            |            |             | -0.000 | 0.008           |
|                                                          |        |             |            |            |             |        |                 |
| path cell delay                                          |        |             |            |            |             |        | 0.071(100.000%) |
| path net delay                                           |        |             |            |            |             |        | 0.000(0.000%)   |
|                                                          |        |             |            |            |             |        |                 |
| data require time                                        |        |             |            |            |             |        | 0.008           |
| data arrival time                                        |        |             |            |            |             |        | 0.071           |
| slack (MET)                                              |        |             |            |            |             |        | 0.063           |
+----------------------------------------------------------+--------+-------------+------------+------------+-------------+--------+-----------------+
+-----------------------------------------------------------+--------+-------------+------------+------------+-------------+--------+-----------------+
| Point                                                     | Fanout | Capacitance | Resistance | Transition | Delta Delay | Incr   | Path            |
+-----------------------------------------------------------+--------+-------------+------------+------------+-------------+--------+-----------------+
| clock (port)                                              |        | 0.856       | 0.000      | 0.000      |             | 0.000  | 0.000r          |
| clock (clock net)                                         | 839    |             |            |            | NA          |        |                 |
| icache_mod.state_1__reg_p:CK (DFF_X1)                     |        | 0.001       | 0.000      | 0.000      |             | 0.000  | 0.000r          |
| clock core_clock (rise edge)                              |        |             |            |            |             | 0      | 0               |
| clock network delay (ideal)                               |        |             |            |            |             | 0.000  | 0.000           |
| icache_mod.state_1__reg_p:CK (DFF_X1)                     |        | 0.001       | 0.000      | 0.000      |             | 0.000  | 0.000r          |
| icache_mod.state_1__reg_p:QN (DFF_X1)                     |        | 0.003       | 0.000      | 0.014      |             | 0.069  | 0.069f          |
| icache_mod.trans_reg_p_D (net)                            | 3      |             |            |            | 0.000       |        |                 |
| icache_mod.trans_reg_p:D (DFF_X1)                         |        | 0.001       | 0.000      | 0.014      |             | 0.000  | 0.069f          |
|                                                           |        |             |            |            |             |        |                 |
| clock (port)                                              |        | 0.856       | 0.000      | 0.000      |             | 0.000  | 0.000r          |
| clock (clock net)                                         | 839    |             |            |            | NA          |        |                 |
| icache_mod.trans_reg_p_CK_CLKGATE_X1_GCK:CK (CLKGATE_X1)  |        | 0.002       | 0.000      | 0.000      |             | 0.000  | 0.000r          |
| icache_mod.trans_reg_p_CK_CLKGATE_X1_GCK:GCK (CLKGATE_X1) |        | 0.001       | 0.000      | 0.000      |             | 0.000  | 0.000r          |
| icache_mod.trans_reg_p_CK (clock net)                     | 1      |             |            |            | NA          |        |                 |
| icache_mod.trans_reg_p:CK (DFF_X1)                        |        | 0.001       | 0.000      | 0.000      |             | 0.000  | 0.000r          |
| clock core_clock (rise edge)                              |        |             |            |            |             | 0      | 0               |
| clock network delay (ideal)                               |        |             |            |            |             | 0.000  | 0.000           |
| icache_mod.trans_reg_p:CK (DFF_X1)                        |        |             |            |            |             |        | 0.000r          |
| library hold time                                         |        |             |            |            |             | 0.002  | 0.002           |
| clock reconvergence pessimism                             |        |             |            |            |             | -0.000 | 0.002           |
|                                                           |        |             |            |            |             |        |                 |
| path cell delay                                           |        |             |            |            |             |        | 0.069(100.000%) |
| path net delay                                            |        |             |            |            |             |        | 0.000(0.000%)   |
|                                                           |        |             |            |            |             |        |                 |
| data require time                                         |        |             |            |            |             |        | 0.002           |
| data arrival time                                         |        |             |            |            |             |        | 0.069           |
| slack (MET)                                               |        |             |            |            |             |        | 0.067           |
+-----------------------------------------------------------+--------+-------------+------------+------------+-------------+--------+-----------------+
+-----------------------------------------------------------------------+--------+-------------+------------+------------+-------------+--------+-----------------+
| Point                                                                 | Fanout | Capacitance | Resistance | Transition | Delta Delay | Incr   | Path            |
+-----------------------------------------------------------------------+--------+-------------+------------+------------+-------------+--------+-----------------+
| clock (port)                                                          |        | 0.856       | 0.000      | 0.000      |             | 0.000  | 0.000r          |
| clock (clock net)                                                     | 839    |             |            |            | NA          |        |                 |
| icache_mod.state_1__reg_p:CK (DFF_X1)                                 |        | 0.001       | 0.000      | 0.000      |             | 0.000  | 0.000r          |
| clock core_clock (rise edge)                                          |        |             |            |            |             | 0      | 0               |
| clock network delay (ideal)                                           |        |             |            |            |             | 0.000  | 0.000           |
| icache_mod.state_1__reg_p:CK (DFF_X1)                                 |        | 0.001       | 0.000      | 0.000      |             | 0.000  | 0.000r          |
| icache_mod.state_1__reg_p:QN (DFF_X1)                                 |        | 0.004       | 0.000      | 0.015      |             | 0.069  | 0.069r          |
| icache_mod.trans_reg_p_D (net)                                        | 3      |             |            |            | 0.000       |        |                 |
| icache_mod.trans_reg_p_D_INV_X1_A:A (INV_X1)                          |        | 0.002       | 0.000      | 0.015      |             | 0.000  | 0.069r          |
| icache_mod.trans_reg_p_D_INV_X1_A:ZN (INV_X1)                         |        | 0.001       | 0.000      | 0.006      |             | 0.009  | 0.078f          |
| icache_mod.trans_reg_p_D_INV_X1_A_ZN (net)                            | 1      |             |            |            | 0.000       |        |                 |
| icache_mod.state_0__reg_p_QN_NOR2_X1_A1_ZN_AOI211_X1_B:C1 (AOI211_X1) |        | 0.002       | 0.000      | 0.006      |             | 0.000  | 0.078f          |
| icache_mod.state_0__reg_p_QN_NOR2_X1_A1_ZN_AOI211_X1_B:ZN (AOI211_X1) |        | 0.001       | 0.000      | 0.026      |             | 0.031  | 0.109r          |
| icache_mod.trans_reg_p_CK_CLKGATE_X1_GCK_E (net)                      | 1      |             |            |            | 0.000       |        |                 |
| icache_mod.trans_reg_p_CK_CLKGATE_X1_GCK:E (CLKGATE_X1)               |        | 0.001       | 0.000      | 0.026      |             | 0.000  | 0.109r          |
|                                                                       |        |             |            |            |             |        |                 |
| clock (port)                                                          |        | 0.856       | 0.000      | 0.000      |             | 0.000  | 0.000r          |
| clock (clock net)                                                     | 839    |             |            |            | NA          |        |                 |
| icache_mod.trans_reg_p_CK_CLKGATE_X1_GCK:CK (CLKGATE_X1)              |        | 0.002       | 0.000      | 0.000      |             | 0.000  | 0.000r          |
| clock core_clock (rise edge)                                          |        |             |            |            |             | 0      | 0               |
| clock network delay (ideal)                                           |        |             |            |            |             | 0.000  | 0.000           |
| icache_mod.trans_reg_p_CK_CLKGATE_X1_GCK:CK (CLKGATE_X1)              |        |             |            |            |             |        | 0.000r          |
| library hold time                                                     |        |             |            |            |             | 0.001  | 0.001           |
| clock reconvergence pessimism                                         |        |             |            |            |             | -0.000 | 0.001           |
|                                                                       |        |             |            |            |             |        |                 |
| path cell delay                                                       |        |             |            |            |             |        | 0.109(100.000%) |
| path net delay                                                        |        |             |            |            |             |        | 0.000(0.000%)   |
|                                                                       |        |             |            |            |             |        |                 |
| data require time                                                     |        |             |            |            |             |        | 0.001           |
| data arrival time                                                     |        |             |            |            |             |        | 0.109           |
| slack (MET)                                                           |        |             |            |            |             |        | 0.107           |
+-----------------------------------------------------------------------+--------+-------------+------------+------------+-------------+--------+-----------------+
+-----------------------------------------------------------------------+--------+-------------+------------+------------+-------------+--------+-----------------+
| Point                                                                 | Fanout | Capacitance | Resistance | Transition | Delta Delay | Incr   | Path            |
+-----------------------------------------------------------------------+--------+-------------+------------+------------+-------------+--------+-----------------+
| clock (port)                                                          |        | 0.856       | 0.000      | 0.000      |             | 0.000  | 0.000r          |
| clock (clock net)                                                     | 839    |             |            |            | NA          |        |                 |
| icache_mod.state_1__reg_p:CK (DFF_X1)                                 |        | 0.001       | 0.000      | 0.000      |             | 0.000  | 0.000r          |
| clock core_clock (rise edge)                                          |        |             |            |            |             | 0      | 0               |
| clock network delay (ideal)                                           |        |             |            |            |             | 0.000  | 0.000           |
| icache_mod.state_1__reg_p:CK (DFF_X1)                                 |        | 0.001       | 0.000      | 0.000      |             | 0.000  | 0.000r          |
| icache_mod.state_1__reg_p:QN (DFF_X1)                                 |        | 0.003       | 0.000      | 0.014      |             | 0.069  | 0.069f          |
| icache_mod.trans_reg_p_D (net)                                        | 3      |             |            |            | 0.000       |        |                 |
| icache_mod.trans_reg_p_D_INV_X1_A:A (INV_X1)                          |        | 0.002       | 0.000      | 0.014      |             | 0.000  | 0.069f          |
| icache_mod.trans_reg_p_D_INV_X1_A:ZN (INV_X1)                         |        | 0.002       | 0.000      | 0.009      |             | 0.016  | 0.085r          |
| icache_mod.trans_reg_p_D_INV_X1_A_ZN (net)                            | 1      |             |            |            | 0.000       |        |                 |
| icache_mod.state_0__reg_p_QN_NOR2_X1_A1_ZN_AOI211_X1_B:C1 (AOI211_X1) |        | 0.002       | 0.000      | 0.009      |             | 0.000  | 0.085r          |
| icache_mod.state_0__reg_p_QN_NOR2_X1_A1_ZN_AOI211_X1_B:ZN (AOI211_X1) |        | 0.001       | 0.000      | 0.007      |             | 0.013  | 0.098f          |
| icache_mod.trans_reg_p_CK_CLKGATE_X1_GCK_E (net)                      | 1      |             |            |            | 0.000       |        |                 |
| icache_mod.trans_reg_p_CK_CLKGATE_X1_GCK:E (CLKGATE_X1)               |        | 0.001       | 0.000      | 0.007      |             | 0.000  | 0.098f          |
|                                                                       |        |             |            |            |             |        |                 |
| clock (port)                                                          |        | 0.856       | 0.000      | 0.000      |             | 0.000  | 0.000r          |
| clock (clock net)                                                     | 839    |             |            |            | NA          |        |                 |
| icache_mod.trans_reg_p_CK_CLKGATE_X1_GCK:CK (CLKGATE_X1)              |        | 0.002       | 0.000      | 0.000      |             | 0.000  | 0.000r          |
| clock core_clock (rise edge)                                          |        |             |            |            |             | 0      | 0               |
| clock network delay (ideal)                                           |        |             |            |            |             | 0.000  | 0.000           |
| icache_mod.trans_reg_p_CK_CLKGATE_X1_GCK:CK (CLKGATE_X1)              |        |             |            |            |             |        | 0.000r          |
| library hold time                                                     |        |             |            |            |             | -0.016 | -0.016          |
| clock reconvergence pessimism                                         |        |             |            |            |             | -0.000 | -0.016          |
|                                                                       |        |             |            |            |             |        |                 |
| path cell delay                                                       |        |             |            |            |             |        | 0.098(100.000%) |
| path net delay                                                        |        |             |            |            |             |        | 0.000(0.000%)   |
|                                                                       |        |             |            |            |             |        |                 |
| data require time                                                     |        |             |            |            |             |        | -0.016          |
| data arrival time                                                     |        |             |            |            |             |        | 0.098           |
| slack (MET)                                                           |        |             |            |            |             |        | 0.114           |
+-----------------------------------------------------------------------+--------+-------------+------------+------------+-------------+--------+-----------------+
+---------------------------------------------------------+--------+-------------+------------+------------+-------------+--------+-----------------+
| Point                                                   | Fanout | Capacitance | Resistance | Transition | Delta Delay | Incr   | Path            |
+---------------------------------------------------------+--------+-------------+------------+------------+-------------+--------+-----------------+
| clock (port)                                            |        | 0.856       | 0.000      | 0.000      |             | 0.000  | 0.000r          |
| clock (clock net)                                       | 839    |             |            |            | NA          |        |                 |
| lsu_mod.lsu_r_1__reg_p:CK (DFF_X1)                      |        | 0.001       | 0.000      | 0.000      |             | 0.000  | 0.000r          |
| clock core_clock (rise edge)                            |        |             |            |            |             | 0      | 0               |
| clock network delay (ideal)                             |        |             |            |            |             | 0.000  | 0.000           |
| lsu_mod.lsu_r_1__reg_p:CK (DFF_X1)                      |        | 0.001       | 0.000      | 0.000      |             | 0.000  | 0.000r          |
| lsu_mod.lsu_r_1__reg_p:QN (DFF_X1)                      |        | 0.004       | 0.000      | 0.017      |             | 0.071  | 0.071r          |
| lsu_mod.trans_r_reg_p_D (net)                           | 3      |             |            |            | 0.000       |        |                 |
| lsu_mod.lsu_r_1__OAI221_X1_C2:B2 (OAI221_X1)            |        | 0.002       | 0.000      | 0.017      |             | 0.000  | 0.071r          |
| lsu_mod.lsu_r_1__OAI221_X1_C2:ZN (OAI221_X1)            |        | 0.002       | 0.000      | 0.015      |             | 0.035  | 0.106f          |
| lsu_mod.lsu_r_1__OAI221_X1_C2_ZN (net)                  | 1      |             |            |            | 0.000       |        |                 |
| lsu_mod.lsu_r_1__OAI221_X1_C2_ZN_INV_X1_A:A (INV_X1)    |        | 0.002       | 0.000      | 0.015      |             | 0.000  | 0.106f          |
| lsu_mod.lsu_r_1__OAI221_X1_C2_ZN_INV_X1_A:ZN (INV_X1)   |        | 0.001       | 0.000      | 0.007      |             | 0.013  | 0.119r          |
| lsu_mod.trans_r_reg_p_CK_CLKGATE_X1_GCK_E (net)         | 1      |             |            |            | 0.000       |        |                 |
| lsu_mod.trans_r_reg_p_CK_CLKGATE_X1_GCK:E (CLKGATE_X1)  |        | 0.001       | 0.000      | 0.007      |             | 0.000  | 0.119r          |
|                                                         |        |             |            |            |             |        |                 |
| clock (port)                                            |        | 0.856       | 0.000      | 0.000      |             | 0.000  | 0.000r          |
| clock (clock net)                                       | 839    |             |            |            | NA          |        |                 |
| lsu_mod.trans_r_reg_p_CK_CLKGATE_X1_GCK:CK (CLKGATE_X1) |        | 0.002       | 0.000      | 0.000      |             | 0.000  | 0.000r          |
| clock core_clock (rise edge)                            |        |             |            |            |             | 0      | 0               |
| clock network delay (ideal)                             |        |             |            |            |             | 0.000  | 0.000           |
| lsu_mod.trans_r_reg_p_CK_CLKGATE_X1_GCK:CK (CLKGATE_X1) |        |             |            |            |             |        | 0.000r          |
| library hold time                                       |        |             |            |            |             | -0.002 | -0.002          |
| clock reconvergence pessimism                           |        |             |            |            |             | -0.000 | -0.002          |
|                                                         |        |             |            |            |             |        |                 |
| path cell delay                                         |        |             |            |            |             |        | 0.119(100.000%) |
| path net delay                                          |        |             |            |            |             |        | 0.000(0.000%)   |
|                                                         |        |             |            |            |             |        |                 |
| data require time                                       |        |             |            |            |             |        | -0.002          |
| data arrival time                                       |        |             |            |            |             |        | 0.119           |
| slack (MET)                                             |        |             |            |            |             |        | 0.120           |
+---------------------------------------------------------+--------+-------------+------------+------------+-------------+--------+-----------------+
+---------------------------------------------------------+--------+-------------+------------+------------+-------------+--------+-----------------+
| Point                                                   | Fanout | Capacitance | Resistance | Transition | Delta Delay | Incr   | Path            |
+---------------------------------------------------------+--------+-------------+------------+------------+-------------+--------+-----------------+
| clock (port)                                            |        | 0.856       | 0.000      | 0.000      |             | 0.000  | 0.000r          |
| clock (clock net)                                       | 839    |             |            |            | NA          |        |                 |
| lsu_mod.lsu_r_0__reg_p:CK (DFF_X1)                      |        | 0.001       | 0.000      | 0.000      |             | 0.000  | 0.000r          |
| clock core_clock (rise edge)                            |        |             |            |            |             | 0      | 0               |
| clock network delay (ideal)                             |        |             |            |            |             | 0.000  | 0.000           |
| lsu_mod.lsu_r_0__reg_p:CK (DFF_X1)                      |        | 0.001       | 0.000      | 0.000      |             | 0.000  | 0.000r          |
| lsu_mod.lsu_r_0__reg_p:Q (DFF_X1)                       |        | 0.004       | 0.000      | 0.009      |             | 0.083  | 0.083f          |
| lsu_mod.lsu_r_0_ (net)                                  | 3      |             |            |            | 0.000       |        |                 |
| lsu_mod.lsu_r_1__OAI221_X1_C2:C1 (OAI221_X1)            |        | 0.002       | 0.000      | 0.009      |             | 0.000  | 0.083f          |
| lsu_mod.lsu_r_1__OAI221_X1_C2:ZN (OAI221_X1)            |        | 0.002       | 0.000      | 0.017      |             | 0.031  | 0.114r          |
| lsu_mod.lsu_r_1__OAI221_X1_C2_ZN (net)                  | 1      |             |            |            | 0.000       |        |                 |
| lsu_mod.lsu_r_1__OAI221_X1_C2_ZN_INV_X1_A:A (INV_X1)    |        | 0.002       | 0.000      | 0.017      |             | 0.000  | 0.114r          |
| lsu_mod.lsu_r_1__OAI221_X1_C2_ZN_INV_X1_A:ZN (INV_X1)   |        | 0.001       | 0.000      | 0.005      |             | 0.007  | 0.122f          |
| lsu_mod.trans_r_reg_p_CK_CLKGATE_X1_GCK_E (net)         | 1      |             |            |            | 0.000       |        |                 |
| lsu_mod.trans_r_reg_p_CK_CLKGATE_X1_GCK:E (CLKGATE_X1)  |        | 0.001       | 0.000      | 0.005      |             | 0.000  | 0.122f          |
|                                                         |        |             |            |            |             |        |                 |
| clock (port)                                            |        | 0.856       | 0.000      | 0.000      |             | 0.000  | 0.000r          |
| clock (clock net)                                       | 839    |             |            |            | NA          |        |                 |
| lsu_mod.trans_r_reg_p_CK_CLKGATE_X1_GCK:CK (CLKGATE_X1) |        | 0.002       | 0.000      | 0.000      |             | 0.000  | 0.000r          |
| clock core_clock (rise edge)                            |        |             |            |            |             | 0      | 0               |
| clock network delay (ideal)                             |        |             |            |            |             | 0.000  | 0.000           |
| lsu_mod.trans_r_reg_p_CK_CLKGATE_X1_GCK:CK (CLKGATE_X1) |        |             |            |            |             |        | 0.000r          |
| library hold time                                       |        |             |            |            |             | -0.016 | -0.016          |
| clock reconvergence pessimism                           |        |             |            |            |             | -0.000 | -0.016          |
|                                                         |        |             |            |            |             |        |                 |
| path cell delay                                         |        |             |            |            |             |        | 0.122(100.000%) |
| path net delay                                          |        |             |            |            |             |        | 0.000(0.000%)   |
|                                                         |        |             |            |            |             |        |                 |
| data require time                                       |        |             |            |            |             |        | -0.016          |
| data arrival time                                       |        |             |            |            |             |        | 0.122           |
| slack (MET)                                             |        |             |            |            |             |        | 0.137           |
+---------------------------------------------------------+--------+-------------+------------+------------+-------------+--------+-----------------+
+-------------------------------------------------------------------------------------------------------------------------------------------------------+--------+-------------+------------+------------+-------------+--------+-----------------+
| Point                                                                                                                                                 | Fanout | Capacitance | Resistance | Transition | Delta Delay | Incr   | Path            |
+-------------------------------------------------------------------------------------------------------------------------------------------------------+--------+-------------+------------+------------+-------------+--------+-----------------+
| clock (port)                                                                                                                                          |        | 0.856       | 0.000      | 0.000      |             | 0.000  | 0.000r          |
| clock (clock net)                                                                                                                                     | 839    |             |            |            | NA          |        |                 |
| decode_mod.wb_rd_1__reg_p:CK (DFF_X1)                                                                                                                 |        | 0.001       | 0.000      | 0.000      |             | 0.000  | 0.000r          |
| clock core_clock (rise edge)                                                                                                                          |        |             |            |            |             | 0      | 0               |
| clock network delay (ideal)                                                                                                                           |        |             |            |            |             | 0.000  | 0.000           |
| decode_mod.wb_rd_1__reg_p:CK (DFF_X1)                                                                                                                 |        | 0.001       | 0.000      | 0.000      |             | 0.000  | 0.000r          |
| decode_mod.wb_rd_1__reg_p:Q (DFF_X1)                                                                                                                  |        | 0.012       | 0.000      | 0.017      |             | 0.095  | 0.095f          |
| decode_mod.wb_rd_1_ (net)                                                                                                                             | 8      |             |            |            | 0.000       |        |                 |
| alu_mod.bus_in_rs1_4__AOI21_X1_B2_A_NOR2_X1_ZN_A1_MUX2_X1_S_B_AOI21_X1_ZN_B1_AND2_X1_A2_A1_AND3_X1_A3_1_ZN_AND3_X1_A3:A1 (AND3_X1)                    |        | 0.001       | 0.000      | 0.017      |             | 0.000  | 0.095f          |
| alu_mod.bus_in_rs1_4__AOI21_X1_B2_A_NOR2_X1_ZN_A1_MUX2_X1_S_B_AOI21_X1_ZN_B1_AND2_X1_A2_A1_AND3_X1_A3_1_ZN_AND3_X1_A3:ZN (AND3_X1)                    |        | 0.001       | 0.000      | 0.006      |             | 0.033  | 0.128f          |
| alu_mod.bus_in_rs1_4__AOI21_X1_B2_A_NOR2_X1_ZN_A1_MUX2_X1_S_B_AOI21_X1_ZN_B1_AND2_X1_A2_A1_AND3_X1_A3_1_ZN_AND3_X1_A3_ZN (net)                        | 1      |             |            |            | 0.000       |        |                 |
| alu_mod.bus_in_rs1_4__AOI21_X1_B2_A_NOR2_X1_ZN_A1_MUX2_X1_S_B_AOI21_X1_ZN_B1_AND2_X1_A2_A1_AND3_X1_A3_1_ZN_AND3_X1_A3_ZN_CLKGATE_X1_E:E (CLKGATE_X1)  |        | 0.001       | 0.000      | 0.006      |             | 0.000  | 0.128f          |
|                                                                                                                                                       |        |             |            |            |             |        |                 |
| clock (port)                                                                                                                                          |        | 0.856       | 0.000      | 0.000      |             | 0.000  | 0.000r          |
| clock (clock net)                                                                                                                                     | 839    |             |            |            | NA          |        |                 |
| alu_mod.bus_in_rs1_4__AOI21_X1_B2_A_NOR2_X1_ZN_A1_MUX2_X1_S_B_AOI21_X1_ZN_B1_AND2_X1_A2_A1_AND3_X1_A3_1_ZN_AND3_X1_A3_ZN_CLKGATE_X1_E:CK (CLKGATE_X1) |        | 0.002       | 0.000      | 0.000      |             | 0.000  | 0.000r          |
| clock core_clock (rise edge)                                                                                                                          |        |             |            |            |             | 0      | 0               |
| clock network delay (ideal)                                                                                                                           |        |             |            |            |             | 0.000  | 0.000           |
| alu_mod.bus_in_rs1_4__AOI21_X1_B2_A_NOR2_X1_ZN_A1_MUX2_X1_S_B_AOI21_X1_ZN_B1_AND2_X1_A2_A1_AND3_X1_A3_1_ZN_AND3_X1_A3_ZN_CLKGATE_X1_E:CK (CLKGATE_X1) |        |             |            |            |             |        | 0.000r          |
| library hold time                                                                                                                                     |        |             |            |            |             | -0.016 | -0.016          |
| clock reconvergence pessimism                                                                                                                         |        |             |            |            |             | -0.000 | -0.016          |
|                                                                                                                                                       |        |             |            |            |             |        |                 |
| path cell delay                                                                                                                                       |        |             |            |            |             |        | 0.128(100.000%) |
| path net delay                                                                                                                                        |        |             |            |            |             |        | 0.000(0.000%)   |
|                                                                                                                                                       |        |             |            |            |             |        |                 |
| data require time                                                                                                                                     |        |             |            |            |             |        | -0.016          |
| data arrival time                                                                                                                                     |        |             |            |            |             |        | 0.128           |
| slack (MET)                                                                                                                                           |        |             |            |            |             |        | 0.144           |
+-------------------------------------------------------------------------------------------------------------------------------------------------------+--------+-------------+------------+------------+-------------+--------+-----------------+
