Generate the report at 2026-07-23T10:06:24, GitVersion: aa25008b3778a76ae1975c839d4cc459f7f7b3b7.
+----------------------------------------------------------------------------------------------+--------------------------+------------+------------+---------------+-------+-------+-----------+
| Endpoint                                                                                     | Clock Group              | Delay Type | Path Delay | Path Required | CPPR  | Slack | Freq(MHz) |
+----------------------------------------------------------------------------------------------+--------------------------+------------+------------+---------------+-------+-------+-----------+
| cache_addr_12__reg_p:D                                                                       | core_clock               | max        | 1.059f     | 1.728         | 0.000 | 0.669 | 909.207   |
| cache_addr_12__reg_p:D                                                                       | core_clock               | max        | 1.059f     | 1.728         | 0.000 | 0.669 | 909.207   |
| cache_addr_6__reg_p:D                                                                        | core_clock               | max        | 1.059f     | 1.728         | 0.000 | 0.669 | 909.207   |
| cache_addr_6__reg_p:D                                                                        | core_clock               | max        | 1.059f     | 1.728         | 0.000 | 0.669 | 909.207   |
| cache_addr_26__reg_p:D                                                                       | core_clock               | max        | 1.046f     | 1.726         | 0.000 | 0.679 | 917.511   |
| icache_mod.block_valid[1]_reg_p_D_OAI21_X1_ZN_B1_OR2_X1_ZN_A2_NOR3_X1_A3_1_ZN_CLKGATE_X1_E:E | **clock_gating_default** | max        | 1.034f     | 1.721         | 0.000 | 0.688 | NA        |
| icache_mod.block_valid[1]_reg_p_D_OAI21_X1_ZN_B1_OR2_X1_ZN_A2_NOR3_X1_A3_2_ZN_CLKGATE_X1_E:E | **clock_gating_default** | max        | 1.034f     | 1.721         | 0.000 | 0.688 | NA        |
| icache_mod.block_valid[1]_reg_p_D_OAI21_X1_ZN_B1_OR2_X1_ZN_A2_NOR3_X1_A3_ZN_CLKGATE_X1_E:E   | **clock_gating_default** | max        | 1.034f     | 1.721         | 0.000 | 0.688 | NA        |
| icache_mod.block_valid[1]_reg_p_D_OAI21_X1_ZN_B1_OR2_X1_ZN_A2_NOR3_X1_A3_3_ZN_CLKGATE_X1_E:E | **clock_gating_default** | max        | 1.034f     | 1.721         | 0.000 | 0.688 | NA        |
| icache_mod.block_valid[6]_reg_p_D_OAI21_X1_ZN_B1_OR2_X1_ZN_A2_NOR3_X1_A3_1_ZN_CLKGATE_X1_E:E | **clock_gating_default** | max        | 1.034f     | 1.722         | 0.000 | 0.689 | NA        |
| icache_mod.trans_reg_p:D                                                                     | core_clock               | min        | 0.063r     | 0.006         | 0.000 | 0.057 | NA        |
| icache_mod.trans_reg_p:D                                                                     | core_clock               | min        | 0.063r     | 0.006         | 0.000 | 0.057 | NA        |
| icache_mod.trans_reg_p:D                                                                     | core_clock               | min        | 0.064f     | 0.002         | 0.000 | 0.062 | NA        |
| icache_mod.trans_reg_p:D                                                                     | core_clock               | min        | 0.064f     | 0.002         | 0.000 | 0.062 | NA        |
| lsu_mod.trans_r_reg_p:D                                                                      | core_clock               | min        | 0.071r     | 0.008         | 0.000 | 0.063 | NA        |
| ifu_mod.block_valid[3]_reg_p_CK_CLKGATE_X1_GCK:E                                             | **clock_gating_default** | min        | 0.112r     | -0.001        | 0.000 | 0.113 | NA        |
| ifu_mod.block_valid[3]_reg_p_CK_CLKGATE_X1_GCK_E_AOI22_X1_ZN_B1_NOR2_X1_A2_ZN_CLKGATE_X1_E:E | **clock_gating_default** | min        | 0.113r     | -0.001        | 0.000 | 0.114 | NA        |
| ifu_mod.block_valid[0]_reg_p_CK_CLKGATE_X1_GCK_E_OR2_X1_ZN_A2_CLKGATE_X1_E:E                 | **clock_gating_default** | min        | 0.115r     | -0.001        | 0.000 | 0.116 | NA        |
| lsu_mod.trans_r_reg_p_CK_CLKGATE_X1_GCK:E                                                    | **clock_gating_default** | min        | 0.119r     | -0.002        | 0.000 | 0.120 | NA        |
| ifu_mod.block_valid[0]_reg_p_CK_CLKGATE_X1_GCK_E_OR2_X1_ZN_A2_CLKGATE_X1_E:E                 | **clock_gating_default** | min        | 0.106f     | -0.016        | 0.000 | 0.122 | NA        |
+----------------------------------------------------------------------------------------------+--------------------------+------------+------------+---------------+-------+-------+-----------+
+------------+------------+-------+
| Clock      | Delay Type | TNS   |
+------------+------------+-------+
| core_clock | max        | 0.000 |
| core_clock | min        | 0.000 |
+------------+------------+-------+
+-----------------------------------------------------------------------------------------------------------------------------------------------------------------------+--------+-------------+------------+------------+-------------+--------+-----------------+
| Point                                                                                                                                                                 | Fanout | Capacitance | Resistance | Transition | Delta Delay | Incr   | Path            |
+-----------------------------------------------------------------------------------------------------------------------------------------------------------------------+--------+-------------+------------+------------+-------------+--------+-----------------+
| clock (port)                                                                                                                                                          |        | 0.756       | 0.000      | 0.000      |             | 0.000  | 0.000r          |
| clock (clock net)                                                                                                                                                     | 732    |             |            |            | NA          |        |                 |
| alu_mod.bus_in_alu_op_4__reg_p:CK (DFF_X1)                                                                                                                            |        | 0.001       | 0.000      | 0.000      |             | 0.000  | 0.000r          |
| clock core_clock (rise edge)                                                                                                                                          |        |             |            |            |             | 0      | 0               |
| clock network delay (ideal)                                                                                                                                           |        |             |            |            |             | 0.000  | 0.000           |
| alu_mod.bus_in_alu_op_4__reg_p:CK (DFF_X1)                                                                                                                            |        | 0.001       | 0.000      | 0.000      |             | 0.000  | 0.000r          |
| alu_mod.bus_in_alu_op_4__reg_p:Q (DFF_X1)                                                                                                                             |        | 0.035       | 0.000      | 0.085      |             | 0.164  | 0.164r          |
| alu_mod.bus_in_alu_op_4_ (net)                                                                                                                                        | 22     |             |            |            | 0.000       |        |                 |
| alu_mod.bus_in_alu_op_5__NOR2_X1_A2:A1 (NOR2_X1)                                                                                                                      |        | 0.002       | 0.000      | 0.085      |             | 0.000  | 0.164r          |
| alu_mod.bus_in_alu_op_5__NOR2_X1_A2:ZN (NOR2_X1)                                                                                                                      |        | 0.003       | 0.000      | 0.021      |             | 0.018  | 0.182f          |
| alu_mod.bus_in_alu_op_5__NOR2_X1_A2_ZN (net)                                                                                                                          | 1      |             |            |            | 0.000       |        |                 |
| alu_mod.bus_in_alu_op_5__NOR2_X1_A2_ZN_BUF_X4_A:A (BUF_X4)                                                                                                            |        | 0.003       | 0.000      | 0.021      |             | 0.000  | 0.182f          |
| alu_mod.bus_in_alu_op_5__NOR2_X1_A2_ZN_BUF_X4_A:Z (BUF_X4)                                                                                                            |        | 0.029       | 0.000      | 0.011      |             | 0.040  | 0.222f          |
| alu_mod.bus_in_alu_op_5__NOR2_X1_A2_ZN_BUF_X4_A_Z (net)                                                                                                               | 19     |             |            |            | 0.000       |        |                 |
| alu_mod.bus_in_alu_op_2__INV_X1_A_ZN_NAND2_X1_A1:A2 (NAND2_X1)                                                                                                        |        | 0.002       | 0.000      | 0.011      |             | 0.000  | 0.222f          |
| alu_mod.bus_in_alu_op_2__INV_X1_A_ZN_NAND2_X1_A1:ZN (NAND2_X1)                                                                                                        |        | 0.003       | 0.000      | 0.015      |             | 0.023  | 0.246r          |
| alu_mod.bus_in_alu_op_2__INV_X1_A_ZN_NAND2_X1_A1_ZN (net)                                                                                                             | 1      |             |            |            | 0.000       |        |                 |
| alu_mod.bus_in_alu_op_2__INV_X1_A_ZN_NAND2_X1_A1_ZN_BUF_X4_A:A (BUF_X4)                                                                                               |        | 0.003       | 0.000      | 0.015      |             | 0.000  | 0.246r          |
| alu_mod.bus_in_alu_op_2__INV_X1_A_ZN_NAND2_X1_A1_ZN_BUF_X4_A:Z (BUF_X4)                                                                                               |        | 0.028       | 0.000      | 0.019      |             | 0.036  | 0.282r          |
| ifu_mod.index_0__reg_p_D_AOI221_X1_ZN_C2_AOI21_X1_ZN_B2_MUX2_X1_A_Z_OAI21_X1_A_B2_NOR3_X1_ZN_A1 (net)                                                                 | 15     |             |            |            | 0.000       |        |                 |
| alu_mod.bus_in_alu_op_3__AOI21_X1_B1_ZN_BUF_X2_A_Z_NOR2_X2_A2:A1 (NOR2_X2)                                                                                            |        | 0.003       | 0.000      | 0.019      |             | 0.000  | 0.282r          |
| alu_mod.bus_in_alu_op_3__AOI21_X1_B1_ZN_BUF_X2_A_Z_NOR2_X2_A2:ZN (NOR2_X2)                                                                                            |        | 0.003       | 0.000      | 0.011      |             | 0.011  | 0.293f          |
| alu_mod.bus_in_alu_op_3__AOI21_X1_B1_ZN_BUF_X2_A_Z_NOR2_X2_A2_ZN (net)                                                                                                | 1      |             |            |            | 0.000       |        |                 |
| alu_mod.bus_in_imm_20__reg_p_D_AOI221_X1_ZN_C2_MUX2_X1_B_Z_XNOR2_X1_B_A_BUF_X4_Z:A (BUF_X4)                                                                           |        | 0.003       | 0.000      | 0.011      |             | 0.000  | 0.293f          |
| alu_mod.bus_in_imm_20__reg_p_D_AOI221_X1_ZN_C2_MUX2_X1_B_Z_XNOR2_X1_B_A_BUF_X4_Z:Z (BUF_X4)                                                                           |        | 0.024       | 0.000      | 0.010      |             | 0.033  | 0.326f          |
| alu_mod.bus_in_imm_20__reg_p_D_AOI221_X1_ZN_C2_MUX2_X1_B_Z_XNOR2_X1_B_A (net)                                                                                         | 14     |             |            |            | 0.000       |        |                 |
| cache_addr_13__reg_p_D_MUX2_X2_Z_A_MUX2_X2_Z_B_OAI22_X1_ZN_A2_XNOR2_X1_ZN_B_OR2_X1_ZN_A2_MUX2_X1_B:S (MUX2_X1)                                                        |        | 0.002       | 0.000      | 0.010      |             | 0.000  | 0.326f          |
| cache_addr_13__reg_p_D_MUX2_X2_Z_A_MUX2_X2_Z_B_OAI22_X1_ZN_A2_XNOR2_X1_ZN_B_OR2_X1_ZN_A2_MUX2_X1_B:Z (MUX2_X1)                                                        |        | 0.003       | 0.000      | 0.013      |             | 0.053  | 0.379f          |
| cache_addr_13__reg_p_D_MUX2_X2_Z_A_MUX2_X2_Z_B_OAI22_X1_ZN_A2_XNOR2_X1_ZN_B_OR2_X1_ZN_A2_MUX2_X1_B_Z (net)                                                            | 3      |             |            |            | 0.000       |        |                 |
| cache_addr_16__reg_p_D_AOI21_X1_ZN_B1_AOI21_X1_ZN_B1_OAI22_X1_ZN_A2_XNOR2_X1_ZN_A_OAI21_X1_ZN_B1_AOI221_X1_B2_C2_AOI211_X1_ZN_A_OAI222_X1_ZN_A1_OR2_X1_A1:A2 (OR2_X1) |        | 0.001       | 0.000      | 0.013      |             | 0.000  | 0.379f          |
| cache_addr_16__reg_p_D_AOI21_X1_ZN_B1_AOI21_X1_ZN_B1_OAI22_X1_ZN_A2_XNOR2_X1_ZN_A_OAI21_X1_ZN_B1_AOI221_X1_B2_C2_AOI211_X1_ZN_A_OAI222_X1_ZN_A1_OR2_X1_A1:ZN (OR2_X1) |        | 0.004       | 0.000      | 0.012      |             | 0.056  | 0.435f          |
| cache_addr_16__reg_p_D_AOI21_X1_ZN_B1_AOI21_X1_ZN_B1_OAI22_X1_ZN_A2_XNOR2_X1_ZN_A_OAI21_X1_ZN_B1_OR2_X1_ZN_A1 (net)                                                   | 3      |             |            |            | 0.000       |        |                 |
| cache_addr_16__reg_p_D_AOI21_X1_ZN_B1_AOI21_X1_ZN_B1_OAI22_X1_ZN_A2_XNOR2_X1_ZN_A_OAI21_X1_ZN_B1_OR2_X1_ZN:A1 (OR2_X1)                                                |        | 0.001       | 0.000      | 0.012      |             | 0.000  | 0.435f          |
| cache_addr_16__reg_p_D_AOI21_X1_ZN_B1_AOI21_X1_ZN_B1_OAI22_X1_ZN_A2_XNOR2_X1_ZN_A_OAI21_X1_ZN_B1_OR2_X1_ZN:ZN (OR2_X1)                                                |        | 0.003       | 0.000      | 0.012      |             | 0.051  | 0.487f          |
| cache_addr_16__reg_p_D_AOI21_X1_ZN_B1_AOI21_X1_ZN_B1_OAI22_X1_ZN_A2_XNOR2_X1_ZN_A_OAI21_X1_ZN_B1 (net)                                                                | 2      |             |            |            | 0.000       |        |                 |
| cache_addr_16__reg_p_D_AOI21_X1_ZN_B1_AOI21_X1_ZN_B1_OAI22_X1_ZN_A2_XNOR2_X1_ZN_A_OAI21_X1_ZN_B1_AOI221_X1_B2:B2 (AOI221_X1)                                          |        | 0.002       | 0.000      | 0.012      |             | 0.000  | 0.487f          |
| cache_addr_16__reg_p_D_AOI21_X1_ZN_B1_AOI21_X1_ZN_B1_OAI22_X1_ZN_A2_XNOR2_X1_ZN_A_OAI21_X1_ZN_B1_AOI221_X1_B2:ZN (AOI221_X1)                                          |        | 0.002       | 0.000      | 0.036      |             | 0.066  | 0.553r          |
| cache_addr_16__reg_p_D_AOI21_X1_ZN_B1_AOI21_X1_ZN_B1_OAI22_X1_ZN_A2_XNOR2_X1_ZN_A_OAI21_X1_ZN_B1_AOI221_X1_B2_ZN (net)                                                | 1      |             |            |            | 0.000       |        |                 |
| cache_addr_16__reg_p_D_AOI21_X1_ZN_B1_AOI21_X1_ZN_B1_OAI22_X1_ZN_A2_XNOR2_X1_ZN_A_OAI21_X1_ZN_B1_AOI221_X1_B2_ZN_BUF_X2_A:A (BUF_X2)                                  |        | 0.002       | 0.000      | 0.036      |             | 0.000  | 0.553r          |
| cache_addr_16__reg_p_D_AOI21_X1_ZN_B1_AOI21_X1_ZN_B1_OAI22_X1_ZN_A2_XNOR2_X1_ZN_A_OAI21_X1_ZN_B1_AOI221_X1_B2_ZN_BUF_X2_A:Z (BUF_X2)                                  |        | 0.016       | 0.000      | 0.023      |             | 0.045  | 0.597r          |
| cache_addr_29__reg_p_D_AOI211_X1_ZN_A_AOI221_X1_ZN_B2_XNOR2_X1_ZN_A_NAND2_X1_ZN_A2_OAI21_X1_ZN_B1 (net)                                                               | 7      |             |            |            | 0.000       |        |                 |
| cache_addr_29__reg_p_D_AOI211_X1_ZN_A_AOI221_X1_ZN_B2_XNOR2_X1_ZN_A_NAND2_X1_ZN_A2_OAI21_X1_ZN_B2_NAND2_X1_ZN_A2_NAND3_X1_A3_ZN_OAI21_X4_B1:B2 (OAI21_X4)             |        | 0.007       | 0.000      | 0.023      |             | 0.000  | 0.597r          |
| cache_addr_29__reg_p_D_AOI211_X1_ZN_A_AOI221_X1_ZN_B2_XNOR2_X1_ZN_A_NAND2_X1_ZN_A2_OAI21_X1_ZN_B2_NAND2_X1_ZN_A2_NAND3_X1_A3_ZN_OAI21_X4_B1:ZN (OAI21_X4)             |        | 0.007       | 0.000      | 0.015      |             | 0.021  | 0.618f          |
| alu_mod.bus_in_rs1_0__MUX2_X1_B_Z_NOR2_X1_A2_ZN_AOI211_X1_B_ZN_OAI211_X1_A_C2 (net)                                                                                   | 4      |             |            |            | 0.000       |        |                 |
| alu_mod.bus_in_rs1_0__MUX2_X1_B_Z_NOR2_X1_A2_ZN_AOI211_X1_B_ZN_OAI211_X1_A:C2 (OAI211_X1)                                                                             |        | 0.002       | 0.000      | 0.015      |             | 0.000  | 0.618f          |
| alu_mod.bus_in_rs1_0__MUX2_X1_B_Z_NOR2_X1_A2_ZN_AOI211_X1_B_ZN_OAI211_X1_A:ZN (OAI211_X1)                                                                             |        | 0.003       | 0.000      | 0.031      |             | 0.048  | 0.667r          |
| alu_mod.bus_in_rs1_0__MUX2_X1_B_Z_NOR2_X1_A2_ZN_AOI211_X1_B_ZN_OAI211_X1_A_ZN (net)                                                                                   | 2      |             |            |            | 0.000       |        |                 |
| alu_mod.bus_in_rs1_0__MUX2_X1_B_Z_NOR2_X1_A2_ZN_OAI22_X1_B1_ZN_OAI21_X1_B2_ZN_AOI22_X1_A2:B1 (AOI22_X1)                                                               |        | 0.002       | 0.000      | 0.031      |             | 0.000  | 0.667r          |
| alu_mod.bus_in_rs1_0__MUX2_X1_B_Z_NOR2_X1_A2_ZN_OAI22_X1_B1_ZN_OAI21_X1_B2_ZN_AOI22_X1_A2:ZN (AOI22_X1)                                                               |        | 0.006       | 0.000      | 0.022      |             | 0.039  | 0.706f          |
| alu_mod.bus_in_rs1_0__MUX2_X1_B_Z_NOR2_X1_A2_ZN_OAI22_X1_B1_ZN_OAI21_X1_B2_ZN_AOI22_X1_A2_ZN (net)                                                                    | 5      |             |            |            | 0.000       |        |                 |
| icache_mod.trans_reg_p_CK_CLKGATE_X1_GCK_E_AOI211_X1_ZN_B_AOI22_X1_ZN_B2_NOR3_X1_ZN_A3_NOR3_X4_A3_A2_OAI221_X1_ZN_B1_OR4_X1_ZN:A4 (OR4_X1)                            |        | 0.001       | 0.000      | 0.022      |             | 0.000  | 0.706f          |
| icache_mod.trans_reg_p_CK_CLKGATE_X1_GCK_E_AOI211_X1_ZN_B_AOI22_X1_ZN_B2_NOR3_X1_ZN_A3_NOR3_X4_A3_A2_OAI221_X1_ZN_B1_OR4_X1_ZN:ZN (OR4_X1)                            |        | 0.005       | 0.000      | 0.022      |             | 0.130  | 0.836f          |
| icache_mod.trans_reg_p_CK_CLKGATE_X1_GCK_E_AOI211_X1_ZN_B_AOI22_X1_ZN_B2_NOR3_X1_ZN_A3_NOR3_X4_A3_A2_OAI221_X1_ZN_B1 (net)                                            | 2      |             |            |            | 0.000       |        |                 |
| icache_mod.trans_reg_p_CK_CLKGATE_X1_GCK_E_AOI211_X1_ZN_B_AOI22_X1_ZN_B2_NOR3_X1_ZN_A3_NOR3_X4_A3_A2_OAI221_X1_ZN_B1_OAI22_X2_A2:A2 (OAI22_X2)                        |        | 0.003       | 0.000      | 0.022      |             | 0.000  | 0.836f          |
| icache_mod.trans_reg_p_CK_CLKGATE_X1_GCK_E_AOI211_X1_ZN_B_AOI22_X1_ZN_B2_NOR3_X1_ZN_A3_NOR3_X4_A3_A2_OAI221_X1_ZN_B1_OAI22_X2_A2:ZN (OAI22_X2)                        |        | 0.011       | 0.000      | 0.051      |             | 0.060  | 0.896r          |
| csr_mod.regs[1]_26__AND2_X1_A1_ZN_OAI33_X1_A2_B3_OR4_X2_ZN_A3 (net)                                                                                                   | 3      |             |            |            | 0.000       |        |                 |
| csr_mod.regs[1]_26__AND2_X1_A1_ZN_OAI33_X1_A2_B3_OR4_X2_ZN_A3_NOR2_X2_A2:A2 (NOR2_X2)                                                                                 |        | 0.003       | 0.000      | 0.051      |             | 0.000  | 0.896r          |
| csr_mod.regs[1]_26__AND2_X1_A1_ZN_OAI33_X1_A2_B3_OR4_X2_ZN_A3_NOR2_X2_A2:ZN (NOR2_X2)                                                                                 |        | 0.011       | 0.000      | 0.018      |             | 0.025  | 0.920f          |
| cache_addr_5__reg_p_D_MUX2_X1_Z_A_MUX2_X1_Z_S (net)                                                                                                                   | 4      |             |            |            | 0.000       |        |                 |
| cache_addr_5__reg_p_D_MUX2_X1_Z_A_MUX2_X1_Z_S_BUF_X8_A:A (BUF_X8)                                                                                                     |        | 0.007       | 0.000      | 0.018      |             | 0.000  | 0.920f          |
| cache_addr_5__reg_p_D_MUX2_X1_Z_A_MUX2_X1_Z_S_BUF_X8_A:Z (BUF_X8)                                                                                                     |        | 0.038       | 0.000      | 0.008      |             | 0.035  | 0.955f          |
| cache_addr_15__reg_p_D_AOI211_X1_ZN_C2 (net)                                                                                                                          | 24     |             |            |            | 0.000       |        |                 |
| cache_addr_12__reg_p_D_MUX2_X1_Z_A_MUX2_X1_Z:S (MUX2_X1)                                                                                                              |        | 0.002       | 0.000      | 0.008      |             | 0.000  | 0.955f          |
| cache_addr_12__reg_p_D_MUX2_X1_Z_A_MUX2_X1_Z:Z (MUX2_X1)                                                                                                              |        | 0.001       | 0.000      | 0.009      |             | 0.045  | 1.000f          |
| cache_addr_12__reg_p_D_MUX2_X1_Z_A (net)                                                                                                                              | 1      |             |            |            | 0.000       |        |                 |
| cache_addr_12__reg_p_D_MUX2_X1_Z:A (MUX2_X1)                                                                                                                          |        | 0.001       | 0.000      | 0.009      |             | 0.000  | 1.000f          |
| cache_addr_12__reg_p_D_MUX2_X1_Z:Z (MUX2_X1)                                                                                                                          |        | 0.001       | 0.000      | 0.010      |             | 0.059  | 1.059f          |
| cache_addr_12__reg_p_D (net)                                                                                                                                          | 1      |             |            |            | 0.000       |        |                 |
| cache_addr_12__reg_p:D (DFF_X1)                                                                                                                                       |        | 0.001       | 0.000      | 0.010      |             | 0.000  | 1.059f          |
|                                                                                                                                                                       |        |             |            |            |             |        |                 |
| clock (port)                                                                                                                                                          |        | 0.756       | 0.000      | 0.000      |             | 0.000  | 0.000r          |
| clock (clock net)                                                                                                                                                     | 732    |             |            |            | NA          |        |                 |
| ifu_mod.index_0__reg_p_D_MUX2_X1_B_S_CLKGATE_X1_E:CK (CLKGATE_X1)                                                                                                     |        | 0.002       | 0.000      | 0.000      |             | 0.000  | 0.000r          |
| ifu_mod.index_0__reg_p_D_MUX2_X1_B_S_CLKGATE_X1_E:GCK (CLKGATE_X1)                                                                                                    |        | 0.029       | 0.000      | 0.000      |             | 0.000  | 0.000r          |
| cache_addr_6__reg_p_CK (clock net)                                                                                                                                    | 31     |             |            |            | NA          |        |                 |
| cache_addr_12__reg_p:CK (DFF_X1)                                                                                                                                      |        | 0.001       | 0.000      | 0.000      |             | 0.000  | 0.000r          |
| clock core_clock (rise edge)                                                                                                                                          |        |             |            |            |             | 1.769  | 1.769           |
| clock network delay (ideal)                                                                                                                                           |        |             |            |            |             | 0.000  | 1.769           |
| cache_addr_12__reg_p:CK (DFF_X1)                                                                                                                                      |        |             |            |            |             |        | 1.769r          |
| library setup time                                                                                                                                                    |        |             |            |            |             | -0.041 | 1.728           |
| clock reconvergence pessimism                                                                                                                                         |        |             |            |            |             | 0.000  | 1.728           |
|                                                                                                                                                                       |        |             |            |            |             |        |                 |
| path cell delay                                                                                                                                                       |        |             |            |            |             |        | 1.059(100.000%) |
| path net delay                                                                                                                                                        |        |             |            |            |             |        | 0.000(0.000%)   |
|                                                                                                                                                                       |        |             |            |            |             |        |                 |
| data require time                                                                                                                                                     |        |             |            |            |             |        | 1.728           |
| data arrival time                                                                                                                                                     |        |             |            |            |             |        | 1.059           |
| slack (MET)                                                                                                                                                           |        |             |            |            |             |        | 0.669           |
+-----------------------------------------------------------------------------------------------------------------------------------------------------------------------+--------+-------------+------------+------------+-------------+--------+-----------------+
+-----------------------------------------------------------------------------------------------------------------------------------------------------------------------+--------+-------------+------------+------------+-------------+--------+-----------------+
| Point                                                                                                                                                                 | Fanout | Capacitance | Resistance | Transition | Delta Delay | Incr   | Path            |
+-----------------------------------------------------------------------------------------------------------------------------------------------------------------------+--------+-------------+------------+------------+-------------+--------+-----------------+
| clock (port)                                                                                                                                                          |        | 0.756       | 0.000      | 0.000      |             | 0.000  | 0.000r          |
| clock (clock net)                                                                                                                                                     | 732    |             |            |            | NA          |        |                 |
| alu_mod.bus_in_alu_op_4__reg_p:CK (DFF_X1)                                                                                                                            |        | 0.001       | 0.000      | 0.000      |             | 0.000  | 0.000r          |
| clock core_clock (rise edge)                                                                                                                                          |        |             |            |            |             | 0      | 0               |
| clock network delay (ideal)                                                                                                                                           |        |             |            |            |             | 0.000  | 0.000           |
| alu_mod.bus_in_alu_op_4__reg_p:CK (DFF_X1)                                                                                                                            |        | 0.001       | 0.000      | 0.000      |             | 0.000  | 0.000r          |
| alu_mod.bus_in_alu_op_4__reg_p:Q (DFF_X1)                                                                                                                             |        | 0.035       | 0.000      | 0.085      |             | 0.164  | 0.164r          |
| alu_mod.bus_in_alu_op_4_ (net)                                                                                                                                        | 22     |             |            |            | 0.000       |        |                 |
| alu_mod.bus_in_alu_op_5__NOR2_X1_A2:A1 (NOR2_X1)                                                                                                                      |        | 0.002       | 0.000      | 0.085      |             | 0.000  | 0.164r          |
| alu_mod.bus_in_alu_op_5__NOR2_X1_A2:ZN (NOR2_X1)                                                                                                                      |        | 0.003       | 0.000      | 0.021      |             | 0.018  | 0.182f          |
| alu_mod.bus_in_alu_op_5__NOR2_X1_A2_ZN (net)                                                                                                                          | 1      |             |            |            | 0.000       |        |                 |
| alu_mod.bus_in_alu_op_5__NOR2_X1_A2_ZN_BUF_X4_A:A (BUF_X4)                                                                                                            |        | 0.003       | 0.000      | 0.021      |             | 0.000  | 0.182f          |
| alu_mod.bus_in_alu_op_5__NOR2_X1_A2_ZN_BUF_X4_A:Z (BUF_X4)                                                                                                            |        | 0.029       | 0.000      | 0.011      |             | 0.040  | 0.222f          |
| alu_mod.bus_in_alu_op_5__NOR2_X1_A2_ZN_BUF_X4_A_Z (net)                                                                                                               | 19     |             |            |            | 0.000       |        |                 |
| alu_mod.bus_in_alu_op_2__INV_X1_A_ZN_NAND2_X1_A1:A2 (NAND2_X1)                                                                                                        |        | 0.002       | 0.000      | 0.011      |             | 0.000  | 0.222f          |
| alu_mod.bus_in_alu_op_2__INV_X1_A_ZN_NAND2_X1_A1:ZN (NAND2_X1)                                                                                                        |        | 0.003       | 0.000      | 0.015      |             | 0.023  | 0.246r          |
| alu_mod.bus_in_alu_op_2__INV_X1_A_ZN_NAND2_X1_A1_ZN (net)                                                                                                             | 1      |             |            |            | 0.000       |        |                 |
| alu_mod.bus_in_alu_op_2__INV_X1_A_ZN_NAND2_X1_A1_ZN_BUF_X4_A:A (BUF_X4)                                                                                               |        | 0.003       | 0.000      | 0.015      |             | 0.000  | 0.246r          |
| alu_mod.bus_in_alu_op_2__INV_X1_A_ZN_NAND2_X1_A1_ZN_BUF_X4_A:Z (BUF_X4)                                                                                               |        | 0.028       | 0.000      | 0.019      |             | 0.036  | 0.282r          |
| ifu_mod.index_0__reg_p_D_AOI221_X1_ZN_C2_AOI21_X1_ZN_B2_MUX2_X1_A_Z_OAI21_X1_A_B2_NOR3_X1_ZN_A1 (net)                                                                 | 15     |             |            |            | 0.000       |        |                 |
| alu_mod.bus_in_alu_op_3__AOI21_X1_B1_ZN_BUF_X2_A_Z_NOR2_X2_A2:A1 (NOR2_X2)                                                                                            |        | 0.003       | 0.000      | 0.019      |             | 0.000  | 0.282r          |
| alu_mod.bus_in_alu_op_3__AOI21_X1_B1_ZN_BUF_X2_A_Z_NOR2_X2_A2:ZN (NOR2_X2)                                                                                            |        | 0.003       | 0.000      | 0.011      |             | 0.011  | 0.293f          |
| alu_mod.bus_in_alu_op_3__AOI21_X1_B1_ZN_BUF_X2_A_Z_NOR2_X2_A2_ZN (net)                                                                                                | 1      |             |            |            | 0.000       |        |                 |
| alu_mod.bus_in_imm_20__reg_p_D_AOI221_X1_ZN_C2_MUX2_X1_B_Z_XNOR2_X1_B_A_BUF_X4_Z:A (BUF_X4)                                                                           |        | 0.003       | 0.000      | 0.011      |             | 0.000  | 0.293f          |
| alu_mod.bus_in_imm_20__reg_p_D_AOI221_X1_ZN_C2_MUX2_X1_B_Z_XNOR2_X1_B_A_BUF_X4_Z:Z (BUF_X4)                                                                           |        | 0.024       | 0.000      | 0.010      |             | 0.033  | 0.326f          |
| alu_mod.bus_in_imm_20__reg_p_D_AOI221_X1_ZN_C2_MUX2_X1_B_Z_XNOR2_X1_B_A (net)                                                                                         | 14     |             |            |            | 0.000       |        |                 |
| cache_addr_13__reg_p_D_MUX2_X2_Z_A_MUX2_X2_Z_B_OAI22_X1_ZN_A2_XNOR2_X1_ZN_B_OR2_X1_ZN_A2_MUX2_X1_B:S (MUX2_X1)                                                        |        | 0.002       | 0.000      | 0.010      |             | 0.000  | 0.326f          |
| cache_addr_13__reg_p_D_MUX2_X2_Z_A_MUX2_X2_Z_B_OAI22_X1_ZN_A2_XNOR2_X1_ZN_B_OR2_X1_ZN_A2_MUX2_X1_B:Z (MUX2_X1)                                                        |        | 0.003       | 0.000      | 0.013      |             | 0.053  | 0.379f          |
| cache_addr_13__reg_p_D_MUX2_X2_Z_A_MUX2_X2_Z_B_OAI22_X1_ZN_A2_XNOR2_X1_ZN_B_OR2_X1_ZN_A2_MUX2_X1_B_Z (net)                                                            | 3      |             |            |            | 0.000       |        |                 |
| cache_addr_16__reg_p_D_AOI21_X1_ZN_B1_AOI21_X1_ZN_B1_OAI22_X1_ZN_A2_XNOR2_X1_ZN_A_OAI21_X1_ZN_B1_AOI221_X1_B2_C2_AOI211_X1_ZN_A_OAI222_X1_ZN_A1_OR2_X1_A1:A2 (OR2_X1) |        | 0.001       | 0.000      | 0.013      |             | 0.000  | 0.379f          |
| cache_addr_16__reg_p_D_AOI21_X1_ZN_B1_AOI21_X1_ZN_B1_OAI22_X1_ZN_A2_XNOR2_X1_ZN_A_OAI21_X1_ZN_B1_AOI221_X1_B2_C2_AOI211_X1_ZN_A_OAI222_X1_ZN_A1_OR2_X1_A1:ZN (OR2_X1) |        | 0.004       | 0.000      | 0.012      |             | 0.056  | 0.435f          |
| cache_addr_16__reg_p_D_AOI21_X1_ZN_B1_AOI21_X1_ZN_B1_OAI22_X1_ZN_A2_XNOR2_X1_ZN_A_OAI21_X1_ZN_B1_OR2_X1_ZN_A1 (net)                                                   | 3      |             |            |            | 0.000       |        |                 |
| cache_addr_16__reg_p_D_AOI21_X1_ZN_B1_AOI21_X1_ZN_B1_OAI22_X1_ZN_A2_XNOR2_X1_ZN_A_OAI21_X1_ZN_B1_OR2_X1_ZN:A1 (OR2_X1)                                                |        | 0.001       | 0.000      | 0.012      |             | 0.000  | 0.435f          |
| cache_addr_16__reg_p_D_AOI21_X1_ZN_B1_AOI21_X1_ZN_B1_OAI22_X1_ZN_A2_XNOR2_X1_ZN_A_OAI21_X1_ZN_B1_OR2_X1_ZN:ZN (OR2_X1)                                                |        | 0.003       | 0.000      | 0.012      |             | 0.051  | 0.487f          |
| cache_addr_16__reg_p_D_AOI21_X1_ZN_B1_AOI21_X1_ZN_B1_OAI22_X1_ZN_A2_XNOR2_X1_ZN_A_OAI21_X1_ZN_B1 (net)                                                                | 2      |             |            |            | 0.000       |        |                 |
| cache_addr_16__reg_p_D_AOI21_X1_ZN_B1_AOI21_X1_ZN_B1_OAI22_X1_ZN_A2_XNOR2_X1_ZN_A_OAI21_X1_ZN_B1_AOI221_X1_B2:B2 (AOI221_X1)                                          |        | 0.002       | 0.000      | 0.012      |             | 0.000  | 0.487f          |
| cache_addr_16__reg_p_D_AOI21_X1_ZN_B1_AOI21_X1_ZN_B1_OAI22_X1_ZN_A2_XNOR2_X1_ZN_A_OAI21_X1_ZN_B1_AOI221_X1_B2:ZN (AOI221_X1)                                          |        | 0.002       | 0.000      | 0.036      |             | 0.066  | 0.553r          |
| cache_addr_16__reg_p_D_AOI21_X1_ZN_B1_AOI21_X1_ZN_B1_OAI22_X1_ZN_A2_XNOR2_X1_ZN_A_OAI21_X1_ZN_B1_AOI221_X1_B2_ZN (net)                                                | 1      |             |            |            | 0.000       |        |                 |
| cache_addr_16__reg_p_D_AOI21_X1_ZN_B1_AOI21_X1_ZN_B1_OAI22_X1_ZN_A2_XNOR2_X1_ZN_A_OAI21_X1_ZN_B1_AOI221_X1_B2_ZN_BUF_X2_A:A (BUF_X2)                                  |        | 0.002       | 0.000      | 0.036      |             | 0.000  | 0.553r          |
| cache_addr_16__reg_p_D_AOI21_X1_ZN_B1_AOI21_X1_ZN_B1_OAI22_X1_ZN_A2_XNOR2_X1_ZN_A_OAI21_X1_ZN_B1_AOI221_X1_B2_ZN_BUF_X2_A:Z (BUF_X2)                                  |        | 0.016       | 0.000      | 0.023      |             | 0.045  | 0.597r          |
| cache_addr_29__reg_p_D_AOI211_X1_ZN_A_AOI221_X1_ZN_B2_XNOR2_X1_ZN_A_NAND2_X1_ZN_A2_OAI21_X1_ZN_B1 (net)                                                               | 7      |             |            |            | 0.000       |        |                 |
| cache_addr_29__reg_p_D_AOI211_X1_ZN_A_AOI221_X1_ZN_B2_XNOR2_X1_ZN_A_NAND2_X1_ZN_A2_OAI21_X1_ZN_B2_NAND2_X1_ZN_A2_NAND3_X1_A3_ZN_OAI21_X4_B1:B2 (OAI21_X4)             |        | 0.007       | 0.000      | 0.023      |             | 0.000  | 0.597r          |
| cache_addr_29__reg_p_D_AOI211_X1_ZN_A_AOI221_X1_ZN_B2_XNOR2_X1_ZN_A_NAND2_X1_ZN_A2_OAI21_X1_ZN_B2_NAND2_X1_ZN_A2_NAND3_X1_A3_ZN_OAI21_X4_B1:ZN (OAI21_X4)             |        | 0.007       | 0.000      | 0.015      |             | 0.021  | 0.618f          |
| alu_mod.bus_in_rs1_0__MUX2_X1_B_Z_NOR2_X1_A2_ZN_AOI211_X1_B_ZN_OAI211_X1_A_C2 (net)                                                                                   | 4      |             |            |            | 0.000       |        |                 |
| alu_mod.bus_in_rs1_0__MUX2_X1_B_Z_NOR2_X1_A2_ZN_AOI211_X1_B_ZN_OAI211_X1_A:C2 (OAI211_X1)                                                                             |        | 0.002       | 0.000      | 0.015      |             | 0.000  | 0.618f          |
| alu_mod.bus_in_rs1_0__MUX2_X1_B_Z_NOR2_X1_A2_ZN_AOI211_X1_B_ZN_OAI211_X1_A:ZN (OAI211_X1)                                                                             |        | 0.003       | 0.000      | 0.031      |             | 0.048  | 0.667r          |
| alu_mod.bus_in_rs1_0__MUX2_X1_B_Z_NOR2_X1_A2_ZN_AOI211_X1_B_ZN_OAI211_X1_A_ZN (net)                                                                                   | 2      |             |            |            | 0.000       |        |                 |
| alu_mod.bus_in_rs1_0__MUX2_X1_B_Z_NOR2_X1_A2_ZN_OAI22_X1_B1_ZN_OAI21_X1_B2_ZN_AOI22_X1_A2:B1 (AOI22_X1)                                                               |        | 0.002       | 0.000      | 0.031      |             | 0.000  | 0.667r          |
| alu_mod.bus_in_rs1_0__MUX2_X1_B_Z_NOR2_X1_A2_ZN_OAI22_X1_B1_ZN_OAI21_X1_B2_ZN_AOI22_X1_A2:ZN (AOI22_X1)                                                               |        | 0.006       | 0.000      | 0.022      |             | 0.039  | 0.706f          |
| alu_mod.bus_in_rs1_0__MUX2_X1_B_Z_NOR2_X1_A2_ZN_OAI22_X1_B1_ZN_OAI21_X1_B2_ZN_AOI22_X1_A2_ZN (net)                                                                    | 5      |             |            |            | 0.000       |        |                 |
| icache_mod.trans_reg_p_CK_CLKGATE_X1_GCK_E_AOI211_X1_ZN_B_AOI22_X1_ZN_B2_NOR3_X1_ZN_A3_NOR3_X4_A3_A2_OAI221_X1_ZN_B1_OR4_X1_ZN:A4 (OR4_X1)                            |        | 0.001       | 0.000      | 0.022      |             | 0.000  | 0.706f          |
| icache_mod.trans_reg_p_CK_CLKGATE_X1_GCK_E_AOI211_X1_ZN_B_AOI22_X1_ZN_B2_NOR3_X1_ZN_A3_NOR3_X4_A3_A2_OAI221_X1_ZN_B1_OR4_X1_ZN:ZN (OR4_X1)                            |        | 0.005       | 0.000      | 0.022      |             | 0.130  | 0.836f          |
| icache_mod.trans_reg_p_CK_CLKGATE_X1_GCK_E_AOI211_X1_ZN_B_AOI22_X1_ZN_B2_NOR3_X1_ZN_A3_NOR3_X4_A3_A2_OAI221_X1_ZN_B1 (net)                                            | 2      |             |            |            | 0.000       |        |                 |
| icache_mod.trans_reg_p_CK_CLKGATE_X1_GCK_E_AOI211_X1_ZN_B_AOI22_X1_ZN_B2_NOR3_X1_ZN_A3_NOR3_X4_A3_A2_OAI221_X1_ZN_B1_OAI22_X2_A2:A2 (OAI22_X2)                        |        | 0.003       | 0.000      | 0.022      |             | 0.000  | 0.836f          |
| icache_mod.trans_reg_p_CK_CLKGATE_X1_GCK_E_AOI211_X1_ZN_B_AOI22_X1_ZN_B2_NOR3_X1_ZN_A3_NOR3_X4_A3_A2_OAI221_X1_ZN_B1_OAI22_X2_A2:ZN (OAI22_X2)                        |        | 0.011       | 0.000      | 0.051      |             | 0.060  | 0.896r          |
| csr_mod.regs[1]_26__AND2_X1_A1_ZN_OAI33_X1_A2_B3_OR4_X2_ZN_A3 (net)                                                                                                   | 3      |             |            |            | 0.000       |        |                 |
| csr_mod.regs[1]_26__AND2_X1_A1_ZN_OAI33_X1_A2_B3_OR4_X2_ZN_A3_NOR2_X2_A2:A2 (NOR2_X2)                                                                                 |        | 0.003       | 0.000      | 0.051      |             | 0.000  | 0.896r          |
| csr_mod.regs[1]_26__AND2_X1_A1_ZN_OAI33_X1_A2_B3_OR4_X2_ZN_A3_NOR2_X2_A2:ZN (NOR2_X2)                                                                                 |        | 0.011       | 0.000      | 0.018      |             | 0.025  | 0.920f          |
| cache_addr_5__reg_p_D_MUX2_X1_Z_A_MUX2_X1_Z_S (net)                                                                                                                   | 4      |             |            |            | 0.000       |        |                 |
| cache_addr_5__reg_p_D_MUX2_X1_Z_A_MUX2_X1_Z_S_BUF_X8_A:A (BUF_X8)                                                                                                     |        | 0.007       | 0.000      | 0.018      |             | 0.000  | 0.920f          |
| cache_addr_5__reg_p_D_MUX2_X1_Z_A_MUX2_X1_Z_S_BUF_X8_A:Z (BUF_X8)                                                                                                     |        | 0.038       | 0.000      | 0.008      |             | 0.035  | 0.955f          |
| cache_addr_15__reg_p_D_AOI211_X1_ZN_C2 (net)                                                                                                                          | 24     |             |            |            | 0.000       |        |                 |
| cache_addr_12__reg_p_D_MUX2_X1_Z_A_MUX2_X1_Z:S (MUX2_X1)                                                                                                              |        | 0.002       | 0.000      | 0.008      |             | 0.000  | 0.955f          |
| cache_addr_12__reg_p_D_MUX2_X1_Z_A_MUX2_X1_Z:Z (MUX2_X1)                                                                                                              |        | 0.001       | 0.000      | 0.009      |             | 0.045  | 1.000f          |
| cache_addr_12__reg_p_D_MUX2_X1_Z_A (net)                                                                                                                              | 1      |             |            |            | 0.000       |        |                 |
| cache_addr_12__reg_p_D_MUX2_X1_Z:A (MUX2_X1)                                                                                                                          |        | 0.001       | 0.000      | 0.009      |             | 0.000  | 1.000f          |
| cache_addr_12__reg_p_D_MUX2_X1_Z:Z (MUX2_X1)                                                                                                                          |        | 0.001       | 0.000      | 0.010      |             | 0.059  | 1.059f          |
| cache_addr_12__reg_p_D (net)                                                                                                                                          | 1      |             |            |            | 0.000       |        |                 |
| cache_addr_12__reg_p:D (DFF_X1)                                                                                                                                       |        | 0.001       | 0.000      | 0.010      |             | 0.000  | 1.059f          |
|                                                                                                                                                                       |        |             |            |            |             |        |                 |
| clock (port)                                                                                                                                                          |        | 0.756       | 0.000      | 0.000      |             | 0.000  | 0.000r          |
| clock (clock net)                                                                                                                                                     | 732    |             |            |            | NA          |        |                 |
| ifu_mod.index_0__reg_p_D_MUX2_X1_B_S_CLKGATE_X1_E:CK (CLKGATE_X1)                                                                                                     |        | 0.002       | 0.000      | 0.000      |             | 0.000  | 0.000r          |
| ifu_mod.index_0__reg_p_D_MUX2_X1_B_S_CLKGATE_X1_E:GCK (CLKGATE_X1)                                                                                                    |        | 0.029       | 0.000      | 0.000      |             | 0.000  | 0.000r          |
| cache_addr_6__reg_p_CK (clock net)                                                                                                                                    | 31     |             |            |            | NA          |        |                 |
| cache_addr_12__reg_p:CK (DFF_X1)                                                                                                                                      |        | 0.001       | 0.000      | 0.000      |             | 0.000  | 0.000r          |
| clock core_clock (rise edge)                                                                                                                                          |        |             |            |            |             | 1.769  | 1.769           |
| clock network delay (ideal)                                                                                                                                           |        |             |            |            |             | 0.000  | 1.769           |
| cache_addr_12__reg_p:CK (DFF_X1)                                                                                                                                      |        |             |            |            |             |        | 1.769r          |
| library setup time                                                                                                                                                    |        |             |            |            |             | -0.041 | 1.728           |
| clock reconvergence pessimism                                                                                                                                         |        |             |            |            |             | 0.000  | 1.728           |
|                                                                                                                                                                       |        |             |            |            |             |        |                 |
| path cell delay                                                                                                                                                       |        |             |            |            |             |        | 1.059(100.000%) |
| path net delay                                                                                                                                                        |        |             |            |            |             |        | 0.000(0.000%)   |
|                                                                                                                                                                       |        |             |            |            |             |        |                 |
| data require time                                                                                                                                                     |        |             |            |            |             |        | 1.728           |
| data arrival time                                                                                                                                                     |        |             |            |            |             |        | 1.059           |
| slack (MET)                                                                                                                                                           |        |             |            |            |             |        | 0.669           |
+-----------------------------------------------------------------------------------------------------------------------------------------------------------------------+--------+-------------+------------+------------+-------------+--------+-----------------+
+-----------------------------------------------------------------------------------------------------------------------------------------------------------------------+--------+-------------+------------+------------+-------------+--------+-----------------+
| Point                                                                                                                                                                 | Fanout | Capacitance | Resistance | Transition | Delta Delay | Incr   | Path            |
+-----------------------------------------------------------------------------------------------------------------------------------------------------------------------+--------+-------------+------------+------------+-------------+--------+-----------------+
| clock (port)                                                                                                                                                          |        | 0.756       | 0.000      | 0.000      |             | 0.000  | 0.000r          |
| clock (clock net)                                                                                                                                                     | 732    |             |            |            | NA          |        |                 |
| alu_mod.bus_in_alu_op_4__reg_p:CK (DFF_X1)                                                                                                                            |        | 0.001       | 0.000      | 0.000      |             | 0.000  | 0.000r          |
| clock core_clock (rise edge)                                                                                                                                          |        |             |            |            |             | 0      | 0               |
| clock network delay (ideal)                                                                                                                                           |        |             |            |            |             | 0.000  | 0.000           |
| alu_mod.bus_in_alu_op_4__reg_p:CK (DFF_X1)                                                                                                                            |        | 0.001       | 0.000      | 0.000      |             | 0.000  | 0.000r          |
| alu_mod.bus_in_alu_op_4__reg_p:Q (DFF_X1)                                                                                                                             |        | 0.035       | 0.000      | 0.085      |             | 0.164  | 0.164r          |
| alu_mod.bus_in_alu_op_4_ (net)                                                                                                                                        | 22     |             |            |            | 0.000       |        |                 |
| alu_mod.bus_in_alu_op_5__NOR2_X1_A2:A1 (NOR2_X1)                                                                                                                      |        | 0.002       | 0.000      | 0.085      |             | 0.000  | 0.164r          |
| alu_mod.bus_in_alu_op_5__NOR2_X1_A2:ZN (NOR2_X1)                                                                                                                      |        | 0.003       | 0.000      | 0.021      |             | 0.018  | 0.182f          |
| alu_mod.bus_in_alu_op_5__NOR2_X1_A2_ZN (net)                                                                                                                          | 1      |             |            |            | 0.000       |        |                 |
| alu_mod.bus_in_alu_op_5__NOR2_X1_A2_ZN_BUF_X4_A:A (BUF_X4)                                                                                                            |        | 0.003       | 0.000      | 0.021      |             | 0.000  | 0.182f          |
| alu_mod.bus_in_alu_op_5__NOR2_X1_A2_ZN_BUF_X4_A:Z (BUF_X4)                                                                                                            |        | 0.029       | 0.000      | 0.011      |             | 0.040  | 0.222f          |
| alu_mod.bus_in_alu_op_5__NOR2_X1_A2_ZN_BUF_X4_A_Z (net)                                                                                                               | 19     |             |            |            | 0.000       |        |                 |
| alu_mod.bus_in_alu_op_2__INV_X1_A_ZN_NAND2_X1_A1:A2 (NAND2_X1)                                                                                                        |        | 0.002       | 0.000      | 0.011      |             | 0.000  | 0.222f          |
| alu_mod.bus_in_alu_op_2__INV_X1_A_ZN_NAND2_X1_A1:ZN (NAND2_X1)                                                                                                        |        | 0.003       | 0.000      | 0.015      |             | 0.023  | 0.246r          |
| alu_mod.bus_in_alu_op_2__INV_X1_A_ZN_NAND2_X1_A1_ZN (net)                                                                                                             | 1      |             |            |            | 0.000       |        |                 |
| alu_mod.bus_in_alu_op_2__INV_X1_A_ZN_NAND2_X1_A1_ZN_BUF_X4_A:A (BUF_X4)                                                                                               |        | 0.003       | 0.000      | 0.015      |             | 0.000  | 0.246r          |
| alu_mod.bus_in_alu_op_2__INV_X1_A_ZN_NAND2_X1_A1_ZN_BUF_X4_A:Z (BUF_X4)                                                                                               |        | 0.028       | 0.000      | 0.019      |             | 0.036  | 0.282r          |
| ifu_mod.index_0__reg_p_D_AOI221_X1_ZN_C2_AOI21_X1_ZN_B2_MUX2_X1_A_Z_OAI21_X1_A_B2_NOR3_X1_ZN_A1 (net)                                                                 | 15     |             |            |            | 0.000       |        |                 |
| alu_mod.bus_in_alu_op_3__AOI21_X1_B1_ZN_BUF_X2_A_Z_NOR2_X2_A2:A1 (NOR2_X2)                                                                                            |        | 0.003       | 0.000      | 0.019      |             | 0.000  | 0.282r          |
| alu_mod.bus_in_alu_op_3__AOI21_X1_B1_ZN_BUF_X2_A_Z_NOR2_X2_A2:ZN (NOR2_X2)                                                                                            |        | 0.003       | 0.000      | 0.011      |             | 0.011  | 0.293f          |
| alu_mod.bus_in_alu_op_3__AOI21_X1_B1_ZN_BUF_X2_A_Z_NOR2_X2_A2_ZN (net)                                                                                                | 1      |             |            |            | 0.000       |        |                 |
| alu_mod.bus_in_imm_20__reg_p_D_AOI221_X1_ZN_C2_MUX2_X1_B_Z_XNOR2_X1_B_A_BUF_X4_Z:A (BUF_X4)                                                                           |        | 0.003       | 0.000      | 0.011      |             | 0.000  | 0.293f          |
| alu_mod.bus_in_imm_20__reg_p_D_AOI221_X1_ZN_C2_MUX2_X1_B_Z_XNOR2_X1_B_A_BUF_X4_Z:Z (BUF_X4)                                                                           |        | 0.024       | 0.000      | 0.010      |             | 0.033  | 0.326f          |
| alu_mod.bus_in_imm_20__reg_p_D_AOI221_X1_ZN_C2_MUX2_X1_B_Z_XNOR2_X1_B_A (net)                                                                                         | 14     |             |            |            | 0.000       |        |                 |
| cache_addr_13__reg_p_D_MUX2_X2_Z_A_MUX2_X2_Z_B_OAI22_X1_ZN_A2_XNOR2_X1_ZN_B_OR2_X1_ZN_A2_MUX2_X1_B:S (MUX2_X1)                                                        |        | 0.002       | 0.000      | 0.010      |             | 0.000  | 0.326f          |
| cache_addr_13__reg_p_D_MUX2_X2_Z_A_MUX2_X2_Z_B_OAI22_X1_ZN_A2_XNOR2_X1_ZN_B_OR2_X1_ZN_A2_MUX2_X1_B:Z (MUX2_X1)                                                        |        | 0.003       | 0.000      | 0.013      |             | 0.053  | 0.379f          |
| cache_addr_13__reg_p_D_MUX2_X2_Z_A_MUX2_X2_Z_B_OAI22_X1_ZN_A2_XNOR2_X1_ZN_B_OR2_X1_ZN_A2_MUX2_X1_B_Z (net)                                                            | 3      |             |            |            | 0.000       |        |                 |
| cache_addr_16__reg_p_D_AOI21_X1_ZN_B1_AOI21_X1_ZN_B1_OAI22_X1_ZN_A2_XNOR2_X1_ZN_A_OAI21_X1_ZN_B1_AOI221_X1_B2_C2_AOI211_X1_ZN_A_OAI222_X1_ZN_A1_OR2_X1_A1:A2 (OR2_X1) |        | 0.001       | 0.000      | 0.013      |             | 0.000  | 0.379f          |
| cache_addr_16__reg_p_D_AOI21_X1_ZN_B1_AOI21_X1_ZN_B1_OAI22_X1_ZN_A2_XNOR2_X1_ZN_A_OAI21_X1_ZN_B1_AOI221_X1_B2_C2_AOI211_X1_ZN_A_OAI222_X1_ZN_A1_OR2_X1_A1:ZN (OR2_X1) |        | 0.004       | 0.000      | 0.012      |             | 0.056  | 0.435f          |
| cache_addr_16__reg_p_D_AOI21_X1_ZN_B1_AOI21_X1_ZN_B1_OAI22_X1_ZN_A2_XNOR2_X1_ZN_A_OAI21_X1_ZN_B1_OR2_X1_ZN_A1 (net)                                                   | 3      |             |            |            | 0.000       |        |                 |
| cache_addr_16__reg_p_D_AOI21_X1_ZN_B1_AOI21_X1_ZN_B1_OAI22_X1_ZN_A2_XNOR2_X1_ZN_A_OAI21_X1_ZN_B1_OR2_X1_ZN:A1 (OR2_X1)                                                |        | 0.001       | 0.000      | 0.012      |             | 0.000  | 0.435f          |
| cache_addr_16__reg_p_D_AOI21_X1_ZN_B1_AOI21_X1_ZN_B1_OAI22_X1_ZN_A2_XNOR2_X1_ZN_A_OAI21_X1_ZN_B1_OR2_X1_ZN:ZN (OR2_X1)                                                |        | 0.003       | 0.000      | 0.012      |             | 0.051  | 0.487f          |
| cache_addr_16__reg_p_D_AOI21_X1_ZN_B1_AOI21_X1_ZN_B1_OAI22_X1_ZN_A2_XNOR2_X1_ZN_A_OAI21_X1_ZN_B1 (net)                                                                | 2      |             |            |            | 0.000       |        |                 |
| cache_addr_16__reg_p_D_AOI21_X1_ZN_B1_AOI21_X1_ZN_B1_OAI22_X1_ZN_A2_XNOR2_X1_ZN_A_OAI21_X1_ZN_B1_AOI221_X1_B2:B2 (AOI221_X1)                                          |        | 0.002       | 0.000      | 0.012      |             | 0.000  | 0.487f          |
| cache_addr_16__reg_p_D_AOI21_X1_ZN_B1_AOI21_X1_ZN_B1_OAI22_X1_ZN_A2_XNOR2_X1_ZN_A_OAI21_X1_ZN_B1_AOI221_X1_B2:ZN (AOI221_X1)                                          |        | 0.002       | 0.000      | 0.036      |             | 0.066  | 0.553r          |
| cache_addr_16__reg_p_D_AOI21_X1_ZN_B1_AOI21_X1_ZN_B1_OAI22_X1_ZN_A2_XNOR2_X1_ZN_A_OAI21_X1_ZN_B1_AOI221_X1_B2_ZN (net)                                                | 1      |             |            |            | 0.000       |        |                 |
| cache_addr_16__reg_p_D_AOI21_X1_ZN_B1_AOI21_X1_ZN_B1_OAI22_X1_ZN_A2_XNOR2_X1_ZN_A_OAI21_X1_ZN_B1_AOI221_X1_B2_ZN_BUF_X2_A:A (BUF_X2)                                  |        | 0.002       | 0.000      | 0.036      |             | 0.000  | 0.553r          |
| cache_addr_16__reg_p_D_AOI21_X1_ZN_B1_AOI21_X1_ZN_B1_OAI22_X1_ZN_A2_XNOR2_X1_ZN_A_OAI21_X1_ZN_B1_AOI221_X1_B2_ZN_BUF_X2_A:Z (BUF_X2)                                  |        | 0.016       | 0.000      | 0.023      |             | 0.045  | 0.597r          |
| cache_addr_29__reg_p_D_AOI211_X1_ZN_A_AOI221_X1_ZN_B2_XNOR2_X1_ZN_A_NAND2_X1_ZN_A2_OAI21_X1_ZN_B1 (net)                                                               | 7      |             |            |            | 0.000       |        |                 |
| cache_addr_29__reg_p_D_AOI211_X1_ZN_A_AOI221_X1_ZN_B2_XNOR2_X1_ZN_A_NAND2_X1_ZN_A2_OAI21_X1_ZN_B2_NAND2_X1_ZN_A2_NAND3_X1_A3_ZN_OAI21_X4_B1:B2 (OAI21_X4)             |        | 0.007       | 0.000      | 0.023      |             | 0.000  | 0.597r          |
| cache_addr_29__reg_p_D_AOI211_X1_ZN_A_AOI221_X1_ZN_B2_XNOR2_X1_ZN_A_NAND2_X1_ZN_A2_OAI21_X1_ZN_B2_NAND2_X1_ZN_A2_NAND3_X1_A3_ZN_OAI21_X4_B1:ZN (OAI21_X4)             |        | 0.007       | 0.000      | 0.015      |             | 0.021  | 0.618f          |
| alu_mod.bus_in_rs1_0__MUX2_X1_B_Z_NOR2_X1_A2_ZN_AOI211_X1_B_ZN_OAI211_X1_A_C2 (net)                                                                                   | 4      |             |            |            | 0.000       |        |                 |
| alu_mod.bus_in_rs1_0__MUX2_X1_B_Z_NOR2_X1_A2_ZN_AOI211_X1_B_ZN_OAI211_X1_A:C2 (OAI211_X1)                                                                             |        | 0.002       | 0.000      | 0.015      |             | 0.000  | 0.618f          |
| alu_mod.bus_in_rs1_0__MUX2_X1_B_Z_NOR2_X1_A2_ZN_AOI211_X1_B_ZN_OAI211_X1_A:ZN (OAI211_X1)                                                                             |        | 0.003       | 0.000      | 0.031      |             | 0.048  | 0.667r          |
| alu_mod.bus_in_rs1_0__MUX2_X1_B_Z_NOR2_X1_A2_ZN_AOI211_X1_B_ZN_OAI211_X1_A_ZN (net)                                                                                   | 2      |             |            |            | 0.000       |        |                 |
| alu_mod.bus_in_rs1_0__MUX2_X1_B_Z_NOR2_X1_A2_ZN_OAI22_X1_B1_ZN_OAI21_X1_B2_ZN_AOI22_X1_A2:B1 (AOI22_X1)                                                               |        | 0.002       | 0.000      | 0.031      |             | 0.000  | 0.667r          |
| alu_mod.bus_in_rs1_0__MUX2_X1_B_Z_NOR2_X1_A2_ZN_OAI22_X1_B1_ZN_OAI21_X1_B2_ZN_AOI22_X1_A2:ZN (AOI22_X1)                                                               |        | 0.006       | 0.000      | 0.022      |             | 0.039  | 0.706f          |
| alu_mod.bus_in_rs1_0__MUX2_X1_B_Z_NOR2_X1_A2_ZN_OAI22_X1_B1_ZN_OAI21_X1_B2_ZN_AOI22_X1_A2_ZN (net)                                                                    | 5      |             |            |            | 0.000       |        |                 |
| icache_mod.trans_reg_p_CK_CLKGATE_X1_GCK_E_AOI211_X1_ZN_B_AOI22_X1_ZN_B2_NOR3_X1_ZN_A3_NOR3_X4_A3_A2_OAI221_X1_ZN_B1_OR4_X1_ZN:A4 (OR4_X1)                            |        | 0.001       | 0.000      | 0.022      |             | 0.000  | 0.706f          |
| icache_mod.trans_reg_p_CK_CLKGATE_X1_GCK_E_AOI211_X1_ZN_B_AOI22_X1_ZN_B2_NOR3_X1_ZN_A3_NOR3_X4_A3_A2_OAI221_X1_ZN_B1_OR4_X1_ZN:ZN (OR4_X1)                            |        | 0.005       | 0.000      | 0.022      |             | 0.130  | 0.836f          |
| icache_mod.trans_reg_p_CK_CLKGATE_X1_GCK_E_AOI211_X1_ZN_B_AOI22_X1_ZN_B2_NOR3_X1_ZN_A3_NOR3_X4_A3_A2_OAI221_X1_ZN_B1 (net)                                            | 2      |             |            |            | 0.000       |        |                 |
| icache_mod.trans_reg_p_CK_CLKGATE_X1_GCK_E_AOI211_X1_ZN_B_AOI22_X1_ZN_B2_NOR3_X1_ZN_A3_NOR3_X4_A3_A2_OAI221_X1_ZN_B1_OAI22_X2_A2:A2 (OAI22_X2)                        |        | 0.003       | 0.000      | 0.022      |             | 0.000  | 0.836f          |
| icache_mod.trans_reg_p_CK_CLKGATE_X1_GCK_E_AOI211_X1_ZN_B_AOI22_X1_ZN_B2_NOR3_X1_ZN_A3_NOR3_X4_A3_A2_OAI221_X1_ZN_B1_OAI22_X2_A2:ZN (OAI22_X2)                        |        | 0.011       | 0.000      | 0.051      |             | 0.060  | 0.896r          |
| csr_mod.regs[1]_26__AND2_X1_A1_ZN_OAI33_X1_A2_B3_OR4_X2_ZN_A3 (net)                                                                                                   | 3      |             |            |            | 0.000       |        |                 |
| csr_mod.regs[1]_26__AND2_X1_A1_ZN_OAI33_X1_A2_B3_OR4_X2_ZN_A3_NOR2_X2_A2:A2 (NOR2_X2)                                                                                 |        | 0.003       | 0.000      | 0.051      |             | 0.000  | 0.896r          |
| csr_mod.regs[1]_26__AND2_X1_A1_ZN_OAI33_X1_A2_B3_OR4_X2_ZN_A3_NOR2_X2_A2:ZN (NOR2_X2)                                                                                 |        | 0.011       | 0.000      | 0.018      |             | 0.025  | 0.920f          |
| cache_addr_5__reg_p_D_MUX2_X1_Z_A_MUX2_X1_Z_S (net)                                                                                                                   | 4      |             |            |            | 0.000       |        |                 |
| cache_addr_5__reg_p_D_MUX2_X1_Z_A_MUX2_X1_Z_S_BUF_X8_A:A (BUF_X8)                                                                                                     |        | 0.007       | 0.000      | 0.018      |             | 0.000  | 0.920f          |
| cache_addr_5__reg_p_D_MUX2_X1_Z_A_MUX2_X1_Z_S_BUF_X8_A:Z (BUF_X8)                                                                                                     |        | 0.038       | 0.000      | 0.008      |             | 0.035  | 0.955f          |
| cache_addr_15__reg_p_D_AOI211_X1_ZN_C2 (net)                                                                                                                          | 24     |             |            |            | 0.000       |        |                 |
| cache_addr_6__reg_p_D_MUX2_X1_Z_A_MUX2_X1_Z:S (MUX2_X1)                                                                                                               |        | 0.002       | 0.000      | 0.008      |             | 0.000  | 0.955f          |
| cache_addr_6__reg_p_D_MUX2_X1_Z_A_MUX2_X1_Z:Z (MUX2_X1)                                                                                                               |        | 0.001       | 0.000      | 0.009      |             | 0.045  | 1.000f          |
| cache_addr_6__reg_p_D_MUX2_X1_Z_A (net)                                                                                                                               | 1      |             |            |            | 0.000       |        |                 |
| cache_addr_6__reg_p_D_MUX2_X1_Z:A (MUX2_X1)                                                                                                                           |        | 0.001       | 0.000      | 0.009      |             | 0.000  | 1.000f          |
| cache_addr_6__reg_p_D_MUX2_X1_Z:Z (MUX2_X1)                                                                                                                           |        | 0.001       | 0.000      | 0.010      |             | 0.059  | 1.059f          |
| cache_addr_6__reg_p_D (net)                                                                                                                                           | 1      |             |            |            | 0.000       |        |                 |
| cache_addr_6__reg_p:D (DFF_X1)                                                                                                                                        |        | 0.001       | 0.000      | 0.010      |             | 0.000  | 1.059f          |
|                                                                                                                                                                       |        |             |            |            |             |        |                 |
| clock (port)                                                                                                                                                          |        | 0.756       | 0.000      | 0.000      |             | 0.000  | 0.000r          |
| clock (clock net)                                                                                                                                                     | 732    |             |            |            | NA          |        |                 |
| ifu_mod.index_0__reg_p_D_MUX2_X1_B_S_CLKGATE_X1_E:CK (CLKGATE_X1)                                                                                                     |        | 0.002       | 0.000      | 0.000      |             | 0.000  | 0.000r          |
| ifu_mod.index_0__reg_p_D_MUX2_X1_B_S_CLKGATE_X1_E:GCK (CLKGATE_X1)                                                                                                    |        | 0.029       | 0.000      | 0.000      |             | 0.000  | 0.000r          |
| cache_addr_6__reg_p_CK (clock net)                                                                                                                                    | 31     |             |            |            | NA          |        |                 |
| cache_addr_6__reg_p:CK (DFF_X1)                                                                                                                                       |        | 0.001       | 0.000      | 0.000      |             | 0.000  | 0.000r          |
| clock core_clock (rise edge)                                                                                                                                          |        |             |            |            |             | 1.769  | 1.769           |
| clock network delay (ideal)                                                                                                                                           |        |             |            |            |             | 0.000  | 1.769           |
| cache_addr_6__reg_p:CK (DFF_X1)                                                                                                                                       |        |             |            |            |             |        | 1.769r          |
| library setup time                                                                                                                                                    |        |             |            |            |             | -0.041 | 1.728           |
| clock reconvergence pessimism                                                                                                                                         |        |             |            |            |             | 0.000  | 1.728           |
|                                                                                                                                                                       |        |             |            |            |             |        |                 |
| path cell delay                                                                                                                                                       |        |             |            |            |             |        | 1.059(100.000%) |
| path net delay                                                                                                                                                        |        |             |            |            |             |        | 0.000(0.000%)   |
|                                                                                                                                                                       |        |             |            |            |             |        |                 |
| data require time                                                                                                                                                     |        |             |            |            |             |        | 1.728           |
| data arrival time                                                                                                                                                     |        |             |            |            |             |        | 1.059           |
| slack (MET)                                                                                                                                                           |        |             |            |            |             |        | 0.669           |
+-----------------------------------------------------------------------------------------------------------------------------------------------------------------------+--------+-------------+------------+------------+-------------+--------+-----------------+
+-----------------------------------------------------------------------------------------------------------------------------------------------------------------------+--------+-------------+------------+------------+-------------+--------+-----------------+
| Point                                                                                                                                                                 | Fanout | Capacitance | Resistance | Transition | Delta Delay | Incr   | Path            |
+-----------------------------------------------------------------------------------------------------------------------------------------------------------------------+--------+-------------+------------+------------+-------------+--------+-----------------+
| clock (port)                                                                                                                                                          |        | 0.756       | 0.000      | 0.000      |             | 0.000  | 0.000r          |
| clock (clock net)                                                                                                                                                     | 732    |             |            |            | NA          |        |                 |
| alu_mod.bus_in_alu_op_4__reg_p:CK (DFF_X1)                                                                                                                            |        | 0.001       | 0.000      | 0.000      |             | 0.000  | 0.000r          |
| clock core_clock (rise edge)                                                                                                                                          |        |             |            |            |             | 0      | 0               |
| clock network delay (ideal)                                                                                                                                           |        |             |            |            |             | 0.000  | 0.000           |
| alu_mod.bus_in_alu_op_4__reg_p:CK (DFF_X1)                                                                                                                            |        | 0.001       | 0.000      | 0.000      |             | 0.000  | 0.000r          |
| alu_mod.bus_in_alu_op_4__reg_p:Q (DFF_X1)                                                                                                                             |        | 0.035       | 0.000      | 0.085      |             | 0.164  | 0.164r          |
| alu_mod.bus_in_alu_op_4_ (net)                                                                                                                                        | 22     |             |            |            | 0.000       |        |                 |
| alu_mod.bus_in_alu_op_5__NOR2_X1_A2:A1 (NOR2_X1)                                                                                                                      |        | 0.002       | 0.000      | 0.085      |             | 0.000  | 0.164r          |
| alu_mod.bus_in_alu_op_5__NOR2_X1_A2:ZN (NOR2_X1)                                                                                                                      |        | 0.003       | 0.000      | 0.021      |             | 0.018  | 0.182f          |
| alu_mod.bus_in_alu_op_5__NOR2_X1_A2_ZN (net)                                                                                                                          | 1      |             |            |            | 0.000       |        |                 |
| alu_mod.bus_in_alu_op_5__NOR2_X1_A2_ZN_BUF_X4_A:A (BUF_X4)                                                                                                            |        | 0.003       | 0.000      | 0.021      |             | 0.000  | 0.182f          |
| alu_mod.bus_in_alu_op_5__NOR2_X1_A2_ZN_BUF_X4_A:Z (BUF_X4)                                                                                                            |        | 0.029       | 0.000      | 0.011      |             | 0.040  | 0.222f          |
| alu_mod.bus_in_alu_op_5__NOR2_X1_A2_ZN_BUF_X4_A_Z (net)                                                                                                               | 19     |             |            |            | 0.000       |        |                 |
| alu_mod.bus_in_alu_op_2__INV_X1_A_ZN_NAND2_X1_A1:A2 (NAND2_X1)                                                                                                        |        | 0.002       | 0.000      | 0.011      |             | 0.000  | 0.222f          |
| alu_mod.bus_in_alu_op_2__INV_X1_A_ZN_NAND2_X1_A1:ZN (NAND2_X1)                                                                                                        |        | 0.003       | 0.000      | 0.015      |             | 0.023  | 0.246r          |
| alu_mod.bus_in_alu_op_2__INV_X1_A_ZN_NAND2_X1_A1_ZN (net)                                                                                                             | 1      |             |            |            | 0.000       |        |                 |
| alu_mod.bus_in_alu_op_2__INV_X1_A_ZN_NAND2_X1_A1_ZN_BUF_X4_A:A (BUF_X4)                                                                                               |        | 0.003       | 0.000      | 0.015      |             | 0.000  | 0.246r          |
| alu_mod.bus_in_alu_op_2__INV_X1_A_ZN_NAND2_X1_A1_ZN_BUF_X4_A:Z (BUF_X4)                                                                                               |        | 0.028       | 0.000      | 0.019      |             | 0.036  | 0.282r          |
| ifu_mod.index_0__reg_p_D_AOI221_X1_ZN_C2_AOI21_X1_ZN_B2_MUX2_X1_A_Z_OAI21_X1_A_B2_NOR3_X1_ZN_A1 (net)                                                                 | 15     |             |            |            | 0.000       |        |                 |
| alu_mod.bus_in_alu_op_3__AOI21_X1_B1_ZN_BUF_X2_A_Z_NOR2_X2_A2:A1 (NOR2_X2)                                                                                            |        | 0.003       | 0.000      | 0.019      |             | 0.000  | 0.282r          |
| alu_mod.bus_in_alu_op_3__AOI21_X1_B1_ZN_BUF_X2_A_Z_NOR2_X2_A2:ZN (NOR2_X2)                                                                                            |        | 0.003       | 0.000      | 0.011      |             | 0.011  | 0.293f          |
| alu_mod.bus_in_alu_op_3__AOI21_X1_B1_ZN_BUF_X2_A_Z_NOR2_X2_A2_ZN (net)                                                                                                | 1      |             |            |            | 0.000       |        |                 |
| alu_mod.bus_in_imm_20__reg_p_D_AOI221_X1_ZN_C2_MUX2_X1_B_Z_XNOR2_X1_B_A_BUF_X4_Z:A (BUF_X4)                                                                           |        | 0.003       | 0.000      | 0.011      |             | 0.000  | 0.293f          |
| alu_mod.bus_in_imm_20__reg_p_D_AOI221_X1_ZN_C2_MUX2_X1_B_Z_XNOR2_X1_B_A_BUF_X4_Z:Z (BUF_X4)                                                                           |        | 0.024       | 0.000      | 0.010      |             | 0.033  | 0.326f          |
| alu_mod.bus_in_imm_20__reg_p_D_AOI221_X1_ZN_C2_MUX2_X1_B_Z_XNOR2_X1_B_A (net)                                                                                         | 14     |             |            |            | 0.000       |        |                 |
| cache_addr_13__reg_p_D_MUX2_X2_Z_A_MUX2_X2_Z_B_OAI22_X1_ZN_A2_XNOR2_X1_ZN_B_OR2_X1_ZN_A2_MUX2_X1_B:S (MUX2_X1)                                                        |        | 0.002       | 0.000      | 0.010      |             | 0.000  | 0.326f          |
| cache_addr_13__reg_p_D_MUX2_X2_Z_A_MUX2_X2_Z_B_OAI22_X1_ZN_A2_XNOR2_X1_ZN_B_OR2_X1_ZN_A2_MUX2_X1_B:Z (MUX2_X1)                                                        |        | 0.003       | 0.000      | 0.013      |             | 0.053  | 0.379f          |
| cache_addr_13__reg_p_D_MUX2_X2_Z_A_MUX2_X2_Z_B_OAI22_X1_ZN_A2_XNOR2_X1_ZN_B_OR2_X1_ZN_A2_MUX2_X1_B_Z (net)                                                            | 3      |             |            |            | 0.000       |        |                 |
| cache_addr_16__reg_p_D_AOI21_X1_ZN_B1_AOI21_X1_ZN_B1_OAI22_X1_ZN_A2_XNOR2_X1_ZN_A_OAI21_X1_ZN_B1_AOI221_X1_B2_C2_AOI211_X1_ZN_A_OAI222_X1_ZN_A1_OR2_X1_A1:A2 (OR2_X1) |        | 0.001       | 0.000      | 0.013      |             | 0.000  | 0.379f          |
| cache_addr_16__reg_p_D_AOI21_X1_ZN_B1_AOI21_X1_ZN_B1_OAI22_X1_ZN_A2_XNOR2_X1_ZN_A_OAI21_X1_ZN_B1_AOI221_X1_B2_C2_AOI211_X1_ZN_A_OAI222_X1_ZN_A1_OR2_X1_A1:ZN (OR2_X1) |        | 0.004       | 0.000      | 0.012      |             | 0.056  | 0.435f          |
| cache_addr_16__reg_p_D_AOI21_X1_ZN_B1_AOI21_X1_ZN_B1_OAI22_X1_ZN_A2_XNOR2_X1_ZN_A_OAI21_X1_ZN_B1_OR2_X1_ZN_A1 (net)                                                   | 3      |             |            |            | 0.000       |        |                 |
| cache_addr_16__reg_p_D_AOI21_X1_ZN_B1_AOI21_X1_ZN_B1_OAI22_X1_ZN_A2_XNOR2_X1_ZN_A_OAI21_X1_ZN_B1_OR2_X1_ZN:A1 (OR2_X1)                                                |        | 0.001       | 0.000      | 0.012      |             | 0.000  | 0.435f          |
| cache_addr_16__reg_p_D_AOI21_X1_ZN_B1_AOI21_X1_ZN_B1_OAI22_X1_ZN_A2_XNOR2_X1_ZN_A_OAI21_X1_ZN_B1_OR2_X1_ZN:ZN (OR2_X1)                                                |        | 0.003       | 0.000      | 0.012      |             | 0.051  | 0.487f          |
| cache_addr_16__reg_p_D_AOI21_X1_ZN_B1_AOI21_X1_ZN_B1_OAI22_X1_ZN_A2_XNOR2_X1_ZN_A_OAI21_X1_ZN_B1 (net)                                                                | 2      |             |            |            | 0.000       |        |                 |
| cache_addr_16__reg_p_D_AOI21_X1_ZN_B1_AOI21_X1_ZN_B1_OAI22_X1_ZN_A2_XNOR2_X1_ZN_A_OAI21_X1_ZN_B1_AOI221_X1_B2:B2 (AOI221_X1)                                          |        | 0.002       | 0.000      | 0.012      |             | 0.000  | 0.487f          |
| cache_addr_16__reg_p_D_AOI21_X1_ZN_B1_AOI21_X1_ZN_B1_OAI22_X1_ZN_A2_XNOR2_X1_ZN_A_OAI21_X1_ZN_B1_AOI221_X1_B2:ZN (AOI221_X1)                                          |        | 0.002       | 0.000      | 0.036      |             | 0.066  | 0.553r          |
| cache_addr_16__reg_p_D_AOI21_X1_ZN_B1_AOI21_X1_ZN_B1_OAI22_X1_ZN_A2_XNOR2_X1_ZN_A_OAI21_X1_ZN_B1_AOI221_X1_B2_ZN (net)                                                | 1      |             |            |            | 0.000       |        |                 |
| cache_addr_16__reg_p_D_AOI21_X1_ZN_B1_AOI21_X1_ZN_B1_OAI22_X1_ZN_A2_XNOR2_X1_ZN_A_OAI21_X1_ZN_B1_AOI221_X1_B2_ZN_BUF_X2_A:A (BUF_X2)                                  |        | 0.002       | 0.000      | 0.036      |             | 0.000  | 0.553r          |
| cache_addr_16__reg_p_D_AOI21_X1_ZN_B1_AOI21_X1_ZN_B1_OAI22_X1_ZN_A2_XNOR2_X1_ZN_A_OAI21_X1_ZN_B1_AOI221_X1_B2_ZN_BUF_X2_A:Z (BUF_X2)                                  |        | 0.016       | 0.000      | 0.023      |             | 0.045  | 0.597r          |
| cache_addr_29__reg_p_D_AOI211_X1_ZN_A_AOI221_X1_ZN_B2_XNOR2_X1_ZN_A_NAND2_X1_ZN_A2_OAI21_X1_ZN_B1 (net)                                                               | 7      |             |            |            | 0.000       |        |                 |
| cache_addr_29__reg_p_D_AOI211_X1_ZN_A_AOI221_X1_ZN_B2_XNOR2_X1_ZN_A_NAND2_X1_ZN_A2_OAI21_X1_ZN_B2_NAND2_X1_ZN_A2_NAND3_X1_A3_ZN_OAI21_X4_B1:B2 (OAI21_X4)             |        | 0.007       | 0.000      | 0.023      |             | 0.000  | 0.597r          |
| cache_addr_29__reg_p_D_AOI211_X1_ZN_A_AOI221_X1_ZN_B2_XNOR2_X1_ZN_A_NAND2_X1_ZN_A2_OAI21_X1_ZN_B2_NAND2_X1_ZN_A2_NAND3_X1_A3_ZN_OAI21_X4_B1:ZN (OAI21_X4)             |        | 0.007       | 0.000      | 0.015      |             | 0.021  | 0.618f          |
| alu_mod.bus_in_rs1_0__MUX2_X1_B_Z_NOR2_X1_A2_ZN_AOI211_X1_B_ZN_OAI211_X1_A_C2 (net)                                                                                   | 4      |             |            |            | 0.000       |        |                 |
| alu_mod.bus_in_rs1_0__MUX2_X1_B_Z_NOR2_X1_A2_ZN_AOI211_X1_B_ZN_OAI211_X1_A:C2 (OAI211_X1)                                                                             |        | 0.002       | 0.000      | 0.015      |             | 0.000  | 0.618f          |
| alu_mod.bus_in_rs1_0__MUX2_X1_B_Z_NOR2_X1_A2_ZN_AOI211_X1_B_ZN_OAI211_X1_A:ZN (OAI211_X1)                                                                             |        | 0.003       | 0.000      | 0.031      |             | 0.048  | 0.667r          |
| alu_mod.bus_in_rs1_0__MUX2_X1_B_Z_NOR2_X1_A2_ZN_AOI211_X1_B_ZN_OAI211_X1_A_ZN (net)                                                                                   | 2      |             |            |            | 0.000       |        |                 |
| alu_mod.bus_in_rs1_0__MUX2_X1_B_Z_NOR2_X1_A2_ZN_OAI22_X1_B1_ZN_OAI21_X1_B2_ZN_AOI22_X1_A2:B1 (AOI22_X1)                                                               |        | 0.002       | 0.000      | 0.031      |             | 0.000  | 0.667r          |
| alu_mod.bus_in_rs1_0__MUX2_X1_B_Z_NOR2_X1_A2_ZN_OAI22_X1_B1_ZN_OAI21_X1_B2_ZN_AOI22_X1_A2:ZN (AOI22_X1)                                                               |        | 0.006       | 0.000      | 0.022      |             | 0.039  | 0.706f          |
| alu_mod.bus_in_rs1_0__MUX2_X1_B_Z_NOR2_X1_A2_ZN_OAI22_X1_B1_ZN_OAI21_X1_B2_ZN_AOI22_X1_A2_ZN (net)                                                                    | 5      |             |            |            | 0.000       |        |                 |
| icache_mod.trans_reg_p_CK_CLKGATE_X1_GCK_E_AOI211_X1_ZN_B_AOI22_X1_ZN_B2_NOR3_X1_ZN_A3_NOR3_X4_A3_A2_OAI221_X1_ZN_B1_OR4_X1_ZN:A4 (OR4_X1)                            |        | 0.001       | 0.000      | 0.022      |             | 0.000  | 0.706f          |
| icache_mod.trans_reg_p_CK_CLKGATE_X1_GCK_E_AOI211_X1_ZN_B_AOI22_X1_ZN_B2_NOR3_X1_ZN_A3_NOR3_X4_A3_A2_OAI221_X1_ZN_B1_OR4_X1_ZN:ZN (OR4_X1)                            |        | 0.005       | 0.000      | 0.022      |             | 0.130  | 0.836f          |
| icache_mod.trans_reg_p_CK_CLKGATE_X1_GCK_E_AOI211_X1_ZN_B_AOI22_X1_ZN_B2_NOR3_X1_ZN_A3_NOR3_X4_A3_A2_OAI221_X1_ZN_B1 (net)                                            | 2      |             |            |            | 0.000       |        |                 |
| icache_mod.trans_reg_p_CK_CLKGATE_X1_GCK_E_AOI211_X1_ZN_B_AOI22_X1_ZN_B2_NOR3_X1_ZN_A3_NOR3_X4_A3_A2_OAI221_X1_ZN_B1_OAI22_X2_A2:A2 (OAI22_X2)                        |        | 0.003       | 0.000      | 0.022      |             | 0.000  | 0.836f          |
| icache_mod.trans_reg_p_CK_CLKGATE_X1_GCK_E_AOI211_X1_ZN_B_AOI22_X1_ZN_B2_NOR3_X1_ZN_A3_NOR3_X4_A3_A2_OAI221_X1_ZN_B1_OAI22_X2_A2:ZN (OAI22_X2)                        |        | 0.011       | 0.000      | 0.051      |             | 0.060  | 0.896r          |
| csr_mod.regs[1]_26__AND2_X1_A1_ZN_OAI33_X1_A2_B3_OR4_X2_ZN_A3 (net)                                                                                                   | 3      |             |            |            | 0.000       |        |                 |
| csr_mod.regs[1]_26__AND2_X1_A1_ZN_OAI33_X1_A2_B3_OR4_X2_ZN_A3_NOR2_X2_A2:A2 (NOR2_X2)                                                                                 |        | 0.003       | 0.000      | 0.051      |             | 0.000  | 0.896r          |
| csr_mod.regs[1]_26__AND2_X1_A1_ZN_OAI33_X1_A2_B3_OR4_X2_ZN_A3_NOR2_X2_A2:ZN (NOR2_X2)                                                                                 |        | 0.011       | 0.000      | 0.018      |             | 0.025  | 0.920f          |
| cache_addr_5__reg_p_D_MUX2_X1_Z_A_MUX2_X1_Z_S (net)                                                                                                                   | 4      |             |            |            | 0.000       |        |                 |
| cache_addr_5__reg_p_D_MUX2_X1_Z_A_MUX2_X1_Z_S_BUF_X8_A:A (BUF_X8)                                                                                                     |        | 0.007       | 0.000      | 0.018      |             | 0.000  | 0.920f          |
| cache_addr_5__reg_p_D_MUX2_X1_Z_A_MUX2_X1_Z_S_BUF_X8_A:Z (BUF_X8)                                                                                                     |        | 0.038       | 0.000      | 0.008      |             | 0.035  | 0.955f          |
| cache_addr_15__reg_p_D_AOI211_X1_ZN_C2 (net)                                                                                                                          | 24     |             |            |            | 0.000       |        |                 |
| cache_addr_6__reg_p_D_MUX2_X1_Z_A_MUX2_X1_Z:S (MUX2_X1)                                                                                                               |        | 0.002       | 0.000      | 0.008      |             | 0.000  | 0.955f          |
| cache_addr_6__reg_p_D_MUX2_X1_Z_A_MUX2_X1_Z:Z (MUX2_X1)                                                                                                               |        | 0.001       | 0.000      | 0.009      |             | 0.045  | 1.000f          |
| cache_addr_6__reg_p_D_MUX2_X1_Z_A (net)                                                                                                                               | 1      |             |            |            | 0.000       |        |                 |
| cache_addr_6__reg_p_D_MUX2_X1_Z:A (MUX2_X1)                                                                                                                           |        | 0.001       | 0.000      | 0.009      |             | 0.000  | 1.000f          |
| cache_addr_6__reg_p_D_MUX2_X1_Z:Z (MUX2_X1)                                                                                                                           |        | 0.001       | 0.000      | 0.010      |             | 0.059  | 1.059f          |
| cache_addr_6__reg_p_D (net)                                                                                                                                           | 1      |             |            |            | 0.000       |        |                 |
| cache_addr_6__reg_p:D (DFF_X1)                                                                                                                                        |        | 0.001       | 0.000      | 0.010      |             | 0.000  | 1.059f          |
|                                                                                                                                                                       |        |             |            |            |             |        |                 |
| clock (port)                                                                                                                                                          |        | 0.756       | 0.000      | 0.000      |             | 0.000  | 0.000r          |
| clock (clock net)                                                                                                                                                     | 732    |             |            |            | NA          |        |                 |
| ifu_mod.index_0__reg_p_D_MUX2_X1_B_S_CLKGATE_X1_E:CK (CLKGATE_X1)                                                                                                     |        | 0.002       | 0.000      | 0.000      |             | 0.000  | 0.000r          |
| ifu_mod.index_0__reg_p_D_MUX2_X1_B_S_CLKGATE_X1_E:GCK (CLKGATE_X1)                                                                                                    |        | 0.029       | 0.000      | 0.000      |             | 0.000  | 0.000r          |
| cache_addr_6__reg_p_CK (clock net)                                                                                                                                    | 31     |             |            |            | NA          |        |                 |
| cache_addr_6__reg_p:CK (DFF_X1)                                                                                                                                       |        | 0.001       | 0.000      | 0.000      |             | 0.000  | 0.000r          |
| clock core_clock (rise edge)                                                                                                                                          |        |             |            |            |             | 1.769  | 1.769           |
| clock network delay (ideal)                                                                                                                                           |        |             |            |            |             | 0.000  | 1.769           |
| cache_addr_6__reg_p:CK (DFF_X1)                                                                                                                                       |        |             |            |            |             |        | 1.769r          |
| library setup time                                                                                                                                                    |        |             |            |            |             | -0.041 | 1.728           |
| clock reconvergence pessimism                                                                                                                                         |        |             |            |            |             | 0.000  | 1.728           |
|                                                                                                                                                                       |        |             |            |            |             |        |                 |
| path cell delay                                                                                                                                                       |        |             |            |            |             |        | 1.059(100.000%) |
| path net delay                                                                                                                                                        |        |             |            |            |             |        | 0.000(0.000%)   |
|                                                                                                                                                                       |        |             |            |            |             |        |                 |
| data require time                                                                                                                                                     |        |             |            |            |             |        | 1.728           |
| data arrival time                                                                                                                                                     |        |             |            |            |             |        | 1.059           |
| slack (MET)                                                                                                                                                           |        |             |            |            |             |        | 0.669           |
+-----------------------------------------------------------------------------------------------------------------------------------------------------------------------+--------+-------------+------------+------------+-------------+--------+-----------------+
+-----------------------------------------------------------------------------------------------------------------------------------------------------------------------------------+--------+-------------+------------+------------+-------------+--------+-----------------+
| Point                                                                                                                                                                             | Fanout | Capacitance | Resistance | Transition | Delta Delay | Incr   | Path            |
+-----------------------------------------------------------------------------------------------------------------------------------------------------------------------------------+--------+-------------+------------+------------+-------------+--------+-----------------+
| clock (port)                                                                                                                                                                      |        | 0.756       | 0.000      | 0.000      |             | 0.000  | 0.000r          |
| clock (clock net)                                                                                                                                                                 | 732    |             |            |            | NA          |        |                 |
| alu_mod.bus_in_alu_op_4__reg_p:CK (DFF_X1)                                                                                                                                        |        | 0.001       | 0.000      | 0.000      |             | 0.000  | 0.000r          |
| clock core_clock (rise edge)                                                                                                                                                      |        |             |            |            |             | 0      | 0               |
| clock network delay (ideal)                                                                                                                                                       |        |             |            |            |             | 0.000  | 0.000           |
| alu_mod.bus_in_alu_op_4__reg_p:CK (DFF_X1)                                                                                                                                        |        | 0.001       | 0.000      | 0.000      |             | 0.000  | 0.000r          |
| alu_mod.bus_in_alu_op_4__reg_p:Q (DFF_X1)                                                                                                                                         |        | 0.035       | 0.000      | 0.085      |             | 0.164  | 0.164r          |
| alu_mod.bus_in_alu_op_4_ (net)                                                                                                                                                    | 22     |             |            |            | 0.000       |        |                 |
| alu_mod.bus_in_alu_op_5__NOR2_X1_A2:A1 (NOR2_X1)                                                                                                                                  |        | 0.002       | 0.000      | 0.085      |             | 0.000  | 0.164r          |
| alu_mod.bus_in_alu_op_5__NOR2_X1_A2:ZN (NOR2_X1)                                                                                                                                  |        | 0.003       | 0.000      | 0.021      |             | 0.018  | 0.182f          |
| alu_mod.bus_in_alu_op_5__NOR2_X1_A2_ZN (net)                                                                                                                                      | 1      |             |            |            | 0.000       |        |                 |
| alu_mod.bus_in_alu_op_5__NOR2_X1_A2_ZN_BUF_X4_A:A (BUF_X4)                                                                                                                        |        | 0.003       | 0.000      | 0.021      |             | 0.000  | 0.182f          |
| alu_mod.bus_in_alu_op_5__NOR2_X1_A2_ZN_BUF_X4_A:Z (BUF_X4)                                                                                                                        |        | 0.029       | 0.000      | 0.011      |             | 0.040  | 0.222f          |
| alu_mod.bus_in_alu_op_5__NOR2_X1_A2_ZN_BUF_X4_A_Z (net)                                                                                                                           | 19     |             |            |            | 0.000       |        |                 |
| alu_mod.bus_in_alu_op_2__INV_X1_A_ZN_NAND2_X1_A1:A2 (NAND2_X1)                                                                                                                    |        | 0.002       | 0.000      | 0.011      |             | 0.000  | 0.222f          |
| alu_mod.bus_in_alu_op_2__INV_X1_A_ZN_NAND2_X1_A1:ZN (NAND2_X1)                                                                                                                    |        | 0.003       | 0.000      | 0.015      |             | 0.023  | 0.246r          |
| alu_mod.bus_in_alu_op_2__INV_X1_A_ZN_NAND2_X1_A1_ZN (net)                                                                                                                         | 1      |             |            |            | 0.000       |        |                 |
| alu_mod.bus_in_alu_op_2__INV_X1_A_ZN_NAND2_X1_A1_ZN_BUF_X4_A:A (BUF_X4)                                                                                                           |        | 0.003       | 0.000      | 0.015      |             | 0.000  | 0.246r          |
| alu_mod.bus_in_alu_op_2__INV_X1_A_ZN_NAND2_X1_A1_ZN_BUF_X4_A:Z (BUF_X4)                                                                                                           |        | 0.028       | 0.000      | 0.019      |             | 0.036  | 0.282r          |
| ifu_mod.index_0__reg_p_D_AOI221_X1_ZN_C2_AOI21_X1_ZN_B2_MUX2_X1_A_Z_OAI21_X1_A_B2_NOR3_X1_ZN_A1 (net)                                                                             | 15     |             |            |            | 0.000       |        |                 |
| alu_mod.bus_in_alu_op_3__AOI21_X1_B1_ZN_BUF_X2_A_Z_NOR2_X2_A2:A1 (NOR2_X2)                                                                                                        |        | 0.003       | 0.000      | 0.019      |             | 0.000  | 0.282r          |
| alu_mod.bus_in_alu_op_3__AOI21_X1_B1_ZN_BUF_X2_A_Z_NOR2_X2_A2:ZN (NOR2_X2)                                                                                                        |        | 0.003       | 0.000      | 0.011      |             | 0.011  | 0.293f          |
| alu_mod.bus_in_alu_op_3__AOI21_X1_B1_ZN_BUF_X2_A_Z_NOR2_X2_A2_ZN (net)                                                                                                            | 1      |             |            |            | 0.000       |        |                 |
| alu_mod.bus_in_imm_20__reg_p_D_AOI221_X1_ZN_C2_MUX2_X1_B_Z_XNOR2_X1_B_A_BUF_X4_Z:A (BUF_X4)                                                                                       |        | 0.003       | 0.000      | 0.011      |             | 0.000  | 0.293f          |
| alu_mod.bus_in_imm_20__reg_p_D_AOI221_X1_ZN_C2_MUX2_X1_B_Z_XNOR2_X1_B_A_BUF_X4_Z:Z (BUF_X4)                                                                                       |        | 0.024       | 0.000      | 0.010      |             | 0.033  | 0.326f          |
| alu_mod.bus_in_imm_20__reg_p_D_AOI221_X1_ZN_C2_MUX2_X1_B_Z_XNOR2_X1_B_A (net)                                                                                                     | 14     |             |            |            | 0.000       |        |                 |
| cache_addr_13__reg_p_D_MUX2_X2_Z_A_MUX2_X2_Z_B_OAI22_X1_ZN_A2_XNOR2_X1_ZN_B_OR2_X1_ZN_A2_MUX2_X1_B:S (MUX2_X1)                                                                    |        | 0.002       | 0.000      | 0.010      |             | 0.000  | 0.326f          |
| cache_addr_13__reg_p_D_MUX2_X2_Z_A_MUX2_X2_Z_B_OAI22_X1_ZN_A2_XNOR2_X1_ZN_B_OR2_X1_ZN_A2_MUX2_X1_B:Z (MUX2_X1)                                                                    |        | 0.003       | 0.000      | 0.013      |             | 0.053  | 0.379f          |
| cache_addr_13__reg_p_D_MUX2_X2_Z_A_MUX2_X2_Z_B_OAI22_X1_ZN_A2_XNOR2_X1_ZN_B_OR2_X1_ZN_A2_MUX2_X1_B_Z (net)                                                                        | 3      |             |            |            | 0.000       |        |                 |
| cache_addr_16__reg_p_D_AOI21_X1_ZN_B1_AOI21_X1_ZN_B1_OAI22_X1_ZN_A2_XNOR2_X1_ZN_A_OAI21_X1_ZN_B1_AOI221_X1_B2_C2_AOI211_X1_ZN_A_OAI222_X1_ZN_A1_OR2_X1_A1:A2 (OR2_X1)             |        | 0.001       | 0.000      | 0.013      |             | 0.000  | 0.379f          |
| cache_addr_16__reg_p_D_AOI21_X1_ZN_B1_AOI21_X1_ZN_B1_OAI22_X1_ZN_A2_XNOR2_X1_ZN_A_OAI21_X1_ZN_B1_AOI221_X1_B2_C2_AOI211_X1_ZN_A_OAI222_X1_ZN_A1_OR2_X1_A1:ZN (OR2_X1)             |        | 0.004       | 0.000      | 0.012      |             | 0.056  | 0.435f          |
| cache_addr_16__reg_p_D_AOI21_X1_ZN_B1_AOI21_X1_ZN_B1_OAI22_X1_ZN_A2_XNOR2_X1_ZN_A_OAI21_X1_ZN_B1_OR2_X1_ZN_A1 (net)                                                               | 3      |             |            |            | 0.000       |        |                 |
| cache_addr_16__reg_p_D_AOI21_X1_ZN_B1_AOI21_X1_ZN_B1_OAI22_X1_ZN_A2_XNOR2_X1_ZN_A_OAI21_X1_ZN_B1_OR2_X1_ZN:A1 (OR2_X1)                                                            |        | 0.001       | 0.000      | 0.012      |             | 0.000  | 0.435f          |
| cache_addr_16__reg_p_D_AOI21_X1_ZN_B1_AOI21_X1_ZN_B1_OAI22_X1_ZN_A2_XNOR2_X1_ZN_A_OAI21_X1_ZN_B1_OR2_X1_ZN:ZN (OR2_X1)                                                            |        | 0.003       | 0.000      | 0.012      |             | 0.051  | 0.487f          |
| cache_addr_16__reg_p_D_AOI21_X1_ZN_B1_AOI21_X1_ZN_B1_OAI22_X1_ZN_A2_XNOR2_X1_ZN_A_OAI21_X1_ZN_B1 (net)                                                                            | 2      |             |            |            | 0.000       |        |                 |
| cache_addr_16__reg_p_D_AOI21_X1_ZN_B1_AOI21_X1_ZN_B1_OAI22_X1_ZN_A2_XNOR2_X1_ZN_A_OAI21_X1_ZN_B1_AOI221_X1_B2:B2 (AOI221_X1)                                                      |        | 0.002       | 0.000      | 0.012      |             | 0.000  | 0.487f          |
| cache_addr_16__reg_p_D_AOI21_X1_ZN_B1_AOI21_X1_ZN_B1_OAI22_X1_ZN_A2_XNOR2_X1_ZN_A_OAI21_X1_ZN_B1_AOI221_X1_B2:ZN (AOI221_X1)                                                      |        | 0.002       | 0.000      | 0.036      |             | 0.066  | 0.553r          |
| cache_addr_16__reg_p_D_AOI21_X1_ZN_B1_AOI21_X1_ZN_B1_OAI22_X1_ZN_A2_XNOR2_X1_ZN_A_OAI21_X1_ZN_B1_AOI221_X1_B2_ZN (net)                                                            | 1      |             |            |            | 0.000       |        |                 |
| cache_addr_16__reg_p_D_AOI21_X1_ZN_B1_AOI21_X1_ZN_B1_OAI22_X1_ZN_A2_XNOR2_X1_ZN_A_OAI21_X1_ZN_B1_AOI221_X1_B2_ZN_BUF_X2_A:A (BUF_X2)                                              |        | 0.002       | 0.000      | 0.036      |             | 0.000  | 0.553r          |
| cache_addr_16__reg_p_D_AOI21_X1_ZN_B1_AOI21_X1_ZN_B1_OAI22_X1_ZN_A2_XNOR2_X1_ZN_A_OAI21_X1_ZN_B1_AOI221_X1_B2_ZN_BUF_X2_A:Z (BUF_X2)                                              |        | 0.016       | 0.000      | 0.023      |             | 0.045  | 0.597r          |
| cache_addr_29__reg_p_D_AOI211_X1_ZN_A_AOI221_X1_ZN_B2_XNOR2_X1_ZN_A_NAND2_X1_ZN_A2_OAI21_X1_ZN_B1 (net)                                                                           | 7      |             |            |            | 0.000       |        |                 |
| cache_addr_29__reg_p_D_AOI211_X1_ZN_A_AOI221_X1_ZN_B2_XNOR2_X1_ZN_A_NAND2_X1_ZN_A2_OAI21_X1_ZN_B2_NAND2_X1_ZN_A2_NAND3_X1_A3_ZN_OAI21_X4_B1:B2 (OAI21_X4)                         |        | 0.007       | 0.000      | 0.023      |             | 0.000  | 0.597r          |
| cache_addr_29__reg_p_D_AOI211_X1_ZN_A_AOI221_X1_ZN_B2_XNOR2_X1_ZN_A_NAND2_X1_ZN_A2_OAI21_X1_ZN_B2_NAND2_X1_ZN_A2_NAND3_X1_A3_ZN_OAI21_X4_B1:ZN (OAI21_X4)                         |        | 0.007       | 0.000      | 0.015      |             | 0.021  | 0.618f          |
| alu_mod.bus_in_rs1_0__MUX2_X1_B_Z_NOR2_X1_A2_ZN_AOI211_X1_B_ZN_OAI211_X1_A_C2 (net)                                                                                               | 4      |             |            |            | 0.000       |        |                 |
| alu_mod.bus_in_data_rs2_28__reg_p_D_AOI211_X1_ZN_C2_OAI211_X1_A_ZN_AOI21_X1_B2_A_NOR4_X1_A3_A1_XNOR2_X1_A_ZN_AOI221_X2_C2:B2 (AOI221_X2)                                          |        | 0.003       | 0.000      | 0.015      |             | 0.000  | 0.618f          |
| alu_mod.bus_in_data_rs2_28__reg_p_D_AOI211_X1_ZN_C2_OAI211_X1_A_ZN_AOI21_X1_B2_A_NOR4_X1_A3_A1_XNOR2_X1_A_ZN_AOI221_X2_C2:ZN (AOI221_X2)                                          |        | 0.005       | 0.000      | 0.039      |             | 0.071  | 0.690r          |
| alu_mod.bus_in_rs1_0__MUX2_X1_B_Z_INV_X1_A_ZN_OAI22_X1_A2_ZN_AND2_X1_A2_ZN_OAI33_X1_A3_B2_AOI21_X1_ZN_A_AOI211_X1_ZN_C2 (net)                                                     | 3      |             |            |            | 0.000       |        |                 |
| alu_mod.bus_in_rs1_0__MUX2_X1_B_Z_INV_X1_A_ZN_OAI22_X1_A2_ZN_AND2_X1_A2_ZN_OAI33_X1_A3_B2_AOI21_X1_ZN_B2_AOI21_X1_ZN_A_AOI211_X1_ZN_C2_AOI21_X1_B2_ZN_OAI211_X1_C1:A (OAI211_X1)  |        | 0.002       | 0.000      | 0.039      |             | 0.000  | 0.690r          |
| alu_mod.bus_in_rs1_0__MUX2_X1_B_Z_INV_X1_A_ZN_OAI22_X1_A2_ZN_AND2_X1_A2_ZN_OAI33_X1_A3_B2_AOI21_X1_ZN_B2_AOI21_X1_ZN_A_AOI211_X1_ZN_C2_AOI21_X1_B2_ZN_OAI211_X1_C1:ZN (OAI211_X1) |        | 0.006       | 0.000      | 0.029      |             | 0.049  | 0.739f          |
| csr_mod.regs[1]_25__AND2_X1_A1_ZN_OAI33_X1_A3_B3_NAND4_X1_ZN_A3_AOI22_X1_ZN_B2_NAND2_X1_ZN_A2 (net)                                                                               | 3      |             |            |            | 0.000       |        |                 |
| csr_mod.regs[1]_25__AND2_X1_A1_ZN_OAI33_X1_A3_B3_NAND4_X1_ZN_A3_AOI22_X1_ZN_B2_NAND2_X1_ZN_A2_AOI211_X2_C1:C1 (AOI211_X2)                                                         |        | 0.003       | 0.000      | 0.029      |             | 0.000  | 0.739f          |
| csr_mod.regs[1]_25__AND2_X1_A1_ZN_OAI33_X1_A3_B3_NAND4_X1_ZN_A3_AOI22_X1_ZN_B2_NAND2_X1_ZN_A2_AOI211_X2_C1:ZN (AOI211_X2)                                                         |        | 0.006       | 0.000      | 0.050      |             | 0.060  | 0.799r          |
| alu_mod.bus_in_imm_14__reg_p_D_AOI221_X1_ZN_C2_NAND4_X1_A1_ZN_OAI33_X1_B3_ZN_AND4_X1_A3_A2_OAI22_X1_ZN_B2 (net)                                                                   | 3      |             |            |            | 0.000       |        |                 |
| icache_mod.trans_reg_p_CK_CLKGATE_X1_GCK_E_AOI211_X1_ZN_B_AOI22_X1_ZN_B2_NOR3_X1_ZN_A3_NOR3_X4_A3_A2_OAI221_X1_ZN_B1_OAI22_X2_A2:A1 (OAI22_X2)                                    |        | 0.003       | 0.000      | 0.050      |             | 0.000  | 0.799r          |
| icache_mod.trans_reg_p_CK_CLKGATE_X1_GCK_E_AOI211_X1_ZN_B_AOI22_X1_ZN_B2_NOR3_X1_ZN_A3_NOR3_X4_A3_A2_OAI221_X1_ZN_B1_OAI22_X2_A2:ZN (OAI22_X2)                                    |        | 0.010       | 0.000      | 0.022      |             | 0.038  | 0.837f          |
| csr_mod.regs[1]_26__AND2_X1_A1_ZN_OAI33_X1_A2_B3_OR4_X2_ZN_A3 (net)                                                                                                               | 3      |             |            |            | 0.000       |        |                 |
| csr_mod.regs[1]_26__AND2_X1_A1_ZN_OAI33_X1_A2_B3_OR4_X2_ZN:A3 (OR4_X2)                                                                                                            |        | 0.002       | 0.000      | 0.022      |             | 0.000  | 0.837f          |
| csr_mod.regs[1]_26__AND2_X1_A1_ZN_OAI33_X1_A2_B3_OR4_X2_ZN:ZN (OR4_X2)                                                                                                            |        | 0.002       | 0.000      | 0.016      |             | 0.107  | 0.944f          |
| csr_mod.regs[1]_26__AND2_X1_A1_ZN_OAI33_X1_A2_B3 (net)                                                                                                                            | 1      |             |            |            | 0.000       |        |                 |
| csr_mod.regs[1]_26__AND2_X1_A1_ZN_OAI33_X1_A2:B3 (OAI33_X1)                                                                                                                       |        | 0.002       | 0.000      | 0.016      |             | 0.000  | 0.944f          |
| csr_mod.regs[1]_26__AND2_X1_A1_ZN_OAI33_X1_A2:ZN (OAI33_X1)                                                                                                                       |        | 0.002       | 0.000      | 0.059      |             | 0.081  | 1.024r          |
| cache_addr_26__reg_p_D_AOI211_X1_ZN_B (net)                                                                                                                                       | 1      |             |            |            | 0.000       |        |                 |
| cache_addr_26__reg_p_D_AOI211_X1_ZN:B (AOI211_X1)                                                                                                                                 |        | 0.002       | 0.000      | 0.059      |             | 0.000  | 1.024r          |
| cache_addr_26__reg_p_D_AOI211_X1_ZN:ZN (AOI211_X1)                                                                                                                                |        | 0.001       | 0.000      | 0.016      |             | 0.022  | 1.046f          |
| cache_addr_26__reg_p_D (net)                                                                                                                                                      | 1      |             |            |            | 0.000       |        |                 |
| cache_addr_26__reg_p:D (DFF_X1)                                                                                                                                                   |        | 0.001       | 0.000      | 0.016      |             | 0.000  | 1.046f          |
|                                                                                                                                                                                   |        |             |            |            |             |        |                 |
| clock (port)                                                                                                                                                                      |        | 0.756       | 0.000      | 0.000      |             | 0.000  | 0.000r          |
| clock (clock net)                                                                                                                                                                 | 732    |             |            |            | NA          |        |                 |
| ifu_mod.index_0__reg_p_D_MUX2_X1_B_S_CLKGATE_X1_E:CK (CLKGATE_X1)                                                                                                                 |        | 0.002       | 0.000      | 0.000      |             | 0.000  | 0.000r          |
| ifu_mod.index_0__reg_p_D_MUX2_X1_B_S_CLKGATE_X1_E:GCK (CLKGATE_X1)                                                                                                                |        | 0.029       | 0.000      | 0.000      |             | 0.000  | 0.000r          |
| cache_addr_6__reg_p_CK (clock net)                                                                                                                                                | 31     |             |            |            | NA          |        |                 |
| cache_addr_26__reg_p:CK (DFF_X1)                                                                                                                                                  |        | 0.001       | 0.000      | 0.000      |             | 0.000  | 0.000r          |
| clock core_clock (rise edge)                                                                                                                                                      |        |             |            |            |             | 1.769  | 1.769           |
| clock network delay (ideal)                                                                                                                                                       |        |             |            |            |             | 0.000  | 1.769           |
| cache_addr_26__reg_p:CK (DFF_X1)                                                                                                                                                  |        |             |            |            |             |        | 1.769r          |
| library setup time                                                                                                                                                                |        |             |            |            |             | -0.043 | 1.726           |
| clock reconvergence pessimism                                                                                                                                                     |        |             |            |            |             | 0.000  | 1.726           |
|                                                                                                                                                                                   |        |             |            |            |             |        |                 |
| path cell delay                                                                                                                                                                   |        |             |            |            |             |        | 1.046(100.000%) |
| path net delay                                                                                                                                                                    |        |             |            |            |             |        | 0.000(0.000%)   |
|                                                                                                                                                                                   |        |             |            |            |             |        |                 |
| data require time                                                                                                                                                                 |        |             |            |            |             |        | 1.726           |
| data arrival time                                                                                                                                                                 |        |             |            |            |             |        | 1.046           |
| slack (MET)                                                                                                                                                                       |        |             |            |            |             |        | 0.679           |
+-----------------------------------------------------------------------------------------------------------------------------------------------------------------------------------+--------+-------------+------------+------------+-------------+--------+-----------------+
+-----------------------------------------------------------------------------------------------------------------------------------------------------------------------+--------+-------------+------------+------------+-------------+--------+-----------------+
| Point                                                                                                                                                                 | Fanout | Capacitance | Resistance | Transition | Delta Delay | Incr   | Path            |
+-----------------------------------------------------------------------------------------------------------------------------------------------------------------------+--------+-------------+------------+------------+-------------+--------+-----------------+
| clock (port)                                                                                                                                                          |        | 0.756       | 0.000      | 0.000      |             | 0.000  | 0.000r          |
| clock (clock net)                                                                                                                                                     | 732    |             |            |            | NA          |        |                 |
| alu_mod.bus_in_alu_op_4__reg_p:CK (DFF_X1)                                                                                                                            |        | 0.001       | 0.000      | 0.000      |             | 0.000  | 0.000r          |
| clock core_clock (rise edge)                                                                                                                                          |        |             |            |            |             | 0      | 0               |
| clock network delay (ideal)                                                                                                                                           |        |             |            |            |             | 0.000  | 0.000           |
| alu_mod.bus_in_alu_op_4__reg_p:CK (DFF_X1)                                                                                                                            |        | 0.001       | 0.000      | 0.000      |             | 0.000  | 0.000r          |
| alu_mod.bus_in_alu_op_4__reg_p:Q (DFF_X1)                                                                                                                             |        | 0.035       | 0.000      | 0.085      |             | 0.164  | 0.164r          |
| alu_mod.bus_in_alu_op_4_ (net)                                                                                                                                        | 22     |             |            |            | 0.000       |        |                 |
| alu_mod.bus_in_alu_op_5__NOR2_X1_A2:A1 (NOR2_X1)                                                                                                                      |        | 0.002       | 0.000      | 0.085      |             | 0.000  | 0.164r          |
| alu_mod.bus_in_alu_op_5__NOR2_X1_A2:ZN (NOR2_X1)                                                                                                                      |        | 0.003       | 0.000      | 0.021      |             | 0.018  | 0.182f          |
| alu_mod.bus_in_alu_op_5__NOR2_X1_A2_ZN (net)                                                                                                                          | 1      |             |            |            | 0.000       |        |                 |
| alu_mod.bus_in_alu_op_5__NOR2_X1_A2_ZN_BUF_X4_A:A (BUF_X4)                                                                                                            |        | 0.003       | 0.000      | 0.021      |             | 0.000  | 0.182f          |
| alu_mod.bus_in_alu_op_5__NOR2_X1_A2_ZN_BUF_X4_A:Z (BUF_X4)                                                                                                            |        | 0.029       | 0.000      | 0.011      |             | 0.040  | 0.222f          |
| alu_mod.bus_in_alu_op_5__NOR2_X1_A2_ZN_BUF_X4_A_Z (net)                                                                                                               | 19     |             |            |            | 0.000       |        |                 |
| alu_mod.bus_in_alu_op_2__INV_X1_A_ZN_NAND2_X1_A1:A2 (NAND2_X1)                                                                                                        |        | 0.002       | 0.000      | 0.011      |             | 0.000  | 0.222f          |
| alu_mod.bus_in_alu_op_2__INV_X1_A_ZN_NAND2_X1_A1:ZN (NAND2_X1)                                                                                                        |        | 0.003       | 0.000      | 0.015      |             | 0.023  | 0.246r          |
| alu_mod.bus_in_alu_op_2__INV_X1_A_ZN_NAND2_X1_A1_ZN (net)                                                                                                             | 1      |             |            |            | 0.000       |        |                 |
| alu_mod.bus_in_alu_op_2__INV_X1_A_ZN_NAND2_X1_A1_ZN_BUF_X4_A:A (BUF_X4)                                                                                               |        | 0.003       | 0.000      | 0.015      |             | 0.000  | 0.246r          |
| alu_mod.bus_in_alu_op_2__INV_X1_A_ZN_NAND2_X1_A1_ZN_BUF_X4_A:Z (BUF_X4)                                                                                               |        | 0.028       | 0.000      | 0.019      |             | 0.036  | 0.282r          |
| ifu_mod.index_0__reg_p_D_AOI221_X1_ZN_C2_AOI21_X1_ZN_B2_MUX2_X1_A_Z_OAI21_X1_A_B2_NOR3_X1_ZN_A1 (net)                                                                 | 15     |             |            |            | 0.000       |        |                 |
| alu_mod.bus_in_alu_op_3__AOI21_X1_B1_ZN_BUF_X2_A_Z_NOR2_X2_A2:A1 (NOR2_X2)                                                                                            |        | 0.003       | 0.000      | 0.019      |             | 0.000  | 0.282r          |
| alu_mod.bus_in_alu_op_3__AOI21_X1_B1_ZN_BUF_X2_A_Z_NOR2_X2_A2:ZN (NOR2_X2)                                                                                            |        | 0.003       | 0.000      | 0.011      |             | 0.011  | 0.293f          |
| alu_mod.bus_in_alu_op_3__AOI21_X1_B1_ZN_BUF_X2_A_Z_NOR2_X2_A2_ZN (net)                                                                                                | 1      |             |            |            | 0.000       |        |                 |
| alu_mod.bus_in_imm_20__reg_p_D_AOI221_X1_ZN_C2_MUX2_X1_B_Z_XNOR2_X1_B_A_BUF_X4_Z:A (BUF_X4)                                                                           |        | 0.003       | 0.000      | 0.011      |             | 0.000  | 0.293f          |
| alu_mod.bus_in_imm_20__reg_p_D_AOI221_X1_ZN_C2_MUX2_X1_B_Z_XNOR2_X1_B_A_BUF_X4_Z:Z (BUF_X4)                                                                           |        | 0.024       | 0.000      | 0.010      |             | 0.033  | 0.326f          |
| alu_mod.bus_in_imm_20__reg_p_D_AOI221_X1_ZN_C2_MUX2_X1_B_Z_XNOR2_X1_B_A (net)                                                                                         | 14     |             |            |            | 0.000       |        |                 |
| cache_addr_13__reg_p_D_MUX2_X2_Z_A_MUX2_X2_Z_B_OAI22_X1_ZN_A2_XNOR2_X1_ZN_B_OR2_X1_ZN_A2_MUX2_X1_B:S (MUX2_X1)                                                        |        | 0.002       | 0.000      | 0.010      |             | 0.000  | 0.326f          |
| cache_addr_13__reg_p_D_MUX2_X2_Z_A_MUX2_X2_Z_B_OAI22_X1_ZN_A2_XNOR2_X1_ZN_B_OR2_X1_ZN_A2_MUX2_X1_B:Z (MUX2_X1)                                                        |        | 0.003       | 0.000      | 0.013      |             | 0.053  | 0.379f          |
| cache_addr_13__reg_p_D_MUX2_X2_Z_A_MUX2_X2_Z_B_OAI22_X1_ZN_A2_XNOR2_X1_ZN_B_OR2_X1_ZN_A2_MUX2_X1_B_Z (net)                                                            | 3      |             |            |            | 0.000       |        |                 |
| cache_addr_16__reg_p_D_AOI21_X1_ZN_B1_AOI21_X1_ZN_B1_OAI22_X1_ZN_A2_XNOR2_X1_ZN_A_OAI21_X1_ZN_B1_AOI221_X1_B2_C2_AOI211_X1_ZN_A_OAI222_X1_ZN_A1_OR2_X1_A1:A2 (OR2_X1) |        | 0.001       | 0.000      | 0.013      |             | 0.000  | 0.379f          |
| cache_addr_16__reg_p_D_AOI21_X1_ZN_B1_AOI21_X1_ZN_B1_OAI22_X1_ZN_A2_XNOR2_X1_ZN_A_OAI21_X1_ZN_B1_AOI221_X1_B2_C2_AOI211_X1_ZN_A_OAI222_X1_ZN_A1_OR2_X1_A1:ZN (OR2_X1) |        | 0.004       | 0.000      | 0.012      |             | 0.056  | 0.435f          |
| cache_addr_16__reg_p_D_AOI21_X1_ZN_B1_AOI21_X1_ZN_B1_OAI22_X1_ZN_A2_XNOR2_X1_ZN_A_OAI21_X1_ZN_B1_OR2_X1_ZN_A1 (net)                                                   | 3      |             |            |            | 0.000       |        |                 |
| cache_addr_16__reg_p_D_AOI21_X1_ZN_B1_AOI21_X1_ZN_B1_OAI22_X1_ZN_A2_XNOR2_X1_ZN_A_OAI21_X1_ZN_B1_OR2_X1_ZN:A1 (OR2_X1)                                                |        | 0.001       | 0.000      | 0.012      |             | 0.000  | 0.435f          |
| cache_addr_16__reg_p_D_AOI21_X1_ZN_B1_AOI21_X1_ZN_B1_OAI22_X1_ZN_A2_XNOR2_X1_ZN_A_OAI21_X1_ZN_B1_OR2_X1_ZN:ZN (OR2_X1)                                                |        | 0.003       | 0.000      | 0.012      |             | 0.051  | 0.487f          |
| cache_addr_16__reg_p_D_AOI21_X1_ZN_B1_AOI21_X1_ZN_B1_OAI22_X1_ZN_A2_XNOR2_X1_ZN_A_OAI21_X1_ZN_B1 (net)                                                                | 2      |             |            |            | 0.000       |        |                 |
| cache_addr_16__reg_p_D_AOI21_X1_ZN_B1_AOI21_X1_ZN_B1_OAI22_X1_ZN_A2_XNOR2_X1_ZN_A_OAI21_X1_ZN_B1_AOI221_X1_B2:B2 (AOI221_X1)                                          |        | 0.002       | 0.000      | 0.012      |             | 0.000  | 0.487f          |
| cache_addr_16__reg_p_D_AOI21_X1_ZN_B1_AOI21_X1_ZN_B1_OAI22_X1_ZN_A2_XNOR2_X1_ZN_A_OAI21_X1_ZN_B1_AOI221_X1_B2:ZN (AOI221_X1)                                          |        | 0.002       | 0.000      | 0.036      |             | 0.066  | 0.553r          |
| cache_addr_16__reg_p_D_AOI21_X1_ZN_B1_AOI21_X1_ZN_B1_OAI22_X1_ZN_A2_XNOR2_X1_ZN_A_OAI21_X1_ZN_B1_AOI221_X1_B2_ZN (net)                                                | 1      |             |            |            | 0.000       |        |                 |
| cache_addr_16__reg_p_D_AOI21_X1_ZN_B1_AOI21_X1_ZN_B1_OAI22_X1_ZN_A2_XNOR2_X1_ZN_A_OAI21_X1_ZN_B1_AOI221_X1_B2_ZN_BUF_X2_A:A (BUF_X2)                                  |        | 0.002       | 0.000      | 0.036      |             | 0.000  | 0.553r          |
| cache_addr_16__reg_p_D_AOI21_X1_ZN_B1_AOI21_X1_ZN_B1_OAI22_X1_ZN_A2_XNOR2_X1_ZN_A_OAI21_X1_ZN_B1_AOI221_X1_B2_ZN_BUF_X2_A:Z (BUF_X2)                                  |        | 0.016       | 0.000      | 0.023      |             | 0.045  | 0.597r          |
| cache_addr_29__reg_p_D_AOI211_X1_ZN_A_AOI221_X1_ZN_B2_XNOR2_X1_ZN_A_NAND2_X1_ZN_A2_OAI21_X1_ZN_B1 (net)                                                               | 7      |             |            |            | 0.000       |        |                 |
| cache_addr_29__reg_p_D_AOI211_X1_ZN_A_AOI221_X1_ZN_B2_XNOR2_X1_ZN_A_NAND2_X1_ZN_A2_OAI21_X1_ZN_B2_NAND2_X1_ZN_A2_NAND3_X1_A3_ZN_OAI21_X4_B1:B2 (OAI21_X4)             |        | 0.007       | 0.000      | 0.023      |             | 0.000  | 0.597r          |
| cache_addr_29__reg_p_D_AOI211_X1_ZN_A_AOI221_X1_ZN_B2_XNOR2_X1_ZN_A_NAND2_X1_ZN_A2_OAI21_X1_ZN_B2_NAND2_X1_ZN_A2_NAND3_X1_A3_ZN_OAI21_X4_B1:ZN (OAI21_X4)             |        | 0.007       | 0.000      | 0.015      |             | 0.021  | 0.618f          |
| alu_mod.bus_in_rs1_0__MUX2_X1_B_Z_NOR2_X1_A2_ZN_AOI211_X1_B_ZN_OAI211_X1_A_C2 (net)                                                                                   | 4      |             |            |            | 0.000       |        |                 |
| alu_mod.bus_in_rs1_0__MUX2_X1_B_Z_NOR2_X1_A2_ZN_AOI211_X1_B_ZN_OAI211_X1_A:C2 (OAI211_X1)                                                                             |        | 0.002       | 0.000      | 0.015      |             | 0.000  | 0.618f          |
| alu_mod.bus_in_rs1_0__MUX2_X1_B_Z_NOR2_X1_A2_ZN_AOI211_X1_B_ZN_OAI211_X1_A:ZN (OAI211_X1)                                                                             |        | 0.003       | 0.000      | 0.031      |             | 0.048  | 0.667r          |
| alu_mod.bus_in_rs1_0__MUX2_X1_B_Z_NOR2_X1_A2_ZN_AOI211_X1_B_ZN_OAI211_X1_A_ZN (net)                                                                                   | 2      |             |            |            | 0.000       |        |                 |
| alu_mod.bus_in_rs1_0__MUX2_X1_B_Z_NOR2_X1_A2_ZN_OAI22_X1_B1_ZN_OAI21_X1_B2_ZN_AOI22_X1_A2:B1 (AOI22_X1)                                                               |        | 0.002       | 0.000      | 0.031      |             | 0.000  | 0.667r          |
| alu_mod.bus_in_rs1_0__MUX2_X1_B_Z_NOR2_X1_A2_ZN_OAI22_X1_B1_ZN_OAI21_X1_B2_ZN_AOI22_X1_A2:ZN (AOI22_X1)                                                               |        | 0.006       | 0.000      | 0.022      |             | 0.039  | 0.706f          |
| alu_mod.bus_in_rs1_0__MUX2_X1_B_Z_NOR2_X1_A2_ZN_OAI22_X1_B1_ZN_OAI21_X1_B2_ZN_AOI22_X1_A2_ZN (net)                                                                    | 5      |             |            |            | 0.000       |        |                 |
| csr_mod.regs[1]_25__AND2_X1_A1_ZN_OAI33_X1_A3_B3_NAND4_X1_ZN_A3_AOI22_X1_ZN_A2_NOR4_X1_ZN:A4 (NOR4_X1)                                                                |        | 0.002       | 0.000      | 0.022      |             | 0.000  | 0.706f          |
| csr_mod.regs[1]_25__AND2_X1_A1_ZN_OAI33_X1_A3_B3_NAND4_X1_ZN_A3_AOI22_X1_ZN_A2_NOR4_X1_ZN:ZN (NOR4_X1)                                                                |        | 0.005       | 0.000      | 0.074      |             | 0.118  | 0.825r          |
| csr_mod.regs[1]_25__AND2_X1_A1_ZN_OAI33_X1_A3_B3_NAND4_X1_ZN_A3_AOI22_X1_ZN_A2 (net)                                                                                  | 2      |             |            |            | 0.000       |        |                 |
| csr_mod.regs[1]_25__AND2_X1_A1_ZN_OAI33_X1_A3_B3_NAND4_X1_ZN_A3_AOI22_X1_ZN_A2_AOI221_X2_B1:B1 (AOI221_X2)                                                            |        | 0.003       | 0.000      | 0.074      |             | 0.000  | 0.825r          |
| csr_mod.regs[1]_25__AND2_X1_A1_ZN_OAI33_X1_A3_B3_NAND4_X1_ZN_A3_AOI22_X1_ZN_A2_AOI221_X2_B1:ZN (AOI221_X2)                                                            |        | 0.006       | 0.000      | 0.027      |             | 0.044  | 0.869f          |
| io_master_arready_NAND3_X1_A2_ZN_AOI221_X1_A_C2_NAND3_X1_ZN_A2 (net)                                                                                                  | 4      |             |            |            | 0.000       |        |                 |
| icache_mod.state_0__reg_p_D_OAI221_X1_ZN_C1_AND2_X1_A2_A1_AND2_X1_A2_ZN_AND3_X2_A3:A2 (AND3_X2)                                                                       |        | 0.002       | 0.000      | 0.027      |             | 0.000  | 0.869f          |
| icache_mod.state_0__reg_p_D_OAI221_X1_ZN_C1_AND2_X1_A2_A1_AND2_X1_A2_ZN_AND3_X2_A3:ZN (AND3_X2)                                                                       |        | 0.005       | 0.000      | 0.008      |             | 0.044  | 0.912f          |
| icache_mod.trans_reg_p_D_OR3_X1_A1_A2 (net)                                                                                                                           | 4      |             |            |            | 0.000       |        |                 |
| icache_mod.trans_reg_p_D_OR3_X1_A1_A2_NOR2_X1_A1:A1 (NOR2_X1)                                                                                                         |        | 0.002       | 0.000      | 0.008      |             | 0.000  | 0.912f          |
| icache_mod.trans_reg_p_D_OR3_X1_A1_A2_NOR2_X1_A1:ZN (NOR2_X1)                                                                                                         |        | 0.003       | 0.000      | 0.026      |             | 0.035  | 0.947r          |
| icache_mod.trans_reg_p_D_OR3_X1_A1_A2_NOR2_X1_A1_ZN (net)                                                                                                             | 1      |             |            |            | 0.000       |        |                 |
| icache_mod.trans_reg_p_D_OR3_X1_A1_A2_NOR2_X1_A1_ZN_BUF_X4_A:A (BUF_X4)                                                                                               |        | 0.003       | 0.000      | 0.026      |             | 0.000  | 0.947r          |
| icache_mod.trans_reg_p_D_OR3_X1_A1_A2_NOR2_X1_A1_ZN_BUF_X4_A:Z (BUF_X4)                                                                                               |        | 0.035       | 0.000      | 0.023      |             | 0.043  | 0.990r          |
| icache_mod.state_0__reg_p_D_OAI221_X1_ZN_C2 (net)                                                                                                                     | 18     |             |            |            | 0.000       |        |                 |
| icache_mod.state_0__reg_p_D_OAI221_X1_ZN_C2_BUF_X8_A:A (BUF_X8)                                                                                                       |        | 0.007       | 0.000      | 0.023      |             | 0.000  | 0.990r          |
| icache_mod.state_0__reg_p_D_OAI221_X1_ZN_C2_BUF_X8_A:Z (BUF_X8)                                                                                                       |        | 0.042       | 0.000      | 0.016      |             | 0.035  | 1.024r          |
| icache_mod.state_0__reg_p_D_OAI221_X1_ZN_C2_BUF_X8_A_Z (net)                                                                                                          | 24     |             |            |            | 0.000       |        |                 |
| icache_mod.block_valid[1]_reg_p_D_OAI21_X1_ZN_B1_OR2_X1_ZN_A2_NOR3_X1_A3_1:A1 (NOR3_X1)                                                                               |        | 0.002       | 0.000      | 0.016      |             | 0.000  | 1.024r          |
| icache_mod.block_valid[1]_reg_p_D_OAI21_X1_ZN_B1_OR2_X1_ZN_A2_NOR3_X1_A3_1:ZN (NOR3_X1)                                                                               |        | 0.001       | 0.000      | 0.015      |             | 0.009  | 1.034f          |
| icache_mod.block_valid[1]_reg_p_D_OAI21_X1_ZN_B1_OR2_X1_ZN_A2_NOR3_X1_A3_1_ZN (net)                                                                                   | 1      |             |            |            | 0.000       |        |                 |
| icache_mod.block_valid[1]_reg_p_D_OAI21_X1_ZN_B1_OR2_X1_ZN_A2_NOR3_X1_A3_1_ZN_CLKGATE_X1_E:E (CLKGATE_X1)                                                             |        | 0.001       | 0.000      | 0.015      |             | 0.000  | 1.034f          |
|                                                                                                                                                                       |        |             |            |            |             |        |                 |
| clock (port)                                                                                                                                                          |        | 0.756       | 0.000      | 0.000      |             | 0.000  | 0.000r          |
| clock (clock net)                                                                                                                                                     | 732    |             |            |            | NA          |        |                 |
| icache_mod.block_valid[1]_reg_p_D_OAI21_X1_ZN_B1_OR2_X1_ZN_A2_NOR3_X1_A3_1_ZN_CLKGATE_X1_E:CK (CLKGATE_X1)                                                            |        | 0.002       | 0.000      | 0.000      |             | 0.000  | 0.000r          |
| clock core_clock (rise edge)                                                                                                                                          |        |             |            |            |             | 1.769  | 1.769           |
| clock network delay (ideal)                                                                                                                                           |        |             |            |            |             | 0.000  | 1.769           |
| icache_mod.block_valid[1]_reg_p_D_OAI21_X1_ZN_B1_OR2_X1_ZN_A2_NOR3_X1_A3_1_ZN_CLKGATE_X1_E:CK (CLKGATE_X1)                                                            |        |             |            |            |             |        | 1.769r          |
| library setup time                                                                                                                                                    |        |             |            |            |             | -0.048 | 1.721           |
| clock reconvergence pessimism                                                                                                                                         |        |             |            |            |             | 0.000  | 1.721           |
|                                                                                                                                                                       |        |             |            |            |             |        |                 |
| path cell delay                                                                                                                                                       |        |             |            |            |             |        | 1.034(100.000%) |
| path net delay                                                                                                                                                        |        |             |            |            |             |        | 0.000(0.000%)   |
|                                                                                                                                                                       |        |             |            |            |             |        |                 |
| data require time                                                                                                                                                     |        |             |            |            |             |        | 1.721           |
| data arrival time                                                                                                                                                     |        |             |            |            |             |        | 1.034           |
| slack (MET)                                                                                                                                                           |        |             |            |            |             |        | 0.688           |
+-----------------------------------------------------------------------------------------------------------------------------------------------------------------------+--------+-------------+------------+------------+-------------+--------+-----------------+
+-----------------------------------------------------------------------------------------------------------------------------------------------------------------------+--------+-------------+------------+------------+-------------+--------+-----------------+
| Point                                                                                                                                                                 | Fanout | Capacitance | Resistance | Transition | Delta Delay | Incr   | Path            |
+-----------------------------------------------------------------------------------------------------------------------------------------------------------------------+--------+-------------+------------+------------+-------------+--------+-----------------+
| clock (port)                                                                                                                                                          |        | 0.756       | 0.000      | 0.000      |             | 0.000  | 0.000r          |
| clock (clock net)                                                                                                                                                     | 732    |             |            |            | NA          |        |                 |
| alu_mod.bus_in_alu_op_4__reg_p:CK (DFF_X1)                                                                                                                            |        | 0.001       | 0.000      | 0.000      |             | 0.000  | 0.000r          |
| clock core_clock (rise edge)                                                                                                                                          |        |             |            |            |             | 0      | 0               |
| clock network delay (ideal)                                                                                                                                           |        |             |            |            |             | 0.000  | 0.000           |
| alu_mod.bus_in_alu_op_4__reg_p:CK (DFF_X1)                                                                                                                            |        | 0.001       | 0.000      | 0.000      |             | 0.000  | 0.000r          |
| alu_mod.bus_in_alu_op_4__reg_p:Q (DFF_X1)                                                                                                                             |        | 0.035       | 0.000      | 0.085      |             | 0.164  | 0.164r          |
| alu_mod.bus_in_alu_op_4_ (net)                                                                                                                                        | 22     |             |            |            | 0.000       |        |                 |
| alu_mod.bus_in_alu_op_5__NOR2_X1_A2:A1 (NOR2_X1)                                                                                                                      |        | 0.002       | 0.000      | 0.085      |             | 0.000  | 0.164r          |
| alu_mod.bus_in_alu_op_5__NOR2_X1_A2:ZN (NOR2_X1)                                                                                                                      |        | 0.003       | 0.000      | 0.021      |             | 0.018  | 0.182f          |
| alu_mod.bus_in_alu_op_5__NOR2_X1_A2_ZN (net)                                                                                                                          | 1      |             |            |            | 0.000       |        |                 |
| alu_mod.bus_in_alu_op_5__NOR2_X1_A2_ZN_BUF_X4_A:A (BUF_X4)                                                                                                            |        | 0.003       | 0.000      | 0.021      |             | 0.000  | 0.182f          |
| alu_mod.bus_in_alu_op_5__NOR2_X1_A2_ZN_BUF_X4_A:Z (BUF_X4)                                                                                                            |        | 0.029       | 0.000      | 0.011      |             | 0.040  | 0.222f          |
| alu_mod.bus_in_alu_op_5__NOR2_X1_A2_ZN_BUF_X4_A_Z (net)                                                                                                               | 19     |             |            |            | 0.000       |        |                 |
| alu_mod.bus_in_alu_op_2__INV_X1_A_ZN_NAND2_X1_A1:A2 (NAND2_X1)                                                                                                        |        | 0.002       | 0.000      | 0.011      |             | 0.000  | 0.222f          |
| alu_mod.bus_in_alu_op_2__INV_X1_A_ZN_NAND2_X1_A1:ZN (NAND2_X1)                                                                                                        |        | 0.003       | 0.000      | 0.015      |             | 0.023  | 0.246r          |
| alu_mod.bus_in_alu_op_2__INV_X1_A_ZN_NAND2_X1_A1_ZN (net)                                                                                                             | 1      |             |            |            | 0.000       |        |                 |
| alu_mod.bus_in_alu_op_2__INV_X1_A_ZN_NAND2_X1_A1_ZN_BUF_X4_A:A (BUF_X4)                                                                                               |        | 0.003       | 0.000      | 0.015      |             | 0.000  | 0.246r          |
| alu_mod.bus_in_alu_op_2__INV_X1_A_ZN_NAND2_X1_A1_ZN_BUF_X4_A:Z (BUF_X4)                                                                                               |        | 0.028       | 0.000      | 0.019      |             | 0.036  | 0.282r          |
| ifu_mod.index_0__reg_p_D_AOI221_X1_ZN_C2_AOI21_X1_ZN_B2_MUX2_X1_A_Z_OAI21_X1_A_B2_NOR3_X1_ZN_A1 (net)                                                                 | 15     |             |            |            | 0.000       |        |                 |
| alu_mod.bus_in_alu_op_3__AOI21_X1_B1_ZN_BUF_X2_A_Z_NOR2_X2_A2:A1 (NOR2_X2)                                                                                            |        | 0.003       | 0.000      | 0.019      |             | 0.000  | 0.282r          |
| alu_mod.bus_in_alu_op_3__AOI21_X1_B1_ZN_BUF_X2_A_Z_NOR2_X2_A2:ZN (NOR2_X2)                                                                                            |        | 0.003       | 0.000      | 0.011      |             | 0.011  | 0.293f          |
| alu_mod.bus_in_alu_op_3__AOI21_X1_B1_ZN_BUF_X2_A_Z_NOR2_X2_A2_ZN (net)                                                                                                | 1      |             |            |            | 0.000       |        |                 |
| alu_mod.bus_in_imm_20__reg_p_D_AOI221_X1_ZN_C2_MUX2_X1_B_Z_XNOR2_X1_B_A_BUF_X4_Z:A (BUF_X4)                                                                           |        | 0.003       | 0.000      | 0.011      |             | 0.000  | 0.293f          |
| alu_mod.bus_in_imm_20__reg_p_D_AOI221_X1_ZN_C2_MUX2_X1_B_Z_XNOR2_X1_B_A_BUF_X4_Z:Z (BUF_X4)                                                                           |        | 0.024       | 0.000      | 0.010      |             | 0.033  | 0.326f          |
| alu_mod.bus_in_imm_20__reg_p_D_AOI221_X1_ZN_C2_MUX2_X1_B_Z_XNOR2_X1_B_A (net)                                                                                         | 14     |             |            |            | 0.000       |        |                 |
| cache_addr_13__reg_p_D_MUX2_X2_Z_A_MUX2_X2_Z_B_OAI22_X1_ZN_A2_XNOR2_X1_ZN_B_OR2_X1_ZN_A2_MUX2_X1_B:S (MUX2_X1)                                                        |        | 0.002       | 0.000      | 0.010      |             | 0.000  | 0.326f          |
| cache_addr_13__reg_p_D_MUX2_X2_Z_A_MUX2_X2_Z_B_OAI22_X1_ZN_A2_XNOR2_X1_ZN_B_OR2_X1_ZN_A2_MUX2_X1_B:Z (MUX2_X1)                                                        |        | 0.003       | 0.000      | 0.013      |             | 0.053  | 0.379f          |
| cache_addr_13__reg_p_D_MUX2_X2_Z_A_MUX2_X2_Z_B_OAI22_X1_ZN_A2_XNOR2_X1_ZN_B_OR2_X1_ZN_A2_MUX2_X1_B_Z (net)                                                            | 3      |             |            |            | 0.000       |        |                 |
| cache_addr_16__reg_p_D_AOI21_X1_ZN_B1_AOI21_X1_ZN_B1_OAI22_X1_ZN_A2_XNOR2_X1_ZN_A_OAI21_X1_ZN_B1_AOI221_X1_B2_C2_AOI211_X1_ZN_A_OAI222_X1_ZN_A1_OR2_X1_A1:A2 (OR2_X1) |        | 0.001       | 0.000      | 0.013      |             | 0.000  | 0.379f          |
| cache_addr_16__reg_p_D_AOI21_X1_ZN_B1_AOI21_X1_ZN_B1_OAI22_X1_ZN_A2_XNOR2_X1_ZN_A_OAI21_X1_ZN_B1_AOI221_X1_B2_C2_AOI211_X1_ZN_A_OAI222_X1_ZN_A1_OR2_X1_A1:ZN (OR2_X1) |        | 0.004       | 0.000      | 0.012      |             | 0.056  | 0.435f          |
| cache_addr_16__reg_p_D_AOI21_X1_ZN_B1_AOI21_X1_ZN_B1_OAI22_X1_ZN_A2_XNOR2_X1_ZN_A_OAI21_X1_ZN_B1_OR2_X1_ZN_A1 (net)                                                   | 3      |             |            |            | 0.000       |        |                 |
| cache_addr_16__reg_p_D_AOI21_X1_ZN_B1_AOI21_X1_ZN_B1_OAI22_X1_ZN_A2_XNOR2_X1_ZN_A_OAI21_X1_ZN_B1_OR2_X1_ZN:A1 (OR2_X1)                                                |        | 0.001       | 0.000      | 0.012      |             | 0.000  | 0.435f          |
| cache_addr_16__reg_p_D_AOI21_X1_ZN_B1_AOI21_X1_ZN_B1_OAI22_X1_ZN_A2_XNOR2_X1_ZN_A_OAI21_X1_ZN_B1_OR2_X1_ZN:ZN (OR2_X1)                                                |        | 0.003       | 0.000      | 0.012      |             | 0.051  | 0.487f          |
| cache_addr_16__reg_p_D_AOI21_X1_ZN_B1_AOI21_X1_ZN_B1_OAI22_X1_ZN_A2_XNOR2_X1_ZN_A_OAI21_X1_ZN_B1 (net)                                                                | 2      |             |            |            | 0.000       |        |                 |
| cache_addr_16__reg_p_D_AOI21_X1_ZN_B1_AOI21_X1_ZN_B1_OAI22_X1_ZN_A2_XNOR2_X1_ZN_A_OAI21_X1_ZN_B1_AOI221_X1_B2:B2 (AOI221_X1)                                          |        | 0.002       | 0.000      | 0.012      |             | 0.000  | 0.487f          |
| cache_addr_16__reg_p_D_AOI21_X1_ZN_B1_AOI21_X1_ZN_B1_OAI22_X1_ZN_A2_XNOR2_X1_ZN_A_OAI21_X1_ZN_B1_AOI221_X1_B2:ZN (AOI221_X1)                                          |        | 0.002       | 0.000      | 0.036      |             | 0.066  | 0.553r          |
| cache_addr_16__reg_p_D_AOI21_X1_ZN_B1_AOI21_X1_ZN_B1_OAI22_X1_ZN_A2_XNOR2_X1_ZN_A_OAI21_X1_ZN_B1_AOI221_X1_B2_ZN (net)                                                | 1      |             |            |            | 0.000       |        |                 |
| cache_addr_16__reg_p_D_AOI21_X1_ZN_B1_AOI21_X1_ZN_B1_OAI22_X1_ZN_A2_XNOR2_X1_ZN_A_OAI21_X1_ZN_B1_AOI221_X1_B2_ZN_BUF_X2_A:A (BUF_X2)                                  |        | 0.002       | 0.000      | 0.036      |             | 0.000  | 0.553r          |
| cache_addr_16__reg_p_D_AOI21_X1_ZN_B1_AOI21_X1_ZN_B1_OAI22_X1_ZN_A2_XNOR2_X1_ZN_A_OAI21_X1_ZN_B1_AOI221_X1_B2_ZN_BUF_X2_A:Z (BUF_X2)                                  |        | 0.016       | 0.000      | 0.023      |             | 0.045  | 0.597r          |
| cache_addr_29__reg_p_D_AOI211_X1_ZN_A_AOI221_X1_ZN_B2_XNOR2_X1_ZN_A_NAND2_X1_ZN_A2_OAI21_X1_ZN_B1 (net)                                                               | 7      |             |            |            | 0.000       |        |                 |
| cache_addr_29__reg_p_D_AOI211_X1_ZN_A_AOI221_X1_ZN_B2_XNOR2_X1_ZN_A_NAND2_X1_ZN_A2_OAI21_X1_ZN_B2_NAND2_X1_ZN_A2_NAND3_X1_A3_ZN_OAI21_X4_B1:B2 (OAI21_X4)             |        | 0.007       | 0.000      | 0.023      |             | 0.000  | 0.597r          |
| cache_addr_29__reg_p_D_AOI211_X1_ZN_A_AOI221_X1_ZN_B2_XNOR2_X1_ZN_A_NAND2_X1_ZN_A2_OAI21_X1_ZN_B2_NAND2_X1_ZN_A2_NAND3_X1_A3_ZN_OAI21_X4_B1:ZN (OAI21_X4)             |        | 0.007       | 0.000      | 0.015      |             | 0.021  | 0.618f          |
| alu_mod.bus_in_rs1_0__MUX2_X1_B_Z_NOR2_X1_A2_ZN_AOI211_X1_B_ZN_OAI211_X1_A_C2 (net)                                                                                   | 4      |             |            |            | 0.000       |        |                 |
| alu_mod.bus_in_rs1_0__MUX2_X1_B_Z_NOR2_X1_A2_ZN_AOI211_X1_B_ZN_OAI211_X1_A:C2 (OAI211_X1)                                                                             |        | 0.002       | 0.000      | 0.015      |             | 0.000  | 0.618f          |
| alu_mod.bus_in_rs1_0__MUX2_X1_B_Z_NOR2_X1_A2_ZN_AOI211_X1_B_ZN_OAI211_X1_A:ZN (OAI211_X1)                                                                             |        | 0.003       | 0.000      | 0.031      |             | 0.048  | 0.667r          |
| alu_mod.bus_in_rs1_0__MUX2_X1_B_Z_NOR2_X1_A2_ZN_AOI211_X1_B_ZN_OAI211_X1_A_ZN (net)                                                                                   | 2      |             |            |            | 0.000       |        |                 |
| alu_mod.bus_in_rs1_0__MUX2_X1_B_Z_NOR2_X1_A2_ZN_OAI22_X1_B1_ZN_OAI21_X1_B2_ZN_AOI22_X1_A2:B1 (AOI22_X1)                                                               |        | 0.002       | 0.000      | 0.031      |             | 0.000  | 0.667r          |
| alu_mod.bus_in_rs1_0__MUX2_X1_B_Z_NOR2_X1_A2_ZN_OAI22_X1_B1_ZN_OAI21_X1_B2_ZN_AOI22_X1_A2:ZN (AOI22_X1)                                                               |        | 0.006       | 0.000      | 0.022      |             | 0.039  | 0.706f          |
| alu_mod.bus_in_rs1_0__MUX2_X1_B_Z_NOR2_X1_A2_ZN_OAI22_X1_B1_ZN_OAI21_X1_B2_ZN_AOI22_X1_A2_ZN (net)                                                                    | 5      |             |            |            | 0.000       |        |                 |
| csr_mod.regs[1]_25__AND2_X1_A1_ZN_OAI33_X1_A3_B3_NAND4_X1_ZN_A3_AOI22_X1_ZN_A2_NOR4_X1_ZN:A4 (NOR4_X1)                                                                |        | 0.002       | 0.000      | 0.022      |             | 0.000  | 0.706f          |
| csr_mod.regs[1]_25__AND2_X1_A1_ZN_OAI33_X1_A3_B3_NAND4_X1_ZN_A3_AOI22_X1_ZN_A2_NOR4_X1_ZN:ZN (NOR4_X1)                                                                |        | 0.005       | 0.000      | 0.074      |             | 0.118  | 0.825r          |
| csr_mod.regs[1]_25__AND2_X1_A1_ZN_OAI33_X1_A3_B3_NAND4_X1_ZN_A3_AOI22_X1_ZN_A2 (net)                                                                                  | 2      |             |            |            | 0.000       |        |                 |
| csr_mod.regs[1]_25__AND2_X1_A1_ZN_OAI33_X1_A3_B3_NAND4_X1_ZN_A3_AOI22_X1_ZN_A2_AOI221_X2_B1:B1 (AOI221_X2)                                                            |        | 0.003       | 0.000      | 0.074      |             | 0.000  | 0.825r          |
| csr_mod.regs[1]_25__AND2_X1_A1_ZN_OAI33_X1_A3_B3_NAND4_X1_ZN_A3_AOI22_X1_ZN_A2_AOI221_X2_B1:ZN (AOI221_X2)                                                            |        | 0.006       | 0.000      | 0.027      |             | 0.044  | 0.869f          |
| io_master_arready_NAND3_X1_A2_ZN_AOI221_X1_A_C2_NAND3_X1_ZN_A2 (net)                                                                                                  | 4      |             |            |            | 0.000       |        |                 |
| icache_mod.state_0__reg_p_D_OAI221_X1_ZN_C1_AND2_X1_A2_A1_AND2_X1_A2_ZN_AND3_X2_A3:A2 (AND3_X2)                                                                       |        | 0.002       | 0.000      | 0.027      |             | 0.000  | 0.869f          |
| icache_mod.state_0__reg_p_D_OAI221_X1_ZN_C1_AND2_X1_A2_A1_AND2_X1_A2_ZN_AND3_X2_A3:ZN (AND3_X2)                                                                       |        | 0.005       | 0.000      | 0.008      |             | 0.044  | 0.912f          |
| icache_mod.trans_reg_p_D_OR3_X1_A1_A2 (net)                                                                                                                           | 4      |             |            |            | 0.000       |        |                 |
| icache_mod.trans_reg_p_D_OR3_X1_A1_A2_NOR2_X1_A1:A1 (NOR2_X1)                                                                                                         |        | 0.002       | 0.000      | 0.008      |             | 0.000  | 0.912f          |
| icache_mod.trans_reg_p_D_OR3_X1_A1_A2_NOR2_X1_A1:ZN (NOR2_X1)                                                                                                         |        | 0.003       | 0.000      | 0.026      |             | 0.035  | 0.947r          |
| icache_mod.trans_reg_p_D_OR3_X1_A1_A2_NOR2_X1_A1_ZN (net)                                                                                                             | 1      |             |            |            | 0.000       |        |                 |
| icache_mod.trans_reg_p_D_OR3_X1_A1_A2_NOR2_X1_A1_ZN_BUF_X4_A:A (BUF_X4)                                                                                               |        | 0.003       | 0.000      | 0.026      |             | 0.000  | 0.947r          |
| icache_mod.trans_reg_p_D_OR3_X1_A1_A2_NOR2_X1_A1_ZN_BUF_X4_A:Z (BUF_X4)                                                                                               |        | 0.035       | 0.000      | 0.023      |             | 0.043  | 0.990r          |
| icache_mod.state_0__reg_p_D_OAI221_X1_ZN_C2 (net)                                                                                                                     | 18     |             |            |            | 0.000       |        |                 |
| icache_mod.state_0__reg_p_D_OAI221_X1_ZN_C2_BUF_X8_A:A (BUF_X8)                                                                                                       |        | 0.007       | 0.000      | 0.023      |             | 0.000  | 0.990r          |
| icache_mod.state_0__reg_p_D_OAI221_X1_ZN_C2_BUF_X8_A:Z (BUF_X8)                                                                                                       |        | 0.042       | 0.000      | 0.016      |             | 0.035  | 1.024r          |
| icache_mod.state_0__reg_p_D_OAI221_X1_ZN_C2_BUF_X8_A_Z (net)                                                                                                          | 24     |             |            |            | 0.000       |        |                 |
| icache_mod.block_valid[1]_reg_p_D_OAI21_X1_ZN_B1_OR2_X1_ZN_A2_NOR3_X1_A3_2:A1 (NOR3_X1)                                                                               |        | 0.002       | 0.000      | 0.016      |             | 0.000  | 1.024r          |
| icache_mod.block_valid[1]_reg_p_D_OAI21_X1_ZN_B1_OR2_X1_ZN_A2_NOR3_X1_A3_2:ZN (NOR3_X1)                                                                               |        | 0.001       | 0.000      | 0.015      |             | 0.009  | 1.034f          |
| icache_mod.block_valid[1]_reg_p_D_OAI21_X1_ZN_B1_OR2_X1_ZN_A2_NOR3_X1_A3_2_ZN (net)                                                                                   | 1      |             |            |            | 0.000       |        |                 |
| icache_mod.block_valid[1]_reg_p_D_OAI21_X1_ZN_B1_OR2_X1_ZN_A2_NOR3_X1_A3_2_ZN_CLKGATE_X1_E:E (CLKGATE_X1)                                                             |        | 0.001       | 0.000      | 0.015      |             | 0.000  | 1.034f          |
|                                                                                                                                                                       |        |             |            |            |             |        |                 |
| clock (port)                                                                                                                                                          |        | 0.756       | 0.000      | 0.000      |             | 0.000  | 0.000r          |
| clock (clock net)                                                                                                                                                     | 732    |             |            |            | NA          |        |                 |
| icache_mod.block_valid[1]_reg_p_D_OAI21_X1_ZN_B1_OR2_X1_ZN_A2_NOR3_X1_A3_2_ZN_CLKGATE_X1_E:CK (CLKGATE_X1)                                                            |        | 0.002       | 0.000      | 0.000      |             | 0.000  | 0.000r          |
| clock core_clock (rise edge)                                                                                                                                          |        |             |            |            |             | 1.769  | 1.769           |
| clock network delay (ideal)                                                                                                                                           |        |             |            |            |             | 0.000  | 1.769           |
| icache_mod.block_valid[1]_reg_p_D_OAI21_X1_ZN_B1_OR2_X1_ZN_A2_NOR3_X1_A3_2_ZN_CLKGATE_X1_E:CK (CLKGATE_X1)                                                            |        |             |            |            |             |        | 1.769r          |
| library setup time                                                                                                                                                    |        |             |            |            |             | -0.048 | 1.721           |
| clock reconvergence pessimism                                                                                                                                         |        |             |            |            |             | 0.000  | 1.721           |
|                                                                                                                                                                       |        |             |            |            |             |        |                 |
| path cell delay                                                                                                                                                       |        |             |            |            |             |        | 1.034(100.000%) |
| path net delay                                                                                                                                                        |        |             |            |            |             |        | 0.000(0.000%)   |
|                                                                                                                                                                       |        |             |            |            |             |        |                 |
| data require time                                                                                                                                                     |        |             |            |            |             |        | 1.721           |
| data arrival time                                                                                                                                                     |        |             |            |            |             |        | 1.034           |
| slack (MET)                                                                                                                                                           |        |             |            |            |             |        | 0.688           |
+-----------------------------------------------------------------------------------------------------------------------------------------------------------------------+--------+-------------+------------+------------+-------------+--------+-----------------+
+-----------------------------------------------------------------------------------------------------------------------------------------------------------------------+--------+-------------+------------+------------+-------------+--------+-----------------+
| Point                                                                                                                                                                 | Fanout | Capacitance | Resistance | Transition | Delta Delay | Incr   | Path            |
+-----------------------------------------------------------------------------------------------------------------------------------------------------------------------+--------+-------------+------------+------------+-------------+--------+-----------------+
| clock (port)                                                                                                                                                          |        | 0.756       | 0.000      | 0.000      |             | 0.000  | 0.000r          |
| clock (clock net)                                                                                                                                                     | 732    |             |            |            | NA          |        |                 |
| alu_mod.bus_in_alu_op_4__reg_p:CK (DFF_X1)                                                                                                                            |        | 0.001       | 0.000      | 0.000      |             | 0.000  | 0.000r          |
| clock core_clock (rise edge)                                                                                                                                          |        |             |            |            |             | 0      | 0               |
| clock network delay (ideal)                                                                                                                                           |        |             |            |            |             | 0.000  | 0.000           |
| alu_mod.bus_in_alu_op_4__reg_p:CK (DFF_X1)                                                                                                                            |        | 0.001       | 0.000      | 0.000      |             | 0.000  | 0.000r          |
| alu_mod.bus_in_alu_op_4__reg_p:Q (DFF_X1)                                                                                                                             |        | 0.035       | 0.000      | 0.085      |             | 0.164  | 0.164r          |
| alu_mod.bus_in_alu_op_4_ (net)                                                                                                                                        | 22     |             |            |            | 0.000       |        |                 |
| alu_mod.bus_in_alu_op_5__NOR2_X1_A2:A1 (NOR2_X1)                                                                                                                      |        | 0.002       | 0.000      | 0.085      |             | 0.000  | 0.164r          |
| alu_mod.bus_in_alu_op_5__NOR2_X1_A2:ZN (NOR2_X1)                                                                                                                      |        | 0.003       | 0.000      | 0.021      |             | 0.018  | 0.182f          |
| alu_mod.bus_in_alu_op_5__NOR2_X1_A2_ZN (net)                                                                                                                          | 1      |             |            |            | 0.000       |        |                 |
| alu_mod.bus_in_alu_op_5__NOR2_X1_A2_ZN_BUF_X4_A:A (BUF_X4)                                                                                                            |        | 0.003       | 0.000      | 0.021      |             | 0.000  | 0.182f          |
| alu_mod.bus_in_alu_op_5__NOR2_X1_A2_ZN_BUF_X4_A:Z (BUF_X4)                                                                                                            |        | 0.029       | 0.000      | 0.011      |             | 0.040  | 0.222f          |
| alu_mod.bus_in_alu_op_5__NOR2_X1_A2_ZN_BUF_X4_A_Z (net)                                                                                                               | 19     |             |            |            | 0.000       |        |                 |
| alu_mod.bus_in_alu_op_2__INV_X1_A_ZN_NAND2_X1_A1:A2 (NAND2_X1)                                                                                                        |        | 0.002       | 0.000      | 0.011      |             | 0.000  | 0.222f          |
| alu_mod.bus_in_alu_op_2__INV_X1_A_ZN_NAND2_X1_A1:ZN (NAND2_X1)                                                                                                        |        | 0.003       | 0.000      | 0.015      |             | 0.023  | 0.246r          |
| alu_mod.bus_in_alu_op_2__INV_X1_A_ZN_NAND2_X1_A1_ZN (net)                                                                                                             | 1      |             |            |            | 0.000       |        |                 |
| alu_mod.bus_in_alu_op_2__INV_X1_A_ZN_NAND2_X1_A1_ZN_BUF_X4_A:A (BUF_X4)                                                                                               |        | 0.003       | 0.000      | 0.015      |             | 0.000  | 0.246r          |
| alu_mod.bus_in_alu_op_2__INV_X1_A_ZN_NAND2_X1_A1_ZN_BUF_X4_A:Z (BUF_X4)                                                                                               |        | 0.028       | 0.000      | 0.019      |             | 0.036  | 0.282r          |
| ifu_mod.index_0__reg_p_D_AOI221_X1_ZN_C2_AOI21_X1_ZN_B2_MUX2_X1_A_Z_OAI21_X1_A_B2_NOR3_X1_ZN_A1 (net)                                                                 | 15     |             |            |            | 0.000       |        |                 |
| alu_mod.bus_in_alu_op_3__AOI21_X1_B1_ZN_BUF_X2_A_Z_NOR2_X2_A2:A1 (NOR2_X2)                                                                                            |        | 0.003       | 0.000      | 0.019      |             | 0.000  | 0.282r          |
| alu_mod.bus_in_alu_op_3__AOI21_X1_B1_ZN_BUF_X2_A_Z_NOR2_X2_A2:ZN (NOR2_X2)                                                                                            |        | 0.003       | 0.000      | 0.011      |             | 0.011  | 0.293f          |
| alu_mod.bus_in_alu_op_3__AOI21_X1_B1_ZN_BUF_X2_A_Z_NOR2_X2_A2_ZN (net)                                                                                                | 1      |             |            |            | 0.000       |        |                 |
| alu_mod.bus_in_imm_20__reg_p_D_AOI221_X1_ZN_C2_MUX2_X1_B_Z_XNOR2_X1_B_A_BUF_X4_Z:A (BUF_X4)                                                                           |        | 0.003       | 0.000      | 0.011      |             | 0.000  | 0.293f          |
| alu_mod.bus_in_imm_20__reg_p_D_AOI221_X1_ZN_C2_MUX2_X1_B_Z_XNOR2_X1_B_A_BUF_X4_Z:Z (BUF_X4)                                                                           |        | 0.024       | 0.000      | 0.010      |             | 0.033  | 0.326f          |
| alu_mod.bus_in_imm_20__reg_p_D_AOI221_X1_ZN_C2_MUX2_X1_B_Z_XNOR2_X1_B_A (net)                                                                                         | 14     |             |            |            | 0.000       |        |                 |
| cache_addr_13__reg_p_D_MUX2_X2_Z_A_MUX2_X2_Z_B_OAI22_X1_ZN_A2_XNOR2_X1_ZN_B_OR2_X1_ZN_A2_MUX2_X1_B:S (MUX2_X1)                                                        |        | 0.002       | 0.000      | 0.010      |             | 0.000  | 0.326f          |
| cache_addr_13__reg_p_D_MUX2_X2_Z_A_MUX2_X2_Z_B_OAI22_X1_ZN_A2_XNOR2_X1_ZN_B_OR2_X1_ZN_A2_MUX2_X1_B:Z (MUX2_X1)                                                        |        | 0.003       | 0.000      | 0.013      |             | 0.053  | 0.379f          |
| cache_addr_13__reg_p_D_MUX2_X2_Z_A_MUX2_X2_Z_B_OAI22_X1_ZN_A2_XNOR2_X1_ZN_B_OR2_X1_ZN_A2_MUX2_X1_B_Z (net)                                                            | 3      |             |            |            | 0.000       |        |                 |
| cache_addr_16__reg_p_D_AOI21_X1_ZN_B1_AOI21_X1_ZN_B1_OAI22_X1_ZN_A2_XNOR2_X1_ZN_A_OAI21_X1_ZN_B1_AOI221_X1_B2_C2_AOI211_X1_ZN_A_OAI222_X1_ZN_A1_OR2_X1_A1:A2 (OR2_X1) |        | 0.001       | 0.000      | 0.013      |             | 0.000  | 0.379f          |
| cache_addr_16__reg_p_D_AOI21_X1_ZN_B1_AOI21_X1_ZN_B1_OAI22_X1_ZN_A2_XNOR2_X1_ZN_A_OAI21_X1_ZN_B1_AOI221_X1_B2_C2_AOI211_X1_ZN_A_OAI222_X1_ZN_A1_OR2_X1_A1:ZN (OR2_X1) |        | 0.004       | 0.000      | 0.012      |             | 0.056  | 0.435f          |
| cache_addr_16__reg_p_D_AOI21_X1_ZN_B1_AOI21_X1_ZN_B1_OAI22_X1_ZN_A2_XNOR2_X1_ZN_A_OAI21_X1_ZN_B1_OR2_X1_ZN_A1 (net)                                                   | 3      |             |            |            | 0.000       |        |                 |
| cache_addr_16__reg_p_D_AOI21_X1_ZN_B1_AOI21_X1_ZN_B1_OAI22_X1_ZN_A2_XNOR2_X1_ZN_A_OAI21_X1_ZN_B1_OR2_X1_ZN:A1 (OR2_X1)                                                |        | 0.001       | 0.000      | 0.012      |             | 0.000  | 0.435f          |
| cache_addr_16__reg_p_D_AOI21_X1_ZN_B1_AOI21_X1_ZN_B1_OAI22_X1_ZN_A2_XNOR2_X1_ZN_A_OAI21_X1_ZN_B1_OR2_X1_ZN:ZN (OR2_X1)                                                |        | 0.003       | 0.000      | 0.012      |             | 0.051  | 0.487f          |
| cache_addr_16__reg_p_D_AOI21_X1_ZN_B1_AOI21_X1_ZN_B1_OAI22_X1_ZN_A2_XNOR2_X1_ZN_A_OAI21_X1_ZN_B1 (net)                                                                | 2      |             |            |            | 0.000       |        |                 |
| cache_addr_16__reg_p_D_AOI21_X1_ZN_B1_AOI21_X1_ZN_B1_OAI22_X1_ZN_A2_XNOR2_X1_ZN_A_OAI21_X1_ZN_B1_AOI221_X1_B2:B2 (AOI221_X1)                                          |        | 0.002       | 0.000      | 0.012      |             | 0.000  | 0.487f          |
| cache_addr_16__reg_p_D_AOI21_X1_ZN_B1_AOI21_X1_ZN_B1_OAI22_X1_ZN_A2_XNOR2_X1_ZN_A_OAI21_X1_ZN_B1_AOI221_X1_B2:ZN (AOI221_X1)                                          |        | 0.002       | 0.000      | 0.036      |             | 0.066  | 0.553r          |
| cache_addr_16__reg_p_D_AOI21_X1_ZN_B1_AOI21_X1_ZN_B1_OAI22_X1_ZN_A2_XNOR2_X1_ZN_A_OAI21_X1_ZN_B1_AOI221_X1_B2_ZN (net)                                                | 1      |             |            |            | 0.000       |        |                 |
| cache_addr_16__reg_p_D_AOI21_X1_ZN_B1_AOI21_X1_ZN_B1_OAI22_X1_ZN_A2_XNOR2_X1_ZN_A_OAI21_X1_ZN_B1_AOI221_X1_B2_ZN_BUF_X2_A:A (BUF_X2)                                  |        | 0.002       | 0.000      | 0.036      |             | 0.000  | 0.553r          |
| cache_addr_16__reg_p_D_AOI21_X1_ZN_B1_AOI21_X1_ZN_B1_OAI22_X1_ZN_A2_XNOR2_X1_ZN_A_OAI21_X1_ZN_B1_AOI221_X1_B2_ZN_BUF_X2_A:Z (BUF_X2)                                  |        | 0.016       | 0.000      | 0.023      |             | 0.045  | 0.597r          |
| cache_addr_29__reg_p_D_AOI211_X1_ZN_A_AOI221_X1_ZN_B2_XNOR2_X1_ZN_A_NAND2_X1_ZN_A2_OAI21_X1_ZN_B1 (net)                                                               | 7      |             |            |            | 0.000       |        |                 |
| cache_addr_29__reg_p_D_AOI211_X1_ZN_A_AOI221_X1_ZN_B2_XNOR2_X1_ZN_A_NAND2_X1_ZN_A2_OAI21_X1_ZN_B2_NAND2_X1_ZN_A2_NAND3_X1_A3_ZN_OAI21_X4_B1:B2 (OAI21_X4)             |        | 0.007       | 0.000      | 0.023      |             | 0.000  | 0.597r          |
| cache_addr_29__reg_p_D_AOI211_X1_ZN_A_AOI221_X1_ZN_B2_XNOR2_X1_ZN_A_NAND2_X1_ZN_A2_OAI21_X1_ZN_B2_NAND2_X1_ZN_A2_NAND3_X1_A3_ZN_OAI21_X4_B1:ZN (OAI21_X4)             |        | 0.007       | 0.000      | 0.015      |             | 0.021  | 0.618f          |
| alu_mod.bus_in_rs1_0__MUX2_X1_B_Z_NOR2_X1_A2_ZN_AOI211_X1_B_ZN_OAI211_X1_A_C2 (net)                                                                                   | 4      |             |            |            | 0.000       |        |                 |
| alu_mod.bus_in_rs1_0__MUX2_X1_B_Z_NOR2_X1_A2_ZN_AOI211_X1_B_ZN_OAI211_X1_A:C2 (OAI211_X1)                                                                             |        | 0.002       | 0.000      | 0.015      |             | 0.000  | 0.618f          |
| alu_mod.bus_in_rs1_0__MUX2_X1_B_Z_NOR2_X1_A2_ZN_AOI211_X1_B_ZN_OAI211_X1_A:ZN (OAI211_X1)                                                                             |        | 0.003       | 0.000      | 0.031      |             | 0.048  | 0.667r          |
| alu_mod.bus_in_rs1_0__MUX2_X1_B_Z_NOR2_X1_A2_ZN_AOI211_X1_B_ZN_OAI211_X1_A_ZN (net)                                                                                   | 2      |             |            |            | 0.000       |        |                 |
| alu_mod.bus_in_rs1_0__MUX2_X1_B_Z_NOR2_X1_A2_ZN_OAI22_X1_B1_ZN_OAI21_X1_B2_ZN_AOI22_X1_A2:B1 (AOI22_X1)                                                               |        | 0.002       | 0.000      | 0.031      |             | 0.000  | 0.667r          |
| alu_mod.bus_in_rs1_0__MUX2_X1_B_Z_NOR2_X1_A2_ZN_OAI22_X1_B1_ZN_OAI21_X1_B2_ZN_AOI22_X1_A2:ZN (AOI22_X1)                                                               |        | 0.006       | 0.000      | 0.022      |             | 0.039  | 0.706f          |
| alu_mod.bus_in_rs1_0__MUX2_X1_B_Z_NOR2_X1_A2_ZN_OAI22_X1_B1_ZN_OAI21_X1_B2_ZN_AOI22_X1_A2_ZN (net)                                                                    | 5      |             |            |            | 0.000       |        |                 |
| csr_mod.regs[1]_25__AND2_X1_A1_ZN_OAI33_X1_A3_B3_NAND4_X1_ZN_A3_AOI22_X1_ZN_A2_NOR4_X1_ZN:A4 (NOR4_X1)                                                                |        | 0.002       | 0.000      | 0.022      |             | 0.000  | 0.706f          |
| csr_mod.regs[1]_25__AND2_X1_A1_ZN_OAI33_X1_A3_B3_NAND4_X1_ZN_A3_AOI22_X1_ZN_A2_NOR4_X1_ZN:ZN (NOR4_X1)                                                                |        | 0.005       | 0.000      | 0.074      |             | 0.118  | 0.825r          |
| csr_mod.regs[1]_25__AND2_X1_A1_ZN_OAI33_X1_A3_B3_NAND4_X1_ZN_A3_AOI22_X1_ZN_A2 (net)                                                                                  | 2      |             |            |            | 0.000       |        |                 |
| csr_mod.regs[1]_25__AND2_X1_A1_ZN_OAI33_X1_A3_B3_NAND4_X1_ZN_A3_AOI22_X1_ZN_A2_AOI221_X2_B1:B1 (AOI221_X2)                                                            |        | 0.003       | 0.000      | 0.074      |             | 0.000  | 0.825r          |
| csr_mod.regs[1]_25__AND2_X1_A1_ZN_OAI33_X1_A3_B3_NAND4_X1_ZN_A3_AOI22_X1_ZN_A2_AOI221_X2_B1:ZN (AOI221_X2)                                                            |        | 0.006       | 0.000      | 0.027      |             | 0.044  | 0.869f          |
| io_master_arready_NAND3_X1_A2_ZN_AOI221_X1_A_C2_NAND3_X1_ZN_A2 (net)                                                                                                  | 4      |             |            |            | 0.000       |        |                 |
| icache_mod.state_0__reg_p_D_OAI221_X1_ZN_C1_AND2_X1_A2_A1_AND2_X1_A2_ZN_AND3_X2_A3:A2 (AND3_X2)                                                                       |        | 0.002       | 0.000      | 0.027      |             | 0.000  | 0.869f          |
| icache_mod.state_0__reg_p_D_OAI221_X1_ZN_C1_AND2_X1_A2_A1_AND2_X1_A2_ZN_AND3_X2_A3:ZN (AND3_X2)                                                                       |        | 0.005       | 0.000      | 0.008      |             | 0.044  | 0.912f          |
| icache_mod.trans_reg_p_D_OR3_X1_A1_A2 (net)                                                                                                                           | 4      |             |            |            | 0.000       |        |                 |
| icache_mod.trans_reg_p_D_OR3_X1_A1_A2_NOR2_X1_A1:A1 (NOR2_X1)                                                                                                         |        | 0.002       | 0.000      | 0.008      |             | 0.000  | 0.912f          |
| icache_mod.trans_reg_p_D_OR3_X1_A1_A2_NOR2_X1_A1:ZN (NOR2_X1)                                                                                                         |        | 0.003       | 0.000      | 0.026      |             | 0.035  | 0.947r          |
| icache_mod.trans_reg_p_D_OR3_X1_A1_A2_NOR2_X1_A1_ZN (net)                                                                                                             | 1      |             |            |            | 0.000       |        |                 |
| icache_mod.trans_reg_p_D_OR3_X1_A1_A2_NOR2_X1_A1_ZN_BUF_X4_A:A (BUF_X4)                                                                                               |        | 0.003       | 0.000      | 0.026      |             | 0.000  | 0.947r          |
| icache_mod.trans_reg_p_D_OR3_X1_A1_A2_NOR2_X1_A1_ZN_BUF_X4_A:Z (BUF_X4)                                                                                               |        | 0.035       | 0.000      | 0.023      |             | 0.043  | 0.990r          |
| icache_mod.state_0__reg_p_D_OAI221_X1_ZN_C2 (net)                                                                                                                     | 18     |             |            |            | 0.000       |        |                 |
| icache_mod.state_0__reg_p_D_OAI221_X1_ZN_C2_BUF_X8_A:A (BUF_X8)                                                                                                       |        | 0.007       | 0.000      | 0.023      |             | 0.000  | 0.990r          |
| icache_mod.state_0__reg_p_D_OAI221_X1_ZN_C2_BUF_X8_A:Z (BUF_X8)                                                                                                       |        | 0.042       | 0.000      | 0.016      |             | 0.035  | 1.024r          |
| icache_mod.state_0__reg_p_D_OAI221_X1_ZN_C2_BUF_X8_A_Z (net)                                                                                                          | 24     |             |            |            | 0.000       |        |                 |
| icache_mod.block_valid[1]_reg_p_D_OAI21_X1_ZN_B1_OR2_X1_ZN_A2_NOR3_X1_A3:A1 (NOR3_X1)                                                                                 |        | 0.002       | 0.000      | 0.016      |             | 0.000  | 1.024r          |
| icache_mod.block_valid[1]_reg_p_D_OAI21_X1_ZN_B1_OR2_X1_ZN_A2_NOR3_X1_A3:ZN (NOR3_X1)                                                                                 |        | 0.001       | 0.000      | 0.015      |             | 0.009  | 1.034f          |
| icache_mod.block_valid[1]_reg_p_D_OAI21_X1_ZN_B1_OR2_X1_ZN_A2_NOR3_X1_A3_ZN (net)                                                                                     | 1      |             |            |            | 0.000       |        |                 |
| icache_mod.block_valid[1]_reg_p_D_OAI21_X1_ZN_B1_OR2_X1_ZN_A2_NOR3_X1_A3_ZN_CLKGATE_X1_E:E (CLKGATE_X1)                                                               |        | 0.001       | 0.000      | 0.015      |             | 0.000  | 1.034f          |
|                                                                                                                                                                       |        |             |            |            |             |        |                 |
| clock (port)                                                                                                                                                          |        | 0.756       | 0.000      | 0.000      |             | 0.000  | 0.000r          |
| clock (clock net)                                                                                                                                                     | 732    |             |            |            | NA          |        |                 |
| icache_mod.block_valid[1]_reg_p_D_OAI21_X1_ZN_B1_OR2_X1_ZN_A2_NOR3_X1_A3_ZN_CLKGATE_X1_E:CK (CLKGATE_X1)                                                              |        | 0.002       | 0.000      | 0.000      |             | 0.000  | 0.000r          |
| clock core_clock (rise edge)                                                                                                                                          |        |             |            |            |             | 1.769  | 1.769           |
| clock network delay (ideal)                                                                                                                                           |        |             |            |            |             | 0.000  | 1.769           |
| icache_mod.block_valid[1]_reg_p_D_OAI21_X1_ZN_B1_OR2_X1_ZN_A2_NOR3_X1_A3_ZN_CLKGATE_X1_E:CK (CLKGATE_X1)                                                              |        |             |            |            |             |        | 1.769r          |
| library setup time                                                                                                                                                    |        |             |            |            |             | -0.048 | 1.721           |
| clock reconvergence pessimism                                                                                                                                         |        |             |            |            |             | 0.000  | 1.721           |
|                                                                                                                                                                       |        |             |            |            |             |        |                 |
| path cell delay                                                                                                                                                       |        |             |            |            |             |        | 1.034(100.000%) |
| path net delay                                                                                                                                                        |        |             |            |            |             |        | 0.000(0.000%)   |
|                                                                                                                                                                       |        |             |            |            |             |        |                 |
| data require time                                                                                                                                                     |        |             |            |            |             |        | 1.721           |
| data arrival time                                                                                                                                                     |        |             |            |            |             |        | 1.034           |
| slack (MET)                                                                                                                                                           |        |             |            |            |             |        | 0.688           |
+-----------------------------------------------------------------------------------------------------------------------------------------------------------------------+--------+-------------+------------+------------+-------------+--------+-----------------+
+-----------------------------------------------------------------------------------------------------------------------------------------------------------------------+--------+-------------+------------+------------+-------------+--------+-----------------+
| Point                                                                                                                                                                 | Fanout | Capacitance | Resistance | Transition | Delta Delay | Incr   | Path            |
+-----------------------------------------------------------------------------------------------------------------------------------------------------------------------+--------+-------------+------------+------------+-------------+--------+-----------------+
| clock (port)                                                                                                                                                          |        | 0.756       | 0.000      | 0.000      |             | 0.000  | 0.000r          |
| clock (clock net)                                                                                                                                                     | 732    |             |            |            | NA          |        |                 |
| alu_mod.bus_in_alu_op_4__reg_p:CK (DFF_X1)                                                                                                                            |        | 0.001       | 0.000      | 0.000      |             | 0.000  | 0.000r          |
| clock core_clock (rise edge)                                                                                                                                          |        |             |            |            |             | 0      | 0               |
| clock network delay (ideal)                                                                                                                                           |        |             |            |            |             | 0.000  | 0.000           |
| alu_mod.bus_in_alu_op_4__reg_p:CK (DFF_X1)                                                                                                                            |        | 0.001       | 0.000      | 0.000      |             | 0.000  | 0.000r          |
| alu_mod.bus_in_alu_op_4__reg_p:Q (DFF_X1)                                                                                                                             |        | 0.035       | 0.000      | 0.085      |             | 0.164  | 0.164r          |
| alu_mod.bus_in_alu_op_4_ (net)                                                                                                                                        | 22     |             |            |            | 0.000       |        |                 |
| alu_mod.bus_in_alu_op_5__NOR2_X1_A2:A1 (NOR2_X1)                                                                                                                      |        | 0.002       | 0.000      | 0.085      |             | 0.000  | 0.164r          |
| alu_mod.bus_in_alu_op_5__NOR2_X1_A2:ZN (NOR2_X1)                                                                                                                      |        | 0.003       | 0.000      | 0.021      |             | 0.018  | 0.182f          |
| alu_mod.bus_in_alu_op_5__NOR2_X1_A2_ZN (net)                                                                                                                          | 1      |             |            |            | 0.000       |        |                 |
| alu_mod.bus_in_alu_op_5__NOR2_X1_A2_ZN_BUF_X4_A:A (BUF_X4)                                                                                                            |        | 0.003       | 0.000      | 0.021      |             | 0.000  | 0.182f          |
| alu_mod.bus_in_alu_op_5__NOR2_X1_A2_ZN_BUF_X4_A:Z (BUF_X4)                                                                                                            |        | 0.029       | 0.000      | 0.011      |             | 0.040  | 0.222f          |
| alu_mod.bus_in_alu_op_5__NOR2_X1_A2_ZN_BUF_X4_A_Z (net)                                                                                                               | 19     |             |            |            | 0.000       |        |                 |
| alu_mod.bus_in_alu_op_2__INV_X1_A_ZN_NAND2_X1_A1:A2 (NAND2_X1)                                                                                                        |        | 0.002       | 0.000      | 0.011      |             | 0.000  | 0.222f          |
| alu_mod.bus_in_alu_op_2__INV_X1_A_ZN_NAND2_X1_A1:ZN (NAND2_X1)                                                                                                        |        | 0.003       | 0.000      | 0.015      |             | 0.023  | 0.246r          |
| alu_mod.bus_in_alu_op_2__INV_X1_A_ZN_NAND2_X1_A1_ZN (net)                                                                                                             | 1      |             |            |            | 0.000       |        |                 |
| alu_mod.bus_in_alu_op_2__INV_X1_A_ZN_NAND2_X1_A1_ZN_BUF_X4_A:A (BUF_X4)                                                                                               |        | 0.003       | 0.000      | 0.015      |             | 0.000  | 0.246r          |
| alu_mod.bus_in_alu_op_2__INV_X1_A_ZN_NAND2_X1_A1_ZN_BUF_X4_A:Z (BUF_X4)                                                                                               |        | 0.028       | 0.000      | 0.019      |             | 0.036  | 0.282r          |
| ifu_mod.index_0__reg_p_D_AOI221_X1_ZN_C2_AOI21_X1_ZN_B2_MUX2_X1_A_Z_OAI21_X1_A_B2_NOR3_X1_ZN_A1 (net)                                                                 | 15     |             |            |            | 0.000       |        |                 |
| alu_mod.bus_in_alu_op_3__AOI21_X1_B1_ZN_BUF_X2_A_Z_NOR2_X2_A2:A1 (NOR2_X2)                                                                                            |        | 0.003       | 0.000      | 0.019      |             | 0.000  | 0.282r          |
| alu_mod.bus_in_alu_op_3__AOI21_X1_B1_ZN_BUF_X2_A_Z_NOR2_X2_A2:ZN (NOR2_X2)                                                                                            |        | 0.003       | 0.000      | 0.011      |             | 0.011  | 0.293f          |
| alu_mod.bus_in_alu_op_3__AOI21_X1_B1_ZN_BUF_X2_A_Z_NOR2_X2_A2_ZN (net)                                                                                                | 1      |             |            |            | 0.000       |        |                 |
| alu_mod.bus_in_imm_20__reg_p_D_AOI221_X1_ZN_C2_MUX2_X1_B_Z_XNOR2_X1_B_A_BUF_X4_Z:A (BUF_X4)                                                                           |        | 0.003       | 0.000      | 0.011      |             | 0.000  | 0.293f          |
| alu_mod.bus_in_imm_20__reg_p_D_AOI221_X1_ZN_C2_MUX2_X1_B_Z_XNOR2_X1_B_A_BUF_X4_Z:Z (BUF_X4)                                                                           |        | 0.024       | 0.000      | 0.010      |             | 0.033  | 0.326f          |
| alu_mod.bus_in_imm_20__reg_p_D_AOI221_X1_ZN_C2_MUX2_X1_B_Z_XNOR2_X1_B_A (net)                                                                                         | 14     |             |            |            | 0.000       |        |                 |
| cache_addr_13__reg_p_D_MUX2_X2_Z_A_MUX2_X2_Z_B_OAI22_X1_ZN_A2_XNOR2_X1_ZN_B_OR2_X1_ZN_A2_MUX2_X1_B:S (MUX2_X1)                                                        |        | 0.002       | 0.000      | 0.010      |             | 0.000  | 0.326f          |
| cache_addr_13__reg_p_D_MUX2_X2_Z_A_MUX2_X2_Z_B_OAI22_X1_ZN_A2_XNOR2_X1_ZN_B_OR2_X1_ZN_A2_MUX2_X1_B:Z (MUX2_X1)                                                        |        | 0.003       | 0.000      | 0.013      |             | 0.053  | 0.379f          |
| cache_addr_13__reg_p_D_MUX2_X2_Z_A_MUX2_X2_Z_B_OAI22_X1_ZN_A2_XNOR2_X1_ZN_B_OR2_X1_ZN_A2_MUX2_X1_B_Z (net)                                                            | 3      |             |            |            | 0.000       |        |                 |
| cache_addr_16__reg_p_D_AOI21_X1_ZN_B1_AOI21_X1_ZN_B1_OAI22_X1_ZN_A2_XNOR2_X1_ZN_A_OAI21_X1_ZN_B1_AOI221_X1_B2_C2_AOI211_X1_ZN_A_OAI222_X1_ZN_A1_OR2_X1_A1:A2 (OR2_X1) |        | 0.001       | 0.000      | 0.013      |             | 0.000  | 0.379f          |
| cache_addr_16__reg_p_D_AOI21_X1_ZN_B1_AOI21_X1_ZN_B1_OAI22_X1_ZN_A2_XNOR2_X1_ZN_A_OAI21_X1_ZN_B1_AOI221_X1_B2_C2_AOI211_X1_ZN_A_OAI222_X1_ZN_A1_OR2_X1_A1:ZN (OR2_X1) |        | 0.004       | 0.000      | 0.012      |             | 0.056  | 0.435f          |
| cache_addr_16__reg_p_D_AOI21_X1_ZN_B1_AOI21_X1_ZN_B1_OAI22_X1_ZN_A2_XNOR2_X1_ZN_A_OAI21_X1_ZN_B1_OR2_X1_ZN_A1 (net)                                                   | 3      |             |            |            | 0.000       |        |                 |
| cache_addr_16__reg_p_D_AOI21_X1_ZN_B1_AOI21_X1_ZN_B1_OAI22_X1_ZN_A2_XNOR2_X1_ZN_A_OAI21_X1_ZN_B1_OR2_X1_ZN:A1 (OR2_X1)                                                |        | 0.001       | 0.000      | 0.012      |             | 0.000  | 0.435f          |
| cache_addr_16__reg_p_D_AOI21_X1_ZN_B1_AOI21_X1_ZN_B1_OAI22_X1_ZN_A2_XNOR2_X1_ZN_A_OAI21_X1_ZN_B1_OR2_X1_ZN:ZN (OR2_X1)                                                |        | 0.003       | 0.000      | 0.012      |             | 0.051  | 0.487f          |
| cache_addr_16__reg_p_D_AOI21_X1_ZN_B1_AOI21_X1_ZN_B1_OAI22_X1_ZN_A2_XNOR2_X1_ZN_A_OAI21_X1_ZN_B1 (net)                                                                | 2      |             |            |            | 0.000       |        |                 |
| cache_addr_16__reg_p_D_AOI21_X1_ZN_B1_AOI21_X1_ZN_B1_OAI22_X1_ZN_A2_XNOR2_X1_ZN_A_OAI21_X1_ZN_B1_AOI221_X1_B2:B2 (AOI221_X1)                                          |        | 0.002       | 0.000      | 0.012      |             | 0.000  | 0.487f          |
| cache_addr_16__reg_p_D_AOI21_X1_ZN_B1_AOI21_X1_ZN_B1_OAI22_X1_ZN_A2_XNOR2_X1_ZN_A_OAI21_X1_ZN_B1_AOI221_X1_B2:ZN (AOI221_X1)                                          |        | 0.002       | 0.000      | 0.036      |             | 0.066  | 0.553r          |
| cache_addr_16__reg_p_D_AOI21_X1_ZN_B1_AOI21_X1_ZN_B1_OAI22_X1_ZN_A2_XNOR2_X1_ZN_A_OAI21_X1_ZN_B1_AOI221_X1_B2_ZN (net)                                                | 1      |             |            |            | 0.000       |        |                 |
| cache_addr_16__reg_p_D_AOI21_X1_ZN_B1_AOI21_X1_ZN_B1_OAI22_X1_ZN_A2_XNOR2_X1_ZN_A_OAI21_X1_ZN_B1_AOI221_X1_B2_ZN_BUF_X2_A:A (BUF_X2)                                  |        | 0.002       | 0.000      | 0.036      |             | 0.000  | 0.553r          |
| cache_addr_16__reg_p_D_AOI21_X1_ZN_B1_AOI21_X1_ZN_B1_OAI22_X1_ZN_A2_XNOR2_X1_ZN_A_OAI21_X1_ZN_B1_AOI221_X1_B2_ZN_BUF_X2_A:Z (BUF_X2)                                  |        | 0.016       | 0.000      | 0.023      |             | 0.045  | 0.597r          |
| cache_addr_29__reg_p_D_AOI211_X1_ZN_A_AOI221_X1_ZN_B2_XNOR2_X1_ZN_A_NAND2_X1_ZN_A2_OAI21_X1_ZN_B1 (net)                                                               | 7      |             |            |            | 0.000       |        |                 |
| cache_addr_29__reg_p_D_AOI211_X1_ZN_A_AOI221_X1_ZN_B2_XNOR2_X1_ZN_A_NAND2_X1_ZN_A2_OAI21_X1_ZN_B2_NAND2_X1_ZN_A2_NAND3_X1_A3_ZN_OAI21_X4_B1:B2 (OAI21_X4)             |        | 0.007       | 0.000      | 0.023      |             | 0.000  | 0.597r          |
| cache_addr_29__reg_p_D_AOI211_X1_ZN_A_AOI221_X1_ZN_B2_XNOR2_X1_ZN_A_NAND2_X1_ZN_A2_OAI21_X1_ZN_B2_NAND2_X1_ZN_A2_NAND3_X1_A3_ZN_OAI21_X4_B1:ZN (OAI21_X4)             |        | 0.007       | 0.000      | 0.015      |             | 0.021  | 0.618f          |
| alu_mod.bus_in_rs1_0__MUX2_X1_B_Z_NOR2_X1_A2_ZN_AOI211_X1_B_ZN_OAI211_X1_A_C2 (net)                                                                                   | 4      |             |            |            | 0.000       |        |                 |
| alu_mod.bus_in_rs1_0__MUX2_X1_B_Z_NOR2_X1_A2_ZN_AOI211_X1_B_ZN_OAI211_X1_A:C2 (OAI211_X1)                                                                             |        | 0.002       | 0.000      | 0.015      |             | 0.000  | 0.618f          |
| alu_mod.bus_in_rs1_0__MUX2_X1_B_Z_NOR2_X1_A2_ZN_AOI211_X1_B_ZN_OAI211_X1_A:ZN (OAI211_X1)                                                                             |        | 0.003       | 0.000      | 0.031      |             | 0.048  | 0.667r          |
| alu_mod.bus_in_rs1_0__MUX2_X1_B_Z_NOR2_X1_A2_ZN_AOI211_X1_B_ZN_OAI211_X1_A_ZN (net)                                                                                   | 2      |             |            |            | 0.000       |        |                 |
| alu_mod.bus_in_rs1_0__MUX2_X1_B_Z_NOR2_X1_A2_ZN_OAI22_X1_B1_ZN_OAI21_X1_B2_ZN_AOI22_X1_A2:B1 (AOI22_X1)                                                               |        | 0.002       | 0.000      | 0.031      |             | 0.000  | 0.667r          |
| alu_mod.bus_in_rs1_0__MUX2_X1_B_Z_NOR2_X1_A2_ZN_OAI22_X1_B1_ZN_OAI21_X1_B2_ZN_AOI22_X1_A2:ZN (AOI22_X1)                                                               |        | 0.006       | 0.000      | 0.022      |             | 0.039  | 0.706f          |
| alu_mod.bus_in_rs1_0__MUX2_X1_B_Z_NOR2_X1_A2_ZN_OAI22_X1_B1_ZN_OAI21_X1_B2_ZN_AOI22_X1_A2_ZN (net)                                                                    | 5      |             |            |            | 0.000       |        |                 |
| csr_mod.regs[1]_25__AND2_X1_A1_ZN_OAI33_X1_A3_B3_NAND4_X1_ZN_A3_AOI22_X1_ZN_A2_NOR4_X1_ZN:A4 (NOR4_X1)                                                                |        | 0.002       | 0.000      | 0.022      |             | 0.000  | 0.706f          |
| csr_mod.regs[1]_25__AND2_X1_A1_ZN_OAI33_X1_A3_B3_NAND4_X1_ZN_A3_AOI22_X1_ZN_A2_NOR4_X1_ZN:ZN (NOR4_X1)                                                                |        | 0.005       | 0.000      | 0.074      |             | 0.118  | 0.825r          |
| csr_mod.regs[1]_25__AND2_X1_A1_ZN_OAI33_X1_A3_B3_NAND4_X1_ZN_A3_AOI22_X1_ZN_A2 (net)                                                                                  | 2      |             |            |            | 0.000       |        |                 |
| csr_mod.regs[1]_25__AND2_X1_A1_ZN_OAI33_X1_A3_B3_NAND4_X1_ZN_A3_AOI22_X1_ZN_A2_AOI221_X2_B1:B1 (AOI221_X2)                                                            |        | 0.003       | 0.000      | 0.074      |             | 0.000  | 0.825r          |
| csr_mod.regs[1]_25__AND2_X1_A1_ZN_OAI33_X1_A3_B3_NAND4_X1_ZN_A3_AOI22_X1_ZN_A2_AOI221_X2_B1:ZN (AOI221_X2)                                                            |        | 0.006       | 0.000      | 0.027      |             | 0.044  | 0.869f          |
| io_master_arready_NAND3_X1_A2_ZN_AOI221_X1_A_C2_NAND3_X1_ZN_A2 (net)                                                                                                  | 4      |             |            |            | 0.000       |        |                 |
| icache_mod.state_0__reg_p_D_OAI221_X1_ZN_C1_AND2_X1_A2_A1_AND2_X1_A2_ZN_AND3_X2_A3:A2 (AND3_X2)                                                                       |        | 0.002       | 0.000      | 0.027      |             | 0.000  | 0.869f          |
| icache_mod.state_0__reg_p_D_OAI221_X1_ZN_C1_AND2_X1_A2_A1_AND2_X1_A2_ZN_AND3_X2_A3:ZN (AND3_X2)                                                                       |        | 0.005       | 0.000      | 0.008      |             | 0.044  | 0.912f          |
| icache_mod.trans_reg_p_D_OR3_X1_A1_A2 (net)                                                                                                                           | 4      |             |            |            | 0.000       |        |                 |
| icache_mod.trans_reg_p_D_OR3_X1_A1_A2_NOR2_X1_A1:A1 (NOR2_X1)                                                                                                         |        | 0.002       | 0.000      | 0.008      |             | 0.000  | 0.912f          |
| icache_mod.trans_reg_p_D_OR3_X1_A1_A2_NOR2_X1_A1:ZN (NOR2_X1)                                                                                                         |        | 0.003       | 0.000      | 0.026      |             | 0.035  | 0.947r          |
| icache_mod.trans_reg_p_D_OR3_X1_A1_A2_NOR2_X1_A1_ZN (net)                                                                                                             | 1      |             |            |            | 0.000       |        |                 |
| icache_mod.trans_reg_p_D_OR3_X1_A1_A2_NOR2_X1_A1_ZN_BUF_X4_A:A (BUF_X4)                                                                                               |        | 0.003       | 0.000      | 0.026      |             | 0.000  | 0.947r          |
| icache_mod.trans_reg_p_D_OR3_X1_A1_A2_NOR2_X1_A1_ZN_BUF_X4_A:Z (BUF_X4)                                                                                               |        | 0.035       | 0.000      | 0.023      |             | 0.043  | 0.990r          |
| icache_mod.state_0__reg_p_D_OAI221_X1_ZN_C2 (net)                                                                                                                     | 18     |             |            |            | 0.000       |        |                 |
| icache_mod.state_0__reg_p_D_OAI221_X1_ZN_C2_BUF_X8_A:A (BUF_X8)                                                                                                       |        | 0.007       | 0.000      | 0.023      |             | 0.000  | 0.990r          |
| icache_mod.state_0__reg_p_D_OAI221_X1_ZN_C2_BUF_X8_A:Z (BUF_X8)                                                                                                       |        | 0.042       | 0.000      | 0.016      |             | 0.035  | 1.024r          |
| icache_mod.state_0__reg_p_D_OAI221_X1_ZN_C2_BUF_X8_A_Z (net)                                                                                                          | 24     |             |            |            | 0.000       |        |                 |
| icache_mod.block_valid[1]_reg_p_D_OAI21_X1_ZN_B1_OR2_X1_ZN_A2_NOR3_X1_A3_3:A1 (NOR3_X1)                                                                               |        | 0.002       | 0.000      | 0.016      |             | 0.000  | 1.024r          |
| icache_mod.block_valid[1]_reg_p_D_OAI21_X1_ZN_B1_OR2_X1_ZN_A2_NOR3_X1_A3_3:ZN (NOR3_X1)                                                                               |        | 0.001       | 0.000      | 0.015      |             | 0.009  | 1.034f          |
| icache_mod.block_valid[1]_reg_p_D_OAI21_X1_ZN_B1_OR2_X1_ZN_A2_NOR3_X1_A3_3_ZN (net)                                                                                   | 1      |             |            |            | 0.000       |        |                 |
| icache_mod.block_valid[1]_reg_p_D_OAI21_X1_ZN_B1_OR2_X1_ZN_A2_NOR3_X1_A3_3_ZN_CLKGATE_X1_E:E (CLKGATE_X1)                                                             |        | 0.001       | 0.000      | 0.015      |             | 0.000  | 1.034f          |
|                                                                                                                                                                       |        |             |            |            |             |        |                 |
| clock (port)                                                                                                                                                          |        | 0.756       | 0.000      | 0.000      |             | 0.000  | 0.000r          |
| clock (clock net)                                                                                                                                                     | 732    |             |            |            | NA          |        |                 |
| icache_mod.block_valid[1]_reg_p_D_OAI21_X1_ZN_B1_OR2_X1_ZN_A2_NOR3_X1_A3_3_ZN_CLKGATE_X1_E:CK (CLKGATE_X1)                                                            |        | 0.002       | 0.000      | 0.000      |             | 0.000  | 0.000r          |
| clock core_clock (rise edge)                                                                                                                                          |        |             |            |            |             | 1.769  | 1.769           |
| clock network delay (ideal)                                                                                                                                           |        |             |            |            |             | 0.000  | 1.769           |
| icache_mod.block_valid[1]_reg_p_D_OAI21_X1_ZN_B1_OR2_X1_ZN_A2_NOR3_X1_A3_3_ZN_CLKGATE_X1_E:CK (CLKGATE_X1)                                                            |        |             |            |            |             |        | 1.769r          |
| library setup time                                                                                                                                                    |        |             |            |            |             | -0.048 | 1.721           |
| clock reconvergence pessimism                                                                                                                                         |        |             |            |            |             | 0.000  | 1.721           |
|                                                                                                                                                                       |        |             |            |            |             |        |                 |
| path cell delay                                                                                                                                                       |        |             |            |            |             |        | 1.034(100.000%) |
| path net delay                                                                                                                                                        |        |             |            |            |             |        | 0.000(0.000%)   |
|                                                                                                                                                                       |        |             |            |            |             |        |                 |
| data require time                                                                                                                                                     |        |             |            |            |             |        | 1.721           |
| data arrival time                                                                                                                                                     |        |             |            |            |             |        | 1.034           |
| slack (MET)                                                                                                                                                           |        |             |            |            |             |        | 0.688           |
+-----------------------------------------------------------------------------------------------------------------------------------------------------------------------+--------+-------------+------------+------------+-------------+--------+-----------------+
+-----------------------------------------------------------------------------------------------------------------------------------------------------------------------+--------+-------------+------------+------------+-------------+--------+-----------------+
| Point                                                                                                                                                                 | Fanout | Capacitance | Resistance | Transition | Delta Delay | Incr   | Path            |
+-----------------------------------------------------------------------------------------------------------------------------------------------------------------------+--------+-------------+------------+------------+-------------+--------+-----------------+
| clock (port)                                                                                                                                                          |        | 0.756       | 0.000      | 0.000      |             | 0.000  | 0.000r          |
| clock (clock net)                                                                                                                                                     | 732    |             |            |            | NA          |        |                 |
| alu_mod.bus_in_alu_op_4__reg_p:CK (DFF_X1)                                                                                                                            |        | 0.001       | 0.000      | 0.000      |             | 0.000  | 0.000r          |
| clock core_clock (rise edge)                                                                                                                                          |        |             |            |            |             | 0      | 0               |
| clock network delay (ideal)                                                                                                                                           |        |             |            |            |             | 0.000  | 0.000           |
| alu_mod.bus_in_alu_op_4__reg_p:CK (DFF_X1)                                                                                                                            |        | 0.001       | 0.000      | 0.000      |             | 0.000  | 0.000r          |
| alu_mod.bus_in_alu_op_4__reg_p:Q (DFF_X1)                                                                                                                             |        | 0.035       | 0.000      | 0.085      |             | 0.164  | 0.164r          |
| alu_mod.bus_in_alu_op_4_ (net)                                                                                                                                        | 22     |             |            |            | 0.000       |        |                 |
| alu_mod.bus_in_alu_op_5__NOR2_X1_A2:A1 (NOR2_X1)                                                                                                                      |        | 0.002       | 0.000      | 0.085      |             | 0.000  | 0.164r          |
| alu_mod.bus_in_alu_op_5__NOR2_X1_A2:ZN (NOR2_X1)                                                                                                                      |        | 0.003       | 0.000      | 0.021      |             | 0.018  | 0.182f          |
| alu_mod.bus_in_alu_op_5__NOR2_X1_A2_ZN (net)                                                                                                                          | 1      |             |            |            | 0.000       |        |                 |
| alu_mod.bus_in_alu_op_5__NOR2_X1_A2_ZN_BUF_X4_A:A (BUF_X4)                                                                                                            |        | 0.003       | 0.000      | 0.021      |             | 0.000  | 0.182f          |
| alu_mod.bus_in_alu_op_5__NOR2_X1_A2_ZN_BUF_X4_A:Z (BUF_X4)                                                                                                            |        | 0.029       | 0.000      | 0.011      |             | 0.040  | 0.222f          |
| alu_mod.bus_in_alu_op_5__NOR2_X1_A2_ZN_BUF_X4_A_Z (net)                                                                                                               | 19     |             |            |            | 0.000       |        |                 |
| alu_mod.bus_in_alu_op_2__INV_X1_A_ZN_NAND2_X1_A1:A2 (NAND2_X1)                                                                                                        |        | 0.002       | 0.000      | 0.011      |             | 0.000  | 0.222f          |
| alu_mod.bus_in_alu_op_2__INV_X1_A_ZN_NAND2_X1_A1:ZN (NAND2_X1)                                                                                                        |        | 0.003       | 0.000      | 0.015      |             | 0.023  | 0.246r          |
| alu_mod.bus_in_alu_op_2__INV_X1_A_ZN_NAND2_X1_A1_ZN (net)                                                                                                             | 1      |             |            |            | 0.000       |        |                 |
| alu_mod.bus_in_alu_op_2__INV_X1_A_ZN_NAND2_X1_A1_ZN_BUF_X4_A:A (BUF_X4)                                                                                               |        | 0.003       | 0.000      | 0.015      |             | 0.000  | 0.246r          |
| alu_mod.bus_in_alu_op_2__INV_X1_A_ZN_NAND2_X1_A1_ZN_BUF_X4_A:Z (BUF_X4)                                                                                               |        | 0.028       | 0.000      | 0.019      |             | 0.036  | 0.282r          |
| ifu_mod.index_0__reg_p_D_AOI221_X1_ZN_C2_AOI21_X1_ZN_B2_MUX2_X1_A_Z_OAI21_X1_A_B2_NOR3_X1_ZN_A1 (net)                                                                 | 15     |             |            |            | 0.000       |        |                 |
| alu_mod.bus_in_alu_op_3__AOI21_X1_B1_ZN_BUF_X2_A_Z_NOR2_X2_A2:A1 (NOR2_X2)                                                                                            |        | 0.003       | 0.000      | 0.019      |             | 0.000  | 0.282r          |
| alu_mod.bus_in_alu_op_3__AOI21_X1_B1_ZN_BUF_X2_A_Z_NOR2_X2_A2:ZN (NOR2_X2)                                                                                            |        | 0.003       | 0.000      | 0.011      |             | 0.011  | 0.293f          |
| alu_mod.bus_in_alu_op_3__AOI21_X1_B1_ZN_BUF_X2_A_Z_NOR2_X2_A2_ZN (net)                                                                                                | 1      |             |            |            | 0.000       |        |                 |
| alu_mod.bus_in_imm_20__reg_p_D_AOI221_X1_ZN_C2_MUX2_X1_B_Z_XNOR2_X1_B_A_BUF_X4_Z:A (BUF_X4)                                                                           |        | 0.003       | 0.000      | 0.011      |             | 0.000  | 0.293f          |
| alu_mod.bus_in_imm_20__reg_p_D_AOI221_X1_ZN_C2_MUX2_X1_B_Z_XNOR2_X1_B_A_BUF_X4_Z:Z (BUF_X4)                                                                           |        | 0.024       | 0.000      | 0.010      |             | 0.033  | 0.326f          |
| alu_mod.bus_in_imm_20__reg_p_D_AOI221_X1_ZN_C2_MUX2_X1_B_Z_XNOR2_X1_B_A (net)                                                                                         | 14     |             |            |            | 0.000       |        |                 |
| cache_addr_13__reg_p_D_MUX2_X2_Z_A_MUX2_X2_Z_B_OAI22_X1_ZN_A2_XNOR2_X1_ZN_B_OR2_X1_ZN_A2_MUX2_X1_B:S (MUX2_X1)                                                        |        | 0.002       | 0.000      | 0.010      |             | 0.000  | 0.326f          |
| cache_addr_13__reg_p_D_MUX2_X2_Z_A_MUX2_X2_Z_B_OAI22_X1_ZN_A2_XNOR2_X1_ZN_B_OR2_X1_ZN_A2_MUX2_X1_B:Z (MUX2_X1)                                                        |        | 0.003       | 0.000      | 0.013      |             | 0.053  | 0.379f          |
| cache_addr_13__reg_p_D_MUX2_X2_Z_A_MUX2_X2_Z_B_OAI22_X1_ZN_A2_XNOR2_X1_ZN_B_OR2_X1_ZN_A2_MUX2_X1_B_Z (net)                                                            | 3      |             |            |            | 0.000       |        |                 |
| cache_addr_16__reg_p_D_AOI21_X1_ZN_B1_AOI21_X1_ZN_B1_OAI22_X1_ZN_A2_XNOR2_X1_ZN_A_OAI21_X1_ZN_B1_AOI221_X1_B2_C2_AOI211_X1_ZN_A_OAI222_X1_ZN_A1_OR2_X1_A1:A2 (OR2_X1) |        | 0.001       | 0.000      | 0.013      |             | 0.000  | 0.379f          |
| cache_addr_16__reg_p_D_AOI21_X1_ZN_B1_AOI21_X1_ZN_B1_OAI22_X1_ZN_A2_XNOR2_X1_ZN_A_OAI21_X1_ZN_B1_AOI221_X1_B2_C2_AOI211_X1_ZN_A_OAI222_X1_ZN_A1_OR2_X1_A1:ZN (OR2_X1) |        | 0.004       | 0.000      | 0.012      |             | 0.056  | 0.435f          |
| cache_addr_16__reg_p_D_AOI21_X1_ZN_B1_AOI21_X1_ZN_B1_OAI22_X1_ZN_A2_XNOR2_X1_ZN_A_OAI21_X1_ZN_B1_OR2_X1_ZN_A1 (net)                                                   | 3      |             |            |            | 0.000       |        |                 |
| cache_addr_16__reg_p_D_AOI21_X1_ZN_B1_AOI21_X1_ZN_B1_OAI22_X1_ZN_A2_XNOR2_X1_ZN_A_OAI21_X1_ZN_B1_OR2_X1_ZN:A1 (OR2_X1)                                                |        | 0.001       | 0.000      | 0.012      |             | 0.000  | 0.435f          |
| cache_addr_16__reg_p_D_AOI21_X1_ZN_B1_AOI21_X1_ZN_B1_OAI22_X1_ZN_A2_XNOR2_X1_ZN_A_OAI21_X1_ZN_B1_OR2_X1_ZN:ZN (OR2_X1)                                                |        | 0.003       | 0.000      | 0.012      |             | 0.051  | 0.487f          |
| cache_addr_16__reg_p_D_AOI21_X1_ZN_B1_AOI21_X1_ZN_B1_OAI22_X1_ZN_A2_XNOR2_X1_ZN_A_OAI21_X1_ZN_B1 (net)                                                                | 2      |             |            |            | 0.000       |        |                 |
| cache_addr_16__reg_p_D_AOI21_X1_ZN_B1_AOI21_X1_ZN_B1_OAI22_X1_ZN_A2_XNOR2_X1_ZN_A_OAI21_X1_ZN_B1_AOI221_X1_B2:B2 (AOI221_X1)                                          |        | 0.002       | 0.000      | 0.012      |             | 0.000  | 0.487f          |
| cache_addr_16__reg_p_D_AOI21_X1_ZN_B1_AOI21_X1_ZN_B1_OAI22_X1_ZN_A2_XNOR2_X1_ZN_A_OAI21_X1_ZN_B1_AOI221_X1_B2:ZN (AOI221_X1)                                          |        | 0.002       | 0.000      | 0.036      |             | 0.066  | 0.553r          |
| cache_addr_16__reg_p_D_AOI21_X1_ZN_B1_AOI21_X1_ZN_B1_OAI22_X1_ZN_A2_XNOR2_X1_ZN_A_OAI21_X1_ZN_B1_AOI221_X1_B2_ZN (net)                                                | 1      |             |            |            | 0.000       |        |                 |
| cache_addr_16__reg_p_D_AOI21_X1_ZN_B1_AOI21_X1_ZN_B1_OAI22_X1_ZN_A2_XNOR2_X1_ZN_A_OAI21_X1_ZN_B1_AOI221_X1_B2_ZN_BUF_X2_A:A (BUF_X2)                                  |        | 0.002       | 0.000      | 0.036      |             | 0.000  | 0.553r          |
| cache_addr_16__reg_p_D_AOI21_X1_ZN_B1_AOI21_X1_ZN_B1_OAI22_X1_ZN_A2_XNOR2_X1_ZN_A_OAI21_X1_ZN_B1_AOI221_X1_B2_ZN_BUF_X2_A:Z (BUF_X2)                                  |        | 0.016       | 0.000      | 0.023      |             | 0.045  | 0.597r          |
| cache_addr_29__reg_p_D_AOI211_X1_ZN_A_AOI221_X1_ZN_B2_XNOR2_X1_ZN_A_NAND2_X1_ZN_A2_OAI21_X1_ZN_B1 (net)                                                               | 7      |             |            |            | 0.000       |        |                 |
| cache_addr_29__reg_p_D_AOI211_X1_ZN_A_AOI221_X1_ZN_B2_XNOR2_X1_ZN_A_NAND2_X1_ZN_A2_OAI21_X1_ZN_B2_NAND2_X1_ZN_A2_NAND3_X1_A3_ZN_OAI21_X4_B1:B2 (OAI21_X4)             |        | 0.007       | 0.000      | 0.023      |             | 0.000  | 0.597r          |
| cache_addr_29__reg_p_D_AOI211_X1_ZN_A_AOI221_X1_ZN_B2_XNOR2_X1_ZN_A_NAND2_X1_ZN_A2_OAI21_X1_ZN_B2_NAND2_X1_ZN_A2_NAND3_X1_A3_ZN_OAI21_X4_B1:ZN (OAI21_X4)             |        | 0.007       | 0.000      | 0.015      |             | 0.021  | 0.618f          |
| alu_mod.bus_in_rs1_0__MUX2_X1_B_Z_NOR2_X1_A2_ZN_AOI211_X1_B_ZN_OAI211_X1_A_C2 (net)                                                                                   | 4      |             |            |            | 0.000       |        |                 |
| alu_mod.bus_in_rs1_0__MUX2_X1_B_Z_NOR2_X1_A2_ZN_AOI211_X1_B_ZN_OAI211_X1_A:C2 (OAI211_X1)                                                                             |        | 0.002       | 0.000      | 0.015      |             | 0.000  | 0.618f          |
| alu_mod.bus_in_rs1_0__MUX2_X1_B_Z_NOR2_X1_A2_ZN_AOI211_X1_B_ZN_OAI211_X1_A:ZN (OAI211_X1)                                                                             |        | 0.003       | 0.000      | 0.031      |             | 0.048  | 0.667r          |
| alu_mod.bus_in_rs1_0__MUX2_X1_B_Z_NOR2_X1_A2_ZN_AOI211_X1_B_ZN_OAI211_X1_A_ZN (net)                                                                                   | 2      |             |            |            | 0.000       |        |                 |
| alu_mod.bus_in_rs1_0__MUX2_X1_B_Z_NOR2_X1_A2_ZN_OAI22_X1_B1_ZN_OAI21_X1_B2_ZN_AOI22_X1_A2:B1 (AOI22_X1)                                                               |        | 0.002       | 0.000      | 0.031      |             | 0.000  | 0.667r          |
| alu_mod.bus_in_rs1_0__MUX2_X1_B_Z_NOR2_X1_A2_ZN_OAI22_X1_B1_ZN_OAI21_X1_B2_ZN_AOI22_X1_A2:ZN (AOI22_X1)                                                               |        | 0.006       | 0.000      | 0.022      |             | 0.039  | 0.706f          |
| alu_mod.bus_in_rs1_0__MUX2_X1_B_Z_NOR2_X1_A2_ZN_OAI22_X1_B1_ZN_OAI21_X1_B2_ZN_AOI22_X1_A2_ZN (net)                                                                    | 5      |             |            |            | 0.000       |        |                 |
| csr_mod.regs[1]_25__AND2_X1_A1_ZN_OAI33_X1_A3_B3_NAND4_X1_ZN_A3_AOI22_X1_ZN_A2_NOR4_X1_ZN:A4 (NOR4_X1)                                                                |        | 0.002       | 0.000      | 0.022      |             | 0.000  | 0.706f          |
| csr_mod.regs[1]_25__AND2_X1_A1_ZN_OAI33_X1_A3_B3_NAND4_X1_ZN_A3_AOI22_X1_ZN_A2_NOR4_X1_ZN:ZN (NOR4_X1)                                                                |        | 0.005       | 0.000      | 0.074      |             | 0.118  | 0.825r          |
| csr_mod.regs[1]_25__AND2_X1_A1_ZN_OAI33_X1_A3_B3_NAND4_X1_ZN_A3_AOI22_X1_ZN_A2 (net)                                                                                  | 2      |             |            |            | 0.000       |        |                 |
| csr_mod.regs[1]_25__AND2_X1_A1_ZN_OAI33_X1_A3_B3_NAND4_X1_ZN_A3_AOI22_X1_ZN_A2_AOI221_X2_B1:B1 (AOI221_X2)                                                            |        | 0.003       | 0.000      | 0.074      |             | 0.000  | 0.825r          |
| csr_mod.regs[1]_25__AND2_X1_A1_ZN_OAI33_X1_A3_B3_NAND4_X1_ZN_A3_AOI22_X1_ZN_A2_AOI221_X2_B1:ZN (AOI221_X2)                                                            |        | 0.006       | 0.000      | 0.027      |             | 0.044  | 0.869f          |
| io_master_arready_NAND3_X1_A2_ZN_AOI221_X1_A_C2_NAND3_X1_ZN_A2 (net)                                                                                                  | 4      |             |            |            | 0.000       |        |                 |
| icache_mod.state_0__reg_p_D_OAI221_X1_ZN_C1_AND2_X1_A2_A1_AND2_X1_A2_ZN_AND3_X2_A3:A2 (AND3_X2)                                                                       |        | 0.002       | 0.000      | 0.027      |             | 0.000  | 0.869f          |
| icache_mod.state_0__reg_p_D_OAI221_X1_ZN_C1_AND2_X1_A2_A1_AND2_X1_A2_ZN_AND3_X2_A3:ZN (AND3_X2)                                                                       |        | 0.005       | 0.000      | 0.008      |             | 0.044  | 0.912f          |
| icache_mod.trans_reg_p_D_OR3_X1_A1_A2 (net)                                                                                                                           | 4      |             |            |            | 0.000       |        |                 |
| icache_mod.trans_reg_p_D_OR3_X1_A1_A2_NOR2_X1_A1:A1 (NOR2_X1)                                                                                                         |        | 0.002       | 0.000      | 0.008      |             | 0.000  | 0.912f          |
| icache_mod.trans_reg_p_D_OR3_X1_A1_A2_NOR2_X1_A1:ZN (NOR2_X1)                                                                                                         |        | 0.003       | 0.000      | 0.026      |             | 0.035  | 0.947r          |
| icache_mod.trans_reg_p_D_OR3_X1_A1_A2_NOR2_X1_A1_ZN (net)                                                                                                             | 1      |             |            |            | 0.000       |        |                 |
| icache_mod.trans_reg_p_D_OR3_X1_A1_A2_NOR2_X1_A1_ZN_BUF_X4_A:A (BUF_X4)                                                                                               |        | 0.003       | 0.000      | 0.026      |             | 0.000  | 0.947r          |
| icache_mod.trans_reg_p_D_OR3_X1_A1_A2_NOR2_X1_A1_ZN_BUF_X4_A:Z (BUF_X4)                                                                                               |        | 0.035       | 0.000      | 0.023      |             | 0.043  | 0.990r          |
| icache_mod.state_0__reg_p_D_OAI221_X1_ZN_C2 (net)                                                                                                                     | 18     |             |            |            | 0.000       |        |                 |
| icache_mod.state_0__reg_p_D_OAI221_X1_ZN_C2_BUF_X8_A:A (BUF_X8)                                                                                                       |        | 0.007       | 0.000      | 0.023      |             | 0.000  | 0.990r          |
| icache_mod.state_0__reg_p_D_OAI221_X1_ZN_C2_BUF_X8_A:Z (BUF_X8)                                                                                                       |        | 0.042       | 0.000      | 0.016      |             | 0.035  | 1.024r          |
| icache_mod.state_0__reg_p_D_OAI221_X1_ZN_C2_BUF_X8_A_Z (net)                                                                                                          | 24     |             |            |            | 0.000       |        |                 |
| icache_mod.block_valid[6]_reg_p_D_OAI21_X1_ZN_B1_OR2_X1_ZN_A2_NOR3_X1_A3_1:A1 (NOR3_X1)                                                                               |        | 0.002       | 0.000      | 0.016      |             | 0.000  | 1.024r          |
| icache_mod.block_valid[6]_reg_p_D_OAI21_X1_ZN_B1_OR2_X1_ZN_A2_NOR3_X1_A3_1:ZN (NOR3_X1)                                                                               |        | 0.001       | 0.000      | 0.012      |             | 0.009  | 1.034f          |
| icache_mod.block_valid[6]_reg_p_D_OAI21_X1_ZN_B1_OR2_X1_ZN_A2_NOR3_X1_A3_1_ZN (net)                                                                                   | 1      |             |            |            | 0.000       |        |                 |
| icache_mod.block_valid[6]_reg_p_D_OAI21_X1_ZN_B1_OR2_X1_ZN_A2_NOR3_X1_A3_1_ZN_CLKGATE_X1_E:E (CLKGATE_X1)                                                             |        | 0.001       | 0.000      | 0.012      |             | 0.000  | 1.034f          |
|                                                                                                                                                                       |        |             |            |            |             |        |                 |
| clock (port)                                                                                                                                                          |        | 0.756       | 0.000      | 0.000      |             | 0.000  | 0.000r          |
| clock (clock net)                                                                                                                                                     | 732    |             |            |            | NA          |        |                 |
| icache_mod.block_valid[6]_reg_p_D_OAI21_X1_ZN_B1_OR2_X1_ZN_A2_NOR3_X1_A3_1_ZN_CLKGATE_X1_E:CK (CLKGATE_X1)                                                            |        | 0.002       | 0.000      | 0.000      |             | 0.000  | 0.000r          |
| clock core_clock (rise edge)                                                                                                                                          |        |             |            |            |             | 1.769  | 1.769           |
| clock network delay (ideal)                                                                                                                                           |        |             |            |            |             | 0.000  | 1.769           |
| icache_mod.block_valid[6]_reg_p_D_OAI21_X1_ZN_B1_OR2_X1_ZN_A2_NOR3_X1_A3_1_ZN_CLKGATE_X1_E:CK (CLKGATE_X1)                                                            |        |             |            |            |             |        | 1.769r          |
| library setup time                                                                                                                                                    |        |             |            |            |             | -0.047 | 1.722           |
| clock reconvergence pessimism                                                                                                                                         |        |             |            |            |             | 0.000  | 1.722           |
|                                                                                                                                                                       |        |             |            |            |             |        |                 |
| path cell delay                                                                                                                                                       |        |             |            |            |             |        | 1.034(100.000%) |
| path net delay                                                                                                                                                        |        |             |            |            |             |        | 0.000(0.000%)   |
|                                                                                                                                                                       |        |             |            |            |             |        |                 |
| data require time                                                                                                                                                     |        |             |            |            |             |        | 1.722           |
| data arrival time                                                                                                                                                     |        |             |            |            |             |        | 1.034           |
| slack (MET)                                                                                                                                                           |        |             |            |            |             |        | 0.689           |
+-----------------------------------------------------------------------------------------------------------------------------------------------------------------------+--------+-------------+------------+------------+-------------+--------+-----------------+
+-----------------------------------------------------------+--------+-------------+------------+------------+-------------+--------+-----------------+
| Point                                                     | Fanout | Capacitance | Resistance | Transition | Delta Delay | Incr   | Path            |
+-----------------------------------------------------------+--------+-------------+------------+------------+-------------+--------+-----------------+
| clock (port)                                              |        | 0.756       | 0.000      | 0.000      |             | 0.000  | 0.000r          |
| clock (clock net)                                         | 732    |             |            |            | NA          |        |                 |
| icache_mod.state_1__reg_p:CK (DFF_X1)                     |        | 0.001       | 0.000      | 0.000      |             | 0.000  | 0.000r          |
| clock core_clock (rise edge)                              |        |             |            |            |             | 0      | 0               |
| clock network delay (ideal)                               |        |             |            |            |             | 0.000  | 0.000           |
| icache_mod.state_1__reg_p:CK (DFF_X1)                     |        | 0.001       | 0.000      | 0.000      |             | 0.000  | 0.000r          |
| icache_mod.state_1__reg_p:QN (DFF_X1)                     |        | 0.002       | 0.000      | 0.011      |             | 0.063  | 0.063r          |
| icache_mod.trans_reg_p_D (net)                            | 2      |             |            |            | 0.000       |        |                 |
| icache_mod.trans_reg_p:D (DFF_X1)                         |        | 0.001       | 0.000      | 0.011      |             | 0.000  | 0.063r          |
|                                                           |        |             |            |            |             |        |                 |
| clock (port)                                              |        | 0.756       | 0.000      | 0.000      |             | 0.000  | 0.000r          |
| clock (clock net)                                         | 732    |             |            |            | NA          |        |                 |
| icache_mod.trans_reg_p_CK_CLKGATE_X1_GCK:CK (CLKGATE_X1)  |        | 0.002       | 0.000      | 0.000      |             | 0.000  | 0.000r          |
| icache_mod.trans_reg_p_CK_CLKGATE_X1_GCK:GCK (CLKGATE_X1) |        | 0.001       | 0.000      | 0.000      |             | 0.000  | 0.000r          |
| icache_mod.trans_reg_p_CK (clock net)                     | 1      |             |            |            | NA          |        |                 |
| icache_mod.trans_reg_p:CK (DFF_X1)                        |        | 0.001       | 0.000      | 0.000      |             | 0.000  | 0.000r          |
| clock core_clock (rise edge)                              |        |             |            |            |             | 0      | 0               |
| clock network delay (ideal)                               |        |             |            |            |             | 0.000  | 0.000           |
| icache_mod.trans_reg_p:CK (DFF_X1)                        |        |             |            |            |             |        | 0.000r          |
| library hold time                                         |        |             |            |            |             | 0.006  | 0.006           |
| clock reconvergence pessimism                             |        |             |            |            |             | -0.000 | 0.006           |
|                                                           |        |             |            |            |             |        |                 |
| path cell delay                                           |        |             |            |            |             |        | 0.063(100.000%) |
| path net delay                                            |        |             |            |            |             |        | 0.000(0.000%)   |
|                                                           |        |             |            |            |             |        |                 |
| data require time                                         |        |             |            |            |             |        | 0.006           |
| data arrival time                                         |        |             |            |            |             |        | 0.063           |
| slack (MET)                                               |        |             |            |            |             |        | 0.057           |
+-----------------------------------------------------------+--------+-------------+------------+------------+-------------+--------+-----------------+
+-----------------------------------------------------------+--------+-------------+------------+------------+-------------+--------+-----------------+
| Point                                                     | Fanout | Capacitance | Resistance | Transition | Delta Delay | Incr   | Path            |
+-----------------------------------------------------------+--------+-------------+------------+------------+-------------+--------+-----------------+
| clock (port)                                              |        | 0.756       | 0.000      | 0.000      |             | 0.000  | 0.000r          |
| clock (clock net)                                         | 732    |             |            |            | NA          |        |                 |
| icache_mod.state_1__reg_p:CK (DFF_X1)                     |        | 0.001       | 0.000      | 0.000      |             | 0.000  | 0.000r          |
| clock core_clock (rise edge)                              |        |             |            |            |             | 0      | 0               |
| clock network delay (ideal)                               |        |             |            |            |             | 0.000  | 0.000           |
| icache_mod.state_1__reg_p:CK (DFF_X1)                     |        | 0.001       | 0.000      | 0.000      |             | 0.000  | 0.000r          |
| icache_mod.state_1__reg_p:QN (DFF_X1)                     |        | 0.002       | 0.000      | 0.011      |             | 0.063  | 0.063r          |
| icache_mod.trans_reg_p_D (net)                            | 2      |             |            |            | 0.000       |        |                 |
| icache_mod.trans_reg_p:D (DFF_X1)                         |        | 0.001       | 0.000      | 0.011      |             | 0.000  | 0.063r          |
|                                                           |        |             |            |            |             |        |                 |
| clock (port)                                              |        | 0.756       | 0.000      | 0.000      |             | 0.000  | 0.000r          |
| clock (clock net)                                         | 732    |             |            |            | NA          |        |                 |
| icache_mod.trans_reg_p_CK_CLKGATE_X1_GCK:CK (CLKGATE_X1)  |        | 0.002       | 0.000      | 0.000      |             | 0.000  | 0.000r          |
| icache_mod.trans_reg_p_CK_CLKGATE_X1_GCK:GCK (CLKGATE_X1) |        | 0.001       | 0.000      | 0.000      |             | 0.000  | 0.000r          |
| icache_mod.trans_reg_p_CK (clock net)                     | 1      |             |            |            | NA          |        |                 |
| icache_mod.trans_reg_p:CK (DFF_X1)                        |        | 0.001       | 0.000      | 0.000      |             | 0.000  | 0.000r          |
| clock core_clock (rise edge)                              |        |             |            |            |             | 0      | 0               |
| clock network delay (ideal)                               |        |             |            |            |             | 0.000  | 0.000           |
| icache_mod.trans_reg_p:CK (DFF_X1)                        |        |             |            |            |             |        | 0.000r          |
| library hold time                                         |        |             |            |            |             | 0.006  | 0.006           |
| clock reconvergence pessimism                             |        |             |            |            |             | -0.000 | 0.006           |
|                                                           |        |             |            |            |             |        |                 |
| path cell delay                                           |        |             |            |            |             |        | 0.063(100.000%) |
| path net delay                                            |        |             |            |            |             |        | 0.000(0.000%)   |
|                                                           |        |             |            |            |             |        |                 |
| data require time                                         |        |             |            |            |             |        | 0.006           |
| data arrival time                                         |        |             |            |            |             |        | 0.063           |
| slack (MET)                                               |        |             |            |            |             |        | 0.057           |
+-----------------------------------------------------------+--------+-------------+------------+------------+-------------+--------+-----------------+
+-----------------------------------------------------------+--------+-------------+------------+------------+-------------+--------+-----------------+
| Point                                                     | Fanout | Capacitance | Resistance | Transition | Delta Delay | Incr   | Path            |
+-----------------------------------------------------------+--------+-------------+------------+------------+-------------+--------+-----------------+
| clock (port)                                              |        | 0.756       | 0.000      | 0.000      |             | 0.000  | 0.000r          |
| clock (clock net)                                         | 732    |             |            |            | NA          |        |                 |
| icache_mod.state_1__reg_p:CK (DFF_X1)                     |        | 0.001       | 0.000      | 0.000      |             | 0.000  | 0.000r          |
| clock core_clock (rise edge)                              |        |             |            |            |             | 0      | 0               |
| clock network delay (ideal)                               |        |             |            |            |             | 0.000  | 0.000           |
| icache_mod.state_1__reg_p:CK (DFF_X1)                     |        | 0.001       | 0.000      | 0.000      |             | 0.000  | 0.000r          |
| icache_mod.state_1__reg_p:QN (DFF_X1)                     |        | 0.002       | 0.000      | 0.012      |             | 0.064  | 0.064f          |
| icache_mod.trans_reg_p_D (net)                            | 2      |             |            |            | 0.000       |        |                 |
| icache_mod.trans_reg_p:D (DFF_X1)                         |        | 0.001       | 0.000      | 0.012      |             | 0.000  | 0.064f          |
|                                                           |        |             |            |            |             |        |                 |
| clock (port)                                              |        | 0.756       | 0.000      | 0.000      |             | 0.000  | 0.000r          |
| clock (clock net)                                         | 732    |             |            |            | NA          |        |                 |
| icache_mod.trans_reg_p_CK_CLKGATE_X1_GCK:CK (CLKGATE_X1)  |        | 0.002       | 0.000      | 0.000      |             | 0.000  | 0.000r          |
| icache_mod.trans_reg_p_CK_CLKGATE_X1_GCK:GCK (CLKGATE_X1) |        | 0.001       | 0.000      | 0.000      |             | 0.000  | 0.000r          |
| icache_mod.trans_reg_p_CK (clock net)                     | 1      |             |            |            | NA          |        |                 |
| icache_mod.trans_reg_p:CK (DFF_X1)                        |        | 0.001       | 0.000      | 0.000      |             | 0.000  | 0.000r          |
| clock core_clock (rise edge)                              |        |             |            |            |             | 0      | 0               |
| clock network delay (ideal)                               |        |             |            |            |             | 0.000  | 0.000           |
| icache_mod.trans_reg_p:CK (DFF_X1)                        |        |             |            |            |             |        | 0.000r          |
| library hold time                                         |        |             |            |            |             | 0.002  | 0.002           |
| clock reconvergence pessimism                             |        |             |            |            |             | -0.000 | 0.002           |
|                                                           |        |             |            |            |             |        |                 |
| path cell delay                                           |        |             |            |            |             |        | 0.064(100.000%) |
| path net delay                                            |        |             |            |            |             |        | 0.000(0.000%)   |
|                                                           |        |             |            |            |             |        |                 |
| data require time                                         |        |             |            |            |             |        | 0.002           |
| data arrival time                                         |        |             |            |            |             |        | 0.064           |
| slack (MET)                                               |        |             |            |            |             |        | 0.062           |
+-----------------------------------------------------------+--------+-------------+------------+------------+-------------+--------+-----------------+
+-----------------------------------------------------------+--------+-------------+------------+------------+-------------+--------+-----------------+
| Point                                                     | Fanout | Capacitance | Resistance | Transition | Delta Delay | Incr   | Path            |
+-----------------------------------------------------------+--------+-------------+------------+------------+-------------+--------+-----------------+
| clock (port)                                              |        | 0.756       | 0.000      | 0.000      |             | 0.000  | 0.000r          |
| clock (clock net)                                         | 732    |             |            |            | NA          |        |                 |
| icache_mod.state_1__reg_p:CK (DFF_X1)                     |        | 0.001       | 0.000      | 0.000      |             | 0.000  | 0.000r          |
| clock core_clock (rise edge)                              |        |             |            |            |             | 0      | 0               |
| clock network delay (ideal)                               |        |             |            |            |             | 0.000  | 0.000           |
| icache_mod.state_1__reg_p:CK (DFF_X1)                     |        | 0.001       | 0.000      | 0.000      |             | 0.000  | 0.000r          |
| icache_mod.state_1__reg_p:QN (DFF_X1)                     |        | 0.002       | 0.000      | 0.012      |             | 0.064  | 0.064f          |
| icache_mod.trans_reg_p_D (net)                            | 2      |             |            |            | 0.000       |        |                 |
| icache_mod.trans_reg_p:D (DFF_X1)                         |        | 0.001       | 0.000      | 0.012      |             | 0.000  | 0.064f          |
|                                                           |        |             |            |            |             |        |                 |
| clock (port)                                              |        | 0.756       | 0.000      | 0.000      |             | 0.000  | 0.000r          |
| clock (clock net)                                         | 732    |             |            |            | NA          |        |                 |
| icache_mod.trans_reg_p_CK_CLKGATE_X1_GCK:CK (CLKGATE_X1)  |        | 0.002       | 0.000      | 0.000      |             | 0.000  | 0.000r          |
| icache_mod.trans_reg_p_CK_CLKGATE_X1_GCK:GCK (CLKGATE_X1) |        | 0.001       | 0.000      | 0.000      |             | 0.000  | 0.000r          |
| icache_mod.trans_reg_p_CK (clock net)                     | 1      |             |            |            | NA          |        |                 |
| icache_mod.trans_reg_p:CK (DFF_X1)                        |        | 0.001       | 0.000      | 0.000      |             | 0.000  | 0.000r          |
| clock core_clock (rise edge)                              |        |             |            |            |             | 0      | 0               |
| clock network delay (ideal)                               |        |             |            |            |             | 0.000  | 0.000           |
| icache_mod.trans_reg_p:CK (DFF_X1)                        |        |             |            |            |             |        | 0.000r          |
| library hold time                                         |        |             |            |            |             | 0.002  | 0.002           |
| clock reconvergence pessimism                             |        |             |            |            |             | -0.000 | 0.002           |
|                                                           |        |             |            |            |             |        |                 |
| path cell delay                                           |        |             |            |            |             |        | 0.064(100.000%) |
| path net delay                                            |        |             |            |            |             |        | 0.000(0.000%)   |
|                                                           |        |             |            |            |             |        |                 |
| data require time                                         |        |             |            |            |             |        | 0.002           |
| data arrival time                                         |        |             |            |            |             |        | 0.064           |
| slack (MET)                                               |        |             |            |            |             |        | 0.062           |
+-----------------------------------------------------------+--------+-------------+------------+------------+-------------+--------+-----------------+
+----------------------------------------------------------+--------+-------------+------------+------------+-------------+--------+-----------------+
| Point                                                    | Fanout | Capacitance | Resistance | Transition | Delta Delay | Incr   | Path            |
+----------------------------------------------------------+--------+-------------+------------+------------+-------------+--------+-----------------+
| clock (port)                                             |        | 0.756       | 0.000      | 0.000      |             | 0.000  | 0.000r          |
| clock (clock net)                                        | 732    |             |            |            | NA          |        |                 |
| lsu_mod.lsu_r_1__reg_p:CK (DFF_X1)                       |        | 0.001       | 0.000      | 0.000      |             | 0.000  | 0.000r          |
| clock core_clock (rise edge)                             |        |             |            |            |             | 0      | 0               |
| clock network delay (ideal)                              |        |             |            |            |             | 0.000  | 0.000           |
| lsu_mod.lsu_r_1__reg_p:CK (DFF_X1)                       |        | 0.001       | 0.000      | 0.000      |             | 0.000  | 0.000r          |
| lsu_mod.lsu_r_1__reg_p:QN (DFF_X1)                       |        | 0.004       | 0.000      | 0.017      |             | 0.071  | 0.071r          |
| lsu_mod.trans_r_reg_p_D (net)                            | 3      |             |            |            | 0.000       |        |                 |
| lsu_mod.trans_r_reg_p:D (DFF_X1)                         |        | 0.001       | 0.000      | 0.017      |             | 0.000  | 0.071r          |
|                                                          |        |             |            |            |             |        |                 |
| clock (port)                                             |        | 0.756       | 0.000      | 0.000      |             | 0.000  | 0.000r          |
| clock (clock net)                                        | 732    |             |            |            | NA          |        |                 |
| lsu_mod.trans_r_reg_p_CK_CLKGATE_X1_GCK:CK (CLKGATE_X1)  |        | 0.002       | 0.000      | 0.000      |             | 0.000  | 0.000r          |
| lsu_mod.trans_r_reg_p_CK_CLKGATE_X1_GCK:GCK (CLKGATE_X1) |        | 0.001       | 0.000      | 0.000      |             | 0.000  | 0.000r          |
| lsu_mod.trans_r_reg_p_CK (clock net)                     | 1      |             |            |            | NA          |        |                 |
| lsu_mod.trans_r_reg_p:CK (DFF_X1)                        |        | 0.001       | 0.000      | 0.000      |             | 0.000  | 0.000r          |
| clock core_clock (rise edge)                             |        |             |            |            |             | 0      | 0               |
| clock network delay (ideal)                              |        |             |            |            |             | 0.000  | 0.000           |
| lsu_mod.trans_r_reg_p:CK (DFF_X1)                        |        |             |            |            |             |        | 0.000r          |
| library hold time                                        |        |             |            |            |             | 0.008  | 0.008           |
| clock reconvergence pessimism                            |        |             |            |            |             | -0.000 | 0.008           |
|                                                          |        |             |            |            |             |        |                 |
| path cell delay                                          |        |             |            |            |             |        | 0.071(100.000%) |
| path net delay                                           |        |             |            |            |             |        | 0.000(0.000%)   |
|                                                          |        |             |            |            |             |        |                 |
| data require time                                        |        |             |            |            |             |        | 0.008           |
| data arrival time                                        |        |             |            |            |             |        | 0.071           |
| slack (MET)                                              |        |             |            |            |             |        | 0.063           |
+----------------------------------------------------------+--------+-------------+------------+------------+-------------+--------+-----------------+
+----------------------------------------------------------------------------+--------+-------------+------------+------------+-------------+--------+-----------------+
| Point                                                                      | Fanout | Capacitance | Resistance | Transition | Delta Delay | Incr   | Path            |
+----------------------------------------------------------------------------+--------+-------------+------------+------------+-------------+--------+-----------------+
| clock (port)                                                               |        | 0.756       | 0.000      | 0.000      |             | 0.000  | 0.000r          |
| clock (clock net)                                                          | 732    |             |            |            | NA          |        |                 |
| ifu_mod.latest_row_reg_p:CK (DFF_X1)                                       |        | 0.001       | 0.000      | 0.000      |             | 0.000  | 0.000r          |
| clock core_clock (rise edge)                                               |        |             |            |            |             | 0      | 0               |
| clock network delay (ideal)                                                |        |             |            |            |             | 0.000  | 0.000           |
| ifu_mod.latest_row_reg_p:CK (DFF_X1)                                       |        | 0.001       | 0.000      | 0.000      |             | 0.000  | 0.000r          |
| ifu_mod.latest_row_reg_p:Q (DFF_X1)                                        |        | 0.010       | 0.000      | 0.014      |             | 0.091  | 0.091f          |
| ifu_mod.latest_row (net)                                                   | 8      |             |            |            | 0.000       |        |                 |
| ifu_mod.block_valid[3]_reg_p_CK_CLKGATE_X1_GCK_E_AOI22_X1_ZN:A1 (AOI22_X1) |        | 0.002       | 0.000      | 0.014      |             | 0.000  | 0.091f          |
| ifu_mod.block_valid[3]_reg_p_CK_CLKGATE_X1_GCK_E_AOI22_X1_ZN:ZN (AOI22_X1) |        | 0.001       | 0.000      | 0.012      |             | 0.021  | 0.112r          |
| ifu_mod.block_valid[3]_reg_p_CK_CLKGATE_X1_GCK_E (net)                     | 1      |             |            |            | 0.000       |        |                 |
| ifu_mod.block_valid[3]_reg_p_CK_CLKGATE_X1_GCK:E (CLKGATE_X1)              |        | 0.001       | 0.000      | 0.012      |             | 0.000  | 0.112r          |
|                                                                            |        |             |            |            |             |        |                 |
| clock (port)                                                               |        | 0.756       | 0.000      | 0.000      |             | 0.000  | 0.000r          |
| clock (clock net)                                                          | 732    |             |            |            | NA          |        |                 |
| ifu_mod.block_valid[3]_reg_p_CK_CLKGATE_X1_GCK:CK (CLKGATE_X1)             |        | 0.002       | 0.000      | 0.000      |             | 0.000  | 0.000r          |
| clock core_clock (rise edge)                                               |        |             |            |            |             | 0      | 0               |
| clock network delay (ideal)                                                |        |             |            |            |             | 0.000  | 0.000           |
| ifu_mod.block_valid[3]_reg_p_CK_CLKGATE_X1_GCK:CK (CLKGATE_X1)             |        |             |            |            |             |        | 0.000r          |
| library hold time                                                          |        |             |            |            |             | -0.001 | -0.001          |
| clock reconvergence pessimism                                              |        |             |            |            |             | -0.000 | -0.001          |
|                                                                            |        |             |            |            |             |        |                 |
| path cell delay                                                            |        |             |            |            |             |        | 0.112(100.000%) |
| path net delay                                                             |        |             |            |            |             |        | 0.000(0.000%)   |
|                                                                            |        |             |            |            |             |        |                 |
| data require time                                                          |        |             |            |            |             |        | -0.001          |
| data arrival time                                                          |        |             |            |            |             |        | 0.112           |
| slack (MET)                                                                |        |             |            |            |             |        | 0.113           |
+----------------------------------------------------------------------------+--------+-------------+------------+------------+-------------+--------+-----------------+
+------------------------------------------------------------------------------------------------------------+--------+-------------+------------+------------+-------------+--------+-----------------+
| Point                                                                                                      | Fanout | Capacitance | Resistance | Transition | Delta Delay | Incr   | Path            |
+------------------------------------------------------------------------------------------------------------+--------+-------------+------------+------------+-------------+--------+-----------------+
| clock (port)                                                                                               |        | 0.756       | 0.000      | 0.000      |             | 0.000  | 0.000r          |
| clock (clock net)                                                                                          | 732    |             |            |            | NA          |        |                 |
| ifu_mod.latest_row_reg_p:CK (DFF_X1)                                                                       |        | 0.001       | 0.000      | 0.000      |             | 0.000  | 0.000r          |
| clock core_clock (rise edge)                                                                               |        |             |            |            |             | 0      | 0               |
| clock network delay (ideal)                                                                                |        |             |            |            |             | 0.000  | 0.000           |
| ifu_mod.latest_row_reg_p:CK (DFF_X1)                                                                       |        | 0.001       | 0.000      | 0.000      |             | 0.000  | 0.000r          |
| ifu_mod.latest_row_reg_p:Q (DFF_X1)                                                                        |        | 0.010       | 0.000      | 0.014      |             | 0.091  | 0.091f          |
| ifu_mod.latest_row (net)                                                                                   | 8      |             |            |            | 0.000       |        |                 |
| ifu_mod.block_valid[3]_reg_p_CK_CLKGATE_X1_GCK_E_AOI22_X1_ZN_B1_NOR2_X1_A2:A1 (NOR2_X1)                    |        | 0.002       | 0.000      | 0.014      |             | 0.000  | 0.091f          |
| ifu_mod.block_valid[3]_reg_p_CK_CLKGATE_X1_GCK_E_AOI22_X1_ZN_B1_NOR2_X1_A2:ZN (NOR2_X1)                    |        | 0.001       | 0.000      | 0.012      |             | 0.022  | 0.113r          |
| ifu_mod.block_valid[3]_reg_p_CK_CLKGATE_X1_GCK_E_AOI22_X1_ZN_B1_NOR2_X1_A2_ZN (net)                        | 1      |             |            |            | 0.000       |        |                 |
| ifu_mod.block_valid[3]_reg_p_CK_CLKGATE_X1_GCK_E_AOI22_X1_ZN_B1_NOR2_X1_A2_ZN_CLKGATE_X1_E:E (CLKGATE_X1)  |        | 0.001       | 0.000      | 0.012      |             | 0.000  | 0.113r          |
|                                                                                                            |        |             |            |            |             |        |                 |
| clock (port)                                                                                               |        | 0.756       | 0.000      | 0.000      |             | 0.000  | 0.000r          |
| clock (clock net)                                                                                          | 732    |             |            |            | NA          |        |                 |
| ifu_mod.block_valid[3]_reg_p_CK_CLKGATE_X1_GCK_E_AOI22_X1_ZN_B1_NOR2_X1_A2_ZN_CLKGATE_X1_E:CK (CLKGATE_X1) |        | 0.002       | 0.000      | 0.000      |             | 0.000  | 0.000r          |
| clock core_clock (rise edge)                                                                               |        |             |            |            |             | 0      | 0               |
| clock network delay (ideal)                                                                                |        |             |            |            |             | 0.000  | 0.000           |
| ifu_mod.block_valid[3]_reg_p_CK_CLKGATE_X1_GCK_E_AOI22_X1_ZN_B1_NOR2_X1_A2_ZN_CLKGATE_X1_E:CK (CLKGATE_X1) |        |             |            |            |             |        | 0.000r          |
| library hold time                                                                                          |        |             |            |            |             | -0.001 | -0.001          |
| clock reconvergence pessimism                                                                              |        |             |            |            |             | -0.000 | -0.001          |
|                                                                                                            |        |             |            |            |             |        |                 |
| path cell delay                                                                                            |        |             |            |            |             |        | 0.113(100.000%) |
| path net delay                                                                                             |        |             |            |            |             |        | 0.000(0.000%)   |
|                                                                                                            |        |             |            |            |             |        |                 |
| data require time                                                                                          |        |             |            |            |             |        | -0.001          |
| data arrival time                                                                                          |        |             |            |            |             |        | 0.113           |
| slack (MET)                                                                                                |        |             |            |            |             |        | 0.114           |
+------------------------------------------------------------------------------------------------------------+--------+-------------+------------+------------+-------------+--------+-----------------+
+--------------------------------------------------------------------------------------------+--------+-------------+------------+------------+-------------+--------+-----------------+
| Point                                                                                      | Fanout | Capacitance | Resistance | Transition | Delta Delay | Incr   | Path            |
+--------------------------------------------------------------------------------------------+--------+-------------+------------+------------+-------------+--------+-----------------+
| clock (port)                                                                               |        | 0.756       | 0.000      | 0.000      |             | 0.000  | 0.000r          |
| clock (clock net)                                                                          | 732    |             |            |            | NA          |        |                 |
| alu_mod.bus_in_pc_2__reg_p:CK (DFF_X1)                                                     |        | 0.001       | 0.000      | 0.000      |             | 0.000  | 0.000r          |
| clock core_clock (rise edge)                                                               |        |             |            |            |             | 0      | 0               |
| clock network delay (ideal)                                                                |        |             |            |            |             | 0.000  | 0.000           |
| alu_mod.bus_in_pc_2__reg_p:CK (DFF_X1)                                                     |        | 0.001       | 0.000      | 0.000      |             | 0.000  | 0.000r          |
| alu_mod.bus_in_pc_2__reg_p:QN (DFF_X1)                                                     |        | 0.005       | 0.000      | 0.017      |             | 0.071  | 0.071r          |
| alu_mod.bus_out_next_pc_2_ (net)                                                           | 4      |             |            |            | 0.000       |        |                 |
| ifu_mod.block_valid[0]_reg_p_CK_CLKGATE_X1_GCK_E_OR2_X1_ZN_A2_AND3_X1_ZN:A1 (AND3_X1)      |        | 0.001       | 0.000      | 0.017      |             | 0.000  | 0.071r          |
| ifu_mod.block_valid[0]_reg_p_CK_CLKGATE_X1_GCK_E_OR2_X1_ZN_A2_AND3_X1_ZN:ZN (AND3_X1)      |        | 0.002       | 0.000      | 0.011      |             | 0.044  | 0.115r          |
| ifu_mod.block_valid[0]_reg_p_CK_CLKGATE_X1_GCK_E_OR2_X1_ZN_A2 (net)                        | 2      |             |            |            | 0.000       |        |                 |
| ifu_mod.block_valid[0]_reg_p_CK_CLKGATE_X1_GCK_E_OR2_X1_ZN_A2_CLKGATE_X1_E:E (CLKGATE_X1)  |        | 0.001       | 0.000      | 0.011      |             | 0.000  | 0.115r          |
|                                                                                            |        |             |            |            |             |        |                 |
| clock (port)                                                                               |        | 0.756       | 0.000      | 0.000      |             | 0.000  | 0.000r          |
| clock (clock net)                                                                          | 732    |             |            |            | NA          |        |                 |
| ifu_mod.block_valid[0]_reg_p_CK_CLKGATE_X1_GCK_E_OR2_X1_ZN_A2_CLKGATE_X1_E:CK (CLKGATE_X1) |        | 0.002       | 0.000      | 0.000      |             | 0.000  | 0.000r          |
| clock core_clock (rise edge)                                                               |        |             |            |            |             | 0      | 0               |
| clock network delay (ideal)                                                                |        |             |            |            |             | 0.000  | 0.000           |
| ifu_mod.block_valid[0]_reg_p_CK_CLKGATE_X1_GCK_E_OR2_X1_ZN_A2_CLKGATE_X1_E:CK (CLKGATE_X1) |        |             |            |            |             |        | 0.000r          |
| library hold time                                                                          |        |             |            |            |             | -0.001 | -0.001          |
| clock reconvergence pessimism                                                              |        |             |            |            |             | -0.000 | -0.001          |
|                                                                                            |        |             |            |            |             |        |                 |
| path cell delay                                                                            |        |             |            |            |             |        | 0.115(100.000%) |
| path net delay                                                                             |        |             |            |            |             |        | 0.000(0.000%)   |
|                                                                                            |        |             |            |            |             |        |                 |
| data require time                                                                          |        |             |            |            |             |        | -0.001          |
| data arrival time                                                                          |        |             |            |            |             |        | 0.115           |
| slack (MET)                                                                                |        |             |            |            |             |        | 0.116           |
+--------------------------------------------------------------------------------------------+--------+-------------+------------+------------+-------------+--------+-----------------+
+---------------------------------------------------------+--------+-------------+------------+------------+-------------+--------+-----------------+
| Point                                                   | Fanout | Capacitance | Resistance | Transition | Delta Delay | Incr   | Path            |
+---------------------------------------------------------+--------+-------------+------------+------------+-------------+--------+-----------------+
| clock (port)                                            |        | 0.756       | 0.000      | 0.000      |             | 0.000  | 0.000r          |
| clock (clock net)                                       | 732    |             |            |            | NA          |        |                 |
| lsu_mod.lsu_r_1__reg_p:CK (DFF_X1)                      |        | 0.001       | 0.000      | 0.000      |             | 0.000  | 0.000r          |
| clock core_clock (rise edge)                            |        |             |            |            |             | 0      | 0               |
| clock network delay (ideal)                             |        |             |            |            |             | 0.000  | 0.000           |
| lsu_mod.lsu_r_1__reg_p:CK (DFF_X1)                      |        | 0.001       | 0.000      | 0.000      |             | 0.000  | 0.000r          |
| lsu_mod.lsu_r_1__reg_p:QN (DFF_X1)                      |        | 0.004       | 0.000      | 0.017      |             | 0.071  | 0.071r          |
| lsu_mod.trans_r_reg_p_D (net)                           | 3      |             |            |            | 0.000       |        |                 |
| lsu_mod.lsu_r_1__OAI221_X1_C1:B2 (OAI221_X1)            |        | 0.002       | 0.000      | 0.017      |             | 0.000  | 0.071r          |
| lsu_mod.lsu_r_1__OAI221_X1_C1:ZN (OAI221_X1)            |        | 0.002       | 0.000      | 0.015      |             | 0.035  | 0.106f          |
| lsu_mod.lsu_r_1__OAI221_X1_C1_ZN (net)                  | 1      |             |            |            | 0.000       |        |                 |
| lsu_mod.lsu_r_1__OAI221_X1_C1_ZN_INV_X1_A:A (INV_X1)    |        | 0.002       | 0.000      | 0.015      |             | 0.000  | 0.106f          |
| lsu_mod.lsu_r_1__OAI221_X1_C1_ZN_INV_X1_A:ZN (INV_X1)   |        | 0.001       | 0.000      | 0.007      |             | 0.013  | 0.119r          |
| lsu_mod.trans_r_reg_p_CK_CLKGATE_X1_GCK_E (net)         | 1      |             |            |            | 0.000       |        |                 |
| lsu_mod.trans_r_reg_p_CK_CLKGATE_X1_GCK:E (CLKGATE_X1)  |        | 0.001       | 0.000      | 0.007      |             | 0.000  | 0.119r          |
|                                                         |        |             |            |            |             |        |                 |
| clock (port)                                            |        | 0.756       | 0.000      | 0.000      |             | 0.000  | 0.000r          |
| clock (clock net)                                       | 732    |             |            |            | NA          |        |                 |
| lsu_mod.trans_r_reg_p_CK_CLKGATE_X1_GCK:CK (CLKGATE_X1) |        | 0.002       | 0.000      | 0.000      |             | 0.000  | 0.000r          |
| clock core_clock (rise edge)                            |        |             |            |            |             | 0      | 0               |
| clock network delay (ideal)                             |        |             |            |            |             | 0.000  | 0.000           |
| lsu_mod.trans_r_reg_p_CK_CLKGATE_X1_GCK:CK (CLKGATE_X1) |        |             |            |            |             |        | 0.000r          |
| library hold time                                       |        |             |            |            |             | -0.002 | -0.002          |
| clock reconvergence pessimism                           |        |             |            |            |             | -0.000 | -0.002          |
|                                                         |        |             |            |            |             |        |                 |
| path cell delay                                         |        |             |            |            |             |        | 0.119(100.000%) |
| path net delay                                          |        |             |            |            |             |        | 0.000(0.000%)   |
|                                                         |        |             |            |            |             |        |                 |
| data require time                                       |        |             |            |            |             |        | -0.002          |
| data arrival time                                       |        |             |            |            |             |        | 0.119           |
| slack (MET)                                             |        |             |            |            |             |        | 0.120           |
+---------------------------------------------------------+--------+-------------+------------+------------+-------------+--------+-----------------+
+--------------------------------------------------------------------------------------------+--------+-------------+------------+------------+-------------+--------+-----------------+
| Point                                                                                      | Fanout | Capacitance | Resistance | Transition | Delta Delay | Incr   | Path            |
+--------------------------------------------------------------------------------------------+--------+-------------+------------+------------+-------------+--------+-----------------+
| clock (port)                                                                               |        | 0.756       | 0.000      | 0.000      |             | 0.000  | 0.000r          |
| clock (clock net)                                                                          | 732    |             |            |            | NA          |        |                 |
| alu_mod.bus_in_pc_2__reg_p:CK (DFF_X1)                                                     |        | 0.001       | 0.000      | 0.000      |             | 0.000  | 0.000r          |
| clock core_clock (rise edge)                                                               |        |             |            |            |             | 0      | 0               |
| clock network delay (ideal)                                                                |        |             |            |            |             | 0.000  | 0.000           |
| alu_mod.bus_in_pc_2__reg_p:CK (DFF_X1)                                                     |        | 0.001       | 0.000      | 0.000      |             | 0.000  | 0.000r          |
| alu_mod.bus_in_pc_2__reg_p:QN (DFF_X1)                                                     |        | 0.005       | 0.000      | 0.016      |             | 0.072  | 0.072f          |
| alu_mod.bus_out_next_pc_2_ (net)                                                           | 4      |             |            |            | 0.000       |        |                 |
| ifu_mod.block_valid[0]_reg_p_CK_CLKGATE_X1_GCK_E_OR2_X1_ZN_A2_AND3_X1_ZN:A1 (AND3_X1)      |        | 0.001       | 0.000      | 0.016      |             | 0.000  | 0.072f          |
| ifu_mod.block_valid[0]_reg_p_CK_CLKGATE_X1_GCK_E_OR2_X1_ZN_A2_AND3_X1_ZN:ZN (AND3_X1)      |        | 0.002       | 0.000      | 0.007      |             | 0.035  | 0.106f          |
| ifu_mod.block_valid[0]_reg_p_CK_CLKGATE_X1_GCK_E_OR2_X1_ZN_A2 (net)                        | 2      |             |            |            | 0.000       |        |                 |
| ifu_mod.block_valid[0]_reg_p_CK_CLKGATE_X1_GCK_E_OR2_X1_ZN_A2_CLKGATE_X1_E:E (CLKGATE_X1)  |        | 0.001       | 0.000      | 0.007      |             | 0.000  | 0.106f          |
|                                                                                            |        |             |            |            |             |        |                 |
| clock (port)                                                                               |        | 0.756       | 0.000      | 0.000      |             | 0.000  | 0.000r          |
| clock (clock net)                                                                          | 732    |             |            |            | NA          |        |                 |
| ifu_mod.block_valid[0]_reg_p_CK_CLKGATE_X1_GCK_E_OR2_X1_ZN_A2_CLKGATE_X1_E:CK (CLKGATE_X1) |        | 0.002       | 0.000      | 0.000      |             | 0.000  | 0.000r          |
| clock core_clock (rise edge)                                                               |        |             |            |            |             | 0      | 0               |
| clock network delay (ideal)                                                                |        |             |            |            |             | 0.000  | 0.000           |
| ifu_mod.block_valid[0]_reg_p_CK_CLKGATE_X1_GCK_E_OR2_X1_ZN_A2_CLKGATE_X1_E:CK (CLKGATE_X1) |        |             |            |            |             |        | 0.000r          |
| library hold time                                                                          |        |             |            |            |             | -0.016 | -0.016          |
| clock reconvergence pessimism                                                              |        |             |            |            |             | -0.000 | -0.016          |
|                                                                                            |        |             |            |            |             |        |                 |
| path cell delay                                                                            |        |             |            |            |             |        | 0.106(100.000%) |
| path net delay                                                                             |        |             |            |            |             |        | 0.000(0.000%)   |
|                                                                                            |        |             |            |            |             |        |                 |
| data require time                                                                          |        |             |            |            |             |        | -0.016          |
| data arrival time                                                                          |        |             |            |            |             |        | 0.106           |
| slack (MET)                                                                                |        |             |            |            |             |        | 0.122           |
+--------------------------------------------------------------------------------------------+--------+-------------+------------+------------+-------------+--------+-----------------+
