Generate the report at 2026-07-07T23:49:29, GitVersion: aa25008b3778a76ae1975c839d4cc459f7f7b3b7.
+--------------------------------------------------------------------------------------------------------+--------------------------+------------+------------+---------------+-------+--------+-----------+
| Endpoint                                                                                               | Clock Group              | Delay Type | Path Delay | Path Required | CPPR  | Slack  | Freq(MHz) |
+--------------------------------------------------------------------------------------------------------+--------------------------+------------+------------+---------------+-------+--------+-----------+
| reg_mod.regs[9]_6__reg_p:D                                                                             | core_clock               | max        | 3.903f     | 1.719         | 0.000 | -2.184 | 252.947   |
| reg_mod.regs[7]_6__reg_p:D                                                                             | core_clock               | max        | 3.903f     | 1.719         | 0.000 | -2.184 | 252.947   |
| reg_mod.regs[24]_6__reg_p:D                                                                            | core_clock               | max        | 3.903f     | 1.719         | 0.000 | -2.184 | 252.947   |
| reg_mod.regs[8]_6__reg_p:D                                                                             | core_clock               | max        | 3.903f     | 1.719         | 0.000 | -2.184 | 252.947   |
| reg_mod.regs[6]_6__reg_p:D                                                                             | core_clock               | max        | 3.903f     | 1.719         | 0.000 | -2.184 | 252.947   |
| csr_mod.regs[7]_0__reg_p_CK_ICGX0P5H7L_ECK:E                                                           | **clock_gating_default** | max        | 3.551r     | 1.715         | 0.000 | -1.836 | NA        |
| csr_mod.regs[5]_0__reg_p_CK_ICGX0P5H7L_ECK:E                                                           | **clock_gating_default** | max        | 3.542r     | 1.715         | 0.000 | -1.827 | NA        |
| csr_mod.regs[4]_0__reg_p_CK_ICGX0P5H7L_ECK:E                                                           | **clock_gating_default** | max        | 3.537r     | 1.715         | 0.000 | -1.822 | NA        |
| csr_mod.regs[6]_0__reg_p_CK_ICGX0P5H7L_ECK:E                                                           | **clock_gating_default** | max        | 3.529r     | 1.715         | 0.000 | -1.814 | NA        |
| csr_mod.regs[1]_0__reg_p_CK_ICGX0P5H7L_ECK:E                                                           | **clock_gating_default** | max        | 3.487f     | 1.733         | 0.000 | -1.754 | NA        |
| icache_mod.block_tag[0]_21__reg_p:D                                                                    | core_clock               | min        | 0.069f     | -0.009        | 0.000 | 0.078  | NA        |
| icache_mod.block_tag[1]_19__reg_p:D                                                                    | core_clock               | min        | 0.069f     | -0.009        | 0.000 | 0.078  | NA        |
| icache_mod.block_tag[1]_21__reg_p:D                                                                    | core_clock               | min        | 0.069f     | -0.009        | 0.000 | 0.078  | NA        |
| icache_mod.block_tag[1]_0__reg_p:D                                                                     | core_clock               | min        | 0.069f     | -0.009        | 0.000 | 0.078  | NA        |
| icache_mod.block_tag[1]_3__reg_p:D                                                                     | core_clock               | min        | 0.069f     | -0.009        | 0.000 | 0.078  | NA        |
| icache_mod.block_valid[1]_AO21X1H7L_A1_B0_NOR2X0P5H7L_Y_B_NOR2X0P5H7L_A_2_Y_ICGX0P5H7L_E:E             | **clock_gating_default** | min        | 0.134f     | -0.006        | 0.000 | 0.140  | NA        |
| icache_mod.fill_count_1__reg_p_D_AOI21X0P5H7L_Y_A0_NOR3X0P5H7L_C_Y_ICGX0P5H7L_E:E                      | **clock_gating_default** | min        | 0.135f     | -0.005        | 0.000 | 0.140  | NA        |
| icache_mod.fill_count_0__reg_p_D_AOI2BB1X0P5H7L_Y_A0N_NAND2X0P5H7L_B_Y_NOR2X0P5H7L_A_Y_ICGX0P5H7L_E:E  | **clock_gating_default** | min        | 0.135f     | -0.006        | 0.000 | 0.140  | NA        |
| icache_mod.block_valid[0]_AO21X1H7L_A1_B0_NOR2X0P5H7L_Y_B_NOR2X0P5H7L_B_2_Y_ICGX0P5H7L_E:E             | **clock_gating_default** | min        | 0.135f     | -0.006        | 0.000 | 0.141  | NA        |
| icache_mod.fill_count_0__reg_p_D_AOI2BB1X0P5H7L_Y_A0N_NAND2BX0P5H7L_B_Y_NOR3X0P5H7L_C_Y_ICGX0P5H7L_E:E | **clock_gating_default** | min        | 0.135f     | -0.007        | 0.000 | 0.142  | NA        |
+--------------------------------------------------------------------------------------------------------+--------------------------+------------+------------+---------------+-------+--------+-----------+
+------------+------------+-----------+
| Clock      | Delay Type | TNS       |
+------------+------------+-----------+
| core_clock | max        | -5214.040 |
| core_clock | min        | 0.000     |
+------------+------------+-----------+
+------------------------------------------------------------------------------------------------------------------------------------------------------------------------------------------------------------------------------------------------+--------+-------------+------------+------------+-------------+--------+-----------------+
| Point                                                                                                                                                                                                                                          | Fanout | Capacitance | Resistance | Transition | Delta Delay | Incr   | Path            |
+------------------------------------------------------------------------------------------------------------------------------------------------------------------------------------------------------------------------------------------------+--------+-------------+------------+------------+-------------+--------+-----------------+
| clock (port)                                                                                                                                                                                                                                   |        | 0.150       | 0.000      | 0.000      |             | 0.000  | 0.000r          |
| clock (clock net)                                                                                                                                                                                                                              | 105    |             |            |            | NA          |        |                 |
| pc_mod.pc_2__reg_p:CK (DFFQX1H7L)                                                                                                                                                                                                              |        | 0.001       | 0.000      | 0.000      |             | 0.000  | 0.000r          |
| clock core_clock (rise edge)                                                                                                                                                                                                                   |        |             |            |            |             | 0      | 0               |
| clock network delay (ideal)                                                                                                                                                                                                                    |        |             |            |            |             | 0.000  | 0.000           |
| pc_mod.pc_2__reg_p:CK (DFFQX1H7L)                                                                                                                                                                                                              |        | 0.001       | 0.000      | 0.000      |             | 0.000  | 0.000r          |
| pc_mod.pc_2__reg_p:Q (DFFQX1H7L)                                                                                                                                                                                                               |        | 0.002       | 0.000      | 0.029      |             | 0.067  | 0.067f          |
| pc_mod.pc_2_ (net)                                                                                                                                                                                                                             | 1      |             |            |            | 0.000       |        |                 |
| pc_mod.pc_2__BUFX7H7L_A:A (BUFX7H7L)                                                                                                                                                                                                           |        | 0.002       | 0.000      | 0.029      |             | 0.000  | 0.067f          |
| pc_mod.pc_2__BUFX7H7L_A:Y (BUFX7H7L)                                                                                                                                                                                                           |        | 0.012       | 0.000      | 0.027      |             | 0.046  | 0.113f          |
| pc_mod.pc_2__BUFX7H7L_A_Y (net)                                                                                                                                                                                                                | 4      |             |            |            | 0.000       |        |                 |
| pc_mod.pc_2__BUFX7H7L_A_Y_BUFX16H7L_A_1:A (BUFX16H7L)                                                                                                                                                                                          |        | 0.003       | 0.000      | 0.027      |             | 0.000  | 0.113f          |
| pc_mod.pc_2__BUFX7H7L_A_Y_BUFX16H7L_A_1:Y (BUFX16H7L)                                                                                                                                                                                          |        | 0.042       | 0.000      | 0.035      |             | 0.051  | 0.164f          |
| pc_mod.pc_2__BUFX7H7L_A_Y_BUFX16H7L_A_1_Y (net)                                                                                                                                                                                                | 22     |             |            |            | 0.000       |        |                 |
| icache_mod.block_cache[8]_20__MUX4X1P4H7L_A_S0_BUFX16H7L_Y:A (BUFX16H7L)                                                                                                                                                                       |        | 0.003       | 0.000      | 0.035      |             | 0.000  | 0.164f          |
| icache_mod.block_cache[8]_20__MUX4X1P4H7L_A_S0_BUFX16H7L_Y:Y (BUFX16H7L)                                                                                                                                                                       |        | 0.037       | 0.000      | 0.033      |             | 0.052  | 0.216f          |
| icache_mod.block_cache[8]_20__MUX4X1P4H7L_A_S0 (net)                                                                                                                                                                                           | 15     |             |            |            | 0.000       |        |                 |
| icache_mod.block_cache[8]_25__MUX4X1H7L_A_S0_BUFX12H7L_Y:A (BUFX12H7L)                                                                                                                                                                         |        | 0.003       | 0.000      | 0.033      |             | 0.000  | 0.216f          |
| icache_mod.block_cache[8]_25__MUX4X1H7L_A_S0_BUFX12H7L_Y:Y (BUFX12H7L)                                                                                                                                                                         |        | 0.039       | 0.000      | 0.041      |             | 0.056  | 0.273f          |
| icache_mod.block_cache[8]_25__MUX4X1H7L_A_S0 (net)                                                                                                                                                                                             | 14     |             |            |            | 0.000       |        |                 |
| icache_mod.block_cache[8]_25__MUX4X1H7L_A_S0_BUFX16H7L_A:A (BUFX16H7L)                                                                                                                                                                         |        | 0.003       | 0.000      | 0.041      |             | 0.000  | 0.273f          |
| icache_mod.block_cache[8]_25__MUX4X1H7L_A_S0_BUFX16H7L_A:Y (BUFX16H7L)                                                                                                                                                                         |        | 0.042       | 0.000      | 0.036      |             | 0.056  | 0.329f          |
| icache_mod.block_cache[4]_30__MUX4X1P4H7L_A_S0 (net)                                                                                                                                                                                           | 16     |             |            |            | 0.000       |        |                 |
| icache_mod.block_cache[8]_28__MUX4X1P4H7L_A:S0 (MUX4X1P4H7L)                                                                                                                                                                                   |        | 0.003       | 0.000      | 0.036      |             | 0.000  | 0.329f          |
| icache_mod.block_cache[8]_28__MUX4X1P4H7L_A:Y (MUX4X1P4H7L)                                                                                                                                                                                    |        | 0.001       | 0.000      | 0.036      |             | 0.089  | 0.418f          |
| icache_mod.block_cache[8]_28__MUX4X1P4H7L_A_Y (net)                                                                                                                                                                                            | 1      |             |            |            | 0.000       |        |                 |
| icache_mod.block_cache[8]_28__MUX4X1P4H7L_A_Y_AOI22X0P5H7L_A1:A1 (AOI22X0P5H7L)                                                                                                                                                                |        | 0.001       | 0.000      | 0.036      |             | 0.000  | 0.418f          |
| icache_mod.block_cache[8]_28__MUX4X1P4H7L_A_Y_AOI22X0P5H7L_A1:Y (AOI22X0P5H7L)                                                                                                                                                                 |        | 0.001       | 0.000      | 0.060      |             | 0.052  | 0.470r          |
| icache_mod.block_cache[8]_28__MUX4X1P4H7L_A_Y_AOI22X0P5H7L_A1_Y (net)                                                                                                                                                                          | 1      |             |            |            | 0.000       |        |                 |
| icache_mod.block_cache[8]_28__MUX4X1P4H7L_A_Y_AOI22X0P5H7L_A1_Y_NAND2X0P5H7L_A:A (NAND2X0P5H7L)                                                                                                                                                |        | 0.001       | 0.000      | 0.060      |             | 0.000  | 0.470r          |
| icache_mod.block_cache[8]_28__MUX4X1P4H7L_A_Y_AOI22X0P5H7L_A1_Y_NAND2X0P5H7L_A:Y (NAND2X0P5H7L)                                                                                                                                                |        | 0.004       | 0.000      | 0.079      |             | 0.061  | 0.531f          |
| icache_mod.block_cache[8]_28__MUX4X1P4H7L_A_Y_AOI22X0P5H7L_A1_Y_NAND2X0P5H7L_A_Y (net)                                                                                                                                                         | 5      |             |            |            | 0.000       |        |                 |
| icache_mod.block_cache[4]_30__MUX4X1P4H7L_A_Y_NAND2X0P5H7L_B_Y_AOI32X0P5H7L_A0_Y_NOR3X0P5H7L_C:B (NOR3X0P5H7L)                                                                                                                                 |        | 0.001       | 0.000      | 0.079      |             | 0.000  | 0.531f          |
| icache_mod.block_cache[4]_30__MUX4X1P4H7L_A_Y_NAND2X0P5H7L_B_Y_AOI32X0P5H7L_A0_Y_NOR3X0P5H7L_C:Y (NOR3X0P5H7L)                                                                                                                                 |        | 0.002       | 0.000      | 0.112      |             | 0.090  | 0.621r          |
| icache_mod.block_cache[4]_30__MUX4X1P4H7L_A_Y_NAND2X0P5H7L_B_Y_AOI32X0P5H7L_A0_Y_NOR3X0P5H7L_C_Y (net)                                                                                                                                         | 2      |             |            |            | 0.000       |        |                 |
| icache_mod.block_cache[4]_30__MUX4X1P4H7L_A_Y_NAND2X0P5H7L_B_Y_AOI32X0P5H7L_A0_Y_NOR3X0P5H7L_C_Y_NAND2X0P5H7L_B:B (NAND2X0P5H7L)                                                                                                               |        | 0.001       | 0.000      | 0.112      |             | 0.000  | 0.621r          |
| icache_mod.block_cache[4]_30__MUX4X1P4H7L_A_Y_NAND2X0P5H7L_B_Y_AOI32X0P5H7L_A0_Y_NOR3X0P5H7L_C_Y_NAND2X0P5H7L_B:Y (NAND2X0P5H7L)                                                                                                               |        | 0.003       | 0.000      | 0.070      |             | 0.055  | 0.676f          |
| icache_mod.block_cache[4]_30__MUX4X1P4H7L_A_Y_NAND2X0P5H7L_B_Y_AOI32X0P5H7L_A0_Y_NOR3X0P5H7L_C_Y_NAND2X0P5H7L_B_Y (net)                                                                                                                        | 3      |             |            |            | 0.000       |        |                 |
| reg_mod.regs[5]_15__MUX2X0P5H7L_A_Y_AOI221X0P5H7L_A1_Y_OA31X1H7L_A0_Y_OAI21X1P4H7L_B0_Y_AOI32X1P4H7L_A0_B0_AOAI211X0P5H7L_Y_A1_NOR2X1P4H7L_Y:A (NOR2X1P4H7L)                                                                                   |        | 0.001       | 0.000      | 0.070      |             | 0.000  | 0.676f          |
| reg_mod.regs[5]_15__MUX2X0P5H7L_A_Y_AOI221X0P5H7L_A1_Y_OA31X1H7L_A0_Y_OAI21X1P4H7L_B0_Y_AOI32X1P4H7L_A0_B0_AOAI211X0P5H7L_Y_A1_NOR2X1P4H7L_Y:Y (NOR2X1P4H7L)                                                                                   |        | 0.003       | 0.000      | 0.075      |             | 0.064  | 0.740r          |
| reg_mod.regs[5]_15__MUX2X0P5H7L_A_Y_AOI221X0P5H7L_A1_Y_OA31X1H7L_A0_Y_OAI21X1P4H7L_B0_Y_AOI32X1P4H7L_A0_B0_AOAI211X0P5H7L_Y_A1 (net)                                                                                                           | 2      |             |            |            | 0.000       |        |                 |
| reg_mod.regs[5]_15__MUX2X0P5H7L_A_Y_AOI221X0P5H7L_A1_Y_OA31X1H7L_A0_Y_OAI21X1P4H7L_B0_Y_AOI32X1P4H7L_A0_B0_AOAI211X0P5H7L_Y_A1_OAI21X4H7L_B0:B0 (OAI21X4H7L)                                                                                   |        | 0.002       | 0.000      | 0.075      |             | 0.000  | 0.740r          |
| reg_mod.regs[5]_15__MUX2X0P5H7L_A_Y_AOI221X0P5H7L_A1_Y_OA31X1H7L_A0_Y_OAI21X1P4H7L_B0_Y_AOI32X1P4H7L_A0_B0_AOAI211X0P5H7L_Y_A1_OAI21X4H7L_B0:Y (OAI21X4H7L)                                                                                    |        | 0.008       | 0.000      | 0.058      |             | 0.037  | 0.777f          |
| reg_mod.regs[19]_31__AOI221X0P5H7L_A0_C0_NAND3X1H7L_Y_C_AOA211X1P4H7L_C0_A0 (net)                                                                                                                                                              | 8      |             |            |            | 0.000       |        |                 |
| reg_mod.regs[19]_31__AOI221X0P5H7L_A0_C0_NAND3X1H7L_Y_C_AOA211X1P4H7L_C0_A0_NAND3X1P4H7L_C:C (NAND3X1P4H7L)                                                                                                                                    |        | 0.001       | 0.000      | 0.058      |             | 0.000  | 0.777f          |
| reg_mod.regs[19]_31__AOI221X0P5H7L_A0_C0_NAND3X1H7L_Y_C_AOA211X1P4H7L_C0_A0_NAND3X1P4H7L_C:Y (NAND3X1P4H7L)                                                                                                                                    |        | 0.001       | 0.000      | 0.043      |             | 0.029  | 0.806r          |
| reg_mod.regs[19]_31__AOI221X0P5H7L_A0_C0_NAND3X1H7L_Y_C_AOA211X1P4H7L_C0_A0_NAND3X1P4H7L_C_Y (net)                                                                                                                                             | 1      |             |            |            | 0.000       |        |                 |
| reg_mod.regs[19]_31__AOI221X0P5H7L_A0_C0_NAND3X1H7L_Y_C_AOA211X1P4H7L_C0_A0_NAND3X1P4H7L_C_Y_BUFX3P5H7L_A:A (BUFX3P5H7L)                                                                                                                       |        | 0.001       | 0.000      | 0.043      |             | 0.000  | 0.806r          |
| reg_mod.regs[19]_31__AOI221X0P5H7L_A0_C0_NAND3X1H7L_Y_C_AOA211X1P4H7L_C0_A0_NAND3X1P4H7L_C_Y_BUFX3P5H7L_A:Y (BUFX3P5H7L)                                                                                                                       |        | 0.015       | 0.000      | 0.083      |             | 0.073  | 0.879r          |
| pc_mod.pc_9__reg_p_D_AOI31X0P5H7L_Y_A0_OAI211X1P4H7L_Y_A0 (net)                                                                                                                                                                                | 18     |             |            |            | 0.000       |        |                 |
| pc_mod.pc_30__reg_p_D_AOA211X1P4H7L_Y_A0_OAI211X0P7H7L_Y_A1_AOI31X0P5H7L_Y_B0_AOAI211X0P5H7L_Y_B0_OAI211X0P7H7L_Y_B0_AOI21X0P5H7L_A1_B0_OAI21X0P5H7L_Y_A1_OAI21X0P5H7L_A1:B0 (OAI21X0P5H7L)                                                    |        | 0.001       | 0.000      | 0.083      |             | 0.000  | 0.879r          |
| pc_mod.pc_30__reg_p_D_AOA211X1P4H7L_Y_A0_OAI211X0P7H7L_Y_A1_AOI31X0P5H7L_Y_B0_AOAI211X0P5H7L_Y_B0_OAI211X0P7H7L_Y_B0_AOI21X0P5H7L_A1_B0_OAI21X0P5H7L_Y_A1_OAI21X0P5H7L_A1:Y (OAI21X0P5H7L)                                                     |        | 0.001       | 0.000      | 0.058      |             | 0.030  | 0.909f          |
| pc_mod.pc_30__reg_p_D_AOA211X1P4H7L_Y_A0_OAI211X0P7H7L_Y_A1_AOI31X0P5H7L_Y_B0_AOAI211X0P5H7L_Y_B0_OAI211X0P7H7L_Y_B0_AOI21X0P5H7L_A1_B0_OAI21X0P5H7L_Y_A1_OAI21X0P5H7L_A1_Y (net)                                                              | 1      |             |            |            | 0.000       |        |                 |
| pc_mod.pc_30__reg_p_D_AOA211X1P4H7L_Y_A0_OAI211X0P7H7L_Y_A1_AOI31X0P5H7L_Y_B0_AOAI211X0P5H7L_Y_B0_OAI211X0P7H7L_Y_B0_AOI21X0P5H7L_A1_B0_OAI21X0P5H7L_Y_A1_OAI21X0P5H7L_A1_Y_BUFX5H7L_A:A (BUFX5H7L)                                            |        | 0.001       | 0.000      | 0.058      |             | 0.000  | 0.909f          |
| pc_mod.pc_30__reg_p_D_AOA211X1P4H7L_Y_A0_OAI211X0P7H7L_Y_A1_AOI31X0P5H7L_Y_B0_AOAI211X0P5H7L_Y_B0_OAI211X0P7H7L_Y_B0_AOI21X0P5H7L_A1_B0_OAI21X0P5H7L_Y_A1_OAI21X0P5H7L_A1_Y_BUFX5H7L_A:Y (BUFX5H7L)                                            |        | 0.018       | 0.000      | 0.046      |             | 0.070  | 0.979f          |
| pc_mod.pc_27__reg_p_D_OAI21X0P5H7L_Y_A1_OA211X1H7L_Y_A0_OAOI211X0P5H7L_Y_C0 (net)                                                                                                                                                              | 22     |             |            |            | 0.000       |        |                 |
| pc_mod.pc_30__reg_p_D_AOA211X1P4H7L_Y_A0_OAI211X0P7H7L_Y_A1_AOI31X0P5H7L_Y_B0_AOAI211X0P5H7L_Y_B0_OAI211X0P7H7L_Y_B0_AOI21X0P5H7L_A1_A0_AOI31X0P5H7L_A2:B0 (AOI31X0P5H7L)                                                                      |        | 0.001       | 0.000      | 0.046      |             | 0.000  | 0.979f          |
| pc_mod.pc_30__reg_p_D_AOA211X1P4H7L_Y_A0_OAI211X0P7H7L_Y_A1_AOI31X0P5H7L_Y_B0_AOAI211X0P5H7L_Y_B0_OAI211X0P7H7L_Y_B0_AOI21X0P5H7L_A1_A0_AOI31X0P5H7L_A2:Y (AOI31X0P5H7L)                                                                       |        | 0.002       | 0.000      | 0.106      |             | 0.067  | 1.046r          |
| io_master_wstrb_AOAI211X0P5H7L_Y_B0_AOI21X0P5H7L_Y_A1_NOR4X0P5H7L_Y_C_AND2X1H7L_A_B_NAND2X0P5H7L_Y_B_OAI21X0P5H7L_Y_A1 (net)                                                                                                                   | 3      |             |            |            | 0.000       |        |                 |
| io_master_wstrb_AOAI211X0P5H7L_Y_B0_AOI21X0P5H7L_Y_A1_NOR4X0P5H7L_Y_C_AND2X1H7L_A_B_NAND2X0P5H7L_Y_B_OAI21X0P5H7L_Y:A1 (OAI21X0P5H7L)                                                                                                          |        | 0.001       | 0.000      | 0.106      |             | 0.000  | 1.046r          |
| io_master_wstrb_AOAI211X0P5H7L_Y_B0_AOI21X0P5H7L_Y_A1_NOR4X0P5H7L_Y_C_AND2X1H7L_A_B_NAND2X0P5H7L_Y_B_OAI21X0P5H7L_Y:Y (OAI21X0P5H7L)                                                                                                           |        | 0.001       | 0.000      | 0.041      |             | 0.036  | 1.082f          |
| io_master_wstrb_AOAI211X0P5H7L_Y_B0_AOI21X0P5H7L_Y_A1_NOR4X0P5H7L_Y_C_AND2X1H7L_A_B_NAND2X0P5H7L_Y_B (net)                                                                                                                                     | 1      |             |            |            | 0.000       |        |                 |
| io_master_wstrb_AOAI211X0P5H7L_Y_B0_AOI21X0P5H7L_Y_A1_NOR4X0P5H7L_Y_C_AND2X1H7L_A_B_NAND2X0P5H7L_Y:B (NAND2X0P5H7L)                                                                                                                            |        | 0.001       | 0.000      | 0.041      |             | 0.000  | 1.082f          |
| io_master_wstrb_AOAI211X0P5H7L_Y_B0_AOI21X0P5H7L_Y_A1_NOR4X0P5H7L_Y_C_AND2X1H7L_A_B_NAND2X0P5H7L_Y:Y (NAND2X0P5H7L)                                                                                                                            |        | 0.002       | 0.000      | 0.055      |             | 0.042  | 1.124r          |
| io_master_wstrb_AOAI211X0P5H7L_Y_B0_AOI21X0P5H7L_Y_A1_NOR4X0P5H7L_Y_C_AND2X1H7L_A_B (net)                                                                                                                                                      | 3      |             |            |            | 0.000       |        |                 |
| decode_mod.bus_out_rs1_4__NOR2BX1H7L_Z_AN_AOI21X0P5H7L_A0_A1_AOI21X0P5H7L_B0_A1_OAI21X0P5H7L_Y_A1_AOI22X0P5H7L_Y:B1 (AOI22X0P5H7L)                                                                                                             |        | 0.001       | 0.000      | 0.055      |             | 0.000  | 1.124r          |
| decode_mod.bus_out_rs1_4__NOR2BX1H7L_Z_AN_AOI21X0P5H7L_A0_A1_AOI21X0P5H7L_B0_A1_OAI21X0P5H7L_Y_A1_AOI22X0P5H7L_Y:Y (AOI22X0P5H7L)                                                                                                              |        | 0.001       | 0.000      | 0.067      |             | 0.029  | 1.153f          |
| decode_mod.bus_out_rs1_4__NOR2BX1H7L_Z_AN_AOI21X0P5H7L_A0_A1_AOI21X0P5H7L_B0_A1_OAI21X0P5H7L_Y_A1 (net)                                                                                                                                        | 1      |             |            |            | 0.000       |        |                 |
| decode_mod.bus_out_rs1_4__NOR2BX1H7L_Z_AN_AOI21X0P5H7L_A0_A1_AOI21X0P5H7L_B0_A1_OAI21X0P5H7L_Y:A1 (OAI21X0P5H7L)                                                                                                                               |        | 0.001       | 0.000      | 0.067      |             | 0.000  | 1.153f          |
| decode_mod.bus_out_rs1_4__NOR2BX1H7L_Z_AN_AOI21X0P5H7L_A0_A1_AOI21X0P5H7L_B0_A1_OAI21X0P5H7L_Y:Y (OAI21X0P5H7L)                                                                                                                                |        | 0.002       | 0.000      | 0.079      |             | 0.067  | 1.220r          |
| decode_mod.bus_out_rs1_4__NOR2BX1H7L_Z_AN_AOI21X0P5H7L_A0_A1_AOI21X0P5H7L_B0_A1 (net)                                                                                                                                                          | 2      |             |            |            | 0.000       |        |                 |
| decode_mod.bus_out_rs1_4__NOR2BX1H7L_Z_AN_AOI21X0P5H7L_A0_A1_AOI21X0P5H7L_B0_A1_OAI21X0P5H7L_A1:A1 (OAI21X0P5H7L)                                                                                                                              |        | 0.001       | 0.000      | 0.079      |             | 0.000  | 1.220r          |
| decode_mod.bus_out_rs1_4__NOR2BX1H7L_Z_AN_AOI21X0P5H7L_A0_A1_AOI21X0P5H7L_B0_A1_OAI21X0P5H7L_A1:Y (OAI21X0P5H7L)                                                                                                                               |        | 0.004       | 0.000      | 0.106      |             | 0.070  | 1.291f          |
| decode_mod.bus_out_rs1_4__NOR2BX1H7L_Z_B (net)                                                                                                                                                                                                 | 5      |             |            |            | 0.000       |        |                 |
| decode_mod.bus_out_rs1_2__NOR2X0P5H7L_Y:B (NOR2X0P5H7L)                                                                                                                                                                                        |        | 0.001       | 0.000      | 0.106      |             | 0.000  | 1.291f          |
| decode_mod.bus_out_rs1_2__NOR2X0P5H7L_Y:Y (NOR2X0P5H7L)                                                                                                                                                                                        |        | 0.001       | 0.000      | 0.066      |             | 0.060  | 1.351r          |
| decode_mod.bus_out_rs1_2_ (net)                                                                                                                                                                                                                | 1      |             |            |            | 0.000       |        |                 |
| decode_mod.bus_out_rs1_2__BUFX5H7L_A:A (BUFX5H7L)                                                                                                                                                                                              |        | 0.001       | 0.000      | 0.066      |             | 0.000  | 1.351r          |
| decode_mod.bus_out_rs1_2__BUFX5H7L_A:Y (BUFX5H7L)                                                                                                                                                                                              |        | 0.018       | 0.000      | 0.071      |             | 0.071  | 1.422r          |
| reg_mod.regs[8]_11__MUX4X1P4H7L_A_S0 (net)                                                                                                                                                                                                     | 8      |             |            |            | 0.000       |        |                 |
| reg_mod.regs[8]_11__MUX4X1P4H7L_A_S0_BUFX8H7L_A:A (BUFX8H7L)                                                                                                                                                                                   |        | 0.002       | 0.000      | 0.071      |             | 0.000  | 1.422r          |
| reg_mod.regs[8]_11__MUX4X1P4H7L_A_S0_BUFX8H7L_A:Y (BUFX8H7L)                                                                                                                                                                                   |        | 0.035       | 0.000      | 0.087      |             | 0.078  | 1.499r          |
| reg_mod.regs[8]_1__MUX4X1P4H7L_A_S0 (net)                                                                                                                                                                                                      | 13     |             |            |            | 0.000       |        |                 |
| reg_mod.regs[8]_1__MUX4X1P4H7L_A_S0_BUFX8H7L_A:A (BUFX8H7L)                                                                                                                                                                                    |        | 0.002       | 0.000      | 0.087      |             | 0.000  | 1.499r          |
| reg_mod.regs[8]_1__MUX4X1P4H7L_A_S0_BUFX8H7L_A:Y (BUFX8H7L)                                                                                                                                                                                    |        | 0.040       | 0.000      | 0.097      |             | 0.085  | 1.585r          |
| reg_mod.regs[2]_9__MUX4X1P4H7L_A_S0 (net)                                                                                                                                                                                                      | 14     |             |            |            | 0.000       |        |                 |
| reg_mod.regs[2]_9__MUX4X1P4H7L_A_S0_BUFX10H7L_A:A (BUFX10H7L)                                                                                                                                                                                  |        | 0.002       | 0.000      | 0.097      |             | 0.000  | 1.585r          |
| reg_mod.regs[2]_9__MUX4X1P4H7L_A_S0_BUFX10H7L_A:Y (BUFX10H7L)                                                                                                                                                                                  |        | 0.038       | 0.000      | 0.077      |             | 0.076  | 1.661r          |
| reg_mod.regs[8]_8__MUX4X1P4H7L_A_S1 (net)                                                                                                                                                                                                      | 20     |             |            |            | 0.000       |        |                 |
| reg_mod.regs[8]_21__MUX4X1P4H7L_A_S0_BUFX10H7L_Y:A (BUFX10H7L)                                                                                                                                                                                 |        | 0.002       | 0.000      | 0.077      |             | 0.000  | 1.661r          |
| reg_mod.regs[8]_21__MUX4X1P4H7L_A_S0_BUFX10H7L_Y:Y (BUFX10H7L)                                                                                                                                                                                 |        | 0.039       | 0.000      | 0.078      |             | 0.074  | 1.734r          |
| reg_mod.regs[8]_21__MUX4X1P4H7L_A_S0 (net)                                                                                                                                                                                                     | 19     |             |            |            | 0.000       |        |                 |
| reg_mod.regs[8]_22__MUX4X1P4H7L_A_S1_BUFX10H7L_Y:A (BUFX10H7L)                                                                                                                                                                                 |        | 0.002       | 0.000      | 0.078      |             | 0.000  | 1.734r          |
| reg_mod.regs[8]_22__MUX4X1P4H7L_A_S1_BUFX10H7L_Y:Y (BUFX10H7L)                                                                                                                                                                                 |        | 0.039       | 0.000      | 0.077      |             | 0.074  | 1.808r          |
| reg_mod.regs[8]_22__MUX4X1P4H7L_A_S1 (net)                                                                                                                                                                                                     | 16     |             |            |            | 0.000       |        |                 |
| reg_mod.regs[2]_23__MUX4X1P4H7L_A_S1_BUFX7H7L_Y:A (BUFX7H7L)                                                                                                                                                                                   |        | 0.002       | 0.000      | 0.077      |             | 0.000  | 1.808r          |
| reg_mod.regs[2]_23__MUX4X1P4H7L_A_S1_BUFX7H7L_Y:Y (BUFX7H7L)                                                                                                                                                                                   |        | 0.039       | 0.000      | 0.104      |             | 0.088  | 1.896r          |
| reg_mod.regs[2]_23__MUX4X1P4H7L_A_S1 (net)                                                                                                                                                                                                     | 15     |             |            |            | 0.000       |        |                 |
| reg_mod.regs[2]_23__MUX4X1P4H7L_A_S1_BUFX7H7L_A:A (BUFX7H7L)                                                                                                                                                                                   |        | 0.002       | 0.000      | 0.104      |             | 0.000  | 1.896r          |
| reg_mod.regs[2]_23__MUX4X1P4H7L_A_S1_BUFX7H7L_A:Y (BUFX7H7L)                                                                                                                                                                                   |        | 0.040       | 0.000      | 0.107      |             | 0.093  | 1.990r          |
| reg_mod.regs[2]_25__MUX4X1P4H7L_A_S1 (net)                                                                                                                                                                                                     | 24     |             |            |            | 0.000       |        |                 |
| reg_mod.regs[1]_26__AOI221X0P5H7L_A0:B1 (AOI221X0P5H7L)                                                                                                                                                                                        |        | 0.001       | 0.000      | 0.107      |             | 0.000  | 1.990r          |
| reg_mod.regs[1]_26__AOI221X0P5H7L_A0:Y (AOI221X0P5H7L)                                                                                                                                                                                         |        | 0.001       | 0.000      | 0.057      |             | 0.042  | 2.032f          |
| reg_mod.regs[1]_26__AOI221X0P5H7L_A0_Y (net)                                                                                                                                                                                                   | 1      |             |            |            | 0.000       |        |                 |
| reg_mod.regs[1]_26__AOI221X0P5H7L_A0_Y_OAI31X0P5H7L_A2:A2 (OAI31X0P5H7L)                                                                                                                                                                       |        | 0.001       | 0.000      | 0.057      |             | 0.000  | 2.032f          |
| reg_mod.regs[1]_26__AOI221X0P5H7L_A0_Y_OAI31X0P5H7L_A2:Y (OAI31X0P5H7L)                                                                                                                                                                        |        | 0.001       | 0.000      | 0.080      |             | 0.066  | 2.098r          |
| reg_mod.regs[1]_26__AOI221X0P5H7L_A0_Y_OAI31X0P5H7L_A2_Y (net)                                                                                                                                                                                 | 1      |             |            |            | 0.000       |        |                 |
| reg_mod.regs[1]_26__AOI221X0P5H7L_A0_Y_OAI31X0P5H7L_A2_Y_OAI21X0P5H7L_A1:A1 (OAI21X0P5H7L)                                                                                                                                                     |        | 0.001       | 0.000      | 0.080      |             | 0.000  | 2.098r          |
| reg_mod.regs[1]_26__AOI221X0P5H7L_A0_Y_OAI31X0P5H7L_A2_Y_OAI21X0P5H7L_A1:Y (OAI21X0P5H7L)                                                                                                                                                      |        | 0.004       | 0.000      | 0.082      |             | 0.067  | 2.164f          |
| reg_mod.regs[1]_26__AOI221X0P5H7L_A0_Y_OAI31X0P5H7L_A2_Y_OAI21X0P5H7L_A1_Y (net)                                                                                                                                                               | 4      |             |            |            | 0.000       |        |                 |
| reg_mod.regs[18]_26__MUX2X0P5H7L_A_Y_MUXI2X0P5H7L_A_Y_NOR3X0P5H7L_C_Y_AOI221X2H7L_C0_Y_XNOR2X1H7L_B:A (XNOR2X1H7L)                                                                                                                             |        | 0.002       | 0.000      | 0.082      |             | 0.000  | 2.164f          |
| reg_mod.regs[18]_26__MUX2X0P5H7L_A_Y_MUXI2X0P5H7L_A_Y_NOR3X0P5H7L_C_Y_AOI221X2H7L_C0_Y_XNOR2X1H7L_B:Y (XNOR2X1H7L)                                                                                                                             |        | 0.001       | 0.000      | 0.027      |             | 0.064  | 2.229f          |
| reg_mod.regs[18]_26__MUX2X0P5H7L_A_Y_MUXI2X0P5H7L_A_Y_NOR3X0P5H7L_C_Y_AOI221X2H7L_C0_Y_XNOR2X1H7L_B_Y (net)                                                                                                                                    | 1      |             |            |            | 0.000       |        |                 |
| reg_mod.regs[18]_26__MUX2X0P5H7L_A_Y_MUXI2X0P5H7L_A_Y_NOR3X0P5H7L_C_Y_AOI221X2H7L_C0_Y_XNOR2X1H7L_B_Y_OAI211X2H7L_B0:B0 (OAI211X2H7L)                                                                                                          |        | 0.001       | 0.000      | 0.027      |             | 0.000  | 2.229f          |
| reg_mod.regs[18]_26__MUX2X0P5H7L_A_Y_MUXI2X0P5H7L_A_Y_NOR3X0P5H7L_C_Y_AOI221X2H7L_C0_Y_XNOR2X1H7L_B_Y_OAI211X2H7L_B0:Y (OAI211X2H7L)                                                                                                           |        | 0.004       | 0.000      | 0.100      |             | 0.037  | 2.265r          |
| reg_mod.regs[18]_26__MUX2X0P5H7L_A_Y_MUXI2X0P5H7L_A_Y_NOR3X0P5H7L_C_Y_AOI221X2H7L_C0_Y_XNOR2X1H7L_B_Y_OAI211X2H7L_B0_Y (net)                                                                                                                   | 2      |             |            |            | 0.000       |        |                 |
| reg_mod.regs[18]_26__MUX2X0P5H7L_A_Y_MUXI2X0P5H7L_A_Y_NOR3X0P5H7L_C_Y_AOI221X2H7L_C0_Y_XNOR2X1H7L_B_Y_OAI211X2H7L_B0_Y_OAI221X1P4H7L_B1:B1 (OAI221X1P4H7L)                                                                                     |        | 0.001       | 0.000      | 0.100      |             | 0.000  | 2.265r          |
| reg_mod.regs[18]_26__MUX2X0P5H7L_A_Y_MUXI2X0P5H7L_A_Y_NOR3X0P5H7L_C_Y_AOI221X2H7L_C0_Y_XNOR2X1H7L_B_Y_OAI211X2H7L_B0_Y_OAI221X1P4H7L_B1:Y (OAI221X1P4H7L)                                                                                      |        | 0.002       | 0.000      | 0.057      |             | 0.056  | 2.321f          |
| reg_mod.regs[25]_19__OA221X0P5H7L_A0_Y_OAI211X1P4H7L_A1_Y_AO31X0P5H7L_A1_Y_AOI21BX0P5H7L_A1_Y_AOI211X0P5H7L_A1_Y_NOR4X1H7L_A_B (net)                                                                                                           | 3      |             |            |            | 0.000       |        |                 |
| reg_mod.regs[25]_19__OA221X0P5H7L_A0_Y_OAI211X1P4H7L_A1_Y_AO31X0P5H7L_A1_Y_AOI21BX0P5H7L_A1_Y_AOI211X0P5H7L_A1_Y_NOR4X1H7L_A:B (NOR4X1H7L)                                                                                                     |        | 0.001       | 0.000      | 0.057      |             | 0.000  | 2.321f          |
| reg_mod.regs[25]_19__OA221X0P5H7L_A0_Y_OAI211X1P4H7L_A1_Y_AO31X0P5H7L_A1_Y_AOI21BX0P5H7L_A1_Y_AOI211X0P5H7L_A1_Y_NOR4X1H7L_A:Y (NOR4X1H7L)                                                                                                     |        | 0.001       | 0.000      | 0.091      |             | 0.078  | 2.399r          |
| reg_mod.regs[25]_19__OA221X0P5H7L_A0_Y_OAI211X1P4H7L_A1_Y_AO31X0P5H7L_A1_Y_AOI21BX0P5H7L_A1_Y_AOI211X0P5H7L_A1_Y_NOR4X1H7L_A_Y (net)                                                                                                           | 1      |             |            |            | 0.000       |        |                 |
| reg_mod.regs[4]_15__MUX2X0P5H7L_A_Y_OAI211X0P7H7L_A1_Y_NAND3X0P5H7L_C_Y_NAND3X0P7H7L_C_Y_AOI32X0P5H7L_B1_Y_OAI221X1P4H7L_A1:C0 (OAI221X1P4H7L)                                                                                                 |        | 0.001       | 0.000      | 0.091      |             | 0.000  | 2.399r          |
| reg_mod.regs[4]_15__MUX2X0P5H7L_A_Y_OAI211X0P7H7L_A1_Y_NAND3X0P5H7L_C_Y_NAND3X0P7H7L_C_Y_AOI32X0P5H7L_B1_Y_OAI221X1P4H7L_A1:Y (OAI221X1P4H7L)                                                                                                  |        | 0.002       | 0.000      | 0.047      |             | 0.038  | 2.437f          |
| reg_mod.regs[4]_29__MUX2X0P5H7L_A_Y_OAI211X0P7H7L_A1_Y_OAOI211X0P5H7L_B0_Y_OAI211X0P7H7L_A0_Y_OAI221X1P4H7L_C0_Y_NOR3BX3H7L_C_AN (net)                                                                                                         | 2      |             |            |            | 0.000       |        |                 |
| reg_mod.regs[4]_29__MUX2X0P5H7L_A_Y_OAI211X0P7H7L_A1_Y_OAOI211X0P5H7L_B0_Y_OAI211X0P7H7L_A0_Y_OAI221X1P4H7L_C0_Y_NOR3BX3H7L_C_AN_NOR2BX1P4H7L_AN:AN (NOR2BX1P4H7L)                                                                             |        | 0.001       | 0.000      | 0.047      |             | 0.000  | 2.437f          |
| reg_mod.regs[4]_29__MUX2X0P5H7L_A_Y_OAI211X0P7H7L_A1_Y_OAOI211X0P5H7L_B0_Y_OAI211X0P7H7L_A0_Y_OAI221X1P4H7L_C0_Y_NOR3BX3H7L_C_AN_NOR2BX1P4H7L_AN:Z (NOR2BX1P4H7L)                                                                              |        | 0.003       | 0.000      | 0.042      |             | 0.050  | 2.488f          |
| reg_mod.regs[4]_29__MUX2X0P5H7L_A_Y_OAI211X0P7H7L_A1_Y_OAOI211X0P5H7L_B0_Y_OAI211X0P7H7L_A0_Y_OAI221X1P4H7L_C0_Y_NOR3BX3H7L_C_AN_NOR2BX1P4H7L_AN_Z (net)                                                                                       | 2      |             |            |            | 0.000       |        |                 |
| reg_mod.regs[4]_29__MUX2X0P5H7L_A_Y_OAI211X0P7H7L_A1_Y_OAOI211X0P5H7L_B0_Y_OAI211X0P7H7L_A0_Y_OAI221X1P4H7L_C0_Y_NOR3BX3H7L_C_AN_NOR2BX1P4H7L_AN_Z_NOR2BX1P4H7L_B:B (NOR2BX1P4H7L)                                                             |        | 0.001       | 0.000      | 0.042      |             | 0.000  | 2.488f          |
| reg_mod.regs[4]_29__MUX2X0P5H7L_A_Y_OAI211X0P7H7L_A1_Y_OAOI211X0P5H7L_B0_Y_OAI211X0P7H7L_A0_Y_OAI221X1P4H7L_C0_Y_NOR3BX3H7L_C_AN_NOR2BX1P4H7L_AN_Z_NOR2BX1P4H7L_B:Z (NOR2BX1P4H7L)                                                             |        | 0.002       | 0.000      | 0.050      |             | 0.043  | 2.530r          |
| reg_mod.regs[4]_29__MUX2X0P5H7L_A_Y_OAI211X0P7H7L_A1_Y_OAOI211X0P5H7L_B0_Y_OAI211X0P7H7L_A0_Y_OAI221X1P4H7L_C0_Y_NOR3BX3H7L_C_AN_NOR2BX1P4H7L_AN_Z_NOR2BX1P4H7L_B_Z (net)                                                                      | 2      |             |            |            | 0.000       |        |                 |
| reg_mod.regs[4]_29__MUX2X0P5H7L_A_Y_OAI211X0P7H7L_A1_Y_OAOI211X0P5H7L_B0_Y_OAI211X0P7H7L_A0_Y_OAI221X1P4H7L_C0_Y_NOR3BX3H7L_C_Y_NOR2BX1H7L_B_Z_OAI2BB1X0P5H7L_A1N_B0_OAI21X0P5H7L_Y:A1 (OAI21X0P5H7L)                                          |        | 0.001       | 0.000      | 0.050      |             | 0.000  | 2.530r          |
| reg_mod.regs[4]_29__MUX2X0P5H7L_A_Y_OAI211X0P7H7L_A1_Y_OAOI211X0P5H7L_B0_Y_OAI211X0P7H7L_A0_Y_OAI221X1P4H7L_C0_Y_NOR3BX3H7L_C_Y_NOR2BX1H7L_B_Z_OAI2BB1X0P5H7L_A1N_B0_OAI21X0P5H7L_Y:Y (OAI21X0P5H7L)                                           |        | 0.001       | 0.000      | 0.053      |             | 0.030  | 2.560f          |
| reg_mod.regs[4]_29__MUX2X0P5H7L_A_Y_OAI211X0P7H7L_A1_Y_OAOI211X0P5H7L_B0_Y_OAI211X0P7H7L_A0_Y_OAI221X1P4H7L_C0_Y_NOR3BX3H7L_C_Y_NOR2BX1H7L_B_Z_OAI2BB1X0P5H7L_A1N_B0 (net)                                                                     | 1      |             |            |            | 0.000       |        |                 |
| reg_mod.regs[4]_29__MUX2X0P5H7L_A_Y_OAI211X0P7H7L_A1_Y_OAOI211X0P5H7L_B0_Y_OAI211X0P7H7L_A0_Y_OAI221X1P4H7L_C0_Y_NOR3BX3H7L_C_Y_NOR2BX1H7L_B_Z_OAI2BB1X0P5H7L_A1N:B0 (OAI2BB1X0P5H7L)                                                          |        | 0.001       | 0.000      | 0.053      |             | 0.000  | 2.560f          |
| reg_mod.regs[4]_29__MUX2X0P5H7L_A_Y_OAI211X0P7H7L_A1_Y_OAOI211X0P5H7L_B0_Y_OAI211X0P7H7L_A0_Y_OAI221X1P4H7L_C0_Y_NOR3BX3H7L_C_Y_NOR2BX1H7L_B_Z_OAI2BB1X0P5H7L_A1N:Y (OAI2BB1X0P5H7L)                                                           |        | 0.003       | 0.000      | 0.068      |             | 0.054  | 2.614r          |
| csr_mod.regs[3]_0__reg_p_D_OAI21X0P5H7L_Y_A1_INVX0P5H7L_Y_A_AOAI211X0P5H7L_Y_A0_NAND2X0P5H7L_A_Y_AOI21X0P5H7L_B0_Y_AO211X1P4H7L_B0_A0 (net)                                                                                                    | 4      |             |            |            | 0.000       |        |                 |
| pc_mod.pc_30__reg_p_D_AOA211X1P4H7L_Y_A0_OAI211X0P7H7L_Y_A1_AOI31X0P5H7L_Y_B0_AOAI211X0P5H7L_Y_B0_OAI211X0P7H7L_Y_B0_AOI21X0P5H7L_A1_B0_OAI21X0P5H7L_Y_B0_OAOI211X0P5H7L_C0_A0_OR2X1P4H7L_Y:B (OR2X1P4H7L)                                     |        | 0.001       | 0.000      | 0.068      |             | 0.000  | 2.614r          |
| pc_mod.pc_30__reg_p_D_AOA211X1P4H7L_Y_A0_OAI211X0P7H7L_Y_A1_AOI31X0P5H7L_Y_B0_AOAI211X0P5H7L_Y_B0_OAI211X0P7H7L_Y_B0_AOI21X0P5H7L_A1_B0_OAI21X0P5H7L_Y_B0_OAOI211X0P5H7L_C0_A0_OR2X1P4H7L_Y:Y (OR2X1P4H7L)                                     |        | 0.002       | 0.000      | 0.029      |             | 0.043  | 2.657r          |
| pc_mod.pc_30__reg_p_D_AOA211X1P4H7L_Y_A0_OAI211X0P7H7L_Y_A1_AOI31X0P5H7L_Y_B0_AOAI211X0P5H7L_Y_B0_OAI211X0P7H7L_Y_B0_AOI21X0P5H7L_A1_B0_OAI21X0P5H7L_Y_B0_OAOI211X0P5H7L_C0_A0 (net)                                                           | 2      |             |            |            | 0.000       |        |                 |
| pc_mod.pc_30__reg_p_D_AOA211X1P4H7L_Y_A0_OAI211X0P7H7L_Y_A1_AOI31X0P5H7L_Y_B0_AOAI211X0P5H7L_Y_B0_OAI211X0P7H7L_Y_B0_AOI21X0P5H7L_A1_B0_OAI21X0P5H7L_Y_B0_OAOI211X0P5H7L_C0_A0_NOR2X0P5H7L_B:B (NOR2X0P5H7L)                                   |        | 0.001       | 0.000      | 0.029      |             | 0.000  | 2.657r          |
| pc_mod.pc_30__reg_p_D_AOA211X1P4H7L_Y_A0_OAI211X0P7H7L_Y_A1_AOI31X0P5H7L_Y_B0_AOAI211X0P5H7L_Y_B0_OAI211X0P7H7L_Y_B0_AOI21X0P5H7L_A1_B0_OAI21X0P5H7L_Y_B0_OAOI211X0P5H7L_C0_A0_NOR2X0P5H7L_B:Y (NOR2X0P5H7L)                                   |        | 0.001       | 0.000      | 0.040      |             | 0.016  | 2.673f          |
| pc_mod.pc_30__reg_p_D_AOA211X1P4H7L_Y_A0_OAI211X0P7H7L_Y_A1_AOI31X0P5H7L_Y_B0_AOAI211X0P5H7L_Y_B0_OAI211X0P7H7L_Y_B0_AOI21X0P5H7L_A1_B0_OAI21X0P5H7L_Y_B0_OAOI211X0P5H7L_C0_A0_NOR2X0P5H7L_B_Y (net)                                           | 1      |             |            |            | 0.000       |        |                 |
| pc_mod.pc_30__reg_p_D_AOA211X1P4H7L_Y_A0_OAI211X0P7H7L_Y_A1_AOI31X0P5H7L_Y_B0_AOAI211X0P5H7L_Y_B0_OAI211X0P7H7L_Y_B0_AOI21X0P5H7L_A1_B0_OAI21X0P5H7L_Y_B0_OAOI211X0P5H7L_C0_A0_NOR2X0P5H7L_B_Y_AOAI211X0P5H7L_B0:B0 (AOAI211X0P5H7L)           |        | 0.001       | 0.000      | 0.040      |             | 0.000  | 2.673f          |
| pc_mod.pc_30__reg_p_D_AOA211X1P4H7L_Y_A0_OAI211X0P7H7L_Y_A1_AOI31X0P5H7L_Y_B0_AOAI211X0P5H7L_Y_B0_OAI211X0P7H7L_Y_B0_AOI21X0P5H7L_A1_B0_OAI21X0P5H7L_Y_B0_OAOI211X0P5H7L_C0_A0_NOR2X0P5H7L_B_Y_AOAI211X0P5H7L_B0:Y (AOAI211X0P5H7L)            |        | 0.001       | 0.000      | 0.074      |             | 0.052  | 2.725r          |
| pc_mod.pc_30__reg_p_D_AOA211X1P4H7L_Y_A0_OAI211X0P7H7L_Y_A1_AOI31X0P5H7L_Y_B0_AOAI211X0P5H7L_Y_B0_OAI211X0P7H7L_Y_B0_AOI21X0P5H7L_A1_B0_OAI21X0P5H7L_Y_B0_OAOI211X0P5H7L_C0_A0_NOR2X0P5H7L_B_Y_AOAI211X0P5H7L_B0_Y (net)                       | 1      |             |            |            | 0.000       |        |                 |
| pc_mod.pc_30__reg_p_D_AOA211X1P4H7L_Y_A0_OAI211X0P7H7L_Y_A1_AOI31X0P5H7L_Y_B0_AOAI211X0P5H7L_Y_B0_OAI211X0P7H7L_Y_B0_AOI21X0P5H7L_A1_B0_OAI21X0P5H7L_Y_B0_OAOI211X0P5H7L_C0_A0_NOR2X0P5H7L_B_Y_AOAI211X0P5H7L_B0_Y_BUFX1P4H7L_A:A (BUFX1P4H7L) |        | 0.001       | 0.000      | 0.074      |             | 0.000  | 2.725r          |
| pc_mod.pc_30__reg_p_D_AOA211X1P4H7L_Y_A0_OAI211X0P7H7L_Y_A1_AOI31X0P5H7L_Y_B0_AOAI211X0P5H7L_Y_B0_OAI211X0P7H7L_Y_B0_AOI21X0P5H7L_A1_B0_OAI21X0P5H7L_Y_B0_OAOI211X0P5H7L_C0_A0_NOR2X0P5H7L_B_Y_AOAI211X0P5H7L_B0_Y_BUFX1P4H7L_A:Y (BUFX1P4H7L) |        | 0.012       | 0.000      | 0.138      |             | 0.104  | 2.829r          |
| csr_mod.working_reg_2__AOAI211X0P5H7L_Y_C0 (net)                                                                                                                                                                                               | 15     |             |            |            | 0.000       |        |                 |
| csr_mod.working_reg_2__AOAI211X0P5H7L_Y:C0 (AOAI211X0P5H7L)                                                                                                                                                                                    |        | 0.001       | 0.000      | 0.138      |             | 0.000  | 2.829r          |
| csr_mod.working_reg_2__AOAI211X0P5H7L_Y:Y (AOAI211X0P5H7L)                                                                                                                                                                                     |        | 0.002       | 0.000      | 0.065      |             | 0.043  | 2.873f          |
| csr_mod.working_reg_2_ (net)                                                                                                                                                                                                                   | 1      |             |            |            | 0.000       |        |                 |
| csr_mod.working_reg_2__BUFX7H7L_A:A (BUFX7H7L)                                                                                                                                                                                                 |        | 0.002       | 0.000      | 0.065      |             | 0.000  | 2.873f          |
| csr_mod.working_reg_2__BUFX7H7L_A:Y (BUFX7H7L)                                                                                                                                                                                                 |        | 0.033       | 0.000      | 0.056      |             | 0.075  | 2.947f          |
| csr_mod.regs[2]_0__NOR2BX1H7L_AN_B (net)                                                                                                                                                                                                       | 16     |             |            |            | 0.000       |        |                 |
| csr_mod.regs[3]_3__MUX4X1P4H7L_A_S0_BUFX3H7L_Y:A (BUFX3H7L)                                                                                                                                                                                    |        | 0.001       | 0.000      | 0.056      |             | 0.000  | 2.947f          |
| csr_mod.regs[3]_3__MUX4X1P4H7L_A_S0_BUFX3H7L_Y:Y (BUFX3H7L)                                                                                                                                                                                    |        | 0.040       | 0.000      | 0.142      |             | 0.128  | 3.075f          |
| csr_mod.regs[3]_3__MUX4X1P4H7L_A_S0 (net)                                                                                                                                                                                                      | 14     |             |            |            | 0.000       |        |                 |
| csr_mod.regs[3]_6__MUX4X1P4H7L_A:S0 (MUX4X1P4H7L)                                                                                                                                                                                              |        | 0.003       | 0.000      | 0.142      |             | 0.000  | 3.075f          |
| csr_mod.regs[3]_6__MUX4X1P4H7L_A:Y (MUX4X1P4H7L)                                                                                                                                                                                               |        | 0.001       | 0.000      | 0.038      |             | 0.117  | 3.192f          |
| csr_mod.regs[3]_6__MUX4X1P4H7L_A_Y (net)                                                                                                                                                                                                       | 1      |             |            |            | 0.000       |        |                 |
| csr_mod.regs[3]_6__MUX4X1P4H7L_A_Y_AOI21X0P5H7L_A1:A1 (AOI21X0P5H7L)                                                                                                                                                                           |        | 0.001       | 0.000      | 0.038      |             | 0.000  | 3.192f          |
| csr_mod.regs[3]_6__MUX4X1P4H7L_A_Y_AOI21X0P5H7L_A1:Y (AOI21X0P5H7L)                                                                                                                                                                            |        | 0.002       | 0.000      | 0.094      |             | 0.070  | 3.261r          |
| csr_mod.regs[3]_6__MUX4X1P4H7L_A_Y_AOI21X0P5H7L_A1_Y (net)                                                                                                                                                                                     | 3      |             |            |            | 0.000       |        |                 |
| csr_mod.regs[3]_6__MUX4X1P4H7L_A_Y_AOI21X0P5H7L_A1_Y_AND2X1H7L_A:A (AND2X1H7L)                                                                                                                                                                 |        | 0.001       | 0.000      | 0.094      |             | 0.000  | 3.261r          |
| csr_mod.regs[3]_6__MUX4X1P4H7L_A_Y_AOI21X0P5H7L_A1_Y_AND2X1H7L_A:Y (AND2X1H7L)                                                                                                                                                                 |        | 0.002       | 0.000      | 0.029      |             | 0.054  | 3.316r          |
| csr_mod.regs[3]_6__MUX4X1P4H7L_A_Y_AOI21X0P5H7L_A1_Y_AND2X1H7L_A_Y (net)                                                                                                                                                                       | 2      |             |            |            | 0.000       |        |                 |
| csr_mod.regs[3]_6__MUX4X1P4H7L_A_Y_AOI21X0P5H7L_A1_Y_AND2X1H7L_A_Y_NAND2X0P5H7L_B:B (NAND2X0P5H7L)                                                                                                                                             |        | 0.001       | 0.000      | 0.029      |             | 0.000  | 3.316r          |
| csr_mod.regs[3]_6__MUX4X1P4H7L_A_Y_AOI21X0P5H7L_A1_Y_AND2X1H7L_A_Y_NAND2X0P5H7L_B:Y (NAND2X0P5H7L)                                                                                                                                             |        | 0.001       | 0.000      | 0.056      |             | 0.024  | 3.340f          |
| csr_mod.regs[3]_6__MUX4X1P4H7L_A_Y_AOI21X0P5H7L_A1_Y_AND2X1H7L_A_Y_NAND2X0P5H7L_B_Y (net)                                                                                                                                                      | 1      |             |            |            | 0.000       |        |                 |
| csr_mod.regs[3]_6__MUX4X1P4H7L_A_Y_AOI21X0P5H7L_A1_Y_AND2X1H7L_A_Y_NAND2X0P5H7L_B_Y_OAI211X0P7H7L_B0:B0 (OAI211X0P7H7L)                                                                                                                        |        | 0.001       | 0.000      | 0.056      |             | 0.000  | 3.340f          |
| csr_mod.regs[3]_6__MUX4X1P4H7L_A_Y_AOI21X0P5H7L_A1_Y_AND2X1H7L_A_Y_NAND2X0P5H7L_B_Y_OAI211X0P7H7L_B0:Y (OAI211X0P7H7L)                                                                                                                         |        | 0.001       | 0.000      | 0.065      |             | 0.033  | 3.373r          |
| csr_mod.regs[3]_6__MUX4X1P4H7L_A_Y_AOI21X0P5H7L_A1_Y_AND2X1H7L_A_Y_NAND2X0P5H7L_B_Y_OAI211X0P7H7L_B0_Y (net)                                                                                                                                   | 1      |             |            |            | 0.000       |        |                 |
| csr_mod.regs[3]_6__MUX4X1P4H7L_A_Y_AOI21X0P5H7L_A1_Y_AND2X1H7L_A_Y_NAND2X0P5H7L_B_Y_OAI211X0P7H7L_B0_Y_NAND2X0P5H7L_A:A (NAND2X0P5H7L)                                                                                                         |        | 0.001       | 0.000      | 0.065      |             | 0.000  | 3.373r          |
| csr_mod.regs[3]_6__MUX4X1P4H7L_A_Y_AOI21X0P5H7L_A1_Y_AND2X1H7L_A_Y_NAND2X0P5H7L_B_Y_OAI211X0P7H7L_B0_Y_NAND2X0P5H7L_A:Y (NAND2X0P5H7L)                                                                                                         |        | 0.001       | 0.000      | 0.034      |             | 0.028  | 3.401f          |
| csr_mod.regs[3]_6__MUX4X1P4H7L_A_Y_AOI21X0P5H7L_A1_Y_AND2X1H7L_A_Y_NAND2X0P5H7L_B_Y_OAI211X0P7H7L_B0_Y_NAND2X0P5H7L_A_Y (net)                                                                                                                  | 1      |             |            |            | 0.000       |        |                 |
| csr_mod.regs[3]_6__MUX4X1P4H7L_A_Y_AOI21X0P5H7L_A1_Y_AND2X1H7L_A_Y_NAND2X0P5H7L_B_Y_OAI211X0P7H7L_B0_Y_NAND2X0P5H7L_A_Y_AOI211X0P5H7L_C0:C0 (AOI211X0P5H7L)                                                                                    |        | 0.001       | 0.000      | 0.034      |             | 0.000  | 3.401f          |
| csr_mod.regs[3]_6__MUX4X1P4H7L_A_Y_AOI21X0P5H7L_A1_Y_AND2X1H7L_A_Y_NAND2X0P5H7L_B_Y_OAI211X0P7H7L_B0_Y_NAND2X0P5H7L_A_Y_AOI211X0P5H7L_C0:Y (AOI211X0P5H7L)                                                                                     |        | 0.001       | 0.000      | 0.088      |             | 0.062  | 3.462r          |
| csr_mod.regs[3]_6__MUX4X1P4H7L_A_Y_AOI21X0P5H7L_A1_Y_AND2X1H7L_A_Y_NAND2X0P5H7L_B_Y_OAI211X0P7H7L_B0_Y_NAND2X0P5H7L_A_Y_AOI211X0P5H7L_C0_Y (net)                                                                                               | 1      |             |            |            | 0.000       |        |                 |
| csr_mod.regs[3]_6__MUX4X1P4H7L_A_Y_AOI21X0P5H7L_A1_Y_AND2X1H7L_A_Y_NAND2X0P5H7L_B_Y_OAI211X0P7H7L_B0_Y_NAND2X0P5H7L_A_Y_AOI211X0P5H7L_C0_Y_AOI2BB2X0P5H7L_A1N:A1N (AOI2BB2X0P5H7L)                                                             |        | 0.001       | 0.000      | 0.088      |             | 0.000  | 3.462r          |
| csr_mod.regs[3]_6__MUX4X1P4H7L_A_Y_AOI21X0P5H7L_A1_Y_AND2X1H7L_A_Y_NAND2X0P5H7L_B_Y_OAI211X0P7H7L_B0_Y_NAND2X0P5H7L_A_Y_AOI211X0P5H7L_C0_Y_AOI2BB2X0P5H7L_A1N:Y (AOI2BB2X0P5H7L)                                                               |        | 0.003       | 0.000      | 0.117      |             | 0.094  | 3.557r          |
| pc_mod.pc_6__reg_p_D_OAI21X0P5H7L_Y_A1_MUX2X0P5H7L_Y_B_MUX2X0P5H7L_Y_B (net)                                                                                                                                                                   | 4      |             |            |            | 0.000       |        |                 |
| pc_mod.pc_6__reg_p_D_OAI21X0P5H7L_Y_A1_MUX2X0P5H7L_Y_A_NAND2X0P5H7L_B_Y_AOI32X0P5H7L_B0_Y_OA221X0P5H7L_C0:B0 (OA221X0P5H7L)                                                                                                                    |        | 0.001       | 0.000      | 0.117      |             | 0.000  | 3.557r          |
| pc_mod.pc_6__reg_p_D_OAI21X0P5H7L_Y_A1_MUX2X0P5H7L_Y_A_NAND2X0P5H7L_B_Y_AOI32X0P5H7L_B0_Y_OA221X0P5H7L_C0:Y (OA221X0P5H7L)                                                                                                                     |        | 0.006       | 0.000      | 0.107      |             | 0.119  | 3.676r          |
| reg_mod.regs[25]_6__reg_p_D_AOI21X0P5H7L_Y_A0 (net)                                                                                                                                                                                            | 8      |             |            |            | 0.000       |        |                 |
| reg_mod.regs[25]_6__reg_p_D_AOI21X0P5H7L_Y_A0_BUFX0P5H7L_A:A (BUFX0P5H7L)                                                                                                                                                                      |        | 0.001       | 0.000      | 0.107      |             | 0.000  | 3.676r          |
| reg_mod.regs[25]_6__reg_p_D_AOI21X0P5H7L_Y_A0_BUFX0P5H7L_A:Y (BUFX0P5H7L)                                                                                                                                                                      |        | 0.017       | 0.000      | 0.286      |             | 0.181  | 3.857r          |
| reg_mod.regs[1]_6__reg_p_D_AOI21X0P5H7L_Y_A0 (net)                                                                                                                                                                                             | 24     |             |            |            | 0.000       |        |                 |
| reg_mod.regs[9]_6__reg_p_D_AOI21X0P5H7L_Y:A0 (AOI21X0P5H7L)                                                                                                                                                                                    |        | 0.001       | 0.000      | 0.286      |             | 0.000  | 3.857r          |
| reg_mod.regs[9]_6__reg_p_D_AOI21X0P5H7L_Y:Y (AOI21X0P5H7L)                                                                                                                                                                                     |        | 0.001       | 0.000      | 0.067      |             | 0.046  | 3.903f          |
| reg_mod.regs[9]_6__reg_p_D (net)                                                                                                                                                                                                               | 1      |             |            |            | 0.000       |        |                 |
| reg_mod.regs[9]_6__reg_p:D (DFFQX1H7L)                                                                                                                                                                                                         |        | 0.001       | 0.000      | 0.067      |             | 0.000  | 3.903f          |
|                                                                                                                                                                                                                                                |        |             |            |            |             |        |                 |
| clock (port)                                                                                                                                                                                                                                   |        | 0.110       | 0.000      | 0.000      |             | 0.000  | 0.000r          |
| clock (clock net)                                                                                                                                                                                                                              | 105    |             |            |            | NA          |        |                 |
| reg_mod.regs[9]_0__reg_p_CK_ICGX0P5H7L_ECK:CK (ICGX0P5H7L)                                                                                                                                                                                     |        | 0.002       | 0.000      | 0.000      |             | 0.000  | 0.000r          |
| reg_mod.regs[9]_0__reg_p_CK_ICGX0P5H7L_ECK:ECK (ICGX0P5H7L)                                                                                                                                                                                    |        | 0.025       | 0.000      | 0.000      |             | 0.000  | 0.000r          |
| reg_mod.regs[9]_0__reg_p_CK (clock net)                                                                                                                                                                                                        | 32     |             |            |            | NA          |        |                 |
| reg_mod.regs[9]_6__reg_p:CK (DFFQX1H7L)                                                                                                                                                                                                        |        | 0.001       | 0.000      | 0.000      |             | 0.000  | 0.000r          |
| clock core_clock (rise edge)                                                                                                                                                                                                                   |        |             |            |            |             | 1.769  | 1.769           |
| clock network delay (ideal)                                                                                                                                                                                                                    |        |             |            |            |             | 0.000  | 1.769           |
| reg_mod.regs[9]_6__reg_p:CK (DFFQX1H7L)                                                                                                                                                                                                        |        |             |            |            |             |        | 1.769r          |
| library setup time                                                                                                                                                                                                                             |        |             |            |            |             | -0.050 | 1.719           |
| clock reconvergence pessimism                                                                                                                                                                                                                  |        |             |            |            |             | 0.000  | 1.719           |
|                                                                                                                                                                                                                                                |        |             |            |            |             |        |                 |
| path cell delay                                                                                                                                                                                                                                |        |             |            |            |             |        | 3.903(100.000%) |
| path net delay                                                                                                                                                                                                                                 |        |             |            |            |             |        | 0.000(0.000%)   |
|                                                                                                                                                                                                                                                |        |             |            |            |             |        |                 |
| data require time                                                                                                                                                                                                                              |        |             |            |            |             |        | 1.719           |
| data arrival time                                                                                                                                                                                                                              |        |             |            |            |             |        | 3.903           |
| slack (VIOLATED)                                                                                                                                                                                                                               |        |             |            |            |             |        | -2.184          |
+------------------------------------------------------------------------------------------------------------------------------------------------------------------------------------------------------------------------------------------------+--------+-------------+------------+------------+-------------+--------+-----------------+
+------------------------------------------------------------------------------------------------------------------------------------------------------------------------------------------------------------------------------------------------+--------+-------------+------------+------------+-------------+--------+-----------------+
| Point                                                                                                                                                                                                                                          | Fanout | Capacitance | Resistance | Transition | Delta Delay | Incr   | Path            |
+------------------------------------------------------------------------------------------------------------------------------------------------------------------------------------------------------------------------------------------------+--------+-------------+------------+------------+-------------+--------+-----------------+
| clock (port)                                                                                                                                                                                                                                   |        | 0.150       | 0.000      | 0.000      |             | 0.000  | 0.000r          |
| clock (clock net)                                                                                                                                                                                                                              | 105    |             |            |            | NA          |        |                 |
| pc_mod.pc_2__reg_p:CK (DFFQX1H7L)                                                                                                                                                                                                              |        | 0.001       | 0.000      | 0.000      |             | 0.000  | 0.000r          |
| clock core_clock (rise edge)                                                                                                                                                                                                                   |        |             |            |            |             | 0      | 0               |
| clock network delay (ideal)                                                                                                                                                                                                                    |        |             |            |            |             | 0.000  | 0.000           |
| pc_mod.pc_2__reg_p:CK (DFFQX1H7L)                                                                                                                                                                                                              |        | 0.001       | 0.000      | 0.000      |             | 0.000  | 0.000r          |
| pc_mod.pc_2__reg_p:Q (DFFQX1H7L)                                                                                                                                                                                                               |        | 0.002       | 0.000      | 0.029      |             | 0.067  | 0.067f          |
| pc_mod.pc_2_ (net)                                                                                                                                                                                                                             | 1      |             |            |            | 0.000       |        |                 |
| pc_mod.pc_2__BUFX7H7L_A:A (BUFX7H7L)                                                                                                                                                                                                           |        | 0.002       | 0.000      | 0.029      |             | 0.000  | 0.067f          |
| pc_mod.pc_2__BUFX7H7L_A:Y (BUFX7H7L)                                                                                                                                                                                                           |        | 0.012       | 0.000      | 0.027      |             | 0.046  | 0.113f          |
| pc_mod.pc_2__BUFX7H7L_A_Y (net)                                                                                                                                                                                                                | 4      |             |            |            | 0.000       |        |                 |
| pc_mod.pc_2__BUFX7H7L_A_Y_BUFX16H7L_A_1:A (BUFX16H7L)                                                                                                                                                                                          |        | 0.003       | 0.000      | 0.027      |             | 0.000  | 0.113f          |
| pc_mod.pc_2__BUFX7H7L_A_Y_BUFX16H7L_A_1:Y (BUFX16H7L)                                                                                                                                                                                          |        | 0.042       | 0.000      | 0.035      |             | 0.051  | 0.164f          |
| pc_mod.pc_2__BUFX7H7L_A_Y_BUFX16H7L_A_1_Y (net)                                                                                                                                                                                                | 22     |             |            |            | 0.000       |        |                 |
| icache_mod.block_cache[8]_20__MUX4X1P4H7L_A_S0_BUFX16H7L_Y:A (BUFX16H7L)                                                                                                                                                                       |        | 0.003       | 0.000      | 0.035      |             | 0.000  | 0.164f          |
| icache_mod.block_cache[8]_20__MUX4X1P4H7L_A_S0_BUFX16H7L_Y:Y (BUFX16H7L)                                                                                                                                                                       |        | 0.037       | 0.000      | 0.033      |             | 0.052  | 0.216f          |
| icache_mod.block_cache[8]_20__MUX4X1P4H7L_A_S0 (net)                                                                                                                                                                                           | 15     |             |            |            | 0.000       |        |                 |
| icache_mod.block_cache[8]_25__MUX4X1H7L_A_S0_BUFX12H7L_Y:A (BUFX12H7L)                                                                                                                                                                         |        | 0.003       | 0.000      | 0.033      |             | 0.000  | 0.216f          |
| icache_mod.block_cache[8]_25__MUX4X1H7L_A_S0_BUFX12H7L_Y:Y (BUFX12H7L)                                                                                                                                                                         |        | 0.039       | 0.000      | 0.041      |             | 0.056  | 0.273f          |
| icache_mod.block_cache[8]_25__MUX4X1H7L_A_S0 (net)                                                                                                                                                                                             | 14     |             |            |            | 0.000       |        |                 |
| icache_mod.block_cache[8]_25__MUX4X1H7L_A_S0_BUFX16H7L_A:A (BUFX16H7L)                                                                                                                                                                         |        | 0.003       | 0.000      | 0.041      |             | 0.000  | 0.273f          |
| icache_mod.block_cache[8]_25__MUX4X1H7L_A_S0_BUFX16H7L_A:Y (BUFX16H7L)                                                                                                                                                                         |        | 0.042       | 0.000      | 0.036      |             | 0.056  | 0.329f          |
| icache_mod.block_cache[4]_30__MUX4X1P4H7L_A_S0 (net)                                                                                                                                                                                           | 16     |             |            |            | 0.000       |        |                 |
| icache_mod.block_cache[8]_28__MUX4X1P4H7L_A:S0 (MUX4X1P4H7L)                                                                                                                                                                                   |        | 0.003       | 0.000      | 0.036      |             | 0.000  | 0.329f          |
| icache_mod.block_cache[8]_28__MUX4X1P4H7L_A:Y (MUX4X1P4H7L)                                                                                                                                                                                    |        | 0.001       | 0.000      | 0.036      |             | 0.089  | 0.418f          |
| icache_mod.block_cache[8]_28__MUX4X1P4H7L_A_Y (net)                                                                                                                                                                                            | 1      |             |            |            | 0.000       |        |                 |
| icache_mod.block_cache[8]_28__MUX4X1P4H7L_A_Y_AOI22X0P5H7L_A1:A1 (AOI22X0P5H7L)                                                                                                                                                                |        | 0.001       | 0.000      | 0.036      |             | 0.000  | 0.418f          |
| icache_mod.block_cache[8]_28__MUX4X1P4H7L_A_Y_AOI22X0P5H7L_A1:Y (AOI22X0P5H7L)                                                                                                                                                                 |        | 0.001       | 0.000      | 0.060      |             | 0.052  | 0.470r          |
| icache_mod.block_cache[8]_28__MUX4X1P4H7L_A_Y_AOI22X0P5H7L_A1_Y (net)                                                                                                                                                                          | 1      |             |            |            | 0.000       |        |                 |
| icache_mod.block_cache[8]_28__MUX4X1P4H7L_A_Y_AOI22X0P5H7L_A1_Y_NAND2X0P5H7L_A:A (NAND2X0P5H7L)                                                                                                                                                |        | 0.001       | 0.000      | 0.060      |             | 0.000  | 0.470r          |
| icache_mod.block_cache[8]_28__MUX4X1P4H7L_A_Y_AOI22X0P5H7L_A1_Y_NAND2X0P5H7L_A:Y (NAND2X0P5H7L)                                                                                                                                                |        | 0.004       | 0.000      | 0.079      |             | 0.061  | 0.531f          |
| icache_mod.block_cache[8]_28__MUX4X1P4H7L_A_Y_AOI22X0P5H7L_A1_Y_NAND2X0P5H7L_A_Y (net)                                                                                                                                                         | 5      |             |            |            | 0.000       |        |                 |
| icache_mod.block_cache[4]_30__MUX4X1P4H7L_A_Y_NAND2X0P5H7L_B_Y_AOI32X0P5H7L_A0_Y_NOR3X0P5H7L_C:B (NOR3X0P5H7L)                                                                                                                                 |        | 0.001       | 0.000      | 0.079      |             | 0.000  | 0.531f          |
| icache_mod.block_cache[4]_30__MUX4X1P4H7L_A_Y_NAND2X0P5H7L_B_Y_AOI32X0P5H7L_A0_Y_NOR3X0P5H7L_C:Y (NOR3X0P5H7L)                                                                                                                                 |        | 0.002       | 0.000      | 0.112      |             | 0.090  | 0.621r          |
| icache_mod.block_cache[4]_30__MUX4X1P4H7L_A_Y_NAND2X0P5H7L_B_Y_AOI32X0P5H7L_A0_Y_NOR3X0P5H7L_C_Y (net)                                                                                                                                         | 2      |             |            |            | 0.000       |        |                 |
| icache_mod.block_cache[4]_30__MUX4X1P4H7L_A_Y_NAND2X0P5H7L_B_Y_AOI32X0P5H7L_A0_Y_NOR3X0P5H7L_C_Y_NAND2X0P5H7L_B:B (NAND2X0P5H7L)                                                                                                               |        | 0.001       | 0.000      | 0.112      |             | 0.000  | 0.621r          |
| icache_mod.block_cache[4]_30__MUX4X1P4H7L_A_Y_NAND2X0P5H7L_B_Y_AOI32X0P5H7L_A0_Y_NOR3X0P5H7L_C_Y_NAND2X0P5H7L_B:Y (NAND2X0P5H7L)                                                                                                               |        | 0.003       | 0.000      | 0.070      |             | 0.055  | 0.676f          |
| icache_mod.block_cache[4]_30__MUX4X1P4H7L_A_Y_NAND2X0P5H7L_B_Y_AOI32X0P5H7L_A0_Y_NOR3X0P5H7L_C_Y_NAND2X0P5H7L_B_Y (net)                                                                                                                        | 3      |             |            |            | 0.000       |        |                 |
| reg_mod.regs[5]_15__MUX2X0P5H7L_A_Y_AOI221X0P5H7L_A1_Y_OA31X1H7L_A0_Y_OAI21X1P4H7L_B0_Y_AOI32X1P4H7L_A0_B0_AOAI211X0P5H7L_Y_A1_NOR2X1P4H7L_Y:A (NOR2X1P4H7L)                                                                                   |        | 0.001       | 0.000      | 0.070      |             | 0.000  | 0.676f          |
| reg_mod.regs[5]_15__MUX2X0P5H7L_A_Y_AOI221X0P5H7L_A1_Y_OA31X1H7L_A0_Y_OAI21X1P4H7L_B0_Y_AOI32X1P4H7L_A0_B0_AOAI211X0P5H7L_Y_A1_NOR2X1P4H7L_Y:Y (NOR2X1P4H7L)                                                                                   |        | 0.003       | 0.000      | 0.075      |             | 0.064  | 0.740r          |
| reg_mod.regs[5]_15__MUX2X0P5H7L_A_Y_AOI221X0P5H7L_A1_Y_OA31X1H7L_A0_Y_OAI21X1P4H7L_B0_Y_AOI32X1P4H7L_A0_B0_AOAI211X0P5H7L_Y_A1 (net)                                                                                                           | 2      |             |            |            | 0.000       |        |                 |
| reg_mod.regs[5]_15__MUX2X0P5H7L_A_Y_AOI221X0P5H7L_A1_Y_OA31X1H7L_A0_Y_OAI21X1P4H7L_B0_Y_AOI32X1P4H7L_A0_B0_AOAI211X0P5H7L_Y_A1_OAI21X4H7L_B0:B0 (OAI21X4H7L)                                                                                   |        | 0.002       | 0.000      | 0.075      |             | 0.000  | 0.740r          |
| reg_mod.regs[5]_15__MUX2X0P5H7L_A_Y_AOI221X0P5H7L_A1_Y_OA31X1H7L_A0_Y_OAI21X1P4H7L_B0_Y_AOI32X1P4H7L_A0_B0_AOAI211X0P5H7L_Y_A1_OAI21X4H7L_B0:Y (OAI21X4H7L)                                                                                    |        | 0.008       | 0.000      | 0.058      |             | 0.037  | 0.777f          |
| reg_mod.regs[19]_31__AOI221X0P5H7L_A0_C0_NAND3X1H7L_Y_C_AOA211X1P4H7L_C0_A0 (net)                                                                                                                                                              | 8      |             |            |            | 0.000       |        |                 |
| reg_mod.regs[19]_31__AOI221X0P5H7L_A0_C0_NAND3X1H7L_Y_C_AOA211X1P4H7L_C0_A0_NAND3X1P4H7L_C:C (NAND3X1P4H7L)                                                                                                                                    |        | 0.001       | 0.000      | 0.058      |             | 0.000  | 0.777f          |
| reg_mod.regs[19]_31__AOI221X0P5H7L_A0_C0_NAND3X1H7L_Y_C_AOA211X1P4H7L_C0_A0_NAND3X1P4H7L_C:Y (NAND3X1P4H7L)                                                                                                                                    |        | 0.001       | 0.000      | 0.043      |             | 0.029  | 0.806r          |
| reg_mod.regs[19]_31__AOI221X0P5H7L_A0_C0_NAND3X1H7L_Y_C_AOA211X1P4H7L_C0_A0_NAND3X1P4H7L_C_Y (net)                                                                                                                                             | 1      |             |            |            | 0.000       |        |                 |
| reg_mod.regs[19]_31__AOI221X0P5H7L_A0_C0_NAND3X1H7L_Y_C_AOA211X1P4H7L_C0_A0_NAND3X1P4H7L_C_Y_BUFX3P5H7L_A:A (BUFX3P5H7L)                                                                                                                       |        | 0.001       | 0.000      | 0.043      |             | 0.000  | 0.806r          |
| reg_mod.regs[19]_31__AOI221X0P5H7L_A0_C0_NAND3X1H7L_Y_C_AOA211X1P4H7L_C0_A0_NAND3X1P4H7L_C_Y_BUFX3P5H7L_A:Y (BUFX3P5H7L)                                                                                                                       |        | 0.015       | 0.000      | 0.083      |             | 0.073  | 0.879r          |
| pc_mod.pc_9__reg_p_D_AOI31X0P5H7L_Y_A0_OAI211X1P4H7L_Y_A0 (net)                                                                                                                                                                                | 18     |             |            |            | 0.000       |        |                 |
| pc_mod.pc_30__reg_p_D_AOA211X1P4H7L_Y_A0_OAI211X0P7H7L_Y_A1_AOI31X0P5H7L_Y_B0_AOAI211X0P5H7L_Y_B0_OAI211X0P7H7L_Y_B0_AOI21X0P5H7L_A1_B0_OAI21X0P5H7L_Y_A1_OAI21X0P5H7L_A1:B0 (OAI21X0P5H7L)                                                    |        | 0.001       | 0.000      | 0.083      |             | 0.000  | 0.879r          |
| pc_mod.pc_30__reg_p_D_AOA211X1P4H7L_Y_A0_OAI211X0P7H7L_Y_A1_AOI31X0P5H7L_Y_B0_AOAI211X0P5H7L_Y_B0_OAI211X0P7H7L_Y_B0_AOI21X0P5H7L_A1_B0_OAI21X0P5H7L_Y_A1_OAI21X0P5H7L_A1:Y (OAI21X0P5H7L)                                                     |        | 0.001       | 0.000      | 0.058      |             | 0.030  | 0.909f          |
| pc_mod.pc_30__reg_p_D_AOA211X1P4H7L_Y_A0_OAI211X0P7H7L_Y_A1_AOI31X0P5H7L_Y_B0_AOAI211X0P5H7L_Y_B0_OAI211X0P7H7L_Y_B0_AOI21X0P5H7L_A1_B0_OAI21X0P5H7L_Y_A1_OAI21X0P5H7L_A1_Y (net)                                                              | 1      |             |            |            | 0.000       |        |                 |
| pc_mod.pc_30__reg_p_D_AOA211X1P4H7L_Y_A0_OAI211X0P7H7L_Y_A1_AOI31X0P5H7L_Y_B0_AOAI211X0P5H7L_Y_B0_OAI211X0P7H7L_Y_B0_AOI21X0P5H7L_A1_B0_OAI21X0P5H7L_Y_A1_OAI21X0P5H7L_A1_Y_BUFX5H7L_A:A (BUFX5H7L)                                            |        | 0.001       | 0.000      | 0.058      |             | 0.000  | 0.909f          |
| pc_mod.pc_30__reg_p_D_AOA211X1P4H7L_Y_A0_OAI211X0P7H7L_Y_A1_AOI31X0P5H7L_Y_B0_AOAI211X0P5H7L_Y_B0_OAI211X0P7H7L_Y_B0_AOI21X0P5H7L_A1_B0_OAI21X0P5H7L_Y_A1_OAI21X0P5H7L_A1_Y_BUFX5H7L_A:Y (BUFX5H7L)                                            |        | 0.018       | 0.000      | 0.046      |             | 0.070  | 0.979f          |
| pc_mod.pc_27__reg_p_D_OAI21X0P5H7L_Y_A1_OA211X1H7L_Y_A0_OAOI211X0P5H7L_Y_C0 (net)                                                                                                                                                              | 22     |             |            |            | 0.000       |        |                 |
| pc_mod.pc_30__reg_p_D_AOA211X1P4H7L_Y_A0_OAI211X0P7H7L_Y_A1_AOI31X0P5H7L_Y_B0_AOAI211X0P5H7L_Y_B0_OAI211X0P7H7L_Y_B0_AOI21X0P5H7L_A1_A0_AOI31X0P5H7L_A2:B0 (AOI31X0P5H7L)                                                                      |        | 0.001       | 0.000      | 0.046      |             | 0.000  | 0.979f          |
| pc_mod.pc_30__reg_p_D_AOA211X1P4H7L_Y_A0_OAI211X0P7H7L_Y_A1_AOI31X0P5H7L_Y_B0_AOAI211X0P5H7L_Y_B0_OAI211X0P7H7L_Y_B0_AOI21X0P5H7L_A1_A0_AOI31X0P5H7L_A2:Y (AOI31X0P5H7L)                                                                       |        | 0.002       | 0.000      | 0.106      |             | 0.067  | 1.046r          |
| io_master_wstrb_AOAI211X0P5H7L_Y_B0_AOI21X0P5H7L_Y_A1_NOR4X0P5H7L_Y_C_AND2X1H7L_A_B_NAND2X0P5H7L_Y_B_OAI21X0P5H7L_Y_A1 (net)                                                                                                                   | 3      |             |            |            | 0.000       |        |                 |
| io_master_wstrb_AOAI211X0P5H7L_Y_B0_AOI21X0P5H7L_Y_A1_NOR4X0P5H7L_Y_C_AND2X1H7L_A_B_NAND2X0P5H7L_Y_B_OAI21X0P5H7L_Y:A1 (OAI21X0P5H7L)                                                                                                          |        | 0.001       | 0.000      | 0.106      |             | 0.000  | 1.046r          |
| io_master_wstrb_AOAI211X0P5H7L_Y_B0_AOI21X0P5H7L_Y_A1_NOR4X0P5H7L_Y_C_AND2X1H7L_A_B_NAND2X0P5H7L_Y_B_OAI21X0P5H7L_Y:Y (OAI21X0P5H7L)                                                                                                           |        | 0.001       | 0.000      | 0.041      |             | 0.036  | 1.082f          |
| io_master_wstrb_AOAI211X0P5H7L_Y_B0_AOI21X0P5H7L_Y_A1_NOR4X0P5H7L_Y_C_AND2X1H7L_A_B_NAND2X0P5H7L_Y_B (net)                                                                                                                                     | 1      |             |            |            | 0.000       |        |                 |
| io_master_wstrb_AOAI211X0P5H7L_Y_B0_AOI21X0P5H7L_Y_A1_NOR4X0P5H7L_Y_C_AND2X1H7L_A_B_NAND2X0P5H7L_Y:B (NAND2X0P5H7L)                                                                                                                            |        | 0.001       | 0.000      | 0.041      |             | 0.000  | 1.082f          |
| io_master_wstrb_AOAI211X0P5H7L_Y_B0_AOI21X0P5H7L_Y_A1_NOR4X0P5H7L_Y_C_AND2X1H7L_A_B_NAND2X0P5H7L_Y:Y (NAND2X0P5H7L)                                                                                                                            |        | 0.002       | 0.000      | 0.055      |             | 0.042  | 1.124r          |
| io_master_wstrb_AOAI211X0P5H7L_Y_B0_AOI21X0P5H7L_Y_A1_NOR4X0P5H7L_Y_C_AND2X1H7L_A_B (net)                                                                                                                                                      | 3      |             |            |            | 0.000       |        |                 |
| decode_mod.bus_out_rs1_4__NOR2BX1H7L_Z_AN_AOI21X0P5H7L_A0_A1_AOI21X0P5H7L_B0_A1_OAI21X0P5H7L_Y_A1_AOI22X0P5H7L_Y:B1 (AOI22X0P5H7L)                                                                                                             |        | 0.001       | 0.000      | 0.055      |             | 0.000  | 1.124r          |
| decode_mod.bus_out_rs1_4__NOR2BX1H7L_Z_AN_AOI21X0P5H7L_A0_A1_AOI21X0P5H7L_B0_A1_OAI21X0P5H7L_Y_A1_AOI22X0P5H7L_Y:Y (AOI22X0P5H7L)                                                                                                              |        | 0.001       | 0.000      | 0.067      |             | 0.029  | 1.153f          |
| decode_mod.bus_out_rs1_4__NOR2BX1H7L_Z_AN_AOI21X0P5H7L_A0_A1_AOI21X0P5H7L_B0_A1_OAI21X0P5H7L_Y_A1 (net)                                                                                                                                        | 1      |             |            |            | 0.000       |        |                 |
| decode_mod.bus_out_rs1_4__NOR2BX1H7L_Z_AN_AOI21X0P5H7L_A0_A1_AOI21X0P5H7L_B0_A1_OAI21X0P5H7L_Y:A1 (OAI21X0P5H7L)                                                                                                                               |        | 0.001       | 0.000      | 0.067      |             | 0.000  | 1.153f          |
| decode_mod.bus_out_rs1_4__NOR2BX1H7L_Z_AN_AOI21X0P5H7L_A0_A1_AOI21X0P5H7L_B0_A1_OAI21X0P5H7L_Y:Y (OAI21X0P5H7L)                                                                                                                                |        | 0.002       | 0.000      | 0.079      |             | 0.067  | 1.220r          |
| decode_mod.bus_out_rs1_4__NOR2BX1H7L_Z_AN_AOI21X0P5H7L_A0_A1_AOI21X0P5H7L_B0_A1 (net)                                                                                                                                                          | 2      |             |            |            | 0.000       |        |                 |
| decode_mod.bus_out_rs1_4__NOR2BX1H7L_Z_AN_AOI21X0P5H7L_A0_A1_AOI21X0P5H7L_B0_A1_OAI21X0P5H7L_A1:A1 (OAI21X0P5H7L)                                                                                                                              |        | 0.001       | 0.000      | 0.079      |             | 0.000  | 1.220r          |
| decode_mod.bus_out_rs1_4__NOR2BX1H7L_Z_AN_AOI21X0P5H7L_A0_A1_AOI21X0P5H7L_B0_A1_OAI21X0P5H7L_A1:Y (OAI21X0P5H7L)                                                                                                                               |        | 0.004       | 0.000      | 0.106      |             | 0.070  | 1.291f          |
| decode_mod.bus_out_rs1_4__NOR2BX1H7L_Z_B (net)                                                                                                                                                                                                 | 5      |             |            |            | 0.000       |        |                 |
| decode_mod.bus_out_rs1_2__NOR2X0P5H7L_Y:B (NOR2X0P5H7L)                                                                                                                                                                                        |        | 0.001       | 0.000      | 0.106      |             | 0.000  | 1.291f          |
| decode_mod.bus_out_rs1_2__NOR2X0P5H7L_Y:Y (NOR2X0P5H7L)                                                                                                                                                                                        |        | 0.001       | 0.000      | 0.066      |             | 0.060  | 1.351r          |
| decode_mod.bus_out_rs1_2_ (net)                                                                                                                                                                                                                | 1      |             |            |            | 0.000       |        |                 |
| decode_mod.bus_out_rs1_2__BUFX5H7L_A:A (BUFX5H7L)                                                                                                                                                                                              |        | 0.001       | 0.000      | 0.066      |             | 0.000  | 1.351r          |
| decode_mod.bus_out_rs1_2__BUFX5H7L_A:Y (BUFX5H7L)                                                                                                                                                                                              |        | 0.018       | 0.000      | 0.071      |             | 0.071  | 1.422r          |
| reg_mod.regs[8]_11__MUX4X1P4H7L_A_S0 (net)                                                                                                                                                                                                     | 8      |             |            |            | 0.000       |        |                 |
| reg_mod.regs[8]_11__MUX4X1P4H7L_A_S0_BUFX8H7L_A:A (BUFX8H7L)                                                                                                                                                                                   |        | 0.002       | 0.000      | 0.071      |             | 0.000  | 1.422r          |
| reg_mod.regs[8]_11__MUX4X1P4H7L_A_S0_BUFX8H7L_A:Y (BUFX8H7L)                                                                                                                                                                                   |        | 0.035       | 0.000      | 0.087      |             | 0.078  | 1.499r          |
| reg_mod.regs[8]_1__MUX4X1P4H7L_A_S0 (net)                                                                                                                                                                                                      | 13     |             |            |            | 0.000       |        |                 |
| reg_mod.regs[8]_1__MUX4X1P4H7L_A_S0_BUFX8H7L_A:A (BUFX8H7L)                                                                                                                                                                                    |        | 0.002       | 0.000      | 0.087      |             | 0.000  | 1.499r          |
| reg_mod.regs[8]_1__MUX4X1P4H7L_A_S0_BUFX8H7L_A:Y (BUFX8H7L)                                                                                                                                                                                    |        | 0.040       | 0.000      | 0.097      |             | 0.085  | 1.585r          |
| reg_mod.regs[2]_9__MUX4X1P4H7L_A_S0 (net)                                                                                                                                                                                                      | 14     |             |            |            | 0.000       |        |                 |
| reg_mod.regs[2]_9__MUX4X1P4H7L_A_S0_BUFX10H7L_A:A (BUFX10H7L)                                                                                                                                                                                  |        | 0.002       | 0.000      | 0.097      |             | 0.000  | 1.585r          |
| reg_mod.regs[2]_9__MUX4X1P4H7L_A_S0_BUFX10H7L_A:Y (BUFX10H7L)                                                                                                                                                                                  |        | 0.038       | 0.000      | 0.077      |             | 0.076  | 1.661r          |
| reg_mod.regs[8]_8__MUX4X1P4H7L_A_S1 (net)                                                                                                                                                                                                      | 20     |             |            |            | 0.000       |        |                 |
| reg_mod.regs[8]_21__MUX4X1P4H7L_A_S0_BUFX10H7L_Y:A (BUFX10H7L)                                                                                                                                                                                 |        | 0.002       | 0.000      | 0.077      |             | 0.000  | 1.661r          |
| reg_mod.regs[8]_21__MUX4X1P4H7L_A_S0_BUFX10H7L_Y:Y (BUFX10H7L)                                                                                                                                                                                 |        | 0.039       | 0.000      | 0.078      |             | 0.074  | 1.734r          |
| reg_mod.regs[8]_21__MUX4X1P4H7L_A_S0 (net)                                                                                                                                                                                                     | 19     |             |            |            | 0.000       |        |                 |
| reg_mod.regs[8]_22__MUX4X1P4H7L_A_S1_BUFX10H7L_Y:A (BUFX10H7L)                                                                                                                                                                                 |        | 0.002       | 0.000      | 0.078      |             | 0.000  | 1.734r          |
| reg_mod.regs[8]_22__MUX4X1P4H7L_A_S1_BUFX10H7L_Y:Y (BUFX10H7L)                                                                                                                                                                                 |        | 0.039       | 0.000      | 0.077      |             | 0.074  | 1.808r          |
| reg_mod.regs[8]_22__MUX4X1P4H7L_A_S1 (net)                                                                                                                                                                                                     | 16     |             |            |            | 0.000       |        |                 |
| reg_mod.regs[2]_23__MUX4X1P4H7L_A_S1_BUFX7H7L_Y:A (BUFX7H7L)                                                                                                                                                                                   |        | 0.002       | 0.000      | 0.077      |             | 0.000  | 1.808r          |
| reg_mod.regs[2]_23__MUX4X1P4H7L_A_S1_BUFX7H7L_Y:Y (BUFX7H7L)                                                                                                                                                                                   |        | 0.039       | 0.000      | 0.104      |             | 0.088  | 1.896r          |
| reg_mod.regs[2]_23__MUX4X1P4H7L_A_S1 (net)                                                                                                                                                                                                     | 15     |             |            |            | 0.000       |        |                 |
| reg_mod.regs[2]_23__MUX4X1P4H7L_A_S1_BUFX7H7L_A:A (BUFX7H7L)                                                                                                                                                                                   |        | 0.002       | 0.000      | 0.104      |             | 0.000  | 1.896r          |
| reg_mod.regs[2]_23__MUX4X1P4H7L_A_S1_BUFX7H7L_A:Y (BUFX7H7L)                                                                                                                                                                                   |        | 0.040       | 0.000      | 0.107      |             | 0.093  | 1.990r          |
| reg_mod.regs[2]_25__MUX4X1P4H7L_A_S1 (net)                                                                                                                                                                                                     | 24     |             |            |            | 0.000       |        |                 |
| reg_mod.regs[1]_26__AOI221X0P5H7L_A0:B1 (AOI221X0P5H7L)                                                                                                                                                                                        |        | 0.001       | 0.000      | 0.107      |             | 0.000  | 1.990r          |
| reg_mod.regs[1]_26__AOI221X0P5H7L_A0:Y (AOI221X0P5H7L)                                                                                                                                                                                         |        | 0.001       | 0.000      | 0.057      |             | 0.042  | 2.032f          |
| reg_mod.regs[1]_26__AOI221X0P5H7L_A0_Y (net)                                                                                                                                                                                                   | 1      |             |            |            | 0.000       |        |                 |
| reg_mod.regs[1]_26__AOI221X0P5H7L_A0_Y_OAI31X0P5H7L_A2:A2 (OAI31X0P5H7L)                                                                                                                                                                       |        | 0.001       | 0.000      | 0.057      |             | 0.000  | 2.032f          |
| reg_mod.regs[1]_26__AOI221X0P5H7L_A0_Y_OAI31X0P5H7L_A2:Y (OAI31X0P5H7L)                                                                                                                                                                        |        | 0.001       | 0.000      | 0.080      |             | 0.066  | 2.098r          |
| reg_mod.regs[1]_26__AOI221X0P5H7L_A0_Y_OAI31X0P5H7L_A2_Y (net)                                                                                                                                                                                 | 1      |             |            |            | 0.000       |        |                 |
| reg_mod.regs[1]_26__AOI221X0P5H7L_A0_Y_OAI31X0P5H7L_A2_Y_OAI21X0P5H7L_A1:A1 (OAI21X0P5H7L)                                                                                                                                                     |        | 0.001       | 0.000      | 0.080      |             | 0.000  | 2.098r          |
| reg_mod.regs[1]_26__AOI221X0P5H7L_A0_Y_OAI31X0P5H7L_A2_Y_OAI21X0P5H7L_A1:Y (OAI21X0P5H7L)                                                                                                                                                      |        | 0.004       | 0.000      | 0.082      |             | 0.067  | 2.164f          |
| reg_mod.regs[1]_26__AOI221X0P5H7L_A0_Y_OAI31X0P5H7L_A2_Y_OAI21X0P5H7L_A1_Y (net)                                                                                                                                                               | 4      |             |            |            | 0.000       |        |                 |
| reg_mod.regs[18]_26__MUX2X0P5H7L_A_Y_MUXI2X0P5H7L_A_Y_NOR3X0P5H7L_C_Y_AOI221X2H7L_C0_Y_XNOR2X1H7L_B:A (XNOR2X1H7L)                                                                                                                             |        | 0.002       | 0.000      | 0.082      |             | 0.000  | 2.164f          |
| reg_mod.regs[18]_26__MUX2X0P5H7L_A_Y_MUXI2X0P5H7L_A_Y_NOR3X0P5H7L_C_Y_AOI221X2H7L_C0_Y_XNOR2X1H7L_B:Y (XNOR2X1H7L)                                                                                                                             |        | 0.001       | 0.000      | 0.027      |             | 0.064  | 2.229f          |
| reg_mod.regs[18]_26__MUX2X0P5H7L_A_Y_MUXI2X0P5H7L_A_Y_NOR3X0P5H7L_C_Y_AOI221X2H7L_C0_Y_XNOR2X1H7L_B_Y (net)                                                                                                                                    | 1      |             |            |            | 0.000       |        |                 |
| reg_mod.regs[18]_26__MUX2X0P5H7L_A_Y_MUXI2X0P5H7L_A_Y_NOR3X0P5H7L_C_Y_AOI221X2H7L_C0_Y_XNOR2X1H7L_B_Y_OAI211X2H7L_B0:B0 (OAI211X2H7L)                                                                                                          |        | 0.001       | 0.000      | 0.027      |             | 0.000  | 2.229f          |
| reg_mod.regs[18]_26__MUX2X0P5H7L_A_Y_MUXI2X0P5H7L_A_Y_NOR3X0P5H7L_C_Y_AOI221X2H7L_C0_Y_XNOR2X1H7L_B_Y_OAI211X2H7L_B0:Y (OAI211X2H7L)                                                                                                           |        | 0.004       | 0.000      | 0.100      |             | 0.037  | 2.265r          |
| reg_mod.regs[18]_26__MUX2X0P5H7L_A_Y_MUXI2X0P5H7L_A_Y_NOR3X0P5H7L_C_Y_AOI221X2H7L_C0_Y_XNOR2X1H7L_B_Y_OAI211X2H7L_B0_Y (net)                                                                                                                   | 2      |             |            |            | 0.000       |        |                 |
| reg_mod.regs[18]_26__MUX2X0P5H7L_A_Y_MUXI2X0P5H7L_A_Y_NOR3X0P5H7L_C_Y_AOI221X2H7L_C0_Y_XNOR2X1H7L_B_Y_OAI211X2H7L_B0_Y_OAI221X1P4H7L_B1:B1 (OAI221X1P4H7L)                                                                                     |        | 0.001       | 0.000      | 0.100      |             | 0.000  | 2.265r          |
| reg_mod.regs[18]_26__MUX2X0P5H7L_A_Y_MUXI2X0P5H7L_A_Y_NOR3X0P5H7L_C_Y_AOI221X2H7L_C0_Y_XNOR2X1H7L_B_Y_OAI211X2H7L_B0_Y_OAI221X1P4H7L_B1:Y (OAI221X1P4H7L)                                                                                      |        | 0.002       | 0.000      | 0.057      |             | 0.056  | 2.321f          |
| reg_mod.regs[25]_19__OA221X0P5H7L_A0_Y_OAI211X1P4H7L_A1_Y_AO31X0P5H7L_A1_Y_AOI21BX0P5H7L_A1_Y_AOI211X0P5H7L_A1_Y_NOR4X1H7L_A_B (net)                                                                                                           | 3      |             |            |            | 0.000       |        |                 |
| reg_mod.regs[25]_19__OA221X0P5H7L_A0_Y_OAI211X1P4H7L_A1_Y_AO31X0P5H7L_A1_Y_AOI21BX0P5H7L_A1_Y_AOI211X0P5H7L_A1_Y_NOR4X1H7L_A:B (NOR4X1H7L)                                                                                                     |        | 0.001       | 0.000      | 0.057      |             | 0.000  | 2.321f          |
| reg_mod.regs[25]_19__OA221X0P5H7L_A0_Y_OAI211X1P4H7L_A1_Y_AO31X0P5H7L_A1_Y_AOI21BX0P5H7L_A1_Y_AOI211X0P5H7L_A1_Y_NOR4X1H7L_A:Y (NOR4X1H7L)                                                                                                     |        | 0.001       | 0.000      | 0.091      |             | 0.078  | 2.399r          |
| reg_mod.regs[25]_19__OA221X0P5H7L_A0_Y_OAI211X1P4H7L_A1_Y_AO31X0P5H7L_A1_Y_AOI21BX0P5H7L_A1_Y_AOI211X0P5H7L_A1_Y_NOR4X1H7L_A_Y (net)                                                                                                           | 1      |             |            |            | 0.000       |        |                 |
| reg_mod.regs[4]_15__MUX2X0P5H7L_A_Y_OAI211X0P7H7L_A1_Y_NAND3X0P5H7L_C_Y_NAND3X0P7H7L_C_Y_AOI32X0P5H7L_B1_Y_OAI221X1P4H7L_A1:C0 (OAI221X1P4H7L)                                                                                                 |        | 0.001       | 0.000      | 0.091      |             | 0.000  | 2.399r          |
| reg_mod.regs[4]_15__MUX2X0P5H7L_A_Y_OAI211X0P7H7L_A1_Y_NAND3X0P5H7L_C_Y_NAND3X0P7H7L_C_Y_AOI32X0P5H7L_B1_Y_OAI221X1P4H7L_A1:Y (OAI221X1P4H7L)                                                                                                  |        | 0.002       | 0.000      | 0.047      |             | 0.038  | 2.437f          |
| reg_mod.regs[4]_29__MUX2X0P5H7L_A_Y_OAI211X0P7H7L_A1_Y_OAOI211X0P5H7L_B0_Y_OAI211X0P7H7L_A0_Y_OAI221X1P4H7L_C0_Y_NOR3BX3H7L_C_AN (net)                                                                                                         | 2      |             |            |            | 0.000       |        |                 |
| reg_mod.regs[4]_29__MUX2X0P5H7L_A_Y_OAI211X0P7H7L_A1_Y_OAOI211X0P5H7L_B0_Y_OAI211X0P7H7L_A0_Y_OAI221X1P4H7L_C0_Y_NOR3BX3H7L_C_AN_NOR2BX1P4H7L_AN:AN (NOR2BX1P4H7L)                                                                             |        | 0.001       | 0.000      | 0.047      |             | 0.000  | 2.437f          |
| reg_mod.regs[4]_29__MUX2X0P5H7L_A_Y_OAI211X0P7H7L_A1_Y_OAOI211X0P5H7L_B0_Y_OAI211X0P7H7L_A0_Y_OAI221X1P4H7L_C0_Y_NOR3BX3H7L_C_AN_NOR2BX1P4H7L_AN:Z (NOR2BX1P4H7L)                                                                              |        | 0.003       | 0.000      | 0.042      |             | 0.050  | 2.488f          |
| reg_mod.regs[4]_29__MUX2X0P5H7L_A_Y_OAI211X0P7H7L_A1_Y_OAOI211X0P5H7L_B0_Y_OAI211X0P7H7L_A0_Y_OAI221X1P4H7L_C0_Y_NOR3BX3H7L_C_AN_NOR2BX1P4H7L_AN_Z (net)                                                                                       | 2      |             |            |            | 0.000       |        |                 |
| reg_mod.regs[4]_29__MUX2X0P5H7L_A_Y_OAI211X0P7H7L_A1_Y_OAOI211X0P5H7L_B0_Y_OAI211X0P7H7L_A0_Y_OAI221X1P4H7L_C0_Y_NOR3BX3H7L_C_AN_NOR2BX1P4H7L_AN_Z_NOR2BX1P4H7L_B:B (NOR2BX1P4H7L)                                                             |        | 0.001       | 0.000      | 0.042      |             | 0.000  | 2.488f          |
| reg_mod.regs[4]_29__MUX2X0P5H7L_A_Y_OAI211X0P7H7L_A1_Y_OAOI211X0P5H7L_B0_Y_OAI211X0P7H7L_A0_Y_OAI221X1P4H7L_C0_Y_NOR3BX3H7L_C_AN_NOR2BX1P4H7L_AN_Z_NOR2BX1P4H7L_B:Z (NOR2BX1P4H7L)                                                             |        | 0.002       | 0.000      | 0.050      |             | 0.043  | 2.530r          |
| reg_mod.regs[4]_29__MUX2X0P5H7L_A_Y_OAI211X0P7H7L_A1_Y_OAOI211X0P5H7L_B0_Y_OAI211X0P7H7L_A0_Y_OAI221X1P4H7L_C0_Y_NOR3BX3H7L_C_AN_NOR2BX1P4H7L_AN_Z_NOR2BX1P4H7L_B_Z (net)                                                                      | 2      |             |            |            | 0.000       |        |                 |
| reg_mod.regs[4]_29__MUX2X0P5H7L_A_Y_OAI211X0P7H7L_A1_Y_OAOI211X0P5H7L_B0_Y_OAI211X0P7H7L_A0_Y_OAI221X1P4H7L_C0_Y_NOR3BX3H7L_C_Y_NOR2BX1H7L_B_Z_OAI2BB1X0P5H7L_A1N_B0_OAI21X0P5H7L_Y:A1 (OAI21X0P5H7L)                                          |        | 0.001       | 0.000      | 0.050      |             | 0.000  | 2.530r          |
| reg_mod.regs[4]_29__MUX2X0P5H7L_A_Y_OAI211X0P7H7L_A1_Y_OAOI211X0P5H7L_B0_Y_OAI211X0P7H7L_A0_Y_OAI221X1P4H7L_C0_Y_NOR3BX3H7L_C_Y_NOR2BX1H7L_B_Z_OAI2BB1X0P5H7L_A1N_B0_OAI21X0P5H7L_Y:Y (OAI21X0P5H7L)                                           |        | 0.001       | 0.000      | 0.053      |             | 0.030  | 2.560f          |
| reg_mod.regs[4]_29__MUX2X0P5H7L_A_Y_OAI211X0P7H7L_A1_Y_OAOI211X0P5H7L_B0_Y_OAI211X0P7H7L_A0_Y_OAI221X1P4H7L_C0_Y_NOR3BX3H7L_C_Y_NOR2BX1H7L_B_Z_OAI2BB1X0P5H7L_A1N_B0 (net)                                                                     | 1      |             |            |            | 0.000       |        |                 |
| reg_mod.regs[4]_29__MUX2X0P5H7L_A_Y_OAI211X0P7H7L_A1_Y_OAOI211X0P5H7L_B0_Y_OAI211X0P7H7L_A0_Y_OAI221X1P4H7L_C0_Y_NOR3BX3H7L_C_Y_NOR2BX1H7L_B_Z_OAI2BB1X0P5H7L_A1N:B0 (OAI2BB1X0P5H7L)                                                          |        | 0.001       | 0.000      | 0.053      |             | 0.000  | 2.560f          |
| reg_mod.regs[4]_29__MUX2X0P5H7L_A_Y_OAI211X0P7H7L_A1_Y_OAOI211X0P5H7L_B0_Y_OAI211X0P7H7L_A0_Y_OAI221X1P4H7L_C0_Y_NOR3BX3H7L_C_Y_NOR2BX1H7L_B_Z_OAI2BB1X0P5H7L_A1N:Y (OAI2BB1X0P5H7L)                                                           |        | 0.003       | 0.000      | 0.068      |             | 0.054  | 2.614r          |
| csr_mod.regs[3]_0__reg_p_D_OAI21X0P5H7L_Y_A1_INVX0P5H7L_Y_A_AOAI211X0P5H7L_Y_A0_NAND2X0P5H7L_A_Y_AOI21X0P5H7L_B0_Y_AO211X1P4H7L_B0_A0 (net)                                                                                                    | 4      |             |            |            | 0.000       |        |                 |
| pc_mod.pc_30__reg_p_D_AOA211X1P4H7L_Y_A0_OAI211X0P7H7L_Y_A1_AOI31X0P5H7L_Y_B0_AOAI211X0P5H7L_Y_B0_OAI211X0P7H7L_Y_B0_AOI21X0P5H7L_A1_B0_OAI21X0P5H7L_Y_B0_OAOI211X0P5H7L_C0_A0_OR2X1P4H7L_Y:B (OR2X1P4H7L)                                     |        | 0.001       | 0.000      | 0.068      |             | 0.000  | 2.614r          |
| pc_mod.pc_30__reg_p_D_AOA211X1P4H7L_Y_A0_OAI211X0P7H7L_Y_A1_AOI31X0P5H7L_Y_B0_AOAI211X0P5H7L_Y_B0_OAI211X0P7H7L_Y_B0_AOI21X0P5H7L_A1_B0_OAI21X0P5H7L_Y_B0_OAOI211X0P5H7L_C0_A0_OR2X1P4H7L_Y:Y (OR2X1P4H7L)                                     |        | 0.002       | 0.000      | 0.029      |             | 0.043  | 2.657r          |
| pc_mod.pc_30__reg_p_D_AOA211X1P4H7L_Y_A0_OAI211X0P7H7L_Y_A1_AOI31X0P5H7L_Y_B0_AOAI211X0P5H7L_Y_B0_OAI211X0P7H7L_Y_B0_AOI21X0P5H7L_A1_B0_OAI21X0P5H7L_Y_B0_OAOI211X0P5H7L_C0_A0 (net)                                                           | 2      |             |            |            | 0.000       |        |                 |
| pc_mod.pc_30__reg_p_D_AOA211X1P4H7L_Y_A0_OAI211X0P7H7L_Y_A1_AOI31X0P5H7L_Y_B0_AOAI211X0P5H7L_Y_B0_OAI211X0P7H7L_Y_B0_AOI21X0P5H7L_A1_B0_OAI21X0P5H7L_Y_B0_OAOI211X0P5H7L_C0_A0_NOR2X0P5H7L_B:B (NOR2X0P5H7L)                                   |        | 0.001       | 0.000      | 0.029      |             | 0.000  | 2.657r          |
| pc_mod.pc_30__reg_p_D_AOA211X1P4H7L_Y_A0_OAI211X0P7H7L_Y_A1_AOI31X0P5H7L_Y_B0_AOAI211X0P5H7L_Y_B0_OAI211X0P7H7L_Y_B0_AOI21X0P5H7L_A1_B0_OAI21X0P5H7L_Y_B0_OAOI211X0P5H7L_C0_A0_NOR2X0P5H7L_B:Y (NOR2X0P5H7L)                                   |        | 0.001       | 0.000      | 0.040      |             | 0.016  | 2.673f          |
| pc_mod.pc_30__reg_p_D_AOA211X1P4H7L_Y_A0_OAI211X0P7H7L_Y_A1_AOI31X0P5H7L_Y_B0_AOAI211X0P5H7L_Y_B0_OAI211X0P7H7L_Y_B0_AOI21X0P5H7L_A1_B0_OAI21X0P5H7L_Y_B0_OAOI211X0P5H7L_C0_A0_NOR2X0P5H7L_B_Y (net)                                           | 1      |             |            |            | 0.000       |        |                 |
| pc_mod.pc_30__reg_p_D_AOA211X1P4H7L_Y_A0_OAI211X0P7H7L_Y_A1_AOI31X0P5H7L_Y_B0_AOAI211X0P5H7L_Y_B0_OAI211X0P7H7L_Y_B0_AOI21X0P5H7L_A1_B0_OAI21X0P5H7L_Y_B0_OAOI211X0P5H7L_C0_A0_NOR2X0P5H7L_B_Y_AOAI211X0P5H7L_B0:B0 (AOAI211X0P5H7L)           |        | 0.001       | 0.000      | 0.040      |             | 0.000  | 2.673f          |
| pc_mod.pc_30__reg_p_D_AOA211X1P4H7L_Y_A0_OAI211X0P7H7L_Y_A1_AOI31X0P5H7L_Y_B0_AOAI211X0P5H7L_Y_B0_OAI211X0P7H7L_Y_B0_AOI21X0P5H7L_A1_B0_OAI21X0P5H7L_Y_B0_OAOI211X0P5H7L_C0_A0_NOR2X0P5H7L_B_Y_AOAI211X0P5H7L_B0:Y (AOAI211X0P5H7L)            |        | 0.001       | 0.000      | 0.074      |             | 0.052  | 2.725r          |
| pc_mod.pc_30__reg_p_D_AOA211X1P4H7L_Y_A0_OAI211X0P7H7L_Y_A1_AOI31X0P5H7L_Y_B0_AOAI211X0P5H7L_Y_B0_OAI211X0P7H7L_Y_B0_AOI21X0P5H7L_A1_B0_OAI21X0P5H7L_Y_B0_OAOI211X0P5H7L_C0_A0_NOR2X0P5H7L_B_Y_AOAI211X0P5H7L_B0_Y (net)                       | 1      |             |            |            | 0.000       |        |                 |
| pc_mod.pc_30__reg_p_D_AOA211X1P4H7L_Y_A0_OAI211X0P7H7L_Y_A1_AOI31X0P5H7L_Y_B0_AOAI211X0P5H7L_Y_B0_OAI211X0P7H7L_Y_B0_AOI21X0P5H7L_A1_B0_OAI21X0P5H7L_Y_B0_OAOI211X0P5H7L_C0_A0_NOR2X0P5H7L_B_Y_AOAI211X0P5H7L_B0_Y_BUFX1P4H7L_A:A (BUFX1P4H7L) |        | 0.001       | 0.000      | 0.074      |             | 0.000  | 2.725r          |
| pc_mod.pc_30__reg_p_D_AOA211X1P4H7L_Y_A0_OAI211X0P7H7L_Y_A1_AOI31X0P5H7L_Y_B0_AOAI211X0P5H7L_Y_B0_OAI211X0P7H7L_Y_B0_AOI21X0P5H7L_A1_B0_OAI21X0P5H7L_Y_B0_OAOI211X0P5H7L_C0_A0_NOR2X0P5H7L_B_Y_AOAI211X0P5H7L_B0_Y_BUFX1P4H7L_A:Y (BUFX1P4H7L) |        | 0.012       | 0.000      | 0.138      |             | 0.104  | 2.829r          |
| csr_mod.working_reg_2__AOAI211X0P5H7L_Y_C0 (net)                                                                                                                                                                                               | 15     |             |            |            | 0.000       |        |                 |
| csr_mod.working_reg_2__AOAI211X0P5H7L_Y:C0 (AOAI211X0P5H7L)                                                                                                                                                                                    |        | 0.001       | 0.000      | 0.138      |             | 0.000  | 2.829r          |
| csr_mod.working_reg_2__AOAI211X0P5H7L_Y:Y (AOAI211X0P5H7L)                                                                                                                                                                                     |        | 0.002       | 0.000      | 0.065      |             | 0.043  | 2.873f          |
| csr_mod.working_reg_2_ (net)                                                                                                                                                                                                                   | 1      |             |            |            | 0.000       |        |                 |
| csr_mod.working_reg_2__BUFX7H7L_A:A (BUFX7H7L)                                                                                                                                                                                                 |        | 0.002       | 0.000      | 0.065      |             | 0.000  | 2.873f          |
| csr_mod.working_reg_2__BUFX7H7L_A:Y (BUFX7H7L)                                                                                                                                                                                                 |        | 0.033       | 0.000      | 0.056      |             | 0.075  | 2.947f          |
| csr_mod.regs[2]_0__NOR2BX1H7L_AN_B (net)                                                                                                                                                                                                       | 16     |             |            |            | 0.000       |        |                 |
| csr_mod.regs[3]_3__MUX4X1P4H7L_A_S0_BUFX3H7L_Y:A (BUFX3H7L)                                                                                                                                                                                    |        | 0.001       | 0.000      | 0.056      |             | 0.000  | 2.947f          |
| csr_mod.regs[3]_3__MUX4X1P4H7L_A_S0_BUFX3H7L_Y:Y (BUFX3H7L)                                                                                                                                                                                    |        | 0.040       | 0.000      | 0.142      |             | 0.128  | 3.075f          |
| csr_mod.regs[3]_3__MUX4X1P4H7L_A_S0 (net)                                                                                                                                                                                                      | 14     |             |            |            | 0.000       |        |                 |
| csr_mod.regs[3]_6__MUX4X1P4H7L_A:S0 (MUX4X1P4H7L)                                                                                                                                                                                              |        | 0.003       | 0.000      | 0.142      |             | 0.000  | 3.075f          |
| csr_mod.regs[3]_6__MUX4X1P4H7L_A:Y (MUX4X1P4H7L)                                                                                                                                                                                               |        | 0.001       | 0.000      | 0.038      |             | 0.117  | 3.192f          |
| csr_mod.regs[3]_6__MUX4X1P4H7L_A_Y (net)                                                                                                                                                                                                       | 1      |             |            |            | 0.000       |        |                 |
| csr_mod.regs[3]_6__MUX4X1P4H7L_A_Y_AOI21X0P5H7L_A1:A1 (AOI21X0P5H7L)                                                                                                                                                                           |        | 0.001       | 0.000      | 0.038      |             | 0.000  | 3.192f          |
| csr_mod.regs[3]_6__MUX4X1P4H7L_A_Y_AOI21X0P5H7L_A1:Y (AOI21X0P5H7L)                                                                                                                                                                            |        | 0.002       | 0.000      | 0.094      |             | 0.070  | 3.261r          |
| csr_mod.regs[3]_6__MUX4X1P4H7L_A_Y_AOI21X0P5H7L_A1_Y (net)                                                                                                                                                                                     | 3      |             |            |            | 0.000       |        |                 |
| csr_mod.regs[3]_6__MUX4X1P4H7L_A_Y_AOI21X0P5H7L_A1_Y_AND2X1H7L_A:A (AND2X1H7L)                                                                                                                                                                 |        | 0.001       | 0.000      | 0.094      |             | 0.000  | 3.261r          |
| csr_mod.regs[3]_6__MUX4X1P4H7L_A_Y_AOI21X0P5H7L_A1_Y_AND2X1H7L_A:Y (AND2X1H7L)                                                                                                                                                                 |        | 0.002       | 0.000      | 0.029      |             | 0.054  | 3.316r          |
| csr_mod.regs[3]_6__MUX4X1P4H7L_A_Y_AOI21X0P5H7L_A1_Y_AND2X1H7L_A_Y (net)                                                                                                                                                                       | 2      |             |            |            | 0.000       |        |                 |
| csr_mod.regs[3]_6__MUX4X1P4H7L_A_Y_AOI21X0P5H7L_A1_Y_AND2X1H7L_A_Y_NAND2X0P5H7L_B:B (NAND2X0P5H7L)                                                                                                                                             |        | 0.001       | 0.000      | 0.029      |             | 0.000  | 3.316r          |
| csr_mod.regs[3]_6__MUX4X1P4H7L_A_Y_AOI21X0P5H7L_A1_Y_AND2X1H7L_A_Y_NAND2X0P5H7L_B:Y (NAND2X0P5H7L)                                                                                                                                             |        | 0.001       | 0.000      | 0.056      |             | 0.024  | 3.340f          |
| csr_mod.regs[3]_6__MUX4X1P4H7L_A_Y_AOI21X0P5H7L_A1_Y_AND2X1H7L_A_Y_NAND2X0P5H7L_B_Y (net)                                                                                                                                                      | 1      |             |            |            | 0.000       |        |                 |
| csr_mod.regs[3]_6__MUX4X1P4H7L_A_Y_AOI21X0P5H7L_A1_Y_AND2X1H7L_A_Y_NAND2X0P5H7L_B_Y_OAI211X0P7H7L_B0:B0 (OAI211X0P7H7L)                                                                                                                        |        | 0.001       | 0.000      | 0.056      |             | 0.000  | 3.340f          |
| csr_mod.regs[3]_6__MUX4X1P4H7L_A_Y_AOI21X0P5H7L_A1_Y_AND2X1H7L_A_Y_NAND2X0P5H7L_B_Y_OAI211X0P7H7L_B0:Y (OAI211X0P7H7L)                                                                                                                         |        | 0.001       | 0.000      | 0.065      |             | 0.033  | 3.373r          |
| csr_mod.regs[3]_6__MUX4X1P4H7L_A_Y_AOI21X0P5H7L_A1_Y_AND2X1H7L_A_Y_NAND2X0P5H7L_B_Y_OAI211X0P7H7L_B0_Y (net)                                                                                                                                   | 1      |             |            |            | 0.000       |        |                 |
| csr_mod.regs[3]_6__MUX4X1P4H7L_A_Y_AOI21X0P5H7L_A1_Y_AND2X1H7L_A_Y_NAND2X0P5H7L_B_Y_OAI211X0P7H7L_B0_Y_NAND2X0P5H7L_A:A (NAND2X0P5H7L)                                                                                                         |        | 0.001       | 0.000      | 0.065      |             | 0.000  | 3.373r          |
| csr_mod.regs[3]_6__MUX4X1P4H7L_A_Y_AOI21X0P5H7L_A1_Y_AND2X1H7L_A_Y_NAND2X0P5H7L_B_Y_OAI211X0P7H7L_B0_Y_NAND2X0P5H7L_A:Y (NAND2X0P5H7L)                                                                                                         |        | 0.001       | 0.000      | 0.034      |             | 0.028  | 3.401f          |
| csr_mod.regs[3]_6__MUX4X1P4H7L_A_Y_AOI21X0P5H7L_A1_Y_AND2X1H7L_A_Y_NAND2X0P5H7L_B_Y_OAI211X0P7H7L_B0_Y_NAND2X0P5H7L_A_Y (net)                                                                                                                  | 1      |             |            |            | 0.000       |        |                 |
| csr_mod.regs[3]_6__MUX4X1P4H7L_A_Y_AOI21X0P5H7L_A1_Y_AND2X1H7L_A_Y_NAND2X0P5H7L_B_Y_OAI211X0P7H7L_B0_Y_NAND2X0P5H7L_A_Y_AOI211X0P5H7L_C0:C0 (AOI211X0P5H7L)                                                                                    |        | 0.001       | 0.000      | 0.034      |             | 0.000  | 3.401f          |
| csr_mod.regs[3]_6__MUX4X1P4H7L_A_Y_AOI21X0P5H7L_A1_Y_AND2X1H7L_A_Y_NAND2X0P5H7L_B_Y_OAI211X0P7H7L_B0_Y_NAND2X0P5H7L_A_Y_AOI211X0P5H7L_C0:Y (AOI211X0P5H7L)                                                                                     |        | 0.001       | 0.000      | 0.088      |             | 0.062  | 3.462r          |
| csr_mod.regs[3]_6__MUX4X1P4H7L_A_Y_AOI21X0P5H7L_A1_Y_AND2X1H7L_A_Y_NAND2X0P5H7L_B_Y_OAI211X0P7H7L_B0_Y_NAND2X0P5H7L_A_Y_AOI211X0P5H7L_C0_Y (net)                                                                                               | 1      |             |            |            | 0.000       |        |                 |
| csr_mod.regs[3]_6__MUX4X1P4H7L_A_Y_AOI21X0P5H7L_A1_Y_AND2X1H7L_A_Y_NAND2X0P5H7L_B_Y_OAI211X0P7H7L_B0_Y_NAND2X0P5H7L_A_Y_AOI211X0P5H7L_C0_Y_AOI2BB2X0P5H7L_A1N:A1N (AOI2BB2X0P5H7L)                                                             |        | 0.001       | 0.000      | 0.088      |             | 0.000  | 3.462r          |
| csr_mod.regs[3]_6__MUX4X1P4H7L_A_Y_AOI21X0P5H7L_A1_Y_AND2X1H7L_A_Y_NAND2X0P5H7L_B_Y_OAI211X0P7H7L_B0_Y_NAND2X0P5H7L_A_Y_AOI211X0P5H7L_C0_Y_AOI2BB2X0P5H7L_A1N:Y (AOI2BB2X0P5H7L)                                                               |        | 0.003       | 0.000      | 0.117      |             | 0.094  | 3.557r          |
| pc_mod.pc_6__reg_p_D_OAI21X0P5H7L_Y_A1_MUX2X0P5H7L_Y_B_MUX2X0P5H7L_Y_B (net)                                                                                                                                                                   | 4      |             |            |            | 0.000       |        |                 |
| pc_mod.pc_6__reg_p_D_OAI21X0P5H7L_Y_A1_MUX2X0P5H7L_Y_A_NAND2X0P5H7L_B_Y_AOI32X0P5H7L_B0_Y_OA221X0P5H7L_C0:B0 (OA221X0P5H7L)                                                                                                                    |        | 0.001       | 0.000      | 0.117      |             | 0.000  | 3.557r          |
| pc_mod.pc_6__reg_p_D_OAI21X0P5H7L_Y_A1_MUX2X0P5H7L_Y_A_NAND2X0P5H7L_B_Y_AOI32X0P5H7L_B0_Y_OA221X0P5H7L_C0:Y (OA221X0P5H7L)                                                                                                                     |        | 0.006       | 0.000      | 0.107      |             | 0.119  | 3.676r          |
| reg_mod.regs[25]_6__reg_p_D_AOI21X0P5H7L_Y_A0 (net)                                                                                                                                                                                            | 8      |             |            |            | 0.000       |        |                 |
| reg_mod.regs[25]_6__reg_p_D_AOI21X0P5H7L_Y_A0_BUFX0P5H7L_A:A (BUFX0P5H7L)                                                                                                                                                                      |        | 0.001       | 0.000      | 0.107      |             | 0.000  | 3.676r          |
| reg_mod.regs[25]_6__reg_p_D_AOI21X0P5H7L_Y_A0_BUFX0P5H7L_A:Y (BUFX0P5H7L)                                                                                                                                                                      |        | 0.017       | 0.000      | 0.286      |             | 0.181  | 3.857r          |
| reg_mod.regs[1]_6__reg_p_D_AOI21X0P5H7L_Y_A0 (net)                                                                                                                                                                                             | 24     |             |            |            | 0.000       |        |                 |
| reg_mod.regs[7]_6__reg_p_D_AOI21X0P5H7L_Y:A0 (AOI21X0P5H7L)                                                                                                                                                                                    |        | 0.001       | 0.000      | 0.286      |             | 0.000  | 3.857r          |
| reg_mod.regs[7]_6__reg_p_D_AOI21X0P5H7L_Y:Y (AOI21X0P5H7L)                                                                                                                                                                                     |        | 0.001       | 0.000      | 0.067      |             | 0.046  | 3.903f          |
| reg_mod.regs[7]_6__reg_p_D (net)                                                                                                                                                                                                               | 1      |             |            |            | 0.000       |        |                 |
| reg_mod.regs[7]_6__reg_p:D (DFFQX1H7L)                                                                                                                                                                                                         |        | 0.001       | 0.000      | 0.067      |             | 0.000  | 3.903f          |
|                                                                                                                                                                                                                                                |        |             |            |            |             |        |                 |
| clock (port)                                                                                                                                                                                                                                   |        | 0.110       | 0.000      | 0.000      |             | 0.000  | 0.000r          |
| clock (clock net)                                                                                                                                                                                                                              | 105    |             |            |            | NA          |        |                 |
| reg_mod.regs[7]_0__reg_p_CK_ICGX0P5H7L_ECK:CK (ICGX0P5H7L)                                                                                                                                                                                     |        | 0.002       | 0.000      | 0.000      |             | 0.000  | 0.000r          |
| reg_mod.regs[7]_0__reg_p_CK_ICGX0P5H7L_ECK:ECK (ICGX0P5H7L)                                                                                                                                                                                    |        | 0.025       | 0.000      | 0.000      |             | 0.000  | 0.000r          |
| reg_mod.regs[7]_0__reg_p_CK (clock net)                                                                                                                                                                                                        | 32     |             |            |            | NA          |        |                 |
| reg_mod.regs[7]_6__reg_p:CK (DFFQX1H7L)                                                                                                                                                                                                        |        | 0.001       | 0.000      | 0.000      |             | 0.000  | 0.000r          |
| clock core_clock (rise edge)                                                                                                                                                                                                                   |        |             |            |            |             | 1.769  | 1.769           |
| clock network delay (ideal)                                                                                                                                                                                                                    |        |             |            |            |             | 0.000  | 1.769           |
| reg_mod.regs[7]_6__reg_p:CK (DFFQX1H7L)                                                                                                                                                                                                        |        |             |            |            |             |        | 1.769r          |
| library setup time                                                                                                                                                                                                                             |        |             |            |            |             | -0.050 | 1.719           |
| clock reconvergence pessimism                                                                                                                                                                                                                  |        |             |            |            |             | 0.000  | 1.719           |
|                                                                                                                                                                                                                                                |        |             |            |            |             |        |                 |
| path cell delay                                                                                                                                                                                                                                |        |             |            |            |             |        | 3.903(100.000%) |
| path net delay                                                                                                                                                                                                                                 |        |             |            |            |             |        | 0.000(0.000%)   |
|                                                                                                                                                                                                                                                |        |             |            |            |             |        |                 |
| data require time                                                                                                                                                                                                                              |        |             |            |            |             |        | 1.719           |
| data arrival time                                                                                                                                                                                                                              |        |             |            |            |             |        | 3.903           |
| slack (VIOLATED)                                                                                                                                                                                                                               |        |             |            |            |             |        | -2.184          |
+------------------------------------------------------------------------------------------------------------------------------------------------------------------------------------------------------------------------------------------------+--------+-------------+------------+------------+-------------+--------+-----------------+
+------------------------------------------------------------------------------------------------------------------------------------------------------------------------------------------------------------------------------------------------+--------+-------------+------------+------------+-------------+--------+-----------------+
| Point                                                                                                                                                                                                                                          | Fanout | Capacitance | Resistance | Transition | Delta Delay | Incr   | Path            |
+------------------------------------------------------------------------------------------------------------------------------------------------------------------------------------------------------------------------------------------------+--------+-------------+------------+------------+-------------+--------+-----------------+
| clock (port)                                                                                                                                                                                                                                   |        | 0.150       | 0.000      | 0.000      |             | 0.000  | 0.000r          |
| clock (clock net)                                                                                                                                                                                                                              | 105    |             |            |            | NA          |        |                 |
| pc_mod.pc_2__reg_p:CK (DFFQX1H7L)                                                                                                                                                                                                              |        | 0.001       | 0.000      | 0.000      |             | 0.000  | 0.000r          |
| clock core_clock (rise edge)                                                                                                                                                                                                                   |        |             |            |            |             | 0      | 0               |
| clock network delay (ideal)                                                                                                                                                                                                                    |        |             |            |            |             | 0.000  | 0.000           |
| pc_mod.pc_2__reg_p:CK (DFFQX1H7L)                                                                                                                                                                                                              |        | 0.001       | 0.000      | 0.000      |             | 0.000  | 0.000r          |
| pc_mod.pc_2__reg_p:Q (DFFQX1H7L)                                                                                                                                                                                                               |        | 0.002       | 0.000      | 0.029      |             | 0.067  | 0.067f          |
| pc_mod.pc_2_ (net)                                                                                                                                                                                                                             | 1      |             |            |            | 0.000       |        |                 |
| pc_mod.pc_2__BUFX7H7L_A:A (BUFX7H7L)                                                                                                                                                                                                           |        | 0.002       | 0.000      | 0.029      |             | 0.000  | 0.067f          |
| pc_mod.pc_2__BUFX7H7L_A:Y (BUFX7H7L)                                                                                                                                                                                                           |        | 0.012       | 0.000      | 0.027      |             | 0.046  | 0.113f          |
| pc_mod.pc_2__BUFX7H7L_A_Y (net)                                                                                                                                                                                                                | 4      |             |            |            | 0.000       |        |                 |
| pc_mod.pc_2__BUFX7H7L_A_Y_BUFX16H7L_A_1:A (BUFX16H7L)                                                                                                                                                                                          |        | 0.003       | 0.000      | 0.027      |             | 0.000  | 0.113f          |
| pc_mod.pc_2__BUFX7H7L_A_Y_BUFX16H7L_A_1:Y (BUFX16H7L)                                                                                                                                                                                          |        | 0.042       | 0.000      | 0.035      |             | 0.051  | 0.164f          |
| pc_mod.pc_2__BUFX7H7L_A_Y_BUFX16H7L_A_1_Y (net)                                                                                                                                                                                                | 22     |             |            |            | 0.000       |        |                 |
| icache_mod.block_cache[8]_20__MUX4X1P4H7L_A_S0_BUFX16H7L_Y:A (BUFX16H7L)                                                                                                                                                                       |        | 0.003       | 0.000      | 0.035      |             | 0.000  | 0.164f          |
| icache_mod.block_cache[8]_20__MUX4X1P4H7L_A_S0_BUFX16H7L_Y:Y (BUFX16H7L)                                                                                                                                                                       |        | 0.037       | 0.000      | 0.033      |             | 0.052  | 0.216f          |
| icache_mod.block_cache[8]_20__MUX4X1P4H7L_A_S0 (net)                                                                                                                                                                                           | 15     |             |            |            | 0.000       |        |                 |
| icache_mod.block_cache[8]_25__MUX4X1H7L_A_S0_BUFX12H7L_Y:A (BUFX12H7L)                                                                                                                                                                         |        | 0.003       | 0.000      | 0.033      |             | 0.000  | 0.216f          |
| icache_mod.block_cache[8]_25__MUX4X1H7L_A_S0_BUFX12H7L_Y:Y (BUFX12H7L)                                                                                                                                                                         |        | 0.039       | 0.000      | 0.041      |             | 0.056  | 0.273f          |
| icache_mod.block_cache[8]_25__MUX4X1H7L_A_S0 (net)                                                                                                                                                                                             | 14     |             |            |            | 0.000       |        |                 |
| icache_mod.block_cache[8]_25__MUX4X1H7L_A_S0_BUFX16H7L_A:A (BUFX16H7L)                                                                                                                                                                         |        | 0.003       | 0.000      | 0.041      |             | 0.000  | 0.273f          |
| icache_mod.block_cache[8]_25__MUX4X1H7L_A_S0_BUFX16H7L_A:Y (BUFX16H7L)                                                                                                                                                                         |        | 0.042       | 0.000      | 0.036      |             | 0.056  | 0.329f          |
| icache_mod.block_cache[4]_30__MUX4X1P4H7L_A_S0 (net)                                                                                                                                                                                           | 16     |             |            |            | 0.000       |        |                 |
| icache_mod.block_cache[8]_28__MUX4X1P4H7L_A:S0 (MUX4X1P4H7L)                                                                                                                                                                                   |        | 0.003       | 0.000      | 0.036      |             | 0.000  | 0.329f          |
| icache_mod.block_cache[8]_28__MUX4X1P4H7L_A:Y (MUX4X1P4H7L)                                                                                                                                                                                    |        | 0.001       | 0.000      | 0.036      |             | 0.089  | 0.418f          |
| icache_mod.block_cache[8]_28__MUX4X1P4H7L_A_Y (net)                                                                                                                                                                                            | 1      |             |            |            | 0.000       |        |                 |
| icache_mod.block_cache[8]_28__MUX4X1P4H7L_A_Y_AOI22X0P5H7L_A1:A1 (AOI22X0P5H7L)                                                                                                                                                                |        | 0.001       | 0.000      | 0.036      |             | 0.000  | 0.418f          |
| icache_mod.block_cache[8]_28__MUX4X1P4H7L_A_Y_AOI22X0P5H7L_A1:Y (AOI22X0P5H7L)                                                                                                                                                                 |        | 0.001       | 0.000      | 0.060      |             | 0.052  | 0.470r          |
| icache_mod.block_cache[8]_28__MUX4X1P4H7L_A_Y_AOI22X0P5H7L_A1_Y (net)                                                                                                                                                                          | 1      |             |            |            | 0.000       |        |                 |
| icache_mod.block_cache[8]_28__MUX4X1P4H7L_A_Y_AOI22X0P5H7L_A1_Y_NAND2X0P5H7L_A:A (NAND2X0P5H7L)                                                                                                                                                |        | 0.001       | 0.000      | 0.060      |             | 0.000  | 0.470r          |
| icache_mod.block_cache[8]_28__MUX4X1P4H7L_A_Y_AOI22X0P5H7L_A1_Y_NAND2X0P5H7L_A:Y (NAND2X0P5H7L)                                                                                                                                                |        | 0.004       | 0.000      | 0.079      |             | 0.061  | 0.531f          |
| icache_mod.block_cache[8]_28__MUX4X1P4H7L_A_Y_AOI22X0P5H7L_A1_Y_NAND2X0P5H7L_A_Y (net)                                                                                                                                                         | 5      |             |            |            | 0.000       |        |                 |
| icache_mod.block_cache[4]_30__MUX4X1P4H7L_A_Y_NAND2X0P5H7L_B_Y_AOI32X0P5H7L_A0_Y_NOR3X0P5H7L_C:B (NOR3X0P5H7L)                                                                                                                                 |        | 0.001       | 0.000      | 0.079      |             | 0.000  | 0.531f          |
| icache_mod.block_cache[4]_30__MUX4X1P4H7L_A_Y_NAND2X0P5H7L_B_Y_AOI32X0P5H7L_A0_Y_NOR3X0P5H7L_C:Y (NOR3X0P5H7L)                                                                                                                                 |        | 0.002       | 0.000      | 0.112      |             | 0.090  | 0.621r          |
| icache_mod.block_cache[4]_30__MUX4X1P4H7L_A_Y_NAND2X0P5H7L_B_Y_AOI32X0P5H7L_A0_Y_NOR3X0P5H7L_C_Y (net)                                                                                                                                         | 2      |             |            |            | 0.000       |        |                 |
| icache_mod.block_cache[4]_30__MUX4X1P4H7L_A_Y_NAND2X0P5H7L_B_Y_AOI32X0P5H7L_A0_Y_NOR3X0P5H7L_C_Y_NAND2X0P5H7L_B:B (NAND2X0P5H7L)                                                                                                               |        | 0.001       | 0.000      | 0.112      |             | 0.000  | 0.621r          |
| icache_mod.block_cache[4]_30__MUX4X1P4H7L_A_Y_NAND2X0P5H7L_B_Y_AOI32X0P5H7L_A0_Y_NOR3X0P5H7L_C_Y_NAND2X0P5H7L_B:Y (NAND2X0P5H7L)                                                                                                               |        | 0.003       | 0.000      | 0.070      |             | 0.055  | 0.676f          |
| icache_mod.block_cache[4]_30__MUX4X1P4H7L_A_Y_NAND2X0P5H7L_B_Y_AOI32X0P5H7L_A0_Y_NOR3X0P5H7L_C_Y_NAND2X0P5H7L_B_Y (net)                                                                                                                        | 3      |             |            |            | 0.000       |        |                 |
| reg_mod.regs[5]_15__MUX2X0P5H7L_A_Y_AOI221X0P5H7L_A1_Y_OA31X1H7L_A0_Y_OAI21X1P4H7L_B0_Y_AOI32X1P4H7L_A0_B0_AOAI211X0P5H7L_Y_A1_NOR2X1P4H7L_Y:A (NOR2X1P4H7L)                                                                                   |        | 0.001       | 0.000      | 0.070      |             | 0.000  | 0.676f          |
| reg_mod.regs[5]_15__MUX2X0P5H7L_A_Y_AOI221X0P5H7L_A1_Y_OA31X1H7L_A0_Y_OAI21X1P4H7L_B0_Y_AOI32X1P4H7L_A0_B0_AOAI211X0P5H7L_Y_A1_NOR2X1P4H7L_Y:Y (NOR2X1P4H7L)                                                                                   |        | 0.003       | 0.000      | 0.075      |             | 0.064  | 0.740r          |
| reg_mod.regs[5]_15__MUX2X0P5H7L_A_Y_AOI221X0P5H7L_A1_Y_OA31X1H7L_A0_Y_OAI21X1P4H7L_B0_Y_AOI32X1P4H7L_A0_B0_AOAI211X0P5H7L_Y_A1 (net)                                                                                                           | 2      |             |            |            | 0.000       |        |                 |
| reg_mod.regs[5]_15__MUX2X0P5H7L_A_Y_AOI221X0P5H7L_A1_Y_OA31X1H7L_A0_Y_OAI21X1P4H7L_B0_Y_AOI32X1P4H7L_A0_B0_AOAI211X0P5H7L_Y_A1_OAI21X4H7L_B0:B0 (OAI21X4H7L)                                                                                   |        | 0.002       | 0.000      | 0.075      |             | 0.000  | 0.740r          |
| reg_mod.regs[5]_15__MUX2X0P5H7L_A_Y_AOI221X0P5H7L_A1_Y_OA31X1H7L_A0_Y_OAI21X1P4H7L_B0_Y_AOI32X1P4H7L_A0_B0_AOAI211X0P5H7L_Y_A1_OAI21X4H7L_B0:Y (OAI21X4H7L)                                                                                    |        | 0.008       | 0.000      | 0.058      |             | 0.037  | 0.777f          |
| reg_mod.regs[19]_31__AOI221X0P5H7L_A0_C0_NAND3X1H7L_Y_C_AOA211X1P4H7L_C0_A0 (net)                                                                                                                                                              | 8      |             |            |            | 0.000       |        |                 |
| reg_mod.regs[19]_31__AOI221X0P5H7L_A0_C0_NAND3X1H7L_Y_C_AOA211X1P4H7L_C0_A0_NAND3X1P4H7L_C:C (NAND3X1P4H7L)                                                                                                                                    |        | 0.001       | 0.000      | 0.058      |             | 0.000  | 0.777f          |
| reg_mod.regs[19]_31__AOI221X0P5H7L_A0_C0_NAND3X1H7L_Y_C_AOA211X1P4H7L_C0_A0_NAND3X1P4H7L_C:Y (NAND3X1P4H7L)                                                                                                                                    |        | 0.001       | 0.000      | 0.043      |             | 0.029  | 0.806r          |
| reg_mod.regs[19]_31__AOI221X0P5H7L_A0_C0_NAND3X1H7L_Y_C_AOA211X1P4H7L_C0_A0_NAND3X1P4H7L_C_Y (net)                                                                                                                                             | 1      |             |            |            | 0.000       |        |                 |
| reg_mod.regs[19]_31__AOI221X0P5H7L_A0_C0_NAND3X1H7L_Y_C_AOA211X1P4H7L_C0_A0_NAND3X1P4H7L_C_Y_BUFX3P5H7L_A:A (BUFX3P5H7L)                                                                                                                       |        | 0.001       | 0.000      | 0.043      |             | 0.000  | 0.806r          |
| reg_mod.regs[19]_31__AOI221X0P5H7L_A0_C0_NAND3X1H7L_Y_C_AOA211X1P4H7L_C0_A0_NAND3X1P4H7L_C_Y_BUFX3P5H7L_A:Y (BUFX3P5H7L)                                                                                                                       |        | 0.015       | 0.000      | 0.083      |             | 0.073  | 0.879r          |
| pc_mod.pc_9__reg_p_D_AOI31X0P5H7L_Y_A0_OAI211X1P4H7L_Y_A0 (net)                                                                                                                                                                                | 18     |             |            |            | 0.000       |        |                 |
| pc_mod.pc_30__reg_p_D_AOA211X1P4H7L_Y_A0_OAI211X0P7H7L_Y_A1_AOI31X0P5H7L_Y_B0_AOAI211X0P5H7L_Y_B0_OAI211X0P7H7L_Y_B0_AOI21X0P5H7L_A1_B0_OAI21X0P5H7L_Y_A1_OAI21X0P5H7L_A1:B0 (OAI21X0P5H7L)                                                    |        | 0.001       | 0.000      | 0.083      |             | 0.000  | 0.879r          |
| pc_mod.pc_30__reg_p_D_AOA211X1P4H7L_Y_A0_OAI211X0P7H7L_Y_A1_AOI31X0P5H7L_Y_B0_AOAI211X0P5H7L_Y_B0_OAI211X0P7H7L_Y_B0_AOI21X0P5H7L_A1_B0_OAI21X0P5H7L_Y_A1_OAI21X0P5H7L_A1:Y (OAI21X0P5H7L)                                                     |        | 0.001       | 0.000      | 0.058      |             | 0.030  | 0.909f          |
| pc_mod.pc_30__reg_p_D_AOA211X1P4H7L_Y_A0_OAI211X0P7H7L_Y_A1_AOI31X0P5H7L_Y_B0_AOAI211X0P5H7L_Y_B0_OAI211X0P7H7L_Y_B0_AOI21X0P5H7L_A1_B0_OAI21X0P5H7L_Y_A1_OAI21X0P5H7L_A1_Y (net)                                                              | 1      |             |            |            | 0.000       |        |                 |
| pc_mod.pc_30__reg_p_D_AOA211X1P4H7L_Y_A0_OAI211X0P7H7L_Y_A1_AOI31X0P5H7L_Y_B0_AOAI211X0P5H7L_Y_B0_OAI211X0P7H7L_Y_B0_AOI21X0P5H7L_A1_B0_OAI21X0P5H7L_Y_A1_OAI21X0P5H7L_A1_Y_BUFX5H7L_A:A (BUFX5H7L)                                            |        | 0.001       | 0.000      | 0.058      |             | 0.000  | 0.909f          |
| pc_mod.pc_30__reg_p_D_AOA211X1P4H7L_Y_A0_OAI211X0P7H7L_Y_A1_AOI31X0P5H7L_Y_B0_AOAI211X0P5H7L_Y_B0_OAI211X0P7H7L_Y_B0_AOI21X0P5H7L_A1_B0_OAI21X0P5H7L_Y_A1_OAI21X0P5H7L_A1_Y_BUFX5H7L_A:Y (BUFX5H7L)                                            |        | 0.018       | 0.000      | 0.046      |             | 0.070  | 0.979f          |
| pc_mod.pc_27__reg_p_D_OAI21X0P5H7L_Y_A1_OA211X1H7L_Y_A0_OAOI211X0P5H7L_Y_C0 (net)                                                                                                                                                              | 22     |             |            |            | 0.000       |        |                 |
| pc_mod.pc_30__reg_p_D_AOA211X1P4H7L_Y_A0_OAI211X0P7H7L_Y_A1_AOI31X0P5H7L_Y_B0_AOAI211X0P5H7L_Y_B0_OAI211X0P7H7L_Y_B0_AOI21X0P5H7L_A1_A0_AOI31X0P5H7L_A2:B0 (AOI31X0P5H7L)                                                                      |        | 0.001       | 0.000      | 0.046      |             | 0.000  | 0.979f          |
| pc_mod.pc_30__reg_p_D_AOA211X1P4H7L_Y_A0_OAI211X0P7H7L_Y_A1_AOI31X0P5H7L_Y_B0_AOAI211X0P5H7L_Y_B0_OAI211X0P7H7L_Y_B0_AOI21X0P5H7L_A1_A0_AOI31X0P5H7L_A2:Y (AOI31X0P5H7L)                                                                       |        | 0.002       | 0.000      | 0.106      |             | 0.067  | 1.046r          |
| io_master_wstrb_AOAI211X0P5H7L_Y_B0_AOI21X0P5H7L_Y_A1_NOR4X0P5H7L_Y_C_AND2X1H7L_A_B_NAND2X0P5H7L_Y_B_OAI21X0P5H7L_Y_A1 (net)                                                                                                                   | 3      |             |            |            | 0.000       |        |                 |
| io_master_wstrb_AOAI211X0P5H7L_Y_B0_AOI21X0P5H7L_Y_A1_NOR4X0P5H7L_Y_C_AND2X1H7L_A_B_NAND2X0P5H7L_Y_B_OAI21X0P5H7L_Y:A1 (OAI21X0P5H7L)                                                                                                          |        | 0.001       | 0.000      | 0.106      |             | 0.000  | 1.046r          |
| io_master_wstrb_AOAI211X0P5H7L_Y_B0_AOI21X0P5H7L_Y_A1_NOR4X0P5H7L_Y_C_AND2X1H7L_A_B_NAND2X0P5H7L_Y_B_OAI21X0P5H7L_Y:Y (OAI21X0P5H7L)                                                                                                           |        | 0.001       | 0.000      | 0.041      |             | 0.036  | 1.082f          |
| io_master_wstrb_AOAI211X0P5H7L_Y_B0_AOI21X0P5H7L_Y_A1_NOR4X0P5H7L_Y_C_AND2X1H7L_A_B_NAND2X0P5H7L_Y_B (net)                                                                                                                                     | 1      |             |            |            | 0.000       |        |                 |
| io_master_wstrb_AOAI211X0P5H7L_Y_B0_AOI21X0P5H7L_Y_A1_NOR4X0P5H7L_Y_C_AND2X1H7L_A_B_NAND2X0P5H7L_Y:B (NAND2X0P5H7L)                                                                                                                            |        | 0.001       | 0.000      | 0.041      |             | 0.000  | 1.082f          |
| io_master_wstrb_AOAI211X0P5H7L_Y_B0_AOI21X0P5H7L_Y_A1_NOR4X0P5H7L_Y_C_AND2X1H7L_A_B_NAND2X0P5H7L_Y:Y (NAND2X0P5H7L)                                                                                                                            |        | 0.002       | 0.000      | 0.055      |             | 0.042  | 1.124r          |
| io_master_wstrb_AOAI211X0P5H7L_Y_B0_AOI21X0P5H7L_Y_A1_NOR4X0P5H7L_Y_C_AND2X1H7L_A_B (net)                                                                                                                                                      | 3      |             |            |            | 0.000       |        |                 |
| decode_mod.bus_out_rs1_4__NOR2BX1H7L_Z_AN_AOI21X0P5H7L_A0_A1_AOI21X0P5H7L_B0_A1_OAI21X0P5H7L_Y_A1_AOI22X0P5H7L_Y:B1 (AOI22X0P5H7L)                                                                                                             |        | 0.001       | 0.000      | 0.055      |             | 0.000  | 1.124r          |
| decode_mod.bus_out_rs1_4__NOR2BX1H7L_Z_AN_AOI21X0P5H7L_A0_A1_AOI21X0P5H7L_B0_A1_OAI21X0P5H7L_Y_A1_AOI22X0P5H7L_Y:Y (AOI22X0P5H7L)                                                                                                              |        | 0.001       | 0.000      | 0.067      |             | 0.029  | 1.153f          |
| decode_mod.bus_out_rs1_4__NOR2BX1H7L_Z_AN_AOI21X0P5H7L_A0_A1_AOI21X0P5H7L_B0_A1_OAI21X0P5H7L_Y_A1 (net)                                                                                                                                        | 1      |             |            |            | 0.000       |        |                 |
| decode_mod.bus_out_rs1_4__NOR2BX1H7L_Z_AN_AOI21X0P5H7L_A0_A1_AOI21X0P5H7L_B0_A1_OAI21X0P5H7L_Y:A1 (OAI21X0P5H7L)                                                                                                                               |        | 0.001       | 0.000      | 0.067      |             | 0.000  | 1.153f          |
| decode_mod.bus_out_rs1_4__NOR2BX1H7L_Z_AN_AOI21X0P5H7L_A0_A1_AOI21X0P5H7L_B0_A1_OAI21X0P5H7L_Y:Y (OAI21X0P5H7L)                                                                                                                                |        | 0.002       | 0.000      | 0.079      |             | 0.067  | 1.220r          |
| decode_mod.bus_out_rs1_4__NOR2BX1H7L_Z_AN_AOI21X0P5H7L_A0_A1_AOI21X0P5H7L_B0_A1 (net)                                                                                                                                                          | 2      |             |            |            | 0.000       |        |                 |
| decode_mod.bus_out_rs1_4__NOR2BX1H7L_Z_AN_AOI21X0P5H7L_A0_A1_AOI21X0P5H7L_B0_A1_OAI21X0P5H7L_A1:A1 (OAI21X0P5H7L)                                                                                                                              |        | 0.001       | 0.000      | 0.079      |             | 0.000  | 1.220r          |
| decode_mod.bus_out_rs1_4__NOR2BX1H7L_Z_AN_AOI21X0P5H7L_A0_A1_AOI21X0P5H7L_B0_A1_OAI21X0P5H7L_A1:Y (OAI21X0P5H7L)                                                                                                                               |        | 0.004       | 0.000      | 0.106      |             | 0.070  | 1.291f          |
| decode_mod.bus_out_rs1_4__NOR2BX1H7L_Z_B (net)                                                                                                                                                                                                 | 5      |             |            |            | 0.000       |        |                 |
| decode_mod.bus_out_rs1_2__NOR2X0P5H7L_Y:B (NOR2X0P5H7L)                                                                                                                                                                                        |        | 0.001       | 0.000      | 0.106      |             | 0.000  | 1.291f          |
| decode_mod.bus_out_rs1_2__NOR2X0P5H7L_Y:Y (NOR2X0P5H7L)                                                                                                                                                                                        |        | 0.001       | 0.000      | 0.066      |             | 0.060  | 1.351r          |
| decode_mod.bus_out_rs1_2_ (net)                                                                                                                                                                                                                | 1      |             |            |            | 0.000       |        |                 |
| decode_mod.bus_out_rs1_2__BUFX5H7L_A:A (BUFX5H7L)                                                                                                                                                                                              |        | 0.001       | 0.000      | 0.066      |             | 0.000  | 1.351r          |
| decode_mod.bus_out_rs1_2__BUFX5H7L_A:Y (BUFX5H7L)                                                                                                                                                                                              |        | 0.018       | 0.000      | 0.071      |             | 0.071  | 1.422r          |
| reg_mod.regs[8]_11__MUX4X1P4H7L_A_S0 (net)                                                                                                                                                                                                     | 8      |             |            |            | 0.000       |        |                 |
| reg_mod.regs[8]_11__MUX4X1P4H7L_A_S0_BUFX8H7L_A:A (BUFX8H7L)                                                                                                                                                                                   |        | 0.002       | 0.000      | 0.071      |             | 0.000  | 1.422r          |
| reg_mod.regs[8]_11__MUX4X1P4H7L_A_S0_BUFX8H7L_A:Y (BUFX8H7L)                                                                                                                                                                                   |        | 0.035       | 0.000      | 0.087      |             | 0.078  | 1.499r          |
| reg_mod.regs[8]_1__MUX4X1P4H7L_A_S0 (net)                                                                                                                                                                                                      | 13     |             |            |            | 0.000       |        |                 |
| reg_mod.regs[8]_1__MUX4X1P4H7L_A_S0_BUFX8H7L_A:A (BUFX8H7L)                                                                                                                                                                                    |        | 0.002       | 0.000      | 0.087      |             | 0.000  | 1.499r          |
| reg_mod.regs[8]_1__MUX4X1P4H7L_A_S0_BUFX8H7L_A:Y (BUFX8H7L)                                                                                                                                                                                    |        | 0.040       | 0.000      | 0.097      |             | 0.085  | 1.585r          |
| reg_mod.regs[2]_9__MUX4X1P4H7L_A_S0 (net)                                                                                                                                                                                                      | 14     |             |            |            | 0.000       |        |                 |
| reg_mod.regs[2]_9__MUX4X1P4H7L_A_S0_BUFX10H7L_A:A (BUFX10H7L)                                                                                                                                                                                  |        | 0.002       | 0.000      | 0.097      |             | 0.000  | 1.585r          |
| reg_mod.regs[2]_9__MUX4X1P4H7L_A_S0_BUFX10H7L_A:Y (BUFX10H7L)                                                                                                                                                                                  |        | 0.038       | 0.000      | 0.077      |             | 0.076  | 1.661r          |
| reg_mod.regs[8]_8__MUX4X1P4H7L_A_S1 (net)                                                                                                                                                                                                      | 20     |             |            |            | 0.000       |        |                 |
| reg_mod.regs[8]_21__MUX4X1P4H7L_A_S0_BUFX10H7L_Y:A (BUFX10H7L)                                                                                                                                                                                 |        | 0.002       | 0.000      | 0.077      |             | 0.000  | 1.661r          |
| reg_mod.regs[8]_21__MUX4X1P4H7L_A_S0_BUFX10H7L_Y:Y (BUFX10H7L)                                                                                                                                                                                 |        | 0.039       | 0.000      | 0.078      |             | 0.074  | 1.734r          |
| reg_mod.regs[8]_21__MUX4X1P4H7L_A_S0 (net)                                                                                                                                                                                                     | 19     |             |            |            | 0.000       |        |                 |
| reg_mod.regs[8]_22__MUX4X1P4H7L_A_S1_BUFX10H7L_Y:A (BUFX10H7L)                                                                                                                                                                                 |        | 0.002       | 0.000      | 0.078      |             | 0.000  | 1.734r          |
| reg_mod.regs[8]_22__MUX4X1P4H7L_A_S1_BUFX10H7L_Y:Y (BUFX10H7L)                                                                                                                                                                                 |        | 0.039       | 0.000      | 0.077      |             | 0.074  | 1.808r          |
| reg_mod.regs[8]_22__MUX4X1P4H7L_A_S1 (net)                                                                                                                                                                                                     | 16     |             |            |            | 0.000       |        |                 |
| reg_mod.regs[2]_23__MUX4X1P4H7L_A_S1_BUFX7H7L_Y:A (BUFX7H7L)                                                                                                                                                                                   |        | 0.002       | 0.000      | 0.077      |             | 0.000  | 1.808r          |
| reg_mod.regs[2]_23__MUX4X1P4H7L_A_S1_BUFX7H7L_Y:Y (BUFX7H7L)                                                                                                                                                                                   |        | 0.039       | 0.000      | 0.104      |             | 0.088  | 1.896r          |
| reg_mod.regs[2]_23__MUX4X1P4H7L_A_S1 (net)                                                                                                                                                                                                     | 15     |             |            |            | 0.000       |        |                 |
| reg_mod.regs[2]_23__MUX4X1P4H7L_A_S1_BUFX7H7L_A:A (BUFX7H7L)                                                                                                                                                                                   |        | 0.002       | 0.000      | 0.104      |             | 0.000  | 1.896r          |
| reg_mod.regs[2]_23__MUX4X1P4H7L_A_S1_BUFX7H7L_A:Y (BUFX7H7L)                                                                                                                                                                                   |        | 0.040       | 0.000      | 0.107      |             | 0.093  | 1.990r          |
| reg_mod.regs[2]_25__MUX4X1P4H7L_A_S1 (net)                                                                                                                                                                                                     | 24     |             |            |            | 0.000       |        |                 |
| reg_mod.regs[1]_26__AOI221X0P5H7L_A0:B1 (AOI221X0P5H7L)                                                                                                                                                                                        |        | 0.001       | 0.000      | 0.107      |             | 0.000  | 1.990r          |
| reg_mod.regs[1]_26__AOI221X0P5H7L_A0:Y (AOI221X0P5H7L)                                                                                                                                                                                         |        | 0.001       | 0.000      | 0.057      |             | 0.042  | 2.032f          |
| reg_mod.regs[1]_26__AOI221X0P5H7L_A0_Y (net)                                                                                                                                                                                                   | 1      |             |            |            | 0.000       |        |                 |
| reg_mod.regs[1]_26__AOI221X0P5H7L_A0_Y_OAI31X0P5H7L_A2:A2 (OAI31X0P5H7L)                                                                                                                                                                       |        | 0.001       | 0.000      | 0.057      |             | 0.000  | 2.032f          |
| reg_mod.regs[1]_26__AOI221X0P5H7L_A0_Y_OAI31X0P5H7L_A2:Y (OAI31X0P5H7L)                                                                                                                                                                        |        | 0.001       | 0.000      | 0.080      |             | 0.066  | 2.098r          |
| reg_mod.regs[1]_26__AOI221X0P5H7L_A0_Y_OAI31X0P5H7L_A2_Y (net)                                                                                                                                                                                 | 1      |             |            |            | 0.000       |        |                 |
| reg_mod.regs[1]_26__AOI221X0P5H7L_A0_Y_OAI31X0P5H7L_A2_Y_OAI21X0P5H7L_A1:A1 (OAI21X0P5H7L)                                                                                                                                                     |        | 0.001       | 0.000      | 0.080      |             | 0.000  | 2.098r          |
| reg_mod.regs[1]_26__AOI221X0P5H7L_A0_Y_OAI31X0P5H7L_A2_Y_OAI21X0P5H7L_A1:Y (OAI21X0P5H7L)                                                                                                                                                      |        | 0.004       | 0.000      | 0.082      |             | 0.067  | 2.164f          |
| reg_mod.regs[1]_26__AOI221X0P5H7L_A0_Y_OAI31X0P5H7L_A2_Y_OAI21X0P5H7L_A1_Y (net)                                                                                                                                                               | 4      |             |            |            | 0.000       |        |                 |
| reg_mod.regs[18]_26__MUX2X0P5H7L_A_Y_MUXI2X0P5H7L_A_Y_NOR3X0P5H7L_C_Y_AOI221X2H7L_C0_Y_XNOR2X1H7L_B:A (XNOR2X1H7L)                                                                                                                             |        | 0.002       | 0.000      | 0.082      |             | 0.000  | 2.164f          |
| reg_mod.regs[18]_26__MUX2X0P5H7L_A_Y_MUXI2X0P5H7L_A_Y_NOR3X0P5H7L_C_Y_AOI221X2H7L_C0_Y_XNOR2X1H7L_B:Y (XNOR2X1H7L)                                                                                                                             |        | 0.001       | 0.000      | 0.027      |             | 0.064  | 2.229f          |
| reg_mod.regs[18]_26__MUX2X0P5H7L_A_Y_MUXI2X0P5H7L_A_Y_NOR3X0P5H7L_C_Y_AOI221X2H7L_C0_Y_XNOR2X1H7L_B_Y (net)                                                                                                                                    | 1      |             |            |            | 0.000       |        |                 |
| reg_mod.regs[18]_26__MUX2X0P5H7L_A_Y_MUXI2X0P5H7L_A_Y_NOR3X0P5H7L_C_Y_AOI221X2H7L_C0_Y_XNOR2X1H7L_B_Y_OAI211X2H7L_B0:B0 (OAI211X2H7L)                                                                                                          |        | 0.001       | 0.000      | 0.027      |             | 0.000  | 2.229f          |
| reg_mod.regs[18]_26__MUX2X0P5H7L_A_Y_MUXI2X0P5H7L_A_Y_NOR3X0P5H7L_C_Y_AOI221X2H7L_C0_Y_XNOR2X1H7L_B_Y_OAI211X2H7L_B0:Y (OAI211X2H7L)                                                                                                           |        | 0.004       | 0.000      | 0.100      |             | 0.037  | 2.265r          |
| reg_mod.regs[18]_26__MUX2X0P5H7L_A_Y_MUXI2X0P5H7L_A_Y_NOR3X0P5H7L_C_Y_AOI221X2H7L_C0_Y_XNOR2X1H7L_B_Y_OAI211X2H7L_B0_Y (net)                                                                                                                   | 2      |             |            |            | 0.000       |        |                 |
| reg_mod.regs[18]_26__MUX2X0P5H7L_A_Y_MUXI2X0P5H7L_A_Y_NOR3X0P5H7L_C_Y_AOI221X2H7L_C0_Y_XNOR2X1H7L_B_Y_OAI211X2H7L_B0_Y_OAI221X1P4H7L_B1:B1 (OAI221X1P4H7L)                                                                                     |        | 0.001       | 0.000      | 0.100      |             | 0.000  | 2.265r          |
| reg_mod.regs[18]_26__MUX2X0P5H7L_A_Y_MUXI2X0P5H7L_A_Y_NOR3X0P5H7L_C_Y_AOI221X2H7L_C0_Y_XNOR2X1H7L_B_Y_OAI211X2H7L_B0_Y_OAI221X1P4H7L_B1:Y (OAI221X1P4H7L)                                                                                      |        | 0.002       | 0.000      | 0.057      |             | 0.056  | 2.321f          |
| reg_mod.regs[25]_19__OA221X0P5H7L_A0_Y_OAI211X1P4H7L_A1_Y_AO31X0P5H7L_A1_Y_AOI21BX0P5H7L_A1_Y_AOI211X0P5H7L_A1_Y_NOR4X1H7L_A_B (net)                                                                                                           | 3      |             |            |            | 0.000       |        |                 |
| reg_mod.regs[25]_19__OA221X0P5H7L_A0_Y_OAI211X1P4H7L_A1_Y_AO31X0P5H7L_A1_Y_AOI21BX0P5H7L_A1_Y_AOI211X0P5H7L_A1_Y_NOR4X1H7L_A:B (NOR4X1H7L)                                                                                                     |        | 0.001       | 0.000      | 0.057      |             | 0.000  | 2.321f          |
| reg_mod.regs[25]_19__OA221X0P5H7L_A0_Y_OAI211X1P4H7L_A1_Y_AO31X0P5H7L_A1_Y_AOI21BX0P5H7L_A1_Y_AOI211X0P5H7L_A1_Y_NOR4X1H7L_A:Y (NOR4X1H7L)                                                                                                     |        | 0.001       | 0.000      | 0.091      |             | 0.078  | 2.399r          |
| reg_mod.regs[25]_19__OA221X0P5H7L_A0_Y_OAI211X1P4H7L_A1_Y_AO31X0P5H7L_A1_Y_AOI21BX0P5H7L_A1_Y_AOI211X0P5H7L_A1_Y_NOR4X1H7L_A_Y (net)                                                                                                           | 1      |             |            |            | 0.000       |        |                 |
| reg_mod.regs[4]_15__MUX2X0P5H7L_A_Y_OAI211X0P7H7L_A1_Y_NAND3X0P5H7L_C_Y_NAND3X0P7H7L_C_Y_AOI32X0P5H7L_B1_Y_OAI221X1P4H7L_A1:C0 (OAI221X1P4H7L)                                                                                                 |        | 0.001       | 0.000      | 0.091      |             | 0.000  | 2.399r          |
| reg_mod.regs[4]_15__MUX2X0P5H7L_A_Y_OAI211X0P7H7L_A1_Y_NAND3X0P5H7L_C_Y_NAND3X0P7H7L_C_Y_AOI32X0P5H7L_B1_Y_OAI221X1P4H7L_A1:Y (OAI221X1P4H7L)                                                                                                  |        | 0.002       | 0.000      | 0.047      |             | 0.038  | 2.437f          |
| reg_mod.regs[4]_29__MUX2X0P5H7L_A_Y_OAI211X0P7H7L_A1_Y_OAOI211X0P5H7L_B0_Y_OAI211X0P7H7L_A0_Y_OAI221X1P4H7L_C0_Y_NOR3BX3H7L_C_AN (net)                                                                                                         | 2      |             |            |            | 0.000       |        |                 |
| reg_mod.regs[4]_29__MUX2X0P5H7L_A_Y_OAI211X0P7H7L_A1_Y_OAOI211X0P5H7L_B0_Y_OAI211X0P7H7L_A0_Y_OAI221X1P4H7L_C0_Y_NOR3BX3H7L_C_AN_NOR2BX1P4H7L_AN:AN (NOR2BX1P4H7L)                                                                             |        | 0.001       | 0.000      | 0.047      |             | 0.000  | 2.437f          |
| reg_mod.regs[4]_29__MUX2X0P5H7L_A_Y_OAI211X0P7H7L_A1_Y_OAOI211X0P5H7L_B0_Y_OAI211X0P7H7L_A0_Y_OAI221X1P4H7L_C0_Y_NOR3BX3H7L_C_AN_NOR2BX1P4H7L_AN:Z (NOR2BX1P4H7L)                                                                              |        | 0.003       | 0.000      | 0.042      |             | 0.050  | 2.488f          |
| reg_mod.regs[4]_29__MUX2X0P5H7L_A_Y_OAI211X0P7H7L_A1_Y_OAOI211X0P5H7L_B0_Y_OAI211X0P7H7L_A0_Y_OAI221X1P4H7L_C0_Y_NOR3BX3H7L_C_AN_NOR2BX1P4H7L_AN_Z (net)                                                                                       | 2      |             |            |            | 0.000       |        |                 |
| reg_mod.regs[4]_29__MUX2X0P5H7L_A_Y_OAI211X0P7H7L_A1_Y_OAOI211X0P5H7L_B0_Y_OAI211X0P7H7L_A0_Y_OAI221X1P4H7L_C0_Y_NOR3BX3H7L_C_AN_NOR2BX1P4H7L_AN_Z_NOR2BX1P4H7L_B:B (NOR2BX1P4H7L)                                                             |        | 0.001       | 0.000      | 0.042      |             | 0.000  | 2.488f          |
| reg_mod.regs[4]_29__MUX2X0P5H7L_A_Y_OAI211X0P7H7L_A1_Y_OAOI211X0P5H7L_B0_Y_OAI211X0P7H7L_A0_Y_OAI221X1P4H7L_C0_Y_NOR3BX3H7L_C_AN_NOR2BX1P4H7L_AN_Z_NOR2BX1P4H7L_B:Z (NOR2BX1P4H7L)                                                             |        | 0.002       | 0.000      | 0.050      |             | 0.043  | 2.530r          |
| reg_mod.regs[4]_29__MUX2X0P5H7L_A_Y_OAI211X0P7H7L_A1_Y_OAOI211X0P5H7L_B0_Y_OAI211X0P7H7L_A0_Y_OAI221X1P4H7L_C0_Y_NOR3BX3H7L_C_AN_NOR2BX1P4H7L_AN_Z_NOR2BX1P4H7L_B_Z (net)                                                                      | 2      |             |            |            | 0.000       |        |                 |
| reg_mod.regs[4]_29__MUX2X0P5H7L_A_Y_OAI211X0P7H7L_A1_Y_OAOI211X0P5H7L_B0_Y_OAI211X0P7H7L_A0_Y_OAI221X1P4H7L_C0_Y_NOR3BX3H7L_C_Y_NOR2BX1H7L_B_Z_OAI2BB1X0P5H7L_A1N_B0_OAI21X0P5H7L_Y:A1 (OAI21X0P5H7L)                                          |        | 0.001       | 0.000      | 0.050      |             | 0.000  | 2.530r          |
| reg_mod.regs[4]_29__MUX2X0P5H7L_A_Y_OAI211X0P7H7L_A1_Y_OAOI211X0P5H7L_B0_Y_OAI211X0P7H7L_A0_Y_OAI221X1P4H7L_C0_Y_NOR3BX3H7L_C_Y_NOR2BX1H7L_B_Z_OAI2BB1X0P5H7L_A1N_B0_OAI21X0P5H7L_Y:Y (OAI21X0P5H7L)                                           |        | 0.001       | 0.000      | 0.053      |             | 0.030  | 2.560f          |
| reg_mod.regs[4]_29__MUX2X0P5H7L_A_Y_OAI211X0P7H7L_A1_Y_OAOI211X0P5H7L_B0_Y_OAI211X0P7H7L_A0_Y_OAI221X1P4H7L_C0_Y_NOR3BX3H7L_C_Y_NOR2BX1H7L_B_Z_OAI2BB1X0P5H7L_A1N_B0 (net)                                                                     | 1      |             |            |            | 0.000       |        |                 |
| reg_mod.regs[4]_29__MUX2X0P5H7L_A_Y_OAI211X0P7H7L_A1_Y_OAOI211X0P5H7L_B0_Y_OAI211X0P7H7L_A0_Y_OAI221X1P4H7L_C0_Y_NOR3BX3H7L_C_Y_NOR2BX1H7L_B_Z_OAI2BB1X0P5H7L_A1N:B0 (OAI2BB1X0P5H7L)                                                          |        | 0.001       | 0.000      | 0.053      |             | 0.000  | 2.560f          |
| reg_mod.regs[4]_29__MUX2X0P5H7L_A_Y_OAI211X0P7H7L_A1_Y_OAOI211X0P5H7L_B0_Y_OAI211X0P7H7L_A0_Y_OAI221X1P4H7L_C0_Y_NOR3BX3H7L_C_Y_NOR2BX1H7L_B_Z_OAI2BB1X0P5H7L_A1N:Y (OAI2BB1X0P5H7L)                                                           |        | 0.003       | 0.000      | 0.068      |             | 0.054  | 2.614r          |
| csr_mod.regs[3]_0__reg_p_D_OAI21X0P5H7L_Y_A1_INVX0P5H7L_Y_A_AOAI211X0P5H7L_Y_A0_NAND2X0P5H7L_A_Y_AOI21X0P5H7L_B0_Y_AO211X1P4H7L_B0_A0 (net)                                                                                                    | 4      |             |            |            | 0.000       |        |                 |
| pc_mod.pc_30__reg_p_D_AOA211X1P4H7L_Y_A0_OAI211X0P7H7L_Y_A1_AOI31X0P5H7L_Y_B0_AOAI211X0P5H7L_Y_B0_OAI211X0P7H7L_Y_B0_AOI21X0P5H7L_A1_B0_OAI21X0P5H7L_Y_B0_OAOI211X0P5H7L_C0_A0_OR2X1P4H7L_Y:B (OR2X1P4H7L)                                     |        | 0.001       | 0.000      | 0.068      |             | 0.000  | 2.614r          |
| pc_mod.pc_30__reg_p_D_AOA211X1P4H7L_Y_A0_OAI211X0P7H7L_Y_A1_AOI31X0P5H7L_Y_B0_AOAI211X0P5H7L_Y_B0_OAI211X0P7H7L_Y_B0_AOI21X0P5H7L_A1_B0_OAI21X0P5H7L_Y_B0_OAOI211X0P5H7L_C0_A0_OR2X1P4H7L_Y:Y (OR2X1P4H7L)                                     |        | 0.002       | 0.000      | 0.029      |             | 0.043  | 2.657r          |
| pc_mod.pc_30__reg_p_D_AOA211X1P4H7L_Y_A0_OAI211X0P7H7L_Y_A1_AOI31X0P5H7L_Y_B0_AOAI211X0P5H7L_Y_B0_OAI211X0P7H7L_Y_B0_AOI21X0P5H7L_A1_B0_OAI21X0P5H7L_Y_B0_OAOI211X0P5H7L_C0_A0 (net)                                                           | 2      |             |            |            | 0.000       |        |                 |
| pc_mod.pc_30__reg_p_D_AOA211X1P4H7L_Y_A0_OAI211X0P7H7L_Y_A1_AOI31X0P5H7L_Y_B0_AOAI211X0P5H7L_Y_B0_OAI211X0P7H7L_Y_B0_AOI21X0P5H7L_A1_B0_OAI21X0P5H7L_Y_B0_OAOI211X0P5H7L_C0_A0_NOR2X0P5H7L_B:B (NOR2X0P5H7L)                                   |        | 0.001       | 0.000      | 0.029      |             | 0.000  | 2.657r          |
| pc_mod.pc_30__reg_p_D_AOA211X1P4H7L_Y_A0_OAI211X0P7H7L_Y_A1_AOI31X0P5H7L_Y_B0_AOAI211X0P5H7L_Y_B0_OAI211X0P7H7L_Y_B0_AOI21X0P5H7L_A1_B0_OAI21X0P5H7L_Y_B0_OAOI211X0P5H7L_C0_A0_NOR2X0P5H7L_B:Y (NOR2X0P5H7L)                                   |        | 0.001       | 0.000      | 0.040      |             | 0.016  | 2.673f          |
| pc_mod.pc_30__reg_p_D_AOA211X1P4H7L_Y_A0_OAI211X0P7H7L_Y_A1_AOI31X0P5H7L_Y_B0_AOAI211X0P5H7L_Y_B0_OAI211X0P7H7L_Y_B0_AOI21X0P5H7L_A1_B0_OAI21X0P5H7L_Y_B0_OAOI211X0P5H7L_C0_A0_NOR2X0P5H7L_B_Y (net)                                           | 1      |             |            |            | 0.000       |        |                 |
| pc_mod.pc_30__reg_p_D_AOA211X1P4H7L_Y_A0_OAI211X0P7H7L_Y_A1_AOI31X0P5H7L_Y_B0_AOAI211X0P5H7L_Y_B0_OAI211X0P7H7L_Y_B0_AOI21X0P5H7L_A1_B0_OAI21X0P5H7L_Y_B0_OAOI211X0P5H7L_C0_A0_NOR2X0P5H7L_B_Y_AOAI211X0P5H7L_B0:B0 (AOAI211X0P5H7L)           |        | 0.001       | 0.000      | 0.040      |             | 0.000  | 2.673f          |
| pc_mod.pc_30__reg_p_D_AOA211X1P4H7L_Y_A0_OAI211X0P7H7L_Y_A1_AOI31X0P5H7L_Y_B0_AOAI211X0P5H7L_Y_B0_OAI211X0P7H7L_Y_B0_AOI21X0P5H7L_A1_B0_OAI21X0P5H7L_Y_B0_OAOI211X0P5H7L_C0_A0_NOR2X0P5H7L_B_Y_AOAI211X0P5H7L_B0:Y (AOAI211X0P5H7L)            |        | 0.001       | 0.000      | 0.074      |             | 0.052  | 2.725r          |
| pc_mod.pc_30__reg_p_D_AOA211X1P4H7L_Y_A0_OAI211X0P7H7L_Y_A1_AOI31X0P5H7L_Y_B0_AOAI211X0P5H7L_Y_B0_OAI211X0P7H7L_Y_B0_AOI21X0P5H7L_A1_B0_OAI21X0P5H7L_Y_B0_OAOI211X0P5H7L_C0_A0_NOR2X0P5H7L_B_Y_AOAI211X0P5H7L_B0_Y (net)                       | 1      |             |            |            | 0.000       |        |                 |
| pc_mod.pc_30__reg_p_D_AOA211X1P4H7L_Y_A0_OAI211X0P7H7L_Y_A1_AOI31X0P5H7L_Y_B0_AOAI211X0P5H7L_Y_B0_OAI211X0P7H7L_Y_B0_AOI21X0P5H7L_A1_B0_OAI21X0P5H7L_Y_B0_OAOI211X0P5H7L_C0_A0_NOR2X0P5H7L_B_Y_AOAI211X0P5H7L_B0_Y_BUFX1P4H7L_A:A (BUFX1P4H7L) |        | 0.001       | 0.000      | 0.074      |             | 0.000  | 2.725r          |
| pc_mod.pc_30__reg_p_D_AOA211X1P4H7L_Y_A0_OAI211X0P7H7L_Y_A1_AOI31X0P5H7L_Y_B0_AOAI211X0P5H7L_Y_B0_OAI211X0P7H7L_Y_B0_AOI21X0P5H7L_A1_B0_OAI21X0P5H7L_Y_B0_OAOI211X0P5H7L_C0_A0_NOR2X0P5H7L_B_Y_AOAI211X0P5H7L_B0_Y_BUFX1P4H7L_A:Y (BUFX1P4H7L) |        | 0.012       | 0.000      | 0.138      |             | 0.104  | 2.829r          |
| csr_mod.working_reg_2__AOAI211X0P5H7L_Y_C0 (net)                                                                                                                                                                                               | 15     |             |            |            | 0.000       |        |                 |
| csr_mod.working_reg_2__AOAI211X0P5H7L_Y:C0 (AOAI211X0P5H7L)                                                                                                                                                                                    |        | 0.001       | 0.000      | 0.138      |             | 0.000  | 2.829r          |
| csr_mod.working_reg_2__AOAI211X0P5H7L_Y:Y (AOAI211X0P5H7L)                                                                                                                                                                                     |        | 0.002       | 0.000      | 0.065      |             | 0.043  | 2.873f          |
| csr_mod.working_reg_2_ (net)                                                                                                                                                                                                                   | 1      |             |            |            | 0.000       |        |                 |
| csr_mod.working_reg_2__BUFX7H7L_A:A (BUFX7H7L)                                                                                                                                                                                                 |        | 0.002       | 0.000      | 0.065      |             | 0.000  | 2.873f          |
| csr_mod.working_reg_2__BUFX7H7L_A:Y (BUFX7H7L)                                                                                                                                                                                                 |        | 0.033       | 0.000      | 0.056      |             | 0.075  | 2.947f          |
| csr_mod.regs[2]_0__NOR2BX1H7L_AN_B (net)                                                                                                                                                                                                       | 16     |             |            |            | 0.000       |        |                 |
| csr_mod.regs[3]_3__MUX4X1P4H7L_A_S0_BUFX3H7L_Y:A (BUFX3H7L)                                                                                                                                                                                    |        | 0.001       | 0.000      | 0.056      |             | 0.000  | 2.947f          |
| csr_mod.regs[3]_3__MUX4X1P4H7L_A_S0_BUFX3H7L_Y:Y (BUFX3H7L)                                                                                                                                                                                    |        | 0.040       | 0.000      | 0.142      |             | 0.128  | 3.075f          |
| csr_mod.regs[3]_3__MUX4X1P4H7L_A_S0 (net)                                                                                                                                                                                                      | 14     |             |            |            | 0.000       |        |                 |
| csr_mod.regs[3]_6__MUX4X1P4H7L_A:S0 (MUX4X1P4H7L)                                                                                                                                                                                              |        | 0.003       | 0.000      | 0.142      |             | 0.000  | 3.075f          |
| csr_mod.regs[3]_6__MUX4X1P4H7L_A:Y (MUX4X1P4H7L)                                                                                                                                                                                               |        | 0.001       | 0.000      | 0.038      |             | 0.117  | 3.192f          |
| csr_mod.regs[3]_6__MUX4X1P4H7L_A_Y (net)                                                                                                                                                                                                       | 1      |             |            |            | 0.000       |        |                 |
| csr_mod.regs[3]_6__MUX4X1P4H7L_A_Y_AOI21X0P5H7L_A1:A1 (AOI21X0P5H7L)                                                                                                                                                                           |        | 0.001       | 0.000      | 0.038      |             | 0.000  | 3.192f          |
| csr_mod.regs[3]_6__MUX4X1P4H7L_A_Y_AOI21X0P5H7L_A1:Y (AOI21X0P5H7L)                                                                                                                                                                            |        | 0.002       | 0.000      | 0.094      |             | 0.070  | 3.261r          |
| csr_mod.regs[3]_6__MUX4X1P4H7L_A_Y_AOI21X0P5H7L_A1_Y (net)                                                                                                                                                                                     | 3      |             |            |            | 0.000       |        |                 |
| csr_mod.regs[3]_6__MUX4X1P4H7L_A_Y_AOI21X0P5H7L_A1_Y_AND2X1H7L_A:A (AND2X1H7L)                                                                                                                                                                 |        | 0.001       | 0.000      | 0.094      |             | 0.000  | 3.261r          |
| csr_mod.regs[3]_6__MUX4X1P4H7L_A_Y_AOI21X0P5H7L_A1_Y_AND2X1H7L_A:Y (AND2X1H7L)                                                                                                                                                                 |        | 0.002       | 0.000      | 0.029      |             | 0.054  | 3.316r          |
| csr_mod.regs[3]_6__MUX4X1P4H7L_A_Y_AOI21X0P5H7L_A1_Y_AND2X1H7L_A_Y (net)                                                                                                                                                                       | 2      |             |            |            | 0.000       |        |                 |
| csr_mod.regs[3]_6__MUX4X1P4H7L_A_Y_AOI21X0P5H7L_A1_Y_AND2X1H7L_A_Y_NAND2X0P5H7L_B:B (NAND2X0P5H7L)                                                                                                                                             |        | 0.001       | 0.000      | 0.029      |             | 0.000  | 3.316r          |
| csr_mod.regs[3]_6__MUX4X1P4H7L_A_Y_AOI21X0P5H7L_A1_Y_AND2X1H7L_A_Y_NAND2X0P5H7L_B:Y (NAND2X0P5H7L)                                                                                                                                             |        | 0.001       | 0.000      | 0.056      |             | 0.024  | 3.340f          |
| csr_mod.regs[3]_6__MUX4X1P4H7L_A_Y_AOI21X0P5H7L_A1_Y_AND2X1H7L_A_Y_NAND2X0P5H7L_B_Y (net)                                                                                                                                                      | 1      |             |            |            | 0.000       |        |                 |
| csr_mod.regs[3]_6__MUX4X1P4H7L_A_Y_AOI21X0P5H7L_A1_Y_AND2X1H7L_A_Y_NAND2X0P5H7L_B_Y_OAI211X0P7H7L_B0:B0 (OAI211X0P7H7L)                                                                                                                        |        | 0.001       | 0.000      | 0.056      |             | 0.000  | 3.340f          |
| csr_mod.regs[3]_6__MUX4X1P4H7L_A_Y_AOI21X0P5H7L_A1_Y_AND2X1H7L_A_Y_NAND2X0P5H7L_B_Y_OAI211X0P7H7L_B0:Y (OAI211X0P7H7L)                                                                                                                         |        | 0.001       | 0.000      | 0.065      |             | 0.033  | 3.373r          |
| csr_mod.regs[3]_6__MUX4X1P4H7L_A_Y_AOI21X0P5H7L_A1_Y_AND2X1H7L_A_Y_NAND2X0P5H7L_B_Y_OAI211X0P7H7L_B0_Y (net)                                                                                                                                   | 1      |             |            |            | 0.000       |        |                 |
| csr_mod.regs[3]_6__MUX4X1P4H7L_A_Y_AOI21X0P5H7L_A1_Y_AND2X1H7L_A_Y_NAND2X0P5H7L_B_Y_OAI211X0P7H7L_B0_Y_NAND2X0P5H7L_A:A (NAND2X0P5H7L)                                                                                                         |        | 0.001       | 0.000      | 0.065      |             | 0.000  | 3.373r          |
| csr_mod.regs[3]_6__MUX4X1P4H7L_A_Y_AOI21X0P5H7L_A1_Y_AND2X1H7L_A_Y_NAND2X0P5H7L_B_Y_OAI211X0P7H7L_B0_Y_NAND2X0P5H7L_A:Y (NAND2X0P5H7L)                                                                                                         |        | 0.001       | 0.000      | 0.034      |             | 0.028  | 3.401f          |
| csr_mod.regs[3]_6__MUX4X1P4H7L_A_Y_AOI21X0P5H7L_A1_Y_AND2X1H7L_A_Y_NAND2X0P5H7L_B_Y_OAI211X0P7H7L_B0_Y_NAND2X0P5H7L_A_Y (net)                                                                                                                  | 1      |             |            |            | 0.000       |        |                 |
| csr_mod.regs[3]_6__MUX4X1P4H7L_A_Y_AOI21X0P5H7L_A1_Y_AND2X1H7L_A_Y_NAND2X0P5H7L_B_Y_OAI211X0P7H7L_B0_Y_NAND2X0P5H7L_A_Y_AOI211X0P5H7L_C0:C0 (AOI211X0P5H7L)                                                                                    |        | 0.001       | 0.000      | 0.034      |             | 0.000  | 3.401f          |
| csr_mod.regs[3]_6__MUX4X1P4H7L_A_Y_AOI21X0P5H7L_A1_Y_AND2X1H7L_A_Y_NAND2X0P5H7L_B_Y_OAI211X0P7H7L_B0_Y_NAND2X0P5H7L_A_Y_AOI211X0P5H7L_C0:Y (AOI211X0P5H7L)                                                                                     |        | 0.001       | 0.000      | 0.088      |             | 0.062  | 3.462r          |
| csr_mod.regs[3]_6__MUX4X1P4H7L_A_Y_AOI21X0P5H7L_A1_Y_AND2X1H7L_A_Y_NAND2X0P5H7L_B_Y_OAI211X0P7H7L_B0_Y_NAND2X0P5H7L_A_Y_AOI211X0P5H7L_C0_Y (net)                                                                                               | 1      |             |            |            | 0.000       |        |                 |
| csr_mod.regs[3]_6__MUX4X1P4H7L_A_Y_AOI21X0P5H7L_A1_Y_AND2X1H7L_A_Y_NAND2X0P5H7L_B_Y_OAI211X0P7H7L_B0_Y_NAND2X0P5H7L_A_Y_AOI211X0P5H7L_C0_Y_AOI2BB2X0P5H7L_A1N:A1N (AOI2BB2X0P5H7L)                                                             |        | 0.001       | 0.000      | 0.088      |             | 0.000  | 3.462r          |
| csr_mod.regs[3]_6__MUX4X1P4H7L_A_Y_AOI21X0P5H7L_A1_Y_AND2X1H7L_A_Y_NAND2X0P5H7L_B_Y_OAI211X0P7H7L_B0_Y_NAND2X0P5H7L_A_Y_AOI211X0P5H7L_C0_Y_AOI2BB2X0P5H7L_A1N:Y (AOI2BB2X0P5H7L)                                                               |        | 0.003       | 0.000      | 0.117      |             | 0.094  | 3.557r          |
| pc_mod.pc_6__reg_p_D_OAI21X0P5H7L_Y_A1_MUX2X0P5H7L_Y_B_MUX2X0P5H7L_Y_B (net)                                                                                                                                                                   | 4      |             |            |            | 0.000       |        |                 |
| pc_mod.pc_6__reg_p_D_OAI21X0P5H7L_Y_A1_MUX2X0P5H7L_Y_A_NAND2X0P5H7L_B_Y_AOI32X0P5H7L_B0_Y_OA221X0P5H7L_C0:B0 (OA221X0P5H7L)                                                                                                                    |        | 0.001       | 0.000      | 0.117      |             | 0.000  | 3.557r          |
| pc_mod.pc_6__reg_p_D_OAI21X0P5H7L_Y_A1_MUX2X0P5H7L_Y_A_NAND2X0P5H7L_B_Y_AOI32X0P5H7L_B0_Y_OA221X0P5H7L_C0:Y (OA221X0P5H7L)                                                                                                                     |        | 0.006       | 0.000      | 0.107      |             | 0.119  | 3.676r          |
| reg_mod.regs[25]_6__reg_p_D_AOI21X0P5H7L_Y_A0 (net)                                                                                                                                                                                            | 8      |             |            |            | 0.000       |        |                 |
| reg_mod.regs[25]_6__reg_p_D_AOI21X0P5H7L_Y_A0_BUFX0P5H7L_A:A (BUFX0P5H7L)                                                                                                                                                                      |        | 0.001       | 0.000      | 0.107      |             | 0.000  | 3.676r          |
| reg_mod.regs[25]_6__reg_p_D_AOI21X0P5H7L_Y_A0_BUFX0P5H7L_A:Y (BUFX0P5H7L)                                                                                                                                                                      |        | 0.017       | 0.000      | 0.286      |             | 0.181  | 3.857r          |
| reg_mod.regs[1]_6__reg_p_D_AOI21X0P5H7L_Y_A0 (net)                                                                                                                                                                                             | 24     |             |            |            | 0.000       |        |                 |
| reg_mod.regs[24]_6__reg_p_D_AOI21X0P5H7L_Y:A0 (AOI21X0P5H7L)                                                                                                                                                                                   |        | 0.001       | 0.000      | 0.286      |             | 0.000  | 3.857r          |
| reg_mod.regs[24]_6__reg_p_D_AOI21X0P5H7L_Y:Y (AOI21X0P5H7L)                                                                                                                                                                                    |        | 0.001       | 0.000      | 0.067      |             | 0.046  | 3.903f          |
| reg_mod.regs[24]_6__reg_p_D (net)                                                                                                                                                                                                              | 1      |             |            |            | 0.000       |        |                 |
| reg_mod.regs[24]_6__reg_p:D (DFFQX1H7L)                                                                                                                                                                                                        |        | 0.001       | 0.000      | 0.067      |             | 0.000  | 3.903f          |
|                                                                                                                                                                                                                                                |        |             |            |            |             |        |                 |
| clock (port)                                                                                                                                                                                                                                   |        | 0.110       | 0.000      | 0.000      |             | 0.000  | 0.000r          |
| clock (clock net)                                                                                                                                                                                                                              | 105    |             |            |            | NA          |        |                 |
| reg_mod.regs[24]_0__reg_p_CK_ICGX0P5H7L_ECK:CK (ICGX0P5H7L)                                                                                                                                                                                    |        | 0.002       | 0.000      | 0.000      |             | 0.000  | 0.000r          |
| reg_mod.regs[24]_0__reg_p_CK_ICGX0P5H7L_ECK:ECK (ICGX0P5H7L)                                                                                                                                                                                   |        | 0.025       | 0.000      | 0.000      |             | 0.000  | 0.000r          |
| reg_mod.regs[24]_0__reg_p_CK (clock net)                                                                                                                                                                                                       | 32     |             |            |            | NA          |        |                 |
| reg_mod.regs[24]_6__reg_p:CK (DFFQX1H7L)                                                                                                                                                                                                       |        | 0.001       | 0.000      | 0.000      |             | 0.000  | 0.000r          |
| clock core_clock (rise edge)                                                                                                                                                                                                                   |        |             |            |            |             | 1.769  | 1.769           |
| clock network delay (ideal)                                                                                                                                                                                                                    |        |             |            |            |             | 0.000  | 1.769           |
| reg_mod.regs[24]_6__reg_p:CK (DFFQX1H7L)                                                                                                                                                                                                       |        |             |            |            |             |        | 1.769r          |
| library setup time                                                                                                                                                                                                                             |        |             |            |            |             | -0.050 | 1.719           |
| clock reconvergence pessimism                                                                                                                                                                                                                  |        |             |            |            |             | 0.000  | 1.719           |
|                                                                                                                                                                                                                                                |        |             |            |            |             |        |                 |
| path cell delay                                                                                                                                                                                                                                |        |             |            |            |             |        | 3.903(100.000%) |
| path net delay                                                                                                                                                                                                                                 |        |             |            |            |             |        | 0.000(0.000%)   |
|                                                                                                                                                                                                                                                |        |             |            |            |             |        |                 |
| data require time                                                                                                                                                                                                                              |        |             |            |            |             |        | 1.719           |
| data arrival time                                                                                                                                                                                                                              |        |             |            |            |             |        | 3.903           |
| slack (VIOLATED)                                                                                                                                                                                                                               |        |             |            |            |             |        | -2.184          |
+------------------------------------------------------------------------------------------------------------------------------------------------------------------------------------------------------------------------------------------------+--------+-------------+------------+------------+-------------+--------+-----------------+
+------------------------------------------------------------------------------------------------------------------------------------------------------------------------------------------------------------------------------------------------+--------+-------------+------------+------------+-------------+--------+-----------------+
| Point                                                                                                                                                                                                                                          | Fanout | Capacitance | Resistance | Transition | Delta Delay | Incr   | Path            |
+------------------------------------------------------------------------------------------------------------------------------------------------------------------------------------------------------------------------------------------------+--------+-------------+------------+------------+-------------+--------+-----------------+
| clock (port)                                                                                                                                                                                                                                   |        | 0.150       | 0.000      | 0.000      |             | 0.000  | 0.000r          |
| clock (clock net)                                                                                                                                                                                                                              | 105    |             |            |            | NA          |        |                 |
| pc_mod.pc_2__reg_p:CK (DFFQX1H7L)                                                                                                                                                                                                              |        | 0.001       | 0.000      | 0.000      |             | 0.000  | 0.000r          |
| clock core_clock (rise edge)                                                                                                                                                                                                                   |        |             |            |            |             | 0      | 0               |
| clock network delay (ideal)                                                                                                                                                                                                                    |        |             |            |            |             | 0.000  | 0.000           |
| pc_mod.pc_2__reg_p:CK (DFFQX1H7L)                                                                                                                                                                                                              |        | 0.001       | 0.000      | 0.000      |             | 0.000  | 0.000r          |
| pc_mod.pc_2__reg_p:Q (DFFQX1H7L)                                                                                                                                                                                                               |        | 0.002       | 0.000      | 0.029      |             | 0.067  | 0.067f          |
| pc_mod.pc_2_ (net)                                                                                                                                                                                                                             | 1      |             |            |            | 0.000       |        |                 |
| pc_mod.pc_2__BUFX7H7L_A:A (BUFX7H7L)                                                                                                                                                                                                           |        | 0.002       | 0.000      | 0.029      |             | 0.000  | 0.067f          |
| pc_mod.pc_2__BUFX7H7L_A:Y (BUFX7H7L)                                                                                                                                                                                                           |        | 0.012       | 0.000      | 0.027      |             | 0.046  | 0.113f          |
| pc_mod.pc_2__BUFX7H7L_A_Y (net)                                                                                                                                                                                                                | 4      |             |            |            | 0.000       |        |                 |
| pc_mod.pc_2__BUFX7H7L_A_Y_BUFX16H7L_A_1:A (BUFX16H7L)                                                                                                                                                                                          |        | 0.003       | 0.000      | 0.027      |             | 0.000  | 0.113f          |
| pc_mod.pc_2__BUFX7H7L_A_Y_BUFX16H7L_A_1:Y (BUFX16H7L)                                                                                                                                                                                          |        | 0.042       | 0.000      | 0.035      |             | 0.051  | 0.164f          |
| pc_mod.pc_2__BUFX7H7L_A_Y_BUFX16H7L_A_1_Y (net)                                                                                                                                                                                                | 22     |             |            |            | 0.000       |        |                 |
| icache_mod.block_cache[8]_20__MUX4X1P4H7L_A_S0_BUFX16H7L_Y:A (BUFX16H7L)                                                                                                                                                                       |        | 0.003       | 0.000      | 0.035      |             | 0.000  | 0.164f          |
| icache_mod.block_cache[8]_20__MUX4X1P4H7L_A_S0_BUFX16H7L_Y:Y (BUFX16H7L)                                                                                                                                                                       |        | 0.037       | 0.000      | 0.033      |             | 0.052  | 0.216f          |
| icache_mod.block_cache[8]_20__MUX4X1P4H7L_A_S0 (net)                                                                                                                                                                                           | 15     |             |            |            | 0.000       |        |                 |
| icache_mod.block_cache[8]_25__MUX4X1H7L_A_S0_BUFX12H7L_Y:A (BUFX12H7L)                                                                                                                                                                         |        | 0.003       | 0.000      | 0.033      |             | 0.000  | 0.216f          |
| icache_mod.block_cache[8]_25__MUX4X1H7L_A_S0_BUFX12H7L_Y:Y (BUFX12H7L)                                                                                                                                                                         |        | 0.039       | 0.000      | 0.041      |             | 0.056  | 0.273f          |
| icache_mod.block_cache[8]_25__MUX4X1H7L_A_S0 (net)                                                                                                                                                                                             | 14     |             |            |            | 0.000       |        |                 |
| icache_mod.block_cache[8]_25__MUX4X1H7L_A_S0_BUFX16H7L_A:A (BUFX16H7L)                                                                                                                                                                         |        | 0.003       | 0.000      | 0.041      |             | 0.000  | 0.273f          |
| icache_mod.block_cache[8]_25__MUX4X1H7L_A_S0_BUFX16H7L_A:Y (BUFX16H7L)                                                                                                                                                                         |        | 0.042       | 0.000      | 0.036      |             | 0.056  | 0.329f          |
| icache_mod.block_cache[4]_30__MUX4X1P4H7L_A_S0 (net)                                                                                                                                                                                           | 16     |             |            |            | 0.000       |        |                 |
| icache_mod.block_cache[8]_28__MUX4X1P4H7L_A:S0 (MUX4X1P4H7L)                                                                                                                                                                                   |        | 0.003       | 0.000      | 0.036      |             | 0.000  | 0.329f          |
| icache_mod.block_cache[8]_28__MUX4X1P4H7L_A:Y (MUX4X1P4H7L)                                                                                                                                                                                    |        | 0.001       | 0.000      | 0.036      |             | 0.089  | 0.418f          |
| icache_mod.block_cache[8]_28__MUX4X1P4H7L_A_Y (net)                                                                                                                                                                                            | 1      |             |            |            | 0.000       |        |                 |
| icache_mod.block_cache[8]_28__MUX4X1P4H7L_A_Y_AOI22X0P5H7L_A1:A1 (AOI22X0P5H7L)                                                                                                                                                                |        | 0.001       | 0.000      | 0.036      |             | 0.000  | 0.418f          |
| icache_mod.block_cache[8]_28__MUX4X1P4H7L_A_Y_AOI22X0P5H7L_A1:Y (AOI22X0P5H7L)                                                                                                                                                                 |        | 0.001       | 0.000      | 0.060      |             | 0.052  | 0.470r          |
| icache_mod.block_cache[8]_28__MUX4X1P4H7L_A_Y_AOI22X0P5H7L_A1_Y (net)                                                                                                                                                                          | 1      |             |            |            | 0.000       |        |                 |
| icache_mod.block_cache[8]_28__MUX4X1P4H7L_A_Y_AOI22X0P5H7L_A1_Y_NAND2X0P5H7L_A:A (NAND2X0P5H7L)                                                                                                                                                |        | 0.001       | 0.000      | 0.060      |             | 0.000  | 0.470r          |
| icache_mod.block_cache[8]_28__MUX4X1P4H7L_A_Y_AOI22X0P5H7L_A1_Y_NAND2X0P5H7L_A:Y (NAND2X0P5H7L)                                                                                                                                                |        | 0.004       | 0.000      | 0.079      |             | 0.061  | 0.531f          |
| icache_mod.block_cache[8]_28__MUX4X1P4H7L_A_Y_AOI22X0P5H7L_A1_Y_NAND2X0P5H7L_A_Y (net)                                                                                                                                                         | 5      |             |            |            | 0.000       |        |                 |
| icache_mod.block_cache[4]_30__MUX4X1P4H7L_A_Y_NAND2X0P5H7L_B_Y_AOI32X0P5H7L_A0_Y_NOR3X0P5H7L_C:B (NOR3X0P5H7L)                                                                                                                                 |        | 0.001       | 0.000      | 0.079      |             | 0.000  | 0.531f          |
| icache_mod.block_cache[4]_30__MUX4X1P4H7L_A_Y_NAND2X0P5H7L_B_Y_AOI32X0P5H7L_A0_Y_NOR3X0P5H7L_C:Y (NOR3X0P5H7L)                                                                                                                                 |        | 0.002       | 0.000      | 0.112      |             | 0.090  | 0.621r          |
| icache_mod.block_cache[4]_30__MUX4X1P4H7L_A_Y_NAND2X0P5H7L_B_Y_AOI32X0P5H7L_A0_Y_NOR3X0P5H7L_C_Y (net)                                                                                                                                         | 2      |             |            |            | 0.000       |        |                 |
| icache_mod.block_cache[4]_30__MUX4X1P4H7L_A_Y_NAND2X0P5H7L_B_Y_AOI32X0P5H7L_A0_Y_NOR3X0P5H7L_C_Y_NAND2X0P5H7L_B:B (NAND2X0P5H7L)                                                                                                               |        | 0.001       | 0.000      | 0.112      |             | 0.000  | 0.621r          |
| icache_mod.block_cache[4]_30__MUX4X1P4H7L_A_Y_NAND2X0P5H7L_B_Y_AOI32X0P5H7L_A0_Y_NOR3X0P5H7L_C_Y_NAND2X0P5H7L_B:Y (NAND2X0P5H7L)                                                                                                               |        | 0.003       | 0.000      | 0.070      |             | 0.055  | 0.676f          |
| icache_mod.block_cache[4]_30__MUX4X1P4H7L_A_Y_NAND2X0P5H7L_B_Y_AOI32X0P5H7L_A0_Y_NOR3X0P5H7L_C_Y_NAND2X0P5H7L_B_Y (net)                                                                                                                        | 3      |             |            |            | 0.000       |        |                 |
| reg_mod.regs[5]_15__MUX2X0P5H7L_A_Y_AOI221X0P5H7L_A1_Y_OA31X1H7L_A0_Y_OAI21X1P4H7L_B0_Y_AOI32X1P4H7L_A0_B0_AOAI211X0P5H7L_Y_A1_NOR2X1P4H7L_Y:A (NOR2X1P4H7L)                                                                                   |        | 0.001       | 0.000      | 0.070      |             | 0.000  | 0.676f          |
| reg_mod.regs[5]_15__MUX2X0P5H7L_A_Y_AOI221X0P5H7L_A1_Y_OA31X1H7L_A0_Y_OAI21X1P4H7L_B0_Y_AOI32X1P4H7L_A0_B0_AOAI211X0P5H7L_Y_A1_NOR2X1P4H7L_Y:Y (NOR2X1P4H7L)                                                                                   |        | 0.003       | 0.000      | 0.075      |             | 0.064  | 0.740r          |
| reg_mod.regs[5]_15__MUX2X0P5H7L_A_Y_AOI221X0P5H7L_A1_Y_OA31X1H7L_A0_Y_OAI21X1P4H7L_B0_Y_AOI32X1P4H7L_A0_B0_AOAI211X0P5H7L_Y_A1 (net)                                                                                                           | 2      |             |            |            | 0.000       |        |                 |
| reg_mod.regs[5]_15__MUX2X0P5H7L_A_Y_AOI221X0P5H7L_A1_Y_OA31X1H7L_A0_Y_OAI21X1P4H7L_B0_Y_AOI32X1P4H7L_A0_B0_AOAI211X0P5H7L_Y_A1_OAI21X4H7L_B0:B0 (OAI21X4H7L)                                                                                   |        | 0.002       | 0.000      | 0.075      |             | 0.000  | 0.740r          |
| reg_mod.regs[5]_15__MUX2X0P5H7L_A_Y_AOI221X0P5H7L_A1_Y_OA31X1H7L_A0_Y_OAI21X1P4H7L_B0_Y_AOI32X1P4H7L_A0_B0_AOAI211X0P5H7L_Y_A1_OAI21X4H7L_B0:Y (OAI21X4H7L)                                                                                    |        | 0.008       | 0.000      | 0.058      |             | 0.037  | 0.777f          |
| reg_mod.regs[19]_31__AOI221X0P5H7L_A0_C0_NAND3X1H7L_Y_C_AOA211X1P4H7L_C0_A0 (net)                                                                                                                                                              | 8      |             |            |            | 0.000       |        |                 |
| reg_mod.regs[19]_31__AOI221X0P5H7L_A0_C0_NAND3X1H7L_Y_C_AOA211X1P4H7L_C0_A0_NAND3X1P4H7L_C:C (NAND3X1P4H7L)                                                                                                                                    |        | 0.001       | 0.000      | 0.058      |             | 0.000  | 0.777f          |
| reg_mod.regs[19]_31__AOI221X0P5H7L_A0_C0_NAND3X1H7L_Y_C_AOA211X1P4H7L_C0_A0_NAND3X1P4H7L_C:Y (NAND3X1P4H7L)                                                                                                                                    |        | 0.001       | 0.000      | 0.043      |             | 0.029  | 0.806r          |
| reg_mod.regs[19]_31__AOI221X0P5H7L_A0_C0_NAND3X1H7L_Y_C_AOA211X1P4H7L_C0_A0_NAND3X1P4H7L_C_Y (net)                                                                                                                                             | 1      |             |            |            | 0.000       |        |                 |
| reg_mod.regs[19]_31__AOI221X0P5H7L_A0_C0_NAND3X1H7L_Y_C_AOA211X1P4H7L_C0_A0_NAND3X1P4H7L_C_Y_BUFX3P5H7L_A:A (BUFX3P5H7L)                                                                                                                       |        | 0.001       | 0.000      | 0.043      |             | 0.000  | 0.806r          |
| reg_mod.regs[19]_31__AOI221X0P5H7L_A0_C0_NAND3X1H7L_Y_C_AOA211X1P4H7L_C0_A0_NAND3X1P4H7L_C_Y_BUFX3P5H7L_A:Y (BUFX3P5H7L)                                                                                                                       |        | 0.015       | 0.000      | 0.083      |             | 0.073  | 0.879r          |
| pc_mod.pc_9__reg_p_D_AOI31X0P5H7L_Y_A0_OAI211X1P4H7L_Y_A0 (net)                                                                                                                                                                                | 18     |             |            |            | 0.000       |        |                 |
| pc_mod.pc_30__reg_p_D_AOA211X1P4H7L_Y_A0_OAI211X0P7H7L_Y_A1_AOI31X0P5H7L_Y_B0_AOAI211X0P5H7L_Y_B0_OAI211X0P7H7L_Y_B0_AOI21X0P5H7L_A1_B0_OAI21X0P5H7L_Y_A1_OAI21X0P5H7L_A1:B0 (OAI21X0P5H7L)                                                    |        | 0.001       | 0.000      | 0.083      |             | 0.000  | 0.879r          |
| pc_mod.pc_30__reg_p_D_AOA211X1P4H7L_Y_A0_OAI211X0P7H7L_Y_A1_AOI31X0P5H7L_Y_B0_AOAI211X0P5H7L_Y_B0_OAI211X0P7H7L_Y_B0_AOI21X0P5H7L_A1_B0_OAI21X0P5H7L_Y_A1_OAI21X0P5H7L_A1:Y (OAI21X0P5H7L)                                                     |        | 0.001       | 0.000      | 0.058      |             | 0.030  | 0.909f          |
| pc_mod.pc_30__reg_p_D_AOA211X1P4H7L_Y_A0_OAI211X0P7H7L_Y_A1_AOI31X0P5H7L_Y_B0_AOAI211X0P5H7L_Y_B0_OAI211X0P7H7L_Y_B0_AOI21X0P5H7L_A1_B0_OAI21X0P5H7L_Y_A1_OAI21X0P5H7L_A1_Y (net)                                                              | 1      |             |            |            | 0.000       |        |                 |
| pc_mod.pc_30__reg_p_D_AOA211X1P4H7L_Y_A0_OAI211X0P7H7L_Y_A1_AOI31X0P5H7L_Y_B0_AOAI211X0P5H7L_Y_B0_OAI211X0P7H7L_Y_B0_AOI21X0P5H7L_A1_B0_OAI21X0P5H7L_Y_A1_OAI21X0P5H7L_A1_Y_BUFX5H7L_A:A (BUFX5H7L)                                            |        | 0.001       | 0.000      | 0.058      |             | 0.000  | 0.909f          |
| pc_mod.pc_30__reg_p_D_AOA211X1P4H7L_Y_A0_OAI211X0P7H7L_Y_A1_AOI31X0P5H7L_Y_B0_AOAI211X0P5H7L_Y_B0_OAI211X0P7H7L_Y_B0_AOI21X0P5H7L_A1_B0_OAI21X0P5H7L_Y_A1_OAI21X0P5H7L_A1_Y_BUFX5H7L_A:Y (BUFX5H7L)                                            |        | 0.018       | 0.000      | 0.046      |             | 0.070  | 0.979f          |
| pc_mod.pc_27__reg_p_D_OAI21X0P5H7L_Y_A1_OA211X1H7L_Y_A0_OAOI211X0P5H7L_Y_C0 (net)                                                                                                                                                              | 22     |             |            |            | 0.000       |        |                 |
| pc_mod.pc_30__reg_p_D_AOA211X1P4H7L_Y_A0_OAI211X0P7H7L_Y_A1_AOI31X0P5H7L_Y_B0_AOAI211X0P5H7L_Y_B0_OAI211X0P7H7L_Y_B0_AOI21X0P5H7L_A1_A0_AOI31X0P5H7L_A2:B0 (AOI31X0P5H7L)                                                                      |        | 0.001       | 0.000      | 0.046      |             | 0.000  | 0.979f          |
| pc_mod.pc_30__reg_p_D_AOA211X1P4H7L_Y_A0_OAI211X0P7H7L_Y_A1_AOI31X0P5H7L_Y_B0_AOAI211X0P5H7L_Y_B0_OAI211X0P7H7L_Y_B0_AOI21X0P5H7L_A1_A0_AOI31X0P5H7L_A2:Y (AOI31X0P5H7L)                                                                       |        | 0.002       | 0.000      | 0.106      |             | 0.067  | 1.046r          |
| io_master_wstrb_AOAI211X0P5H7L_Y_B0_AOI21X0P5H7L_Y_A1_NOR4X0P5H7L_Y_C_AND2X1H7L_A_B_NAND2X0P5H7L_Y_B_OAI21X0P5H7L_Y_A1 (net)                                                                                                                   | 3      |             |            |            | 0.000       |        |                 |
| io_master_wstrb_AOAI211X0P5H7L_Y_B0_AOI21X0P5H7L_Y_A1_NOR4X0P5H7L_Y_C_AND2X1H7L_A_B_NAND2X0P5H7L_Y_B_OAI21X0P5H7L_Y:A1 (OAI21X0P5H7L)                                                                                                          |        | 0.001       | 0.000      | 0.106      |             | 0.000  | 1.046r          |
| io_master_wstrb_AOAI211X0P5H7L_Y_B0_AOI21X0P5H7L_Y_A1_NOR4X0P5H7L_Y_C_AND2X1H7L_A_B_NAND2X0P5H7L_Y_B_OAI21X0P5H7L_Y:Y (OAI21X0P5H7L)                                                                                                           |        | 0.001       | 0.000      | 0.041      |             | 0.036  | 1.082f          |
| io_master_wstrb_AOAI211X0P5H7L_Y_B0_AOI21X0P5H7L_Y_A1_NOR4X0P5H7L_Y_C_AND2X1H7L_A_B_NAND2X0P5H7L_Y_B (net)                                                                                                                                     | 1      |             |            |            | 0.000       |        |                 |
| io_master_wstrb_AOAI211X0P5H7L_Y_B0_AOI21X0P5H7L_Y_A1_NOR4X0P5H7L_Y_C_AND2X1H7L_A_B_NAND2X0P5H7L_Y:B (NAND2X0P5H7L)                                                                                                                            |        | 0.001       | 0.000      | 0.041      |             | 0.000  | 1.082f          |
| io_master_wstrb_AOAI211X0P5H7L_Y_B0_AOI21X0P5H7L_Y_A1_NOR4X0P5H7L_Y_C_AND2X1H7L_A_B_NAND2X0P5H7L_Y:Y (NAND2X0P5H7L)                                                                                                                            |        | 0.002       | 0.000      | 0.055      |             | 0.042  | 1.124r          |
| io_master_wstrb_AOAI211X0P5H7L_Y_B0_AOI21X0P5H7L_Y_A1_NOR4X0P5H7L_Y_C_AND2X1H7L_A_B (net)                                                                                                                                                      | 3      |             |            |            | 0.000       |        |                 |
| decode_mod.bus_out_rs1_4__NOR2BX1H7L_Z_AN_AOI21X0P5H7L_A0_A1_AOI21X0P5H7L_B0_A1_OAI21X0P5H7L_Y_A1_AOI22X0P5H7L_Y:B1 (AOI22X0P5H7L)                                                                                                             |        | 0.001       | 0.000      | 0.055      |             | 0.000  | 1.124r          |
| decode_mod.bus_out_rs1_4__NOR2BX1H7L_Z_AN_AOI21X0P5H7L_A0_A1_AOI21X0P5H7L_B0_A1_OAI21X0P5H7L_Y_A1_AOI22X0P5H7L_Y:Y (AOI22X0P5H7L)                                                                                                              |        | 0.001       | 0.000      | 0.067      |             | 0.029  | 1.153f          |
| decode_mod.bus_out_rs1_4__NOR2BX1H7L_Z_AN_AOI21X0P5H7L_A0_A1_AOI21X0P5H7L_B0_A1_OAI21X0P5H7L_Y_A1 (net)                                                                                                                                        | 1      |             |            |            | 0.000       |        |                 |
| decode_mod.bus_out_rs1_4__NOR2BX1H7L_Z_AN_AOI21X0P5H7L_A0_A1_AOI21X0P5H7L_B0_A1_OAI21X0P5H7L_Y:A1 (OAI21X0P5H7L)                                                                                                                               |        | 0.001       | 0.000      | 0.067      |             | 0.000  | 1.153f          |
| decode_mod.bus_out_rs1_4__NOR2BX1H7L_Z_AN_AOI21X0P5H7L_A0_A1_AOI21X0P5H7L_B0_A1_OAI21X0P5H7L_Y:Y (OAI21X0P5H7L)                                                                                                                                |        | 0.002       | 0.000      | 0.079      |             | 0.067  | 1.220r          |
| decode_mod.bus_out_rs1_4__NOR2BX1H7L_Z_AN_AOI21X0P5H7L_A0_A1_AOI21X0P5H7L_B0_A1 (net)                                                                                                                                                          | 2      |             |            |            | 0.000       |        |                 |
| decode_mod.bus_out_rs1_4__NOR2BX1H7L_Z_AN_AOI21X0P5H7L_A0_A1_AOI21X0P5H7L_B0_A1_OAI21X0P5H7L_A1:A1 (OAI21X0P5H7L)                                                                                                                              |        | 0.001       | 0.000      | 0.079      |             | 0.000  | 1.220r          |
| decode_mod.bus_out_rs1_4__NOR2BX1H7L_Z_AN_AOI21X0P5H7L_A0_A1_AOI21X0P5H7L_B0_A1_OAI21X0P5H7L_A1:Y (OAI21X0P5H7L)                                                                                                                               |        | 0.004       | 0.000      | 0.106      |             | 0.070  | 1.291f          |
| decode_mod.bus_out_rs1_4__NOR2BX1H7L_Z_B (net)                                                                                                                                                                                                 | 5      |             |            |            | 0.000       |        |                 |
| decode_mod.bus_out_rs1_2__NOR2X0P5H7L_Y:B (NOR2X0P5H7L)                                                                                                                                                                                        |        | 0.001       | 0.000      | 0.106      |             | 0.000  | 1.291f          |
| decode_mod.bus_out_rs1_2__NOR2X0P5H7L_Y:Y (NOR2X0P5H7L)                                                                                                                                                                                        |        | 0.001       | 0.000      | 0.066      |             | 0.060  | 1.351r          |
| decode_mod.bus_out_rs1_2_ (net)                                                                                                                                                                                                                | 1      |             |            |            | 0.000       |        |                 |
| decode_mod.bus_out_rs1_2__BUFX5H7L_A:A (BUFX5H7L)                                                                                                                                                                                              |        | 0.001       | 0.000      | 0.066      |             | 0.000  | 1.351r          |
| decode_mod.bus_out_rs1_2__BUFX5H7L_A:Y (BUFX5H7L)                                                                                                                                                                                              |        | 0.018       | 0.000      | 0.071      |             | 0.071  | 1.422r          |
| reg_mod.regs[8]_11__MUX4X1P4H7L_A_S0 (net)                                                                                                                                                                                                     | 8      |             |            |            | 0.000       |        |                 |
| reg_mod.regs[8]_11__MUX4X1P4H7L_A_S0_BUFX8H7L_A:A (BUFX8H7L)                                                                                                                                                                                   |        | 0.002       | 0.000      | 0.071      |             | 0.000  | 1.422r          |
| reg_mod.regs[8]_11__MUX4X1P4H7L_A_S0_BUFX8H7L_A:Y (BUFX8H7L)                                                                                                                                                                                   |        | 0.035       | 0.000      | 0.087      |             | 0.078  | 1.499r          |
| reg_mod.regs[8]_1__MUX4X1P4H7L_A_S0 (net)                                                                                                                                                                                                      | 13     |             |            |            | 0.000       |        |                 |
| reg_mod.regs[8]_1__MUX4X1P4H7L_A_S0_BUFX8H7L_A:A (BUFX8H7L)                                                                                                                                                                                    |        | 0.002       | 0.000      | 0.087      |             | 0.000  | 1.499r          |
| reg_mod.regs[8]_1__MUX4X1P4H7L_A_S0_BUFX8H7L_A:Y (BUFX8H7L)                                                                                                                                                                                    |        | 0.040       | 0.000      | 0.097      |             | 0.085  | 1.585r          |
| reg_mod.regs[2]_9__MUX4X1P4H7L_A_S0 (net)                                                                                                                                                                                                      | 14     |             |            |            | 0.000       |        |                 |
| reg_mod.regs[2]_9__MUX4X1P4H7L_A_S0_BUFX10H7L_A:A (BUFX10H7L)                                                                                                                                                                                  |        | 0.002       | 0.000      | 0.097      |             | 0.000  | 1.585r          |
| reg_mod.regs[2]_9__MUX4X1P4H7L_A_S0_BUFX10H7L_A:Y (BUFX10H7L)                                                                                                                                                                                  |        | 0.038       | 0.000      | 0.077      |             | 0.076  | 1.661r          |
| reg_mod.regs[8]_8__MUX4X1P4H7L_A_S1 (net)                                                                                                                                                                                                      | 20     |             |            |            | 0.000       |        |                 |
| reg_mod.regs[8]_21__MUX4X1P4H7L_A_S0_BUFX10H7L_Y:A (BUFX10H7L)                                                                                                                                                                                 |        | 0.002       | 0.000      | 0.077      |             | 0.000  | 1.661r          |
| reg_mod.regs[8]_21__MUX4X1P4H7L_A_S0_BUFX10H7L_Y:Y (BUFX10H7L)                                                                                                                                                                                 |        | 0.039       | 0.000      | 0.078      |             | 0.074  | 1.734r          |
| reg_mod.regs[8]_21__MUX4X1P4H7L_A_S0 (net)                                                                                                                                                                                                     | 19     |             |            |            | 0.000       |        |                 |
| reg_mod.regs[8]_22__MUX4X1P4H7L_A_S1_BUFX10H7L_Y:A (BUFX10H7L)                                                                                                                                                                                 |        | 0.002       | 0.000      | 0.078      |             | 0.000  | 1.734r          |
| reg_mod.regs[8]_22__MUX4X1P4H7L_A_S1_BUFX10H7L_Y:Y (BUFX10H7L)                                                                                                                                                                                 |        | 0.039       | 0.000      | 0.077      |             | 0.074  | 1.808r          |
| reg_mod.regs[8]_22__MUX4X1P4H7L_A_S1 (net)                                                                                                                                                                                                     | 16     |             |            |            | 0.000       |        |                 |
| reg_mod.regs[2]_23__MUX4X1P4H7L_A_S1_BUFX7H7L_Y:A (BUFX7H7L)                                                                                                                                                                                   |        | 0.002       | 0.000      | 0.077      |             | 0.000  | 1.808r          |
| reg_mod.regs[2]_23__MUX4X1P4H7L_A_S1_BUFX7H7L_Y:Y (BUFX7H7L)                                                                                                                                                                                   |        | 0.039       | 0.000      | 0.104      |             | 0.088  | 1.896r          |
| reg_mod.regs[2]_23__MUX4X1P4H7L_A_S1 (net)                                                                                                                                                                                                     | 15     |             |            |            | 0.000       |        |                 |
| reg_mod.regs[2]_23__MUX4X1P4H7L_A_S1_BUFX7H7L_A:A (BUFX7H7L)                                                                                                                                                                                   |        | 0.002       | 0.000      | 0.104      |             | 0.000  | 1.896r          |
| reg_mod.regs[2]_23__MUX4X1P4H7L_A_S1_BUFX7H7L_A:Y (BUFX7H7L)                                                                                                                                                                                   |        | 0.040       | 0.000      | 0.107      |             | 0.093  | 1.990r          |
| reg_mod.regs[2]_25__MUX4X1P4H7L_A_S1 (net)                                                                                                                                                                                                     | 24     |             |            |            | 0.000       |        |                 |
| reg_mod.regs[1]_26__AOI221X0P5H7L_A0:B1 (AOI221X0P5H7L)                                                                                                                                                                                        |        | 0.001       | 0.000      | 0.107      |             | 0.000  | 1.990r          |
| reg_mod.regs[1]_26__AOI221X0P5H7L_A0:Y (AOI221X0P5H7L)                                                                                                                                                                                         |        | 0.001       | 0.000      | 0.057      |             | 0.042  | 2.032f          |
| reg_mod.regs[1]_26__AOI221X0P5H7L_A0_Y (net)                                                                                                                                                                                                   | 1      |             |            |            | 0.000       |        |                 |
| reg_mod.regs[1]_26__AOI221X0P5H7L_A0_Y_OAI31X0P5H7L_A2:A2 (OAI31X0P5H7L)                                                                                                                                                                       |        | 0.001       | 0.000      | 0.057      |             | 0.000  | 2.032f          |
| reg_mod.regs[1]_26__AOI221X0P5H7L_A0_Y_OAI31X0P5H7L_A2:Y (OAI31X0P5H7L)                                                                                                                                                                        |        | 0.001       | 0.000      | 0.080      |             | 0.066  | 2.098r          |
| reg_mod.regs[1]_26__AOI221X0P5H7L_A0_Y_OAI31X0P5H7L_A2_Y (net)                                                                                                                                                                                 | 1      |             |            |            | 0.000       |        |                 |
| reg_mod.regs[1]_26__AOI221X0P5H7L_A0_Y_OAI31X0P5H7L_A2_Y_OAI21X0P5H7L_A1:A1 (OAI21X0P5H7L)                                                                                                                                                     |        | 0.001       | 0.000      | 0.080      |             | 0.000  | 2.098r          |
| reg_mod.regs[1]_26__AOI221X0P5H7L_A0_Y_OAI31X0P5H7L_A2_Y_OAI21X0P5H7L_A1:Y (OAI21X0P5H7L)                                                                                                                                                      |        | 0.004       | 0.000      | 0.082      |             | 0.067  | 2.164f          |
| reg_mod.regs[1]_26__AOI221X0P5H7L_A0_Y_OAI31X0P5H7L_A2_Y_OAI21X0P5H7L_A1_Y (net)                                                                                                                                                               | 4      |             |            |            | 0.000       |        |                 |
| reg_mod.regs[18]_26__MUX2X0P5H7L_A_Y_MUXI2X0P5H7L_A_Y_NOR3X0P5H7L_C_Y_AOI221X2H7L_C0_Y_XNOR2X1H7L_B:A (XNOR2X1H7L)                                                                                                                             |        | 0.002       | 0.000      | 0.082      |             | 0.000  | 2.164f          |
| reg_mod.regs[18]_26__MUX2X0P5H7L_A_Y_MUXI2X0P5H7L_A_Y_NOR3X0P5H7L_C_Y_AOI221X2H7L_C0_Y_XNOR2X1H7L_B:Y (XNOR2X1H7L)                                                                                                                             |        | 0.001       | 0.000      | 0.027      |             | 0.064  | 2.229f          |
| reg_mod.regs[18]_26__MUX2X0P5H7L_A_Y_MUXI2X0P5H7L_A_Y_NOR3X0P5H7L_C_Y_AOI221X2H7L_C0_Y_XNOR2X1H7L_B_Y (net)                                                                                                                                    | 1      |             |            |            | 0.000       |        |                 |
| reg_mod.regs[18]_26__MUX2X0P5H7L_A_Y_MUXI2X0P5H7L_A_Y_NOR3X0P5H7L_C_Y_AOI221X2H7L_C0_Y_XNOR2X1H7L_B_Y_OAI211X2H7L_B0:B0 (OAI211X2H7L)                                                                                                          |        | 0.001       | 0.000      | 0.027      |             | 0.000  | 2.229f          |
| reg_mod.regs[18]_26__MUX2X0P5H7L_A_Y_MUXI2X0P5H7L_A_Y_NOR3X0P5H7L_C_Y_AOI221X2H7L_C0_Y_XNOR2X1H7L_B_Y_OAI211X2H7L_B0:Y (OAI211X2H7L)                                                                                                           |        | 0.004       | 0.000      | 0.100      |             | 0.037  | 2.265r          |
| reg_mod.regs[18]_26__MUX2X0P5H7L_A_Y_MUXI2X0P5H7L_A_Y_NOR3X0P5H7L_C_Y_AOI221X2H7L_C0_Y_XNOR2X1H7L_B_Y_OAI211X2H7L_B0_Y (net)                                                                                                                   | 2      |             |            |            | 0.000       |        |                 |
| reg_mod.regs[18]_26__MUX2X0P5H7L_A_Y_MUXI2X0P5H7L_A_Y_NOR3X0P5H7L_C_Y_AOI221X2H7L_C0_Y_XNOR2X1H7L_B_Y_OAI211X2H7L_B0_Y_OAI221X1P4H7L_B1:B1 (OAI221X1P4H7L)                                                                                     |        | 0.001       | 0.000      | 0.100      |             | 0.000  | 2.265r          |
| reg_mod.regs[18]_26__MUX2X0P5H7L_A_Y_MUXI2X0P5H7L_A_Y_NOR3X0P5H7L_C_Y_AOI221X2H7L_C0_Y_XNOR2X1H7L_B_Y_OAI211X2H7L_B0_Y_OAI221X1P4H7L_B1:Y (OAI221X1P4H7L)                                                                                      |        | 0.002       | 0.000      | 0.057      |             | 0.056  | 2.321f          |
| reg_mod.regs[25]_19__OA221X0P5H7L_A0_Y_OAI211X1P4H7L_A1_Y_AO31X0P5H7L_A1_Y_AOI21BX0P5H7L_A1_Y_AOI211X0P5H7L_A1_Y_NOR4X1H7L_A_B (net)                                                                                                           | 3      |             |            |            | 0.000       |        |                 |
| reg_mod.regs[25]_19__OA221X0P5H7L_A0_Y_OAI211X1P4H7L_A1_Y_AO31X0P5H7L_A1_Y_AOI21BX0P5H7L_A1_Y_AOI211X0P5H7L_A1_Y_NOR4X1H7L_A:B (NOR4X1H7L)                                                                                                     |        | 0.001       | 0.000      | 0.057      |             | 0.000  | 2.321f          |
| reg_mod.regs[25]_19__OA221X0P5H7L_A0_Y_OAI211X1P4H7L_A1_Y_AO31X0P5H7L_A1_Y_AOI21BX0P5H7L_A1_Y_AOI211X0P5H7L_A1_Y_NOR4X1H7L_A:Y (NOR4X1H7L)                                                                                                     |        | 0.001       | 0.000      | 0.091      |             | 0.078  | 2.399r          |
| reg_mod.regs[25]_19__OA221X0P5H7L_A0_Y_OAI211X1P4H7L_A1_Y_AO31X0P5H7L_A1_Y_AOI21BX0P5H7L_A1_Y_AOI211X0P5H7L_A1_Y_NOR4X1H7L_A_Y (net)                                                                                                           | 1      |             |            |            | 0.000       |        |                 |
| reg_mod.regs[4]_15__MUX2X0P5H7L_A_Y_OAI211X0P7H7L_A1_Y_NAND3X0P5H7L_C_Y_NAND3X0P7H7L_C_Y_AOI32X0P5H7L_B1_Y_OAI221X1P4H7L_A1:C0 (OAI221X1P4H7L)                                                                                                 |        | 0.001       | 0.000      | 0.091      |             | 0.000  | 2.399r          |
| reg_mod.regs[4]_15__MUX2X0P5H7L_A_Y_OAI211X0P7H7L_A1_Y_NAND3X0P5H7L_C_Y_NAND3X0P7H7L_C_Y_AOI32X0P5H7L_B1_Y_OAI221X1P4H7L_A1:Y (OAI221X1P4H7L)                                                                                                  |        | 0.002       | 0.000      | 0.047      |             | 0.038  | 2.437f          |
| reg_mod.regs[4]_29__MUX2X0P5H7L_A_Y_OAI211X0P7H7L_A1_Y_OAOI211X0P5H7L_B0_Y_OAI211X0P7H7L_A0_Y_OAI221X1P4H7L_C0_Y_NOR3BX3H7L_C_AN (net)                                                                                                         | 2      |             |            |            | 0.000       |        |                 |
| reg_mod.regs[4]_29__MUX2X0P5H7L_A_Y_OAI211X0P7H7L_A1_Y_OAOI211X0P5H7L_B0_Y_OAI211X0P7H7L_A0_Y_OAI221X1P4H7L_C0_Y_NOR3BX3H7L_C_AN_NOR2BX1P4H7L_AN:AN (NOR2BX1P4H7L)                                                                             |        | 0.001       | 0.000      | 0.047      |             | 0.000  | 2.437f          |
| reg_mod.regs[4]_29__MUX2X0P5H7L_A_Y_OAI211X0P7H7L_A1_Y_OAOI211X0P5H7L_B0_Y_OAI211X0P7H7L_A0_Y_OAI221X1P4H7L_C0_Y_NOR3BX3H7L_C_AN_NOR2BX1P4H7L_AN:Z (NOR2BX1P4H7L)                                                                              |        | 0.003       | 0.000      | 0.042      |             | 0.050  | 2.488f          |
| reg_mod.regs[4]_29__MUX2X0P5H7L_A_Y_OAI211X0P7H7L_A1_Y_OAOI211X0P5H7L_B0_Y_OAI211X0P7H7L_A0_Y_OAI221X1P4H7L_C0_Y_NOR3BX3H7L_C_AN_NOR2BX1P4H7L_AN_Z (net)                                                                                       | 2      |             |            |            | 0.000       |        |                 |
| reg_mod.regs[4]_29__MUX2X0P5H7L_A_Y_OAI211X0P7H7L_A1_Y_OAOI211X0P5H7L_B0_Y_OAI211X0P7H7L_A0_Y_OAI221X1P4H7L_C0_Y_NOR3BX3H7L_C_AN_NOR2BX1P4H7L_AN_Z_NOR2BX1P4H7L_B:B (NOR2BX1P4H7L)                                                             |        | 0.001       | 0.000      | 0.042      |             | 0.000  | 2.488f          |
| reg_mod.regs[4]_29__MUX2X0P5H7L_A_Y_OAI211X0P7H7L_A1_Y_OAOI211X0P5H7L_B0_Y_OAI211X0P7H7L_A0_Y_OAI221X1P4H7L_C0_Y_NOR3BX3H7L_C_AN_NOR2BX1P4H7L_AN_Z_NOR2BX1P4H7L_B:Z (NOR2BX1P4H7L)                                                             |        | 0.002       | 0.000      | 0.050      |             | 0.043  | 2.530r          |
| reg_mod.regs[4]_29__MUX2X0P5H7L_A_Y_OAI211X0P7H7L_A1_Y_OAOI211X0P5H7L_B0_Y_OAI211X0P7H7L_A0_Y_OAI221X1P4H7L_C0_Y_NOR3BX3H7L_C_AN_NOR2BX1P4H7L_AN_Z_NOR2BX1P4H7L_B_Z (net)                                                                      | 2      |             |            |            | 0.000       |        |                 |
| reg_mod.regs[4]_29__MUX2X0P5H7L_A_Y_OAI211X0P7H7L_A1_Y_OAOI211X0P5H7L_B0_Y_OAI211X0P7H7L_A0_Y_OAI221X1P4H7L_C0_Y_NOR3BX3H7L_C_Y_NOR2BX1H7L_B_Z_OAI2BB1X0P5H7L_A1N_B0_OAI21X0P5H7L_Y:A1 (OAI21X0P5H7L)                                          |        | 0.001       | 0.000      | 0.050      |             | 0.000  | 2.530r          |
| reg_mod.regs[4]_29__MUX2X0P5H7L_A_Y_OAI211X0P7H7L_A1_Y_OAOI211X0P5H7L_B0_Y_OAI211X0P7H7L_A0_Y_OAI221X1P4H7L_C0_Y_NOR3BX3H7L_C_Y_NOR2BX1H7L_B_Z_OAI2BB1X0P5H7L_A1N_B0_OAI21X0P5H7L_Y:Y (OAI21X0P5H7L)                                           |        | 0.001       | 0.000      | 0.053      |             | 0.030  | 2.560f          |
| reg_mod.regs[4]_29__MUX2X0P5H7L_A_Y_OAI211X0P7H7L_A1_Y_OAOI211X0P5H7L_B0_Y_OAI211X0P7H7L_A0_Y_OAI221X1P4H7L_C0_Y_NOR3BX3H7L_C_Y_NOR2BX1H7L_B_Z_OAI2BB1X0P5H7L_A1N_B0 (net)                                                                     | 1      |             |            |            | 0.000       |        |                 |
| reg_mod.regs[4]_29__MUX2X0P5H7L_A_Y_OAI211X0P7H7L_A1_Y_OAOI211X0P5H7L_B0_Y_OAI211X0P7H7L_A0_Y_OAI221X1P4H7L_C0_Y_NOR3BX3H7L_C_Y_NOR2BX1H7L_B_Z_OAI2BB1X0P5H7L_A1N:B0 (OAI2BB1X0P5H7L)                                                          |        | 0.001       | 0.000      | 0.053      |             | 0.000  | 2.560f          |
| reg_mod.regs[4]_29__MUX2X0P5H7L_A_Y_OAI211X0P7H7L_A1_Y_OAOI211X0P5H7L_B0_Y_OAI211X0P7H7L_A0_Y_OAI221X1P4H7L_C0_Y_NOR3BX3H7L_C_Y_NOR2BX1H7L_B_Z_OAI2BB1X0P5H7L_A1N:Y (OAI2BB1X0P5H7L)                                                           |        | 0.003       | 0.000      | 0.068      |             | 0.054  | 2.614r          |
| csr_mod.regs[3]_0__reg_p_D_OAI21X0P5H7L_Y_A1_INVX0P5H7L_Y_A_AOAI211X0P5H7L_Y_A0_NAND2X0P5H7L_A_Y_AOI21X0P5H7L_B0_Y_AO211X1P4H7L_B0_A0 (net)                                                                                                    | 4      |             |            |            | 0.000       |        |                 |
| pc_mod.pc_30__reg_p_D_AOA211X1P4H7L_Y_A0_OAI211X0P7H7L_Y_A1_AOI31X0P5H7L_Y_B0_AOAI211X0P5H7L_Y_B0_OAI211X0P7H7L_Y_B0_AOI21X0P5H7L_A1_B0_OAI21X0P5H7L_Y_B0_OAOI211X0P5H7L_C0_A0_OR2X1P4H7L_Y:B (OR2X1P4H7L)                                     |        | 0.001       | 0.000      | 0.068      |             | 0.000  | 2.614r          |
| pc_mod.pc_30__reg_p_D_AOA211X1P4H7L_Y_A0_OAI211X0P7H7L_Y_A1_AOI31X0P5H7L_Y_B0_AOAI211X0P5H7L_Y_B0_OAI211X0P7H7L_Y_B0_AOI21X0P5H7L_A1_B0_OAI21X0P5H7L_Y_B0_OAOI211X0P5H7L_C0_A0_OR2X1P4H7L_Y:Y (OR2X1P4H7L)                                     |        | 0.002       | 0.000      | 0.029      |             | 0.043  | 2.657r          |
| pc_mod.pc_30__reg_p_D_AOA211X1P4H7L_Y_A0_OAI211X0P7H7L_Y_A1_AOI31X0P5H7L_Y_B0_AOAI211X0P5H7L_Y_B0_OAI211X0P7H7L_Y_B0_AOI21X0P5H7L_A1_B0_OAI21X0P5H7L_Y_B0_OAOI211X0P5H7L_C0_A0 (net)                                                           | 2      |             |            |            | 0.000       |        |                 |
| pc_mod.pc_30__reg_p_D_AOA211X1P4H7L_Y_A0_OAI211X0P7H7L_Y_A1_AOI31X0P5H7L_Y_B0_AOAI211X0P5H7L_Y_B0_OAI211X0P7H7L_Y_B0_AOI21X0P5H7L_A1_B0_OAI21X0P5H7L_Y_B0_OAOI211X0P5H7L_C0_A0_NOR2X0P5H7L_B:B (NOR2X0P5H7L)                                   |        | 0.001       | 0.000      | 0.029      |             | 0.000  | 2.657r          |
| pc_mod.pc_30__reg_p_D_AOA211X1P4H7L_Y_A0_OAI211X0P7H7L_Y_A1_AOI31X0P5H7L_Y_B0_AOAI211X0P5H7L_Y_B0_OAI211X0P7H7L_Y_B0_AOI21X0P5H7L_A1_B0_OAI21X0P5H7L_Y_B0_OAOI211X0P5H7L_C0_A0_NOR2X0P5H7L_B:Y (NOR2X0P5H7L)                                   |        | 0.001       | 0.000      | 0.040      |             | 0.016  | 2.673f          |
| pc_mod.pc_30__reg_p_D_AOA211X1P4H7L_Y_A0_OAI211X0P7H7L_Y_A1_AOI31X0P5H7L_Y_B0_AOAI211X0P5H7L_Y_B0_OAI211X0P7H7L_Y_B0_AOI21X0P5H7L_A1_B0_OAI21X0P5H7L_Y_B0_OAOI211X0P5H7L_C0_A0_NOR2X0P5H7L_B_Y (net)                                           | 1      |             |            |            | 0.000       |        |                 |
| pc_mod.pc_30__reg_p_D_AOA211X1P4H7L_Y_A0_OAI211X0P7H7L_Y_A1_AOI31X0P5H7L_Y_B0_AOAI211X0P5H7L_Y_B0_OAI211X0P7H7L_Y_B0_AOI21X0P5H7L_A1_B0_OAI21X0P5H7L_Y_B0_OAOI211X0P5H7L_C0_A0_NOR2X0P5H7L_B_Y_AOAI211X0P5H7L_B0:B0 (AOAI211X0P5H7L)           |        | 0.001       | 0.000      | 0.040      |             | 0.000  | 2.673f          |
| pc_mod.pc_30__reg_p_D_AOA211X1P4H7L_Y_A0_OAI211X0P7H7L_Y_A1_AOI31X0P5H7L_Y_B0_AOAI211X0P5H7L_Y_B0_OAI211X0P7H7L_Y_B0_AOI21X0P5H7L_A1_B0_OAI21X0P5H7L_Y_B0_OAOI211X0P5H7L_C0_A0_NOR2X0P5H7L_B_Y_AOAI211X0P5H7L_B0:Y (AOAI211X0P5H7L)            |        | 0.001       | 0.000      | 0.074      |             | 0.052  | 2.725r          |
| pc_mod.pc_30__reg_p_D_AOA211X1P4H7L_Y_A0_OAI211X0P7H7L_Y_A1_AOI31X0P5H7L_Y_B0_AOAI211X0P5H7L_Y_B0_OAI211X0P7H7L_Y_B0_AOI21X0P5H7L_A1_B0_OAI21X0P5H7L_Y_B0_OAOI211X0P5H7L_C0_A0_NOR2X0P5H7L_B_Y_AOAI211X0P5H7L_B0_Y (net)                       | 1      |             |            |            | 0.000       |        |                 |
| pc_mod.pc_30__reg_p_D_AOA211X1P4H7L_Y_A0_OAI211X0P7H7L_Y_A1_AOI31X0P5H7L_Y_B0_AOAI211X0P5H7L_Y_B0_OAI211X0P7H7L_Y_B0_AOI21X0P5H7L_A1_B0_OAI21X0P5H7L_Y_B0_OAOI211X0P5H7L_C0_A0_NOR2X0P5H7L_B_Y_AOAI211X0P5H7L_B0_Y_BUFX1P4H7L_A:A (BUFX1P4H7L) |        | 0.001       | 0.000      | 0.074      |             | 0.000  | 2.725r          |
| pc_mod.pc_30__reg_p_D_AOA211X1P4H7L_Y_A0_OAI211X0P7H7L_Y_A1_AOI31X0P5H7L_Y_B0_AOAI211X0P5H7L_Y_B0_OAI211X0P7H7L_Y_B0_AOI21X0P5H7L_A1_B0_OAI21X0P5H7L_Y_B0_OAOI211X0P5H7L_C0_A0_NOR2X0P5H7L_B_Y_AOAI211X0P5H7L_B0_Y_BUFX1P4H7L_A:Y (BUFX1P4H7L) |        | 0.012       | 0.000      | 0.138      |             | 0.104  | 2.829r          |
| csr_mod.working_reg_2__AOAI211X0P5H7L_Y_C0 (net)                                                                                                                                                                                               | 15     |             |            |            | 0.000       |        |                 |
| csr_mod.working_reg_2__AOAI211X0P5H7L_Y:C0 (AOAI211X0P5H7L)                                                                                                                                                                                    |        | 0.001       | 0.000      | 0.138      |             | 0.000  | 2.829r          |
| csr_mod.working_reg_2__AOAI211X0P5H7L_Y:Y (AOAI211X0P5H7L)                                                                                                                                                                                     |        | 0.002       | 0.000      | 0.065      |             | 0.043  | 2.873f          |
| csr_mod.working_reg_2_ (net)                                                                                                                                                                                                                   | 1      |             |            |            | 0.000       |        |                 |
| csr_mod.working_reg_2__BUFX7H7L_A:A (BUFX7H7L)                                                                                                                                                                                                 |        | 0.002       | 0.000      | 0.065      |             | 0.000  | 2.873f          |
| csr_mod.working_reg_2__BUFX7H7L_A:Y (BUFX7H7L)                                                                                                                                                                                                 |        | 0.033       | 0.000      | 0.056      |             | 0.075  | 2.947f          |
| csr_mod.regs[2]_0__NOR2BX1H7L_AN_B (net)                                                                                                                                                                                                       | 16     |             |            |            | 0.000       |        |                 |
| csr_mod.regs[3]_3__MUX4X1P4H7L_A_S0_BUFX3H7L_Y:A (BUFX3H7L)                                                                                                                                                                                    |        | 0.001       | 0.000      | 0.056      |             | 0.000  | 2.947f          |
| csr_mod.regs[3]_3__MUX4X1P4H7L_A_S0_BUFX3H7L_Y:Y (BUFX3H7L)                                                                                                                                                                                    |        | 0.040       | 0.000      | 0.142      |             | 0.128  | 3.075f          |
| csr_mod.regs[3]_3__MUX4X1P4H7L_A_S0 (net)                                                                                                                                                                                                      | 14     |             |            |            | 0.000       |        |                 |
| csr_mod.regs[3]_6__MUX4X1P4H7L_A:S0 (MUX4X1P4H7L)                                                                                                                                                                                              |        | 0.003       | 0.000      | 0.142      |             | 0.000  | 3.075f          |
| csr_mod.regs[3]_6__MUX4X1P4H7L_A:Y (MUX4X1P4H7L)                                                                                                                                                                                               |        | 0.001       | 0.000      | 0.038      |             | 0.117  | 3.192f          |
| csr_mod.regs[3]_6__MUX4X1P4H7L_A_Y (net)                                                                                                                                                                                                       | 1      |             |            |            | 0.000       |        |                 |
| csr_mod.regs[3]_6__MUX4X1P4H7L_A_Y_AOI21X0P5H7L_A1:A1 (AOI21X0P5H7L)                                                                                                                                                                           |        | 0.001       | 0.000      | 0.038      |             | 0.000  | 3.192f          |
| csr_mod.regs[3]_6__MUX4X1P4H7L_A_Y_AOI21X0P5H7L_A1:Y (AOI21X0P5H7L)                                                                                                                                                                            |        | 0.002       | 0.000      | 0.094      |             | 0.070  | 3.261r          |
| csr_mod.regs[3]_6__MUX4X1P4H7L_A_Y_AOI21X0P5H7L_A1_Y (net)                                                                                                                                                                                     | 3      |             |            |            | 0.000       |        |                 |
| csr_mod.regs[3]_6__MUX4X1P4H7L_A_Y_AOI21X0P5H7L_A1_Y_AND2X1H7L_A:A (AND2X1H7L)                                                                                                                                                                 |        | 0.001       | 0.000      | 0.094      |             | 0.000  | 3.261r          |
| csr_mod.regs[3]_6__MUX4X1P4H7L_A_Y_AOI21X0P5H7L_A1_Y_AND2X1H7L_A:Y (AND2X1H7L)                                                                                                                                                                 |        | 0.002       | 0.000      | 0.029      |             | 0.054  | 3.316r          |
| csr_mod.regs[3]_6__MUX4X1P4H7L_A_Y_AOI21X0P5H7L_A1_Y_AND2X1H7L_A_Y (net)                                                                                                                                                                       | 2      |             |            |            | 0.000       |        |                 |
| csr_mod.regs[3]_6__MUX4X1P4H7L_A_Y_AOI21X0P5H7L_A1_Y_AND2X1H7L_A_Y_NAND2X0P5H7L_B:B (NAND2X0P5H7L)                                                                                                                                             |        | 0.001       | 0.000      | 0.029      |             | 0.000  | 3.316r          |
| csr_mod.regs[3]_6__MUX4X1P4H7L_A_Y_AOI21X0P5H7L_A1_Y_AND2X1H7L_A_Y_NAND2X0P5H7L_B:Y (NAND2X0P5H7L)                                                                                                                                             |        | 0.001       | 0.000      | 0.056      |             | 0.024  | 3.340f          |
| csr_mod.regs[3]_6__MUX4X1P4H7L_A_Y_AOI21X0P5H7L_A1_Y_AND2X1H7L_A_Y_NAND2X0P5H7L_B_Y (net)                                                                                                                                                      | 1      |             |            |            | 0.000       |        |                 |
| csr_mod.regs[3]_6__MUX4X1P4H7L_A_Y_AOI21X0P5H7L_A1_Y_AND2X1H7L_A_Y_NAND2X0P5H7L_B_Y_OAI211X0P7H7L_B0:B0 (OAI211X0P7H7L)                                                                                                                        |        | 0.001       | 0.000      | 0.056      |             | 0.000  | 3.340f          |
| csr_mod.regs[3]_6__MUX4X1P4H7L_A_Y_AOI21X0P5H7L_A1_Y_AND2X1H7L_A_Y_NAND2X0P5H7L_B_Y_OAI211X0P7H7L_B0:Y (OAI211X0P7H7L)                                                                                                                         |        | 0.001       | 0.000      | 0.065      |             | 0.033  | 3.373r          |
| csr_mod.regs[3]_6__MUX4X1P4H7L_A_Y_AOI21X0P5H7L_A1_Y_AND2X1H7L_A_Y_NAND2X0P5H7L_B_Y_OAI211X0P7H7L_B0_Y (net)                                                                                                                                   | 1      |             |            |            | 0.000       |        |                 |
| csr_mod.regs[3]_6__MUX4X1P4H7L_A_Y_AOI21X0P5H7L_A1_Y_AND2X1H7L_A_Y_NAND2X0P5H7L_B_Y_OAI211X0P7H7L_B0_Y_NAND2X0P5H7L_A:A (NAND2X0P5H7L)                                                                                                         |        | 0.001       | 0.000      | 0.065      |             | 0.000  | 3.373r          |
| csr_mod.regs[3]_6__MUX4X1P4H7L_A_Y_AOI21X0P5H7L_A1_Y_AND2X1H7L_A_Y_NAND2X0P5H7L_B_Y_OAI211X0P7H7L_B0_Y_NAND2X0P5H7L_A:Y (NAND2X0P5H7L)                                                                                                         |        | 0.001       | 0.000      | 0.034      |             | 0.028  | 3.401f          |
| csr_mod.regs[3]_6__MUX4X1P4H7L_A_Y_AOI21X0P5H7L_A1_Y_AND2X1H7L_A_Y_NAND2X0P5H7L_B_Y_OAI211X0P7H7L_B0_Y_NAND2X0P5H7L_A_Y (net)                                                                                                                  | 1      |             |            |            | 0.000       |        |                 |
| csr_mod.regs[3]_6__MUX4X1P4H7L_A_Y_AOI21X0P5H7L_A1_Y_AND2X1H7L_A_Y_NAND2X0P5H7L_B_Y_OAI211X0P7H7L_B0_Y_NAND2X0P5H7L_A_Y_AOI211X0P5H7L_C0:C0 (AOI211X0P5H7L)                                                                                    |        | 0.001       | 0.000      | 0.034      |             | 0.000  | 3.401f          |
| csr_mod.regs[3]_6__MUX4X1P4H7L_A_Y_AOI21X0P5H7L_A1_Y_AND2X1H7L_A_Y_NAND2X0P5H7L_B_Y_OAI211X0P7H7L_B0_Y_NAND2X0P5H7L_A_Y_AOI211X0P5H7L_C0:Y (AOI211X0P5H7L)                                                                                     |        | 0.001       | 0.000      | 0.088      |             | 0.062  | 3.462r          |
| csr_mod.regs[3]_6__MUX4X1P4H7L_A_Y_AOI21X0P5H7L_A1_Y_AND2X1H7L_A_Y_NAND2X0P5H7L_B_Y_OAI211X0P7H7L_B0_Y_NAND2X0P5H7L_A_Y_AOI211X0P5H7L_C0_Y (net)                                                                                               | 1      |             |            |            | 0.000       |        |                 |
| csr_mod.regs[3]_6__MUX4X1P4H7L_A_Y_AOI21X0P5H7L_A1_Y_AND2X1H7L_A_Y_NAND2X0P5H7L_B_Y_OAI211X0P7H7L_B0_Y_NAND2X0P5H7L_A_Y_AOI211X0P5H7L_C0_Y_AOI2BB2X0P5H7L_A1N:A1N (AOI2BB2X0P5H7L)                                                             |        | 0.001       | 0.000      | 0.088      |             | 0.000  | 3.462r          |
| csr_mod.regs[3]_6__MUX4X1P4H7L_A_Y_AOI21X0P5H7L_A1_Y_AND2X1H7L_A_Y_NAND2X0P5H7L_B_Y_OAI211X0P7H7L_B0_Y_NAND2X0P5H7L_A_Y_AOI211X0P5H7L_C0_Y_AOI2BB2X0P5H7L_A1N:Y (AOI2BB2X0P5H7L)                                                               |        | 0.003       | 0.000      | 0.117      |             | 0.094  | 3.557r          |
| pc_mod.pc_6__reg_p_D_OAI21X0P5H7L_Y_A1_MUX2X0P5H7L_Y_B_MUX2X0P5H7L_Y_B (net)                                                                                                                                                                   | 4      |             |            |            | 0.000       |        |                 |
| pc_mod.pc_6__reg_p_D_OAI21X0P5H7L_Y_A1_MUX2X0P5H7L_Y_A_NAND2X0P5H7L_B_Y_AOI32X0P5H7L_B0_Y_OA221X0P5H7L_C0:B0 (OA221X0P5H7L)                                                                                                                    |        | 0.001       | 0.000      | 0.117      |             | 0.000  | 3.557r          |
| pc_mod.pc_6__reg_p_D_OAI21X0P5H7L_Y_A1_MUX2X0P5H7L_Y_A_NAND2X0P5H7L_B_Y_AOI32X0P5H7L_B0_Y_OA221X0P5H7L_C0:Y (OA221X0P5H7L)                                                                                                                     |        | 0.006       | 0.000      | 0.107      |             | 0.119  | 3.676r          |
| reg_mod.regs[25]_6__reg_p_D_AOI21X0P5H7L_Y_A0 (net)                                                                                                                                                                                            | 8      |             |            |            | 0.000       |        |                 |
| reg_mod.regs[25]_6__reg_p_D_AOI21X0P5H7L_Y_A0_BUFX0P5H7L_A:A (BUFX0P5H7L)                                                                                                                                                                      |        | 0.001       | 0.000      | 0.107      |             | 0.000  | 3.676r          |
| reg_mod.regs[25]_6__reg_p_D_AOI21X0P5H7L_Y_A0_BUFX0P5H7L_A:Y (BUFX0P5H7L)                                                                                                                                                                      |        | 0.017       | 0.000      | 0.286      |             | 0.181  | 3.857r          |
| reg_mod.regs[1]_6__reg_p_D_AOI21X0P5H7L_Y_A0 (net)                                                                                                                                                                                             | 24     |             |            |            | 0.000       |        |                 |
| reg_mod.regs[8]_6__reg_p_D_AOI21X0P5H7L_Y:A0 (AOI21X0P5H7L)                                                                                                                                                                                    |        | 0.001       | 0.000      | 0.286      |             | 0.000  | 3.857r          |
| reg_mod.regs[8]_6__reg_p_D_AOI21X0P5H7L_Y:Y (AOI21X0P5H7L)                                                                                                                                                                                     |        | 0.001       | 0.000      | 0.067      |             | 0.046  | 3.903f          |
| reg_mod.regs[8]_6__reg_p_D (net)                                                                                                                                                                                                               | 1      |             |            |            | 0.000       |        |                 |
| reg_mod.regs[8]_6__reg_p:D (DFFQX1H7L)                                                                                                                                                                                                         |        | 0.001       | 0.000      | 0.067      |             | 0.000  | 3.903f          |
|                                                                                                                                                                                                                                                |        |             |            |            |             |        |                 |
| clock (port)                                                                                                                                                                                                                                   |        | 0.110       | 0.000      | 0.000      |             | 0.000  | 0.000r          |
| clock (clock net)                                                                                                                                                                                                                              | 105    |             |            |            | NA          |        |                 |
| reg_mod.regs[8]_0__reg_p_CK_ICGX0P5H7L_ECK:CK (ICGX0P5H7L)                                                                                                                                                                                     |        | 0.002       | 0.000      | 0.000      |             | 0.000  | 0.000r          |
| reg_mod.regs[8]_0__reg_p_CK_ICGX0P5H7L_ECK:ECK (ICGX0P5H7L)                                                                                                                                                                                    |        | 0.025       | 0.000      | 0.000      |             | 0.000  | 0.000r          |
| reg_mod.regs[8]_0__reg_p_CK (clock net)                                                                                                                                                                                                        | 32     |             |            |            | NA          |        |                 |
| reg_mod.regs[8]_6__reg_p:CK (DFFQX1H7L)                                                                                                                                                                                                        |        | 0.001       | 0.000      | 0.000      |             | 0.000  | 0.000r          |
| clock core_clock (rise edge)                                                                                                                                                                                                                   |        |             |            |            |             | 1.769  | 1.769           |
| clock network delay (ideal)                                                                                                                                                                                                                    |        |             |            |            |             | 0.000  | 1.769           |
| reg_mod.regs[8]_6__reg_p:CK (DFFQX1H7L)                                                                                                                                                                                                        |        |             |            |            |             |        | 1.769r          |
| library setup time                                                                                                                                                                                                                             |        |             |            |            |             | -0.050 | 1.719           |
| clock reconvergence pessimism                                                                                                                                                                                                                  |        |             |            |            |             | 0.000  | 1.719           |
|                                                                                                                                                                                                                                                |        |             |            |            |             |        |                 |
| path cell delay                                                                                                                                                                                                                                |        |             |            |            |             |        | 3.903(100.000%) |
| path net delay                                                                                                                                                                                                                                 |        |             |            |            |             |        | 0.000(0.000%)   |
|                                                                                                                                                                                                                                                |        |             |            |            |             |        |                 |
| data require time                                                                                                                                                                                                                              |        |             |            |            |             |        | 1.719           |
| data arrival time                                                                                                                                                                                                                              |        |             |            |            |             |        | 3.903           |
| slack (VIOLATED)                                                                                                                                                                                                                               |        |             |            |            |             |        | -2.184          |
+------------------------------------------------------------------------------------------------------------------------------------------------------------------------------------------------------------------------------------------------+--------+-------------+------------+------------+-------------+--------+-----------------+
+------------------------------------------------------------------------------------------------------------------------------------------------------------------------------------------------------------------------------------------------+--------+-------------+------------+------------+-------------+--------+-----------------+
| Point                                                                                                                                                                                                                                          | Fanout | Capacitance | Resistance | Transition | Delta Delay | Incr   | Path            |
+------------------------------------------------------------------------------------------------------------------------------------------------------------------------------------------------------------------------------------------------+--------+-------------+------------+------------+-------------+--------+-----------------+
| clock (port)                                                                                                                                                                                                                                   |        | 0.150       | 0.000      | 0.000      |             | 0.000  | 0.000r          |
| clock (clock net)                                                                                                                                                                                                                              | 105    |             |            |            | NA          |        |                 |
| pc_mod.pc_2__reg_p:CK (DFFQX1H7L)                                                                                                                                                                                                              |        | 0.001       | 0.000      | 0.000      |             | 0.000  | 0.000r          |
| clock core_clock (rise edge)                                                                                                                                                                                                                   |        |             |            |            |             | 0      | 0               |
| clock network delay (ideal)                                                                                                                                                                                                                    |        |             |            |            |             | 0.000  | 0.000           |
| pc_mod.pc_2__reg_p:CK (DFFQX1H7L)                                                                                                                                                                                                              |        | 0.001       | 0.000      | 0.000      |             | 0.000  | 0.000r          |
| pc_mod.pc_2__reg_p:Q (DFFQX1H7L)                                                                                                                                                                                                               |        | 0.002       | 0.000      | 0.029      |             | 0.067  | 0.067f          |
| pc_mod.pc_2_ (net)                                                                                                                                                                                                                             | 1      |             |            |            | 0.000       |        |                 |
| pc_mod.pc_2__BUFX7H7L_A:A (BUFX7H7L)                                                                                                                                                                                                           |        | 0.002       | 0.000      | 0.029      |             | 0.000  | 0.067f          |
| pc_mod.pc_2__BUFX7H7L_A:Y (BUFX7H7L)                                                                                                                                                                                                           |        | 0.012       | 0.000      | 0.027      |             | 0.046  | 0.113f          |
| pc_mod.pc_2__BUFX7H7L_A_Y (net)                                                                                                                                                                                                                | 4      |             |            |            | 0.000       |        |                 |
| pc_mod.pc_2__BUFX7H7L_A_Y_BUFX16H7L_A_1:A (BUFX16H7L)                                                                                                                                                                                          |        | 0.003       | 0.000      | 0.027      |             | 0.000  | 0.113f          |
| pc_mod.pc_2__BUFX7H7L_A_Y_BUFX16H7L_A_1:Y (BUFX16H7L)                                                                                                                                                                                          |        | 0.042       | 0.000      | 0.035      |             | 0.051  | 0.164f          |
| pc_mod.pc_2__BUFX7H7L_A_Y_BUFX16H7L_A_1_Y (net)                                                                                                                                                                                                | 22     |             |            |            | 0.000       |        |                 |
| icache_mod.block_cache[8]_20__MUX4X1P4H7L_A_S0_BUFX16H7L_Y:A (BUFX16H7L)                                                                                                                                                                       |        | 0.003       | 0.000      | 0.035      |             | 0.000  | 0.164f          |
| icache_mod.block_cache[8]_20__MUX4X1P4H7L_A_S0_BUFX16H7L_Y:Y (BUFX16H7L)                                                                                                                                                                       |        | 0.037       | 0.000      | 0.033      |             | 0.052  | 0.216f          |
| icache_mod.block_cache[8]_20__MUX4X1P4H7L_A_S0 (net)                                                                                                                                                                                           | 15     |             |            |            | 0.000       |        |                 |
| icache_mod.block_cache[8]_25__MUX4X1H7L_A_S0_BUFX12H7L_Y:A (BUFX12H7L)                                                                                                                                                                         |        | 0.003       | 0.000      | 0.033      |             | 0.000  | 0.216f          |
| icache_mod.block_cache[8]_25__MUX4X1H7L_A_S0_BUFX12H7L_Y:Y (BUFX12H7L)                                                                                                                                                                         |        | 0.039       | 0.000      | 0.041      |             | 0.056  | 0.273f          |
| icache_mod.block_cache[8]_25__MUX4X1H7L_A_S0 (net)                                                                                                                                                                                             | 14     |             |            |            | 0.000       |        |                 |
| icache_mod.block_cache[8]_25__MUX4X1H7L_A_S0_BUFX16H7L_A:A (BUFX16H7L)                                                                                                                                                                         |        | 0.003       | 0.000      | 0.041      |             | 0.000  | 0.273f          |
| icache_mod.block_cache[8]_25__MUX4X1H7L_A_S0_BUFX16H7L_A:Y (BUFX16H7L)                                                                                                                                                                         |        | 0.042       | 0.000      | 0.036      |             | 0.056  | 0.329f          |
| icache_mod.block_cache[4]_30__MUX4X1P4H7L_A_S0 (net)                                                                                                                                                                                           | 16     |             |            |            | 0.000       |        |                 |
| icache_mod.block_cache[8]_28__MUX4X1P4H7L_A:S0 (MUX4X1P4H7L)                                                                                                                                                                                   |        | 0.003       | 0.000      | 0.036      |             | 0.000  | 0.329f          |
| icache_mod.block_cache[8]_28__MUX4X1P4H7L_A:Y (MUX4X1P4H7L)                                                                                                                                                                                    |        | 0.001       | 0.000      | 0.036      |             | 0.089  | 0.418f          |
| icache_mod.block_cache[8]_28__MUX4X1P4H7L_A_Y (net)                                                                                                                                                                                            | 1      |             |            |            | 0.000       |        |                 |
| icache_mod.block_cache[8]_28__MUX4X1P4H7L_A_Y_AOI22X0P5H7L_A1:A1 (AOI22X0P5H7L)                                                                                                                                                                |        | 0.001       | 0.000      | 0.036      |             | 0.000  | 0.418f          |
| icache_mod.block_cache[8]_28__MUX4X1P4H7L_A_Y_AOI22X0P5H7L_A1:Y (AOI22X0P5H7L)                                                                                                                                                                 |        | 0.001       | 0.000      | 0.060      |             | 0.052  | 0.470r          |
| icache_mod.block_cache[8]_28__MUX4X1P4H7L_A_Y_AOI22X0P5H7L_A1_Y (net)                                                                                                                                                                          | 1      |             |            |            | 0.000       |        |                 |
| icache_mod.block_cache[8]_28__MUX4X1P4H7L_A_Y_AOI22X0P5H7L_A1_Y_NAND2X0P5H7L_A:A (NAND2X0P5H7L)                                                                                                                                                |        | 0.001       | 0.000      | 0.060      |             | 0.000  | 0.470r          |
| icache_mod.block_cache[8]_28__MUX4X1P4H7L_A_Y_AOI22X0P5H7L_A1_Y_NAND2X0P5H7L_A:Y (NAND2X0P5H7L)                                                                                                                                                |        | 0.004       | 0.000      | 0.079      |             | 0.061  | 0.531f          |
| icache_mod.block_cache[8]_28__MUX4X1P4H7L_A_Y_AOI22X0P5H7L_A1_Y_NAND2X0P5H7L_A_Y (net)                                                                                                                                                         | 5      |             |            |            | 0.000       |        |                 |
| icache_mod.block_cache[4]_30__MUX4X1P4H7L_A_Y_NAND2X0P5H7L_B_Y_AOI32X0P5H7L_A0_Y_NOR3X0P5H7L_C:B (NOR3X0P5H7L)                                                                                                                                 |        | 0.001       | 0.000      | 0.079      |             | 0.000  | 0.531f          |
| icache_mod.block_cache[4]_30__MUX4X1P4H7L_A_Y_NAND2X0P5H7L_B_Y_AOI32X0P5H7L_A0_Y_NOR3X0P5H7L_C:Y (NOR3X0P5H7L)                                                                                                                                 |        | 0.002       | 0.000      | 0.112      |             | 0.090  | 0.621r          |
| icache_mod.block_cache[4]_30__MUX4X1P4H7L_A_Y_NAND2X0P5H7L_B_Y_AOI32X0P5H7L_A0_Y_NOR3X0P5H7L_C_Y (net)                                                                                                                                         | 2      |             |            |            | 0.000       |        |                 |
| icache_mod.block_cache[4]_30__MUX4X1P4H7L_A_Y_NAND2X0P5H7L_B_Y_AOI32X0P5H7L_A0_Y_NOR3X0P5H7L_C_Y_NAND2X0P5H7L_B:B (NAND2X0P5H7L)                                                                                                               |        | 0.001       | 0.000      | 0.112      |             | 0.000  | 0.621r          |
| icache_mod.block_cache[4]_30__MUX4X1P4H7L_A_Y_NAND2X0P5H7L_B_Y_AOI32X0P5H7L_A0_Y_NOR3X0P5H7L_C_Y_NAND2X0P5H7L_B:Y (NAND2X0P5H7L)                                                                                                               |        | 0.003       | 0.000      | 0.070      |             | 0.055  | 0.676f          |
| icache_mod.block_cache[4]_30__MUX4X1P4H7L_A_Y_NAND2X0P5H7L_B_Y_AOI32X0P5H7L_A0_Y_NOR3X0P5H7L_C_Y_NAND2X0P5H7L_B_Y (net)                                                                                                                        | 3      |             |            |            | 0.000       |        |                 |
| reg_mod.regs[5]_15__MUX2X0P5H7L_A_Y_AOI221X0P5H7L_A1_Y_OA31X1H7L_A0_Y_OAI21X1P4H7L_B0_Y_AOI32X1P4H7L_A0_B0_AOAI211X0P5H7L_Y_A1_NOR2X1P4H7L_Y:A (NOR2X1P4H7L)                                                                                   |        | 0.001       | 0.000      | 0.070      |             | 0.000  | 0.676f          |
| reg_mod.regs[5]_15__MUX2X0P5H7L_A_Y_AOI221X0P5H7L_A1_Y_OA31X1H7L_A0_Y_OAI21X1P4H7L_B0_Y_AOI32X1P4H7L_A0_B0_AOAI211X0P5H7L_Y_A1_NOR2X1P4H7L_Y:Y (NOR2X1P4H7L)                                                                                   |        | 0.003       | 0.000      | 0.075      |             | 0.064  | 0.740r          |
| reg_mod.regs[5]_15__MUX2X0P5H7L_A_Y_AOI221X0P5H7L_A1_Y_OA31X1H7L_A0_Y_OAI21X1P4H7L_B0_Y_AOI32X1P4H7L_A0_B0_AOAI211X0P5H7L_Y_A1 (net)                                                                                                           | 2      |             |            |            | 0.000       |        |                 |
| reg_mod.regs[5]_15__MUX2X0P5H7L_A_Y_AOI221X0P5H7L_A1_Y_OA31X1H7L_A0_Y_OAI21X1P4H7L_B0_Y_AOI32X1P4H7L_A0_B0_AOAI211X0P5H7L_Y_A1_OAI21X4H7L_B0:B0 (OAI21X4H7L)                                                                                   |        | 0.002       | 0.000      | 0.075      |             | 0.000  | 0.740r          |
| reg_mod.regs[5]_15__MUX2X0P5H7L_A_Y_AOI221X0P5H7L_A1_Y_OA31X1H7L_A0_Y_OAI21X1P4H7L_B0_Y_AOI32X1P4H7L_A0_B0_AOAI211X0P5H7L_Y_A1_OAI21X4H7L_B0:Y (OAI21X4H7L)                                                                                    |        | 0.008       | 0.000      | 0.058      |             | 0.037  | 0.777f          |
| reg_mod.regs[19]_31__AOI221X0P5H7L_A0_C0_NAND3X1H7L_Y_C_AOA211X1P4H7L_C0_A0 (net)                                                                                                                                                              | 8      |             |            |            | 0.000       |        |                 |
| reg_mod.regs[19]_31__AOI221X0P5H7L_A0_C0_NAND3X1H7L_Y_C_AOA211X1P4H7L_C0_A0_NAND3X1P4H7L_C:C (NAND3X1P4H7L)                                                                                                                                    |        | 0.001       | 0.000      | 0.058      |             | 0.000  | 0.777f          |
| reg_mod.regs[19]_31__AOI221X0P5H7L_A0_C0_NAND3X1H7L_Y_C_AOA211X1P4H7L_C0_A0_NAND3X1P4H7L_C:Y (NAND3X1P4H7L)                                                                                                                                    |        | 0.001       | 0.000      | 0.043      |             | 0.029  | 0.806r          |
| reg_mod.regs[19]_31__AOI221X0P5H7L_A0_C0_NAND3X1H7L_Y_C_AOA211X1P4H7L_C0_A0_NAND3X1P4H7L_C_Y (net)                                                                                                                                             | 1      |             |            |            | 0.000       |        |                 |
| reg_mod.regs[19]_31__AOI221X0P5H7L_A0_C0_NAND3X1H7L_Y_C_AOA211X1P4H7L_C0_A0_NAND3X1P4H7L_C_Y_BUFX3P5H7L_A:A (BUFX3P5H7L)                                                                                                                       |        | 0.001       | 0.000      | 0.043      |             | 0.000  | 0.806r          |
| reg_mod.regs[19]_31__AOI221X0P5H7L_A0_C0_NAND3X1H7L_Y_C_AOA211X1P4H7L_C0_A0_NAND3X1P4H7L_C_Y_BUFX3P5H7L_A:Y (BUFX3P5H7L)                                                                                                                       |        | 0.015       | 0.000      | 0.083      |             | 0.073  | 0.879r          |
| pc_mod.pc_9__reg_p_D_AOI31X0P5H7L_Y_A0_OAI211X1P4H7L_Y_A0 (net)                                                                                                                                                                                | 18     |             |            |            | 0.000       |        |                 |
| pc_mod.pc_30__reg_p_D_AOA211X1P4H7L_Y_A0_OAI211X0P7H7L_Y_A1_AOI31X0P5H7L_Y_B0_AOAI211X0P5H7L_Y_B0_OAI211X0P7H7L_Y_B0_AOI21X0P5H7L_A1_B0_OAI21X0P5H7L_Y_A1_OAI21X0P5H7L_A1:B0 (OAI21X0P5H7L)                                                    |        | 0.001       | 0.000      | 0.083      |             | 0.000  | 0.879r          |
| pc_mod.pc_30__reg_p_D_AOA211X1P4H7L_Y_A0_OAI211X0P7H7L_Y_A1_AOI31X0P5H7L_Y_B0_AOAI211X0P5H7L_Y_B0_OAI211X0P7H7L_Y_B0_AOI21X0P5H7L_A1_B0_OAI21X0P5H7L_Y_A1_OAI21X0P5H7L_A1:Y (OAI21X0P5H7L)                                                     |        | 0.001       | 0.000      | 0.058      |             | 0.030  | 0.909f          |
| pc_mod.pc_30__reg_p_D_AOA211X1P4H7L_Y_A0_OAI211X0P7H7L_Y_A1_AOI31X0P5H7L_Y_B0_AOAI211X0P5H7L_Y_B0_OAI211X0P7H7L_Y_B0_AOI21X0P5H7L_A1_B0_OAI21X0P5H7L_Y_A1_OAI21X0P5H7L_A1_Y (net)                                                              | 1      |             |            |            | 0.000       |        |                 |
| pc_mod.pc_30__reg_p_D_AOA211X1P4H7L_Y_A0_OAI211X0P7H7L_Y_A1_AOI31X0P5H7L_Y_B0_AOAI211X0P5H7L_Y_B0_OAI211X0P7H7L_Y_B0_AOI21X0P5H7L_A1_B0_OAI21X0P5H7L_Y_A1_OAI21X0P5H7L_A1_Y_BUFX5H7L_A:A (BUFX5H7L)                                            |        | 0.001       | 0.000      | 0.058      |             | 0.000  | 0.909f          |
| pc_mod.pc_30__reg_p_D_AOA211X1P4H7L_Y_A0_OAI211X0P7H7L_Y_A1_AOI31X0P5H7L_Y_B0_AOAI211X0P5H7L_Y_B0_OAI211X0P7H7L_Y_B0_AOI21X0P5H7L_A1_B0_OAI21X0P5H7L_Y_A1_OAI21X0P5H7L_A1_Y_BUFX5H7L_A:Y (BUFX5H7L)                                            |        | 0.018       | 0.000      | 0.046      |             | 0.070  | 0.979f          |
| pc_mod.pc_27__reg_p_D_OAI21X0P5H7L_Y_A1_OA211X1H7L_Y_A0_OAOI211X0P5H7L_Y_C0 (net)                                                                                                                                                              | 22     |             |            |            | 0.000       |        |                 |
| pc_mod.pc_30__reg_p_D_AOA211X1P4H7L_Y_A0_OAI211X0P7H7L_Y_A1_AOI31X0P5H7L_Y_B0_AOAI211X0P5H7L_Y_B0_OAI211X0P7H7L_Y_B0_AOI21X0P5H7L_A1_A0_AOI31X0P5H7L_A2:B0 (AOI31X0P5H7L)                                                                      |        | 0.001       | 0.000      | 0.046      |             | 0.000  | 0.979f          |
| pc_mod.pc_30__reg_p_D_AOA211X1P4H7L_Y_A0_OAI211X0P7H7L_Y_A1_AOI31X0P5H7L_Y_B0_AOAI211X0P5H7L_Y_B0_OAI211X0P7H7L_Y_B0_AOI21X0P5H7L_A1_A0_AOI31X0P5H7L_A2:Y (AOI31X0P5H7L)                                                                       |        | 0.002       | 0.000      | 0.106      |             | 0.067  | 1.046r          |
| io_master_wstrb_AOAI211X0P5H7L_Y_B0_AOI21X0P5H7L_Y_A1_NOR4X0P5H7L_Y_C_AND2X1H7L_A_B_NAND2X0P5H7L_Y_B_OAI21X0P5H7L_Y_A1 (net)                                                                                                                   | 3      |             |            |            | 0.000       |        |                 |
| io_master_wstrb_AOAI211X0P5H7L_Y_B0_AOI21X0P5H7L_Y_A1_NOR4X0P5H7L_Y_C_AND2X1H7L_A_B_NAND2X0P5H7L_Y_B_OAI21X0P5H7L_Y:A1 (OAI21X0P5H7L)                                                                                                          |        | 0.001       | 0.000      | 0.106      |             | 0.000  | 1.046r          |
| io_master_wstrb_AOAI211X0P5H7L_Y_B0_AOI21X0P5H7L_Y_A1_NOR4X0P5H7L_Y_C_AND2X1H7L_A_B_NAND2X0P5H7L_Y_B_OAI21X0P5H7L_Y:Y (OAI21X0P5H7L)                                                                                                           |        | 0.001       | 0.000      | 0.041      |             | 0.036  | 1.082f          |
| io_master_wstrb_AOAI211X0P5H7L_Y_B0_AOI21X0P5H7L_Y_A1_NOR4X0P5H7L_Y_C_AND2X1H7L_A_B_NAND2X0P5H7L_Y_B (net)                                                                                                                                     | 1      |             |            |            | 0.000       |        |                 |
| io_master_wstrb_AOAI211X0P5H7L_Y_B0_AOI21X0P5H7L_Y_A1_NOR4X0P5H7L_Y_C_AND2X1H7L_A_B_NAND2X0P5H7L_Y:B (NAND2X0P5H7L)                                                                                                                            |        | 0.001       | 0.000      | 0.041      |             | 0.000  | 1.082f          |
| io_master_wstrb_AOAI211X0P5H7L_Y_B0_AOI21X0P5H7L_Y_A1_NOR4X0P5H7L_Y_C_AND2X1H7L_A_B_NAND2X0P5H7L_Y:Y (NAND2X0P5H7L)                                                                                                                            |        | 0.002       | 0.000      | 0.055      |             | 0.042  | 1.124r          |
| io_master_wstrb_AOAI211X0P5H7L_Y_B0_AOI21X0P5H7L_Y_A1_NOR4X0P5H7L_Y_C_AND2X1H7L_A_B (net)                                                                                                                                                      | 3      |             |            |            | 0.000       |        |                 |
| decode_mod.bus_out_rs1_4__NOR2BX1H7L_Z_AN_AOI21X0P5H7L_A0_A1_AOI21X0P5H7L_B0_A1_OAI21X0P5H7L_Y_A1_AOI22X0P5H7L_Y:B1 (AOI22X0P5H7L)                                                                                                             |        | 0.001       | 0.000      | 0.055      |             | 0.000  | 1.124r          |
| decode_mod.bus_out_rs1_4__NOR2BX1H7L_Z_AN_AOI21X0P5H7L_A0_A1_AOI21X0P5H7L_B0_A1_OAI21X0P5H7L_Y_A1_AOI22X0P5H7L_Y:Y (AOI22X0P5H7L)                                                                                                              |        | 0.001       | 0.000      | 0.067      |             | 0.029  | 1.153f          |
| decode_mod.bus_out_rs1_4__NOR2BX1H7L_Z_AN_AOI21X0P5H7L_A0_A1_AOI21X0P5H7L_B0_A1_OAI21X0P5H7L_Y_A1 (net)                                                                                                                                        | 1      |             |            |            | 0.000       |        |                 |
| decode_mod.bus_out_rs1_4__NOR2BX1H7L_Z_AN_AOI21X0P5H7L_A0_A1_AOI21X0P5H7L_B0_A1_OAI21X0P5H7L_Y:A1 (OAI21X0P5H7L)                                                                                                                               |        | 0.001       | 0.000      | 0.067      |             | 0.000  | 1.153f          |
| decode_mod.bus_out_rs1_4__NOR2BX1H7L_Z_AN_AOI21X0P5H7L_A0_A1_AOI21X0P5H7L_B0_A1_OAI21X0P5H7L_Y:Y (OAI21X0P5H7L)                                                                                                                                |        | 0.002       | 0.000      | 0.079      |             | 0.067  | 1.220r          |
| decode_mod.bus_out_rs1_4__NOR2BX1H7L_Z_AN_AOI21X0P5H7L_A0_A1_AOI21X0P5H7L_B0_A1 (net)                                                                                                                                                          | 2      |             |            |            | 0.000       |        |                 |
| decode_mod.bus_out_rs1_4__NOR2BX1H7L_Z_AN_AOI21X0P5H7L_A0_A1_AOI21X0P5H7L_B0_A1_OAI21X0P5H7L_A1:A1 (OAI21X0P5H7L)                                                                                                                              |        | 0.001       | 0.000      | 0.079      |             | 0.000  | 1.220r          |
| decode_mod.bus_out_rs1_4__NOR2BX1H7L_Z_AN_AOI21X0P5H7L_A0_A1_AOI21X0P5H7L_B0_A1_OAI21X0P5H7L_A1:Y (OAI21X0P5H7L)                                                                                                                               |        | 0.004       | 0.000      | 0.106      |             | 0.070  | 1.291f          |
| decode_mod.bus_out_rs1_4__NOR2BX1H7L_Z_B (net)                                                                                                                                                                                                 | 5      |             |            |            | 0.000       |        |                 |
| decode_mod.bus_out_rs1_2__NOR2X0P5H7L_Y:B (NOR2X0P5H7L)                                                                                                                                                                                        |        | 0.001       | 0.000      | 0.106      |             | 0.000  | 1.291f          |
| decode_mod.bus_out_rs1_2__NOR2X0P5H7L_Y:Y (NOR2X0P5H7L)                                                                                                                                                                                        |        | 0.001       | 0.000      | 0.066      |             | 0.060  | 1.351r          |
| decode_mod.bus_out_rs1_2_ (net)                                                                                                                                                                                                                | 1      |             |            |            | 0.000       |        |                 |
| decode_mod.bus_out_rs1_2__BUFX5H7L_A:A (BUFX5H7L)                                                                                                                                                                                              |        | 0.001       | 0.000      | 0.066      |             | 0.000  | 1.351r          |
| decode_mod.bus_out_rs1_2__BUFX5H7L_A:Y (BUFX5H7L)                                                                                                                                                                                              |        | 0.018       | 0.000      | 0.071      |             | 0.071  | 1.422r          |
| reg_mod.regs[8]_11__MUX4X1P4H7L_A_S0 (net)                                                                                                                                                                                                     | 8      |             |            |            | 0.000       |        |                 |
| reg_mod.regs[8]_11__MUX4X1P4H7L_A_S0_BUFX8H7L_A:A (BUFX8H7L)                                                                                                                                                                                   |        | 0.002       | 0.000      | 0.071      |             | 0.000  | 1.422r          |
| reg_mod.regs[8]_11__MUX4X1P4H7L_A_S0_BUFX8H7L_A:Y (BUFX8H7L)                                                                                                                                                                                   |        | 0.035       | 0.000      | 0.087      |             | 0.078  | 1.499r          |
| reg_mod.regs[8]_1__MUX4X1P4H7L_A_S0 (net)                                                                                                                                                                                                      | 13     |             |            |            | 0.000       |        |                 |
| reg_mod.regs[8]_1__MUX4X1P4H7L_A_S0_BUFX8H7L_A:A (BUFX8H7L)                                                                                                                                                                                    |        | 0.002       | 0.000      | 0.087      |             | 0.000  | 1.499r          |
| reg_mod.regs[8]_1__MUX4X1P4H7L_A_S0_BUFX8H7L_A:Y (BUFX8H7L)                                                                                                                                                                                    |        | 0.040       | 0.000      | 0.097      |             | 0.085  | 1.585r          |
| reg_mod.regs[2]_9__MUX4X1P4H7L_A_S0 (net)                                                                                                                                                                                                      | 14     |             |            |            | 0.000       |        |                 |
| reg_mod.regs[2]_9__MUX4X1P4H7L_A_S0_BUFX10H7L_A:A (BUFX10H7L)                                                                                                                                                                                  |        | 0.002       | 0.000      | 0.097      |             | 0.000  | 1.585r          |
| reg_mod.regs[2]_9__MUX4X1P4H7L_A_S0_BUFX10H7L_A:Y (BUFX10H7L)                                                                                                                                                                                  |        | 0.038       | 0.000      | 0.077      |             | 0.076  | 1.661r          |
| reg_mod.regs[8]_8__MUX4X1P4H7L_A_S1 (net)                                                                                                                                                                                                      | 20     |             |            |            | 0.000       |        |                 |
| reg_mod.regs[8]_21__MUX4X1P4H7L_A_S0_BUFX10H7L_Y:A (BUFX10H7L)                                                                                                                                                                                 |        | 0.002       | 0.000      | 0.077      |             | 0.000  | 1.661r          |
| reg_mod.regs[8]_21__MUX4X1P4H7L_A_S0_BUFX10H7L_Y:Y (BUFX10H7L)                                                                                                                                                                                 |        | 0.039       | 0.000      | 0.078      |             | 0.074  | 1.734r          |
| reg_mod.regs[8]_21__MUX4X1P4H7L_A_S0 (net)                                                                                                                                                                                                     | 19     |             |            |            | 0.000       |        |                 |
| reg_mod.regs[8]_22__MUX4X1P4H7L_A_S1_BUFX10H7L_Y:A (BUFX10H7L)                                                                                                                                                                                 |        | 0.002       | 0.000      | 0.078      |             | 0.000  | 1.734r          |
| reg_mod.regs[8]_22__MUX4X1P4H7L_A_S1_BUFX10H7L_Y:Y (BUFX10H7L)                                                                                                                                                                                 |        | 0.039       | 0.000      | 0.077      |             | 0.074  | 1.808r          |
| reg_mod.regs[8]_22__MUX4X1P4H7L_A_S1 (net)                                                                                                                                                                                                     | 16     |             |            |            | 0.000       |        |                 |
| reg_mod.regs[2]_23__MUX4X1P4H7L_A_S1_BUFX7H7L_Y:A (BUFX7H7L)                                                                                                                                                                                   |        | 0.002       | 0.000      | 0.077      |             | 0.000  | 1.808r          |
| reg_mod.regs[2]_23__MUX4X1P4H7L_A_S1_BUFX7H7L_Y:Y (BUFX7H7L)                                                                                                                                                                                   |        | 0.039       | 0.000      | 0.104      |             | 0.088  | 1.896r          |
| reg_mod.regs[2]_23__MUX4X1P4H7L_A_S1 (net)                                                                                                                                                                                                     | 15     |             |            |            | 0.000       |        |                 |
| reg_mod.regs[2]_23__MUX4X1P4H7L_A_S1_BUFX7H7L_A:A (BUFX7H7L)                                                                                                                                                                                   |        | 0.002       | 0.000      | 0.104      |             | 0.000  | 1.896r          |
| reg_mod.regs[2]_23__MUX4X1P4H7L_A_S1_BUFX7H7L_A:Y (BUFX7H7L)                                                                                                                                                                                   |        | 0.040       | 0.000      | 0.107      |             | 0.093  | 1.990r          |
| reg_mod.regs[2]_25__MUX4X1P4H7L_A_S1 (net)                                                                                                                                                                                                     | 24     |             |            |            | 0.000       |        |                 |
| reg_mod.regs[1]_26__AOI221X0P5H7L_A0:B1 (AOI221X0P5H7L)                                                                                                                                                                                        |        | 0.001       | 0.000      | 0.107      |             | 0.000  | 1.990r          |
| reg_mod.regs[1]_26__AOI221X0P5H7L_A0:Y (AOI221X0P5H7L)                                                                                                                                                                                         |        | 0.001       | 0.000      | 0.057      |             | 0.042  | 2.032f          |
| reg_mod.regs[1]_26__AOI221X0P5H7L_A0_Y (net)                                                                                                                                                                                                   | 1      |             |            |            | 0.000       |        |                 |
| reg_mod.regs[1]_26__AOI221X0P5H7L_A0_Y_OAI31X0P5H7L_A2:A2 (OAI31X0P5H7L)                                                                                                                                                                       |        | 0.001       | 0.000      | 0.057      |             | 0.000  | 2.032f          |
| reg_mod.regs[1]_26__AOI221X0P5H7L_A0_Y_OAI31X0P5H7L_A2:Y (OAI31X0P5H7L)                                                                                                                                                                        |        | 0.001       | 0.000      | 0.080      |             | 0.066  | 2.098r          |
| reg_mod.regs[1]_26__AOI221X0P5H7L_A0_Y_OAI31X0P5H7L_A2_Y (net)                                                                                                                                                                                 | 1      |             |            |            | 0.000       |        |                 |
| reg_mod.regs[1]_26__AOI221X0P5H7L_A0_Y_OAI31X0P5H7L_A2_Y_OAI21X0P5H7L_A1:A1 (OAI21X0P5H7L)                                                                                                                                                     |        | 0.001       | 0.000      | 0.080      |             | 0.000  | 2.098r          |
| reg_mod.regs[1]_26__AOI221X0P5H7L_A0_Y_OAI31X0P5H7L_A2_Y_OAI21X0P5H7L_A1:Y (OAI21X0P5H7L)                                                                                                                                                      |        | 0.004       | 0.000      | 0.082      |             | 0.067  | 2.164f          |
| reg_mod.regs[1]_26__AOI221X0P5H7L_A0_Y_OAI31X0P5H7L_A2_Y_OAI21X0P5H7L_A1_Y (net)                                                                                                                                                               | 4      |             |            |            | 0.000       |        |                 |
| reg_mod.regs[18]_26__MUX2X0P5H7L_A_Y_MUXI2X0P5H7L_A_Y_NOR3X0P5H7L_C_Y_AOI221X2H7L_C0_Y_XNOR2X1H7L_B:A (XNOR2X1H7L)                                                                                                                             |        | 0.002       | 0.000      | 0.082      |             | 0.000  | 2.164f          |
| reg_mod.regs[18]_26__MUX2X0P5H7L_A_Y_MUXI2X0P5H7L_A_Y_NOR3X0P5H7L_C_Y_AOI221X2H7L_C0_Y_XNOR2X1H7L_B:Y (XNOR2X1H7L)                                                                                                                             |        | 0.001       | 0.000      | 0.027      |             | 0.064  | 2.229f          |
| reg_mod.regs[18]_26__MUX2X0P5H7L_A_Y_MUXI2X0P5H7L_A_Y_NOR3X0P5H7L_C_Y_AOI221X2H7L_C0_Y_XNOR2X1H7L_B_Y (net)                                                                                                                                    | 1      |             |            |            | 0.000       |        |                 |
| reg_mod.regs[18]_26__MUX2X0P5H7L_A_Y_MUXI2X0P5H7L_A_Y_NOR3X0P5H7L_C_Y_AOI221X2H7L_C0_Y_XNOR2X1H7L_B_Y_OAI211X2H7L_B0:B0 (OAI211X2H7L)                                                                                                          |        | 0.001       | 0.000      | 0.027      |             | 0.000  | 2.229f          |
| reg_mod.regs[18]_26__MUX2X0P5H7L_A_Y_MUXI2X0P5H7L_A_Y_NOR3X0P5H7L_C_Y_AOI221X2H7L_C0_Y_XNOR2X1H7L_B_Y_OAI211X2H7L_B0:Y (OAI211X2H7L)                                                                                                           |        | 0.004       | 0.000      | 0.100      |             | 0.037  | 2.265r          |
| reg_mod.regs[18]_26__MUX2X0P5H7L_A_Y_MUXI2X0P5H7L_A_Y_NOR3X0P5H7L_C_Y_AOI221X2H7L_C0_Y_XNOR2X1H7L_B_Y_OAI211X2H7L_B0_Y (net)                                                                                                                   | 2      |             |            |            | 0.000       |        |                 |
| reg_mod.regs[18]_26__MUX2X0P5H7L_A_Y_MUXI2X0P5H7L_A_Y_NOR3X0P5H7L_C_Y_AOI221X2H7L_C0_Y_XNOR2X1H7L_B_Y_OAI211X2H7L_B0_Y_OAI221X1P4H7L_B1:B1 (OAI221X1P4H7L)                                                                                     |        | 0.001       | 0.000      | 0.100      |             | 0.000  | 2.265r          |
| reg_mod.regs[18]_26__MUX2X0P5H7L_A_Y_MUXI2X0P5H7L_A_Y_NOR3X0P5H7L_C_Y_AOI221X2H7L_C0_Y_XNOR2X1H7L_B_Y_OAI211X2H7L_B0_Y_OAI221X1P4H7L_B1:Y (OAI221X1P4H7L)                                                                                      |        | 0.002       | 0.000      | 0.057      |             | 0.056  | 2.321f          |
| reg_mod.regs[25]_19__OA221X0P5H7L_A0_Y_OAI211X1P4H7L_A1_Y_AO31X0P5H7L_A1_Y_AOI21BX0P5H7L_A1_Y_AOI211X0P5H7L_A1_Y_NOR4X1H7L_A_B (net)                                                                                                           | 3      |             |            |            | 0.000       |        |                 |
| reg_mod.regs[25]_19__OA221X0P5H7L_A0_Y_OAI211X1P4H7L_A1_Y_AO31X0P5H7L_A1_Y_AOI21BX0P5H7L_A1_Y_AOI211X0P5H7L_A1_Y_NOR4X1H7L_A:B (NOR4X1H7L)                                                                                                     |        | 0.001       | 0.000      | 0.057      |             | 0.000  | 2.321f          |
| reg_mod.regs[25]_19__OA221X0P5H7L_A0_Y_OAI211X1P4H7L_A1_Y_AO31X0P5H7L_A1_Y_AOI21BX0P5H7L_A1_Y_AOI211X0P5H7L_A1_Y_NOR4X1H7L_A:Y (NOR4X1H7L)                                                                                                     |        | 0.001       | 0.000      | 0.091      |             | 0.078  | 2.399r          |
| reg_mod.regs[25]_19__OA221X0P5H7L_A0_Y_OAI211X1P4H7L_A1_Y_AO31X0P5H7L_A1_Y_AOI21BX0P5H7L_A1_Y_AOI211X0P5H7L_A1_Y_NOR4X1H7L_A_Y (net)                                                                                                           | 1      |             |            |            | 0.000       |        |                 |
| reg_mod.regs[4]_15__MUX2X0P5H7L_A_Y_OAI211X0P7H7L_A1_Y_NAND3X0P5H7L_C_Y_NAND3X0P7H7L_C_Y_AOI32X0P5H7L_B1_Y_OAI221X1P4H7L_A1:C0 (OAI221X1P4H7L)                                                                                                 |        | 0.001       | 0.000      | 0.091      |             | 0.000  | 2.399r          |
| reg_mod.regs[4]_15__MUX2X0P5H7L_A_Y_OAI211X0P7H7L_A1_Y_NAND3X0P5H7L_C_Y_NAND3X0P7H7L_C_Y_AOI32X0P5H7L_B1_Y_OAI221X1P4H7L_A1:Y (OAI221X1P4H7L)                                                                                                  |        | 0.002       | 0.000      | 0.047      |             | 0.038  | 2.437f          |
| reg_mod.regs[4]_29__MUX2X0P5H7L_A_Y_OAI211X0P7H7L_A1_Y_OAOI211X0P5H7L_B0_Y_OAI211X0P7H7L_A0_Y_OAI221X1P4H7L_C0_Y_NOR3BX3H7L_C_AN (net)                                                                                                         | 2      |             |            |            | 0.000       |        |                 |
| reg_mod.regs[4]_29__MUX2X0P5H7L_A_Y_OAI211X0P7H7L_A1_Y_OAOI211X0P5H7L_B0_Y_OAI211X0P7H7L_A0_Y_OAI221X1P4H7L_C0_Y_NOR3BX3H7L_C_AN_NOR2BX1P4H7L_AN:AN (NOR2BX1P4H7L)                                                                             |        | 0.001       | 0.000      | 0.047      |             | 0.000  | 2.437f          |
| reg_mod.regs[4]_29__MUX2X0P5H7L_A_Y_OAI211X0P7H7L_A1_Y_OAOI211X0P5H7L_B0_Y_OAI211X0P7H7L_A0_Y_OAI221X1P4H7L_C0_Y_NOR3BX3H7L_C_AN_NOR2BX1P4H7L_AN:Z (NOR2BX1P4H7L)                                                                              |        | 0.003       | 0.000      | 0.042      |             | 0.050  | 2.488f          |
| reg_mod.regs[4]_29__MUX2X0P5H7L_A_Y_OAI211X0P7H7L_A1_Y_OAOI211X0P5H7L_B0_Y_OAI211X0P7H7L_A0_Y_OAI221X1P4H7L_C0_Y_NOR3BX3H7L_C_AN_NOR2BX1P4H7L_AN_Z (net)                                                                                       | 2      |             |            |            | 0.000       |        |                 |
| reg_mod.regs[4]_29__MUX2X0P5H7L_A_Y_OAI211X0P7H7L_A1_Y_OAOI211X0P5H7L_B0_Y_OAI211X0P7H7L_A0_Y_OAI221X1P4H7L_C0_Y_NOR3BX3H7L_C_AN_NOR2BX1P4H7L_AN_Z_NOR2BX1P4H7L_B:B (NOR2BX1P4H7L)                                                             |        | 0.001       | 0.000      | 0.042      |             | 0.000  | 2.488f          |
| reg_mod.regs[4]_29__MUX2X0P5H7L_A_Y_OAI211X0P7H7L_A1_Y_OAOI211X0P5H7L_B0_Y_OAI211X0P7H7L_A0_Y_OAI221X1P4H7L_C0_Y_NOR3BX3H7L_C_AN_NOR2BX1P4H7L_AN_Z_NOR2BX1P4H7L_B:Z (NOR2BX1P4H7L)                                                             |        | 0.002       | 0.000      | 0.050      |             | 0.043  | 2.530r          |
| reg_mod.regs[4]_29__MUX2X0P5H7L_A_Y_OAI211X0P7H7L_A1_Y_OAOI211X0P5H7L_B0_Y_OAI211X0P7H7L_A0_Y_OAI221X1P4H7L_C0_Y_NOR3BX3H7L_C_AN_NOR2BX1P4H7L_AN_Z_NOR2BX1P4H7L_B_Z (net)                                                                      | 2      |             |            |            | 0.000       |        |                 |
| reg_mod.regs[4]_29__MUX2X0P5H7L_A_Y_OAI211X0P7H7L_A1_Y_OAOI211X0P5H7L_B0_Y_OAI211X0P7H7L_A0_Y_OAI221X1P4H7L_C0_Y_NOR3BX3H7L_C_Y_NOR2BX1H7L_B_Z_OAI2BB1X0P5H7L_A1N_B0_OAI21X0P5H7L_Y:A1 (OAI21X0P5H7L)                                          |        | 0.001       | 0.000      | 0.050      |             | 0.000  | 2.530r          |
| reg_mod.regs[4]_29__MUX2X0P5H7L_A_Y_OAI211X0P7H7L_A1_Y_OAOI211X0P5H7L_B0_Y_OAI211X0P7H7L_A0_Y_OAI221X1P4H7L_C0_Y_NOR3BX3H7L_C_Y_NOR2BX1H7L_B_Z_OAI2BB1X0P5H7L_A1N_B0_OAI21X0P5H7L_Y:Y (OAI21X0P5H7L)                                           |        | 0.001       | 0.000      | 0.053      |             | 0.030  | 2.560f          |
| reg_mod.regs[4]_29__MUX2X0P5H7L_A_Y_OAI211X0P7H7L_A1_Y_OAOI211X0P5H7L_B0_Y_OAI211X0P7H7L_A0_Y_OAI221X1P4H7L_C0_Y_NOR3BX3H7L_C_Y_NOR2BX1H7L_B_Z_OAI2BB1X0P5H7L_A1N_B0 (net)                                                                     | 1      |             |            |            | 0.000       |        |                 |
| reg_mod.regs[4]_29__MUX2X0P5H7L_A_Y_OAI211X0P7H7L_A1_Y_OAOI211X0P5H7L_B0_Y_OAI211X0P7H7L_A0_Y_OAI221X1P4H7L_C0_Y_NOR3BX3H7L_C_Y_NOR2BX1H7L_B_Z_OAI2BB1X0P5H7L_A1N:B0 (OAI2BB1X0P5H7L)                                                          |        | 0.001       | 0.000      | 0.053      |             | 0.000  | 2.560f          |
| reg_mod.regs[4]_29__MUX2X0P5H7L_A_Y_OAI211X0P7H7L_A1_Y_OAOI211X0P5H7L_B0_Y_OAI211X0P7H7L_A0_Y_OAI221X1P4H7L_C0_Y_NOR3BX3H7L_C_Y_NOR2BX1H7L_B_Z_OAI2BB1X0P5H7L_A1N:Y (OAI2BB1X0P5H7L)                                                           |        | 0.003       | 0.000      | 0.068      |             | 0.054  | 2.614r          |
| csr_mod.regs[3]_0__reg_p_D_OAI21X0P5H7L_Y_A1_INVX0P5H7L_Y_A_AOAI211X0P5H7L_Y_A0_NAND2X0P5H7L_A_Y_AOI21X0P5H7L_B0_Y_AO211X1P4H7L_B0_A0 (net)                                                                                                    | 4      |             |            |            | 0.000       |        |                 |
| pc_mod.pc_30__reg_p_D_AOA211X1P4H7L_Y_A0_OAI211X0P7H7L_Y_A1_AOI31X0P5H7L_Y_B0_AOAI211X0P5H7L_Y_B0_OAI211X0P7H7L_Y_B0_AOI21X0P5H7L_A1_B0_OAI21X0P5H7L_Y_B0_OAOI211X0P5H7L_C0_A0_OR2X1P4H7L_Y:B (OR2X1P4H7L)                                     |        | 0.001       | 0.000      | 0.068      |             | 0.000  | 2.614r          |
| pc_mod.pc_30__reg_p_D_AOA211X1P4H7L_Y_A0_OAI211X0P7H7L_Y_A1_AOI31X0P5H7L_Y_B0_AOAI211X0P5H7L_Y_B0_OAI211X0P7H7L_Y_B0_AOI21X0P5H7L_A1_B0_OAI21X0P5H7L_Y_B0_OAOI211X0P5H7L_C0_A0_OR2X1P4H7L_Y:Y (OR2X1P4H7L)                                     |        | 0.002       | 0.000      | 0.029      |             | 0.043  | 2.657r          |
| pc_mod.pc_30__reg_p_D_AOA211X1P4H7L_Y_A0_OAI211X0P7H7L_Y_A1_AOI31X0P5H7L_Y_B0_AOAI211X0P5H7L_Y_B0_OAI211X0P7H7L_Y_B0_AOI21X0P5H7L_A1_B0_OAI21X0P5H7L_Y_B0_OAOI211X0P5H7L_C0_A0 (net)                                                           | 2      |             |            |            | 0.000       |        |                 |
| pc_mod.pc_30__reg_p_D_AOA211X1P4H7L_Y_A0_OAI211X0P7H7L_Y_A1_AOI31X0P5H7L_Y_B0_AOAI211X0P5H7L_Y_B0_OAI211X0P7H7L_Y_B0_AOI21X0P5H7L_A1_B0_OAI21X0P5H7L_Y_B0_OAOI211X0P5H7L_C0_A0_NOR2X0P5H7L_B:B (NOR2X0P5H7L)                                   |        | 0.001       | 0.000      | 0.029      |             | 0.000  | 2.657r          |
| pc_mod.pc_30__reg_p_D_AOA211X1P4H7L_Y_A0_OAI211X0P7H7L_Y_A1_AOI31X0P5H7L_Y_B0_AOAI211X0P5H7L_Y_B0_OAI211X0P7H7L_Y_B0_AOI21X0P5H7L_A1_B0_OAI21X0P5H7L_Y_B0_OAOI211X0P5H7L_C0_A0_NOR2X0P5H7L_B:Y (NOR2X0P5H7L)                                   |        | 0.001       | 0.000      | 0.040      |             | 0.016  | 2.673f          |
| pc_mod.pc_30__reg_p_D_AOA211X1P4H7L_Y_A0_OAI211X0P7H7L_Y_A1_AOI31X0P5H7L_Y_B0_AOAI211X0P5H7L_Y_B0_OAI211X0P7H7L_Y_B0_AOI21X0P5H7L_A1_B0_OAI21X0P5H7L_Y_B0_OAOI211X0P5H7L_C0_A0_NOR2X0P5H7L_B_Y (net)                                           | 1      |             |            |            | 0.000       |        |                 |
| pc_mod.pc_30__reg_p_D_AOA211X1P4H7L_Y_A0_OAI211X0P7H7L_Y_A1_AOI31X0P5H7L_Y_B0_AOAI211X0P5H7L_Y_B0_OAI211X0P7H7L_Y_B0_AOI21X0P5H7L_A1_B0_OAI21X0P5H7L_Y_B0_OAOI211X0P5H7L_C0_A0_NOR2X0P5H7L_B_Y_AOAI211X0P5H7L_B0:B0 (AOAI211X0P5H7L)           |        | 0.001       | 0.000      | 0.040      |             | 0.000  | 2.673f          |
| pc_mod.pc_30__reg_p_D_AOA211X1P4H7L_Y_A0_OAI211X0P7H7L_Y_A1_AOI31X0P5H7L_Y_B0_AOAI211X0P5H7L_Y_B0_OAI211X0P7H7L_Y_B0_AOI21X0P5H7L_A1_B0_OAI21X0P5H7L_Y_B0_OAOI211X0P5H7L_C0_A0_NOR2X0P5H7L_B_Y_AOAI211X0P5H7L_B0:Y (AOAI211X0P5H7L)            |        | 0.001       | 0.000      | 0.074      |             | 0.052  | 2.725r          |
| pc_mod.pc_30__reg_p_D_AOA211X1P4H7L_Y_A0_OAI211X0P7H7L_Y_A1_AOI31X0P5H7L_Y_B0_AOAI211X0P5H7L_Y_B0_OAI211X0P7H7L_Y_B0_AOI21X0P5H7L_A1_B0_OAI21X0P5H7L_Y_B0_OAOI211X0P5H7L_C0_A0_NOR2X0P5H7L_B_Y_AOAI211X0P5H7L_B0_Y (net)                       | 1      |             |            |            | 0.000       |        |                 |
| pc_mod.pc_30__reg_p_D_AOA211X1P4H7L_Y_A0_OAI211X0P7H7L_Y_A1_AOI31X0P5H7L_Y_B0_AOAI211X0P5H7L_Y_B0_OAI211X0P7H7L_Y_B0_AOI21X0P5H7L_A1_B0_OAI21X0P5H7L_Y_B0_OAOI211X0P5H7L_C0_A0_NOR2X0P5H7L_B_Y_AOAI211X0P5H7L_B0_Y_BUFX1P4H7L_A:A (BUFX1P4H7L) |        | 0.001       | 0.000      | 0.074      |             | 0.000  | 2.725r          |
| pc_mod.pc_30__reg_p_D_AOA211X1P4H7L_Y_A0_OAI211X0P7H7L_Y_A1_AOI31X0P5H7L_Y_B0_AOAI211X0P5H7L_Y_B0_OAI211X0P7H7L_Y_B0_AOI21X0P5H7L_A1_B0_OAI21X0P5H7L_Y_B0_OAOI211X0P5H7L_C0_A0_NOR2X0P5H7L_B_Y_AOAI211X0P5H7L_B0_Y_BUFX1P4H7L_A:Y (BUFX1P4H7L) |        | 0.012       | 0.000      | 0.138      |             | 0.104  | 2.829r          |
| csr_mod.working_reg_2__AOAI211X0P5H7L_Y_C0 (net)                                                                                                                                                                                               | 15     |             |            |            | 0.000       |        |                 |
| csr_mod.working_reg_2__AOAI211X0P5H7L_Y:C0 (AOAI211X0P5H7L)                                                                                                                                                                                    |        | 0.001       | 0.000      | 0.138      |             | 0.000  | 2.829r          |
| csr_mod.working_reg_2__AOAI211X0P5H7L_Y:Y (AOAI211X0P5H7L)                                                                                                                                                                                     |        | 0.002       | 0.000      | 0.065      |             | 0.043  | 2.873f          |
| csr_mod.working_reg_2_ (net)                                                                                                                                                                                                                   | 1      |             |            |            | 0.000       |        |                 |
| csr_mod.working_reg_2__BUFX7H7L_A:A (BUFX7H7L)                                                                                                                                                                                                 |        | 0.002       | 0.000      | 0.065      |             | 0.000  | 2.873f          |
| csr_mod.working_reg_2__BUFX7H7L_A:Y (BUFX7H7L)                                                                                                                                                                                                 |        | 0.033       | 0.000      | 0.056      |             | 0.075  | 2.947f          |
| csr_mod.regs[2]_0__NOR2BX1H7L_AN_B (net)                                                                                                                                                                                                       | 16     |             |            |            | 0.000       |        |                 |
| csr_mod.regs[3]_3__MUX4X1P4H7L_A_S0_BUFX3H7L_Y:A (BUFX3H7L)                                                                                                                                                                                    |        | 0.001       | 0.000      | 0.056      |             | 0.000  | 2.947f          |
| csr_mod.regs[3]_3__MUX4X1P4H7L_A_S0_BUFX3H7L_Y:Y (BUFX3H7L)                                                                                                                                                                                    |        | 0.040       | 0.000      | 0.142      |             | 0.128  | 3.075f          |
| csr_mod.regs[3]_3__MUX4X1P4H7L_A_S0 (net)                                                                                                                                                                                                      | 14     |             |            |            | 0.000       |        |                 |
| csr_mod.regs[3]_6__MUX4X1P4H7L_A:S0 (MUX4X1P4H7L)                                                                                                                                                                                              |        | 0.003       | 0.000      | 0.142      |             | 0.000  | 3.075f          |
| csr_mod.regs[3]_6__MUX4X1P4H7L_A:Y (MUX4X1P4H7L)                                                                                                                                                                                               |        | 0.001       | 0.000      | 0.038      |             | 0.117  | 3.192f          |
| csr_mod.regs[3]_6__MUX4X1P4H7L_A_Y (net)                                                                                                                                                                                                       | 1      |             |            |            | 0.000       |        |                 |
| csr_mod.regs[3]_6__MUX4X1P4H7L_A_Y_AOI21X0P5H7L_A1:A1 (AOI21X0P5H7L)                                                                                                                                                                           |        | 0.001       | 0.000      | 0.038      |             | 0.000  | 3.192f          |
| csr_mod.regs[3]_6__MUX4X1P4H7L_A_Y_AOI21X0P5H7L_A1:Y (AOI21X0P5H7L)                                                                                                                                                                            |        | 0.002       | 0.000      | 0.094      |             | 0.070  | 3.261r          |
| csr_mod.regs[3]_6__MUX4X1P4H7L_A_Y_AOI21X0P5H7L_A1_Y (net)                                                                                                                                                                                     | 3      |             |            |            | 0.000       |        |                 |
| csr_mod.regs[3]_6__MUX4X1P4H7L_A_Y_AOI21X0P5H7L_A1_Y_AND2X1H7L_A:A (AND2X1H7L)                                                                                                                                                                 |        | 0.001       | 0.000      | 0.094      |             | 0.000  | 3.261r          |
| csr_mod.regs[3]_6__MUX4X1P4H7L_A_Y_AOI21X0P5H7L_A1_Y_AND2X1H7L_A:Y (AND2X1H7L)                                                                                                                                                                 |        | 0.002       | 0.000      | 0.029      |             | 0.054  | 3.316r          |
| csr_mod.regs[3]_6__MUX4X1P4H7L_A_Y_AOI21X0P5H7L_A1_Y_AND2X1H7L_A_Y (net)                                                                                                                                                                       | 2      |             |            |            | 0.000       |        |                 |
| csr_mod.regs[3]_6__MUX4X1P4H7L_A_Y_AOI21X0P5H7L_A1_Y_AND2X1H7L_A_Y_NAND2X0P5H7L_B:B (NAND2X0P5H7L)                                                                                                                                             |        | 0.001       | 0.000      | 0.029      |             | 0.000  | 3.316r          |
| csr_mod.regs[3]_6__MUX4X1P4H7L_A_Y_AOI21X0P5H7L_A1_Y_AND2X1H7L_A_Y_NAND2X0P5H7L_B:Y (NAND2X0P5H7L)                                                                                                                                             |        | 0.001       | 0.000      | 0.056      |             | 0.024  | 3.340f          |
| csr_mod.regs[3]_6__MUX4X1P4H7L_A_Y_AOI21X0P5H7L_A1_Y_AND2X1H7L_A_Y_NAND2X0P5H7L_B_Y (net)                                                                                                                                                      | 1      |             |            |            | 0.000       |        |                 |
| csr_mod.regs[3]_6__MUX4X1P4H7L_A_Y_AOI21X0P5H7L_A1_Y_AND2X1H7L_A_Y_NAND2X0P5H7L_B_Y_OAI211X0P7H7L_B0:B0 (OAI211X0P7H7L)                                                                                                                        |        | 0.001       | 0.000      | 0.056      |             | 0.000  | 3.340f          |
| csr_mod.regs[3]_6__MUX4X1P4H7L_A_Y_AOI21X0P5H7L_A1_Y_AND2X1H7L_A_Y_NAND2X0P5H7L_B_Y_OAI211X0P7H7L_B0:Y (OAI211X0P7H7L)                                                                                                                         |        | 0.001       | 0.000      | 0.065      |             | 0.033  | 3.373r          |
| csr_mod.regs[3]_6__MUX4X1P4H7L_A_Y_AOI21X0P5H7L_A1_Y_AND2X1H7L_A_Y_NAND2X0P5H7L_B_Y_OAI211X0P7H7L_B0_Y (net)                                                                                                                                   | 1      |             |            |            | 0.000       |        |                 |
| csr_mod.regs[3]_6__MUX4X1P4H7L_A_Y_AOI21X0P5H7L_A1_Y_AND2X1H7L_A_Y_NAND2X0P5H7L_B_Y_OAI211X0P7H7L_B0_Y_NAND2X0P5H7L_A:A (NAND2X0P5H7L)                                                                                                         |        | 0.001       | 0.000      | 0.065      |             | 0.000  | 3.373r          |
| csr_mod.regs[3]_6__MUX4X1P4H7L_A_Y_AOI21X0P5H7L_A1_Y_AND2X1H7L_A_Y_NAND2X0P5H7L_B_Y_OAI211X0P7H7L_B0_Y_NAND2X0P5H7L_A:Y (NAND2X0P5H7L)                                                                                                         |        | 0.001       | 0.000      | 0.034      |             | 0.028  | 3.401f          |
| csr_mod.regs[3]_6__MUX4X1P4H7L_A_Y_AOI21X0P5H7L_A1_Y_AND2X1H7L_A_Y_NAND2X0P5H7L_B_Y_OAI211X0P7H7L_B0_Y_NAND2X0P5H7L_A_Y (net)                                                                                                                  | 1      |             |            |            | 0.000       |        |                 |
| csr_mod.regs[3]_6__MUX4X1P4H7L_A_Y_AOI21X0P5H7L_A1_Y_AND2X1H7L_A_Y_NAND2X0P5H7L_B_Y_OAI211X0P7H7L_B0_Y_NAND2X0P5H7L_A_Y_AOI211X0P5H7L_C0:C0 (AOI211X0P5H7L)                                                                                    |        | 0.001       | 0.000      | 0.034      |             | 0.000  | 3.401f          |
| csr_mod.regs[3]_6__MUX4X1P4H7L_A_Y_AOI21X0P5H7L_A1_Y_AND2X1H7L_A_Y_NAND2X0P5H7L_B_Y_OAI211X0P7H7L_B0_Y_NAND2X0P5H7L_A_Y_AOI211X0P5H7L_C0:Y (AOI211X0P5H7L)                                                                                     |        | 0.001       | 0.000      | 0.088      |             | 0.062  | 3.462r          |
| csr_mod.regs[3]_6__MUX4X1P4H7L_A_Y_AOI21X0P5H7L_A1_Y_AND2X1H7L_A_Y_NAND2X0P5H7L_B_Y_OAI211X0P7H7L_B0_Y_NAND2X0P5H7L_A_Y_AOI211X0P5H7L_C0_Y (net)                                                                                               | 1      |             |            |            | 0.000       |        |                 |
| csr_mod.regs[3]_6__MUX4X1P4H7L_A_Y_AOI21X0P5H7L_A1_Y_AND2X1H7L_A_Y_NAND2X0P5H7L_B_Y_OAI211X0P7H7L_B0_Y_NAND2X0P5H7L_A_Y_AOI211X0P5H7L_C0_Y_AOI2BB2X0P5H7L_A1N:A1N (AOI2BB2X0P5H7L)                                                             |        | 0.001       | 0.000      | 0.088      |             | 0.000  | 3.462r          |
| csr_mod.regs[3]_6__MUX4X1P4H7L_A_Y_AOI21X0P5H7L_A1_Y_AND2X1H7L_A_Y_NAND2X0P5H7L_B_Y_OAI211X0P7H7L_B0_Y_NAND2X0P5H7L_A_Y_AOI211X0P5H7L_C0_Y_AOI2BB2X0P5H7L_A1N:Y (AOI2BB2X0P5H7L)                                                               |        | 0.003       | 0.000      | 0.117      |             | 0.094  | 3.557r          |
| pc_mod.pc_6__reg_p_D_OAI21X0P5H7L_Y_A1_MUX2X0P5H7L_Y_B_MUX2X0P5H7L_Y_B (net)                                                                                                                                                                   | 4      |             |            |            | 0.000       |        |                 |
| pc_mod.pc_6__reg_p_D_OAI21X0P5H7L_Y_A1_MUX2X0P5H7L_Y_A_NAND2X0P5H7L_B_Y_AOI32X0P5H7L_B0_Y_OA221X0P5H7L_C0:B0 (OA221X0P5H7L)                                                                                                                    |        | 0.001       | 0.000      | 0.117      |             | 0.000  | 3.557r          |
| pc_mod.pc_6__reg_p_D_OAI21X0P5H7L_Y_A1_MUX2X0P5H7L_Y_A_NAND2X0P5H7L_B_Y_AOI32X0P5H7L_B0_Y_OA221X0P5H7L_C0:Y (OA221X0P5H7L)                                                                                                                     |        | 0.006       | 0.000      | 0.107      |             | 0.119  | 3.676r          |
| reg_mod.regs[25]_6__reg_p_D_AOI21X0P5H7L_Y_A0 (net)                                                                                                                                                                                            | 8      |             |            |            | 0.000       |        |                 |
| reg_mod.regs[25]_6__reg_p_D_AOI21X0P5H7L_Y_A0_BUFX0P5H7L_A:A (BUFX0P5H7L)                                                                                                                                                                      |        | 0.001       | 0.000      | 0.107      |             | 0.000  | 3.676r          |
| reg_mod.regs[25]_6__reg_p_D_AOI21X0P5H7L_Y_A0_BUFX0P5H7L_A:Y (BUFX0P5H7L)                                                                                                                                                                      |        | 0.017       | 0.000      | 0.286      |             | 0.181  | 3.857r          |
| reg_mod.regs[1]_6__reg_p_D_AOI21X0P5H7L_Y_A0 (net)                                                                                                                                                                                             | 24     |             |            |            | 0.000       |        |                 |
| reg_mod.regs[6]_6__reg_p_D_AOI21X0P5H7L_Y:A0 (AOI21X0P5H7L)                                                                                                                                                                                    |        | 0.001       | 0.000      | 0.286      |             | 0.000  | 3.857r          |
| reg_mod.regs[6]_6__reg_p_D_AOI21X0P5H7L_Y:Y (AOI21X0P5H7L)                                                                                                                                                                                     |        | 0.001       | 0.000      | 0.067      |             | 0.046  | 3.903f          |
| reg_mod.regs[6]_6__reg_p_D (net)                                                                                                                                                                                                               | 1      |             |            |            | 0.000       |        |                 |
| reg_mod.regs[6]_6__reg_p:D (DFFQX1H7L)                                                                                                                                                                                                         |        | 0.001       | 0.000      | 0.067      |             | 0.000  | 3.903f          |
|                                                                                                                                                                                                                                                |        |             |            |            |             |        |                 |
| clock (port)                                                                                                                                                                                                                                   |        | 0.110       | 0.000      | 0.000      |             | 0.000  | 0.000r          |
| clock (clock net)                                                                                                                                                                                                                              | 105    |             |            |            | NA          |        |                 |
| reg_mod.regs[6]_0__reg_p_CK_ICGX0P5H7L_ECK:CK (ICGX0P5H7L)                                                                                                                                                                                     |        | 0.002       | 0.000      | 0.000      |             | 0.000  | 0.000r          |
| reg_mod.regs[6]_0__reg_p_CK_ICGX0P5H7L_ECK:ECK (ICGX0P5H7L)                                                                                                                                                                                    |        | 0.025       | 0.000      | 0.000      |             | 0.000  | 0.000r          |
| reg_mod.regs[6]_0__reg_p_CK (clock net)                                                                                                                                                                                                        | 32     |             |            |            | NA          |        |                 |
| reg_mod.regs[6]_6__reg_p:CK (DFFQX1H7L)                                                                                                                                                                                                        |        | 0.001       | 0.000      | 0.000      |             | 0.000  | 0.000r          |
| clock core_clock (rise edge)                                                                                                                                                                                                                   |        |             |            |            |             | 1.769  | 1.769           |
| clock network delay (ideal)                                                                                                                                                                                                                    |        |             |            |            |             | 0.000  | 1.769           |
| reg_mod.regs[6]_6__reg_p:CK (DFFQX1H7L)                                                                                                                                                                                                        |        |             |            |            |             |        | 1.769r          |
| library setup time                                                                                                                                                                                                                             |        |             |            |            |             | -0.050 | 1.719           |
| clock reconvergence pessimism                                                                                                                                                                                                                  |        |             |            |            |             | 0.000  | 1.719           |
|                                                                                                                                                                                                                                                |        |             |            |            |             |        |                 |
| path cell delay                                                                                                                                                                                                                                |        |             |            |            |             |        | 3.903(100.000%) |
| path net delay                                                                                                                                                                                                                                 |        |             |            |            |             |        | 0.000(0.000%)   |
|                                                                                                                                                                                                                                                |        |             |            |            |             |        |                 |
| data require time                                                                                                                                                                                                                              |        |             |            |            |             |        | 1.719           |
| data arrival time                                                                                                                                                                                                                              |        |             |            |            |             |        | 3.903           |
| slack (VIOLATED)                                                                                                                                                                                                                               |        |             |            |            |             |        | -2.184          |
+------------------------------------------------------------------------------------------------------------------------------------------------------------------------------------------------------------------------------------------------+--------+-------------+------------+------------+-------------+--------+-----------------+
+------------------------------------------------------------------------------------------------------------------------------------------------------------------------------------------------------------------------------------------------+--------+-------------+------------+------------+-------------+--------+-----------------+
| Point                                                                                                                                                                                                                                          | Fanout | Capacitance | Resistance | Transition | Delta Delay | Incr   | Path            |
+------------------------------------------------------------------------------------------------------------------------------------------------------------------------------------------------------------------------------------------------+--------+-------------+------------+------------+-------------+--------+-----------------+
| clock (port)                                                                                                                                                                                                                                   |        | 0.150       | 0.000      | 0.000      |             | 0.000  | 0.000r          |
| clock (clock net)                                                                                                                                                                                                                              | 105    |             |            |            | NA          |        |                 |
| pc_mod.pc_2__reg_p:CK (DFFQX1H7L)                                                                                                                                                                                                              |        | 0.001       | 0.000      | 0.000      |             | 0.000  | 0.000r          |
| clock core_clock (rise edge)                                                                                                                                                                                                                   |        |             |            |            |             | 0      | 0               |
| clock network delay (ideal)                                                                                                                                                                                                                    |        |             |            |            |             | 0.000  | 0.000           |
| pc_mod.pc_2__reg_p:CK (DFFQX1H7L)                                                                                                                                                                                                              |        | 0.001       | 0.000      | 0.000      |             | 0.000  | 0.000r          |
| pc_mod.pc_2__reg_p:Q (DFFQX1H7L)                                                                                                                                                                                                               |        | 0.002       | 0.000      | 0.029      |             | 0.067  | 0.067f          |
| pc_mod.pc_2_ (net)                                                                                                                                                                                                                             | 1      |             |            |            | 0.000       |        |                 |
| pc_mod.pc_2__BUFX7H7L_A:A (BUFX7H7L)                                                                                                                                                                                                           |        | 0.002       | 0.000      | 0.029      |             | 0.000  | 0.067f          |
| pc_mod.pc_2__BUFX7H7L_A:Y (BUFX7H7L)                                                                                                                                                                                                           |        | 0.012       | 0.000      | 0.027      |             | 0.046  | 0.113f          |
| pc_mod.pc_2__BUFX7H7L_A_Y (net)                                                                                                                                                                                                                | 4      |             |            |            | 0.000       |        |                 |
| pc_mod.pc_2__BUFX7H7L_A_Y_BUFX16H7L_A_1:A (BUFX16H7L)                                                                                                                                                                                          |        | 0.003       | 0.000      | 0.027      |             | 0.000  | 0.113f          |
| pc_mod.pc_2__BUFX7H7L_A_Y_BUFX16H7L_A_1:Y (BUFX16H7L)                                                                                                                                                                                          |        | 0.042       | 0.000      | 0.035      |             | 0.051  | 0.164f          |
| pc_mod.pc_2__BUFX7H7L_A_Y_BUFX16H7L_A_1_Y (net)                                                                                                                                                                                                | 22     |             |            |            | 0.000       |        |                 |
| icache_mod.block_cache[8]_20__MUX4X1P4H7L_A_S0_BUFX16H7L_Y:A (BUFX16H7L)                                                                                                                                                                       |        | 0.003       | 0.000      | 0.035      |             | 0.000  | 0.164f          |
| icache_mod.block_cache[8]_20__MUX4X1P4H7L_A_S0_BUFX16H7L_Y:Y (BUFX16H7L)                                                                                                                                                                       |        | 0.037       | 0.000      | 0.033      |             | 0.052  | 0.216f          |
| icache_mod.block_cache[8]_20__MUX4X1P4H7L_A_S0 (net)                                                                                                                                                                                           | 15     |             |            |            | 0.000       |        |                 |
| icache_mod.block_cache[8]_25__MUX4X1H7L_A_S0_BUFX12H7L_Y:A (BUFX12H7L)                                                                                                                                                                         |        | 0.003       | 0.000      | 0.033      |             | 0.000  | 0.216f          |
| icache_mod.block_cache[8]_25__MUX4X1H7L_A_S0_BUFX12H7L_Y:Y (BUFX12H7L)                                                                                                                                                                         |        | 0.039       | 0.000      | 0.041      |             | 0.056  | 0.273f          |
| icache_mod.block_cache[8]_25__MUX4X1H7L_A_S0 (net)                                                                                                                                                                                             | 14     |             |            |            | 0.000       |        |                 |
| icache_mod.block_cache[8]_25__MUX4X1H7L_A_S0_BUFX16H7L_A:A (BUFX16H7L)                                                                                                                                                                         |        | 0.003       | 0.000      | 0.041      |             | 0.000  | 0.273f          |
| icache_mod.block_cache[8]_25__MUX4X1H7L_A_S0_BUFX16H7L_A:Y (BUFX16H7L)                                                                                                                                                                         |        | 0.042       | 0.000      | 0.036      |             | 0.056  | 0.329f          |
| icache_mod.block_cache[4]_30__MUX4X1P4H7L_A_S0 (net)                                                                                                                                                                                           | 16     |             |            |            | 0.000       |        |                 |
| icache_mod.block_cache[8]_28__MUX4X1P4H7L_A:S0 (MUX4X1P4H7L)                                                                                                                                                                                   |        | 0.003       | 0.000      | 0.036      |             | 0.000  | 0.329f          |
| icache_mod.block_cache[8]_28__MUX4X1P4H7L_A:Y (MUX4X1P4H7L)                                                                                                                                                                                    |        | 0.001       | 0.000      | 0.036      |             | 0.089  | 0.418f          |
| icache_mod.block_cache[8]_28__MUX4X1P4H7L_A_Y (net)                                                                                                                                                                                            | 1      |             |            |            | 0.000       |        |                 |
| icache_mod.block_cache[8]_28__MUX4X1P4H7L_A_Y_AOI22X0P5H7L_A1:A1 (AOI22X0P5H7L)                                                                                                                                                                |        | 0.001       | 0.000      | 0.036      |             | 0.000  | 0.418f          |
| icache_mod.block_cache[8]_28__MUX4X1P4H7L_A_Y_AOI22X0P5H7L_A1:Y (AOI22X0P5H7L)                                                                                                                                                                 |        | 0.001       | 0.000      | 0.060      |             | 0.052  | 0.470r          |
| icache_mod.block_cache[8]_28__MUX4X1P4H7L_A_Y_AOI22X0P5H7L_A1_Y (net)                                                                                                                                                                          | 1      |             |            |            | 0.000       |        |                 |
| icache_mod.block_cache[8]_28__MUX4X1P4H7L_A_Y_AOI22X0P5H7L_A1_Y_NAND2X0P5H7L_A:A (NAND2X0P5H7L)                                                                                                                                                |        | 0.001       | 0.000      | 0.060      |             | 0.000  | 0.470r          |
| icache_mod.block_cache[8]_28__MUX4X1P4H7L_A_Y_AOI22X0P5H7L_A1_Y_NAND2X0P5H7L_A:Y (NAND2X0P5H7L)                                                                                                                                                |        | 0.004       | 0.000      | 0.079      |             | 0.061  | 0.531f          |
| icache_mod.block_cache[8]_28__MUX4X1P4H7L_A_Y_AOI22X0P5H7L_A1_Y_NAND2X0P5H7L_A_Y (net)                                                                                                                                                         | 5      |             |            |            | 0.000       |        |                 |
| icache_mod.block_cache[4]_30__MUX4X1P4H7L_A_Y_NAND2X0P5H7L_B_Y_AOI32X0P5H7L_A0_Y_NOR3X0P5H7L_C:B (NOR3X0P5H7L)                                                                                                                                 |        | 0.001       | 0.000      | 0.079      |             | 0.000  | 0.531f          |
| icache_mod.block_cache[4]_30__MUX4X1P4H7L_A_Y_NAND2X0P5H7L_B_Y_AOI32X0P5H7L_A0_Y_NOR3X0P5H7L_C:Y (NOR3X0P5H7L)                                                                                                                                 |        | 0.002       | 0.000      | 0.112      |             | 0.090  | 0.621r          |
| icache_mod.block_cache[4]_30__MUX4X1P4H7L_A_Y_NAND2X0P5H7L_B_Y_AOI32X0P5H7L_A0_Y_NOR3X0P5H7L_C_Y (net)                                                                                                                                         | 2      |             |            |            | 0.000       |        |                 |
| icache_mod.block_cache[4]_30__MUX4X1P4H7L_A_Y_NAND2X0P5H7L_B_Y_AOI32X0P5H7L_A0_Y_NOR3X0P5H7L_C_Y_NAND2X0P5H7L_B:B (NAND2X0P5H7L)                                                                                                               |        | 0.001       | 0.000      | 0.112      |             | 0.000  | 0.621r          |
| icache_mod.block_cache[4]_30__MUX4X1P4H7L_A_Y_NAND2X0P5H7L_B_Y_AOI32X0P5H7L_A0_Y_NOR3X0P5H7L_C_Y_NAND2X0P5H7L_B:Y (NAND2X0P5H7L)                                                                                                               |        | 0.003       | 0.000      | 0.070      |             | 0.055  | 0.676f          |
| icache_mod.block_cache[4]_30__MUX4X1P4H7L_A_Y_NAND2X0P5H7L_B_Y_AOI32X0P5H7L_A0_Y_NOR3X0P5H7L_C_Y_NAND2X0P5H7L_B_Y (net)                                                                                                                        | 3      |             |            |            | 0.000       |        |                 |
| reg_mod.regs[5]_15__MUX2X0P5H7L_A_Y_AOI221X0P5H7L_A1_Y_OA31X1H7L_A0_Y_OAI21X1P4H7L_B0_Y_AOI32X1P4H7L_A0_B0_AOAI211X0P5H7L_Y_A1_NOR2X1P4H7L_Y:A (NOR2X1P4H7L)                                                                                   |        | 0.001       | 0.000      | 0.070      |             | 0.000  | 0.676f          |
| reg_mod.regs[5]_15__MUX2X0P5H7L_A_Y_AOI221X0P5H7L_A1_Y_OA31X1H7L_A0_Y_OAI21X1P4H7L_B0_Y_AOI32X1P4H7L_A0_B0_AOAI211X0P5H7L_Y_A1_NOR2X1P4H7L_Y:Y (NOR2X1P4H7L)                                                                                   |        | 0.003       | 0.000      | 0.075      |             | 0.064  | 0.740r          |
| reg_mod.regs[5]_15__MUX2X0P5H7L_A_Y_AOI221X0P5H7L_A1_Y_OA31X1H7L_A0_Y_OAI21X1P4H7L_B0_Y_AOI32X1P4H7L_A0_B0_AOAI211X0P5H7L_Y_A1 (net)                                                                                                           | 2      |             |            |            | 0.000       |        |                 |
| reg_mod.regs[5]_15__MUX2X0P5H7L_A_Y_AOI221X0P5H7L_A1_Y_OA31X1H7L_A0_Y_OAI21X1P4H7L_B0_Y_AOI32X1P4H7L_A0_B0_AOAI211X0P5H7L_Y_A1_OAI21X4H7L_B0:B0 (OAI21X4H7L)                                                                                   |        | 0.002       | 0.000      | 0.075      |             | 0.000  | 0.740r          |
| reg_mod.regs[5]_15__MUX2X0P5H7L_A_Y_AOI221X0P5H7L_A1_Y_OA31X1H7L_A0_Y_OAI21X1P4H7L_B0_Y_AOI32X1P4H7L_A0_B0_AOAI211X0P5H7L_Y_A1_OAI21X4H7L_B0:Y (OAI21X4H7L)                                                                                    |        | 0.008       | 0.000      | 0.058      |             | 0.037  | 0.777f          |
| reg_mod.regs[19]_31__AOI221X0P5H7L_A0_C0_NAND3X1H7L_Y_C_AOA211X1P4H7L_C0_A0 (net)                                                                                                                                                              | 8      |             |            |            | 0.000       |        |                 |
| reg_mod.regs[19]_31__AOI221X0P5H7L_A0_C0_NAND3X1H7L_Y_C_AOA211X1P4H7L_C0_A0_NAND3X1P4H7L_C:C (NAND3X1P4H7L)                                                                                                                                    |        | 0.001       | 0.000      | 0.058      |             | 0.000  | 0.777f          |
| reg_mod.regs[19]_31__AOI221X0P5H7L_A0_C0_NAND3X1H7L_Y_C_AOA211X1P4H7L_C0_A0_NAND3X1P4H7L_C:Y (NAND3X1P4H7L)                                                                                                                                    |        | 0.001       | 0.000      | 0.043      |             | 0.029  | 0.806r          |
| reg_mod.regs[19]_31__AOI221X0P5H7L_A0_C0_NAND3X1H7L_Y_C_AOA211X1P4H7L_C0_A0_NAND3X1P4H7L_C_Y (net)                                                                                                                                             | 1      |             |            |            | 0.000       |        |                 |
| reg_mod.regs[19]_31__AOI221X0P5H7L_A0_C0_NAND3X1H7L_Y_C_AOA211X1P4H7L_C0_A0_NAND3X1P4H7L_C_Y_BUFX3P5H7L_A:A (BUFX3P5H7L)                                                                                                                       |        | 0.001       | 0.000      | 0.043      |             | 0.000  | 0.806r          |
| reg_mod.regs[19]_31__AOI221X0P5H7L_A0_C0_NAND3X1H7L_Y_C_AOA211X1P4H7L_C0_A0_NAND3X1P4H7L_C_Y_BUFX3P5H7L_A:Y (BUFX3P5H7L)                                                                                                                       |        | 0.015       | 0.000      | 0.083      |             | 0.073  | 0.879r          |
| pc_mod.pc_9__reg_p_D_AOI31X0P5H7L_Y_A0_OAI211X1P4H7L_Y_A0 (net)                                                                                                                                                                                | 18     |             |            |            | 0.000       |        |                 |
| pc_mod.pc_30__reg_p_D_AOA211X1P4H7L_Y_A0_OAI211X0P7H7L_Y_A1_AOI31X0P5H7L_Y_B0_AOAI211X0P5H7L_Y_B0_OAI211X0P7H7L_Y_B0_AOI21X0P5H7L_A1_B0_OAI21X0P5H7L_Y_A1_OAI21X0P5H7L_A1:B0 (OAI21X0P5H7L)                                                    |        | 0.001       | 0.000      | 0.083      |             | 0.000  | 0.879r          |
| pc_mod.pc_30__reg_p_D_AOA211X1P4H7L_Y_A0_OAI211X0P7H7L_Y_A1_AOI31X0P5H7L_Y_B0_AOAI211X0P5H7L_Y_B0_OAI211X0P7H7L_Y_B0_AOI21X0P5H7L_A1_B0_OAI21X0P5H7L_Y_A1_OAI21X0P5H7L_A1:Y (OAI21X0P5H7L)                                                     |        | 0.001       | 0.000      | 0.058      |             | 0.030  | 0.909f          |
| pc_mod.pc_30__reg_p_D_AOA211X1P4H7L_Y_A0_OAI211X0P7H7L_Y_A1_AOI31X0P5H7L_Y_B0_AOAI211X0P5H7L_Y_B0_OAI211X0P7H7L_Y_B0_AOI21X0P5H7L_A1_B0_OAI21X0P5H7L_Y_A1_OAI21X0P5H7L_A1_Y (net)                                                              | 1      |             |            |            | 0.000       |        |                 |
| pc_mod.pc_30__reg_p_D_AOA211X1P4H7L_Y_A0_OAI211X0P7H7L_Y_A1_AOI31X0P5H7L_Y_B0_AOAI211X0P5H7L_Y_B0_OAI211X0P7H7L_Y_B0_AOI21X0P5H7L_A1_B0_OAI21X0P5H7L_Y_A1_OAI21X0P5H7L_A1_Y_BUFX5H7L_A:A (BUFX5H7L)                                            |        | 0.001       | 0.000      | 0.058      |             | 0.000  | 0.909f          |
| pc_mod.pc_30__reg_p_D_AOA211X1P4H7L_Y_A0_OAI211X0P7H7L_Y_A1_AOI31X0P5H7L_Y_B0_AOAI211X0P5H7L_Y_B0_OAI211X0P7H7L_Y_B0_AOI21X0P5H7L_A1_B0_OAI21X0P5H7L_Y_A1_OAI21X0P5H7L_A1_Y_BUFX5H7L_A:Y (BUFX5H7L)                                            |        | 0.018       | 0.000      | 0.046      |             | 0.070  | 0.979f          |
| pc_mod.pc_27__reg_p_D_OAI21X0P5H7L_Y_A1_OA211X1H7L_Y_A0_OAOI211X0P5H7L_Y_C0 (net)                                                                                                                                                              | 22     |             |            |            | 0.000       |        |                 |
| pc_mod.pc_30__reg_p_D_AOA211X1P4H7L_Y_A0_OAI211X0P7H7L_Y_A1_AOI31X0P5H7L_Y_B0_AOAI211X0P5H7L_Y_B0_OAI211X0P7H7L_Y_B0_AOI21X0P5H7L_A1_A0_AOI31X0P5H7L_A2:B0 (AOI31X0P5H7L)                                                                      |        | 0.001       | 0.000      | 0.046      |             | 0.000  | 0.979f          |
| pc_mod.pc_30__reg_p_D_AOA211X1P4H7L_Y_A0_OAI211X0P7H7L_Y_A1_AOI31X0P5H7L_Y_B0_AOAI211X0P5H7L_Y_B0_OAI211X0P7H7L_Y_B0_AOI21X0P5H7L_A1_A0_AOI31X0P5H7L_A2:Y (AOI31X0P5H7L)                                                                       |        | 0.002       | 0.000      | 0.106      |             | 0.067  | 1.046r          |
| io_master_wstrb_AOAI211X0P5H7L_Y_B0_AOI21X0P5H7L_Y_A1_NOR4X0P5H7L_Y_C_AND2X1H7L_A_B_NAND2X0P5H7L_Y_B_OAI21X0P5H7L_Y_A1 (net)                                                                                                                   | 3      |             |            |            | 0.000       |        |                 |
| io_master_wstrb_AOAI211X0P5H7L_Y_B0_AOI21X0P5H7L_Y_A1_NOR4X0P5H7L_Y_C_AND2X1H7L_A_B_NAND2X0P5H7L_Y_B_OAI21X0P5H7L_Y:A1 (OAI21X0P5H7L)                                                                                                          |        | 0.001       | 0.000      | 0.106      |             | 0.000  | 1.046r          |
| io_master_wstrb_AOAI211X0P5H7L_Y_B0_AOI21X0P5H7L_Y_A1_NOR4X0P5H7L_Y_C_AND2X1H7L_A_B_NAND2X0P5H7L_Y_B_OAI21X0P5H7L_Y:Y (OAI21X0P5H7L)                                                                                                           |        | 0.001       | 0.000      | 0.041      |             | 0.036  | 1.082f          |
| io_master_wstrb_AOAI211X0P5H7L_Y_B0_AOI21X0P5H7L_Y_A1_NOR4X0P5H7L_Y_C_AND2X1H7L_A_B_NAND2X0P5H7L_Y_B (net)                                                                                                                                     | 1      |             |            |            | 0.000       |        |                 |
| io_master_wstrb_AOAI211X0P5H7L_Y_B0_AOI21X0P5H7L_Y_A1_NOR4X0P5H7L_Y_C_AND2X1H7L_A_B_NAND2X0P5H7L_Y:B (NAND2X0P5H7L)                                                                                                                            |        | 0.001       | 0.000      | 0.041      |             | 0.000  | 1.082f          |
| io_master_wstrb_AOAI211X0P5H7L_Y_B0_AOI21X0P5H7L_Y_A1_NOR4X0P5H7L_Y_C_AND2X1H7L_A_B_NAND2X0P5H7L_Y:Y (NAND2X0P5H7L)                                                                                                                            |        | 0.002       | 0.000      | 0.055      |             | 0.042  | 1.124r          |
| io_master_wstrb_AOAI211X0P5H7L_Y_B0_AOI21X0P5H7L_Y_A1_NOR4X0P5H7L_Y_C_AND2X1H7L_A_B (net)                                                                                                                                                      | 3      |             |            |            | 0.000       |        |                 |
| decode_mod.bus_out_rs1_4__NOR2BX1H7L_Z_AN_AOI21X0P5H7L_A0_A1_AOI21X0P5H7L_B0_A1_OAI21X0P5H7L_Y_A1_AOI22X0P5H7L_Y:B1 (AOI22X0P5H7L)                                                                                                             |        | 0.001       | 0.000      | 0.055      |             | 0.000  | 1.124r          |
| decode_mod.bus_out_rs1_4__NOR2BX1H7L_Z_AN_AOI21X0P5H7L_A0_A1_AOI21X0P5H7L_B0_A1_OAI21X0P5H7L_Y_A1_AOI22X0P5H7L_Y:Y (AOI22X0P5H7L)                                                                                                              |        | 0.001       | 0.000      | 0.067      |             | 0.029  | 1.153f          |
| decode_mod.bus_out_rs1_4__NOR2BX1H7L_Z_AN_AOI21X0P5H7L_A0_A1_AOI21X0P5H7L_B0_A1_OAI21X0P5H7L_Y_A1 (net)                                                                                                                                        | 1      |             |            |            | 0.000       |        |                 |
| decode_mod.bus_out_rs1_4__NOR2BX1H7L_Z_AN_AOI21X0P5H7L_A0_A1_AOI21X0P5H7L_B0_A1_OAI21X0P5H7L_Y:A1 (OAI21X0P5H7L)                                                                                                                               |        | 0.001       | 0.000      | 0.067      |             | 0.000  | 1.153f          |
| decode_mod.bus_out_rs1_4__NOR2BX1H7L_Z_AN_AOI21X0P5H7L_A0_A1_AOI21X0P5H7L_B0_A1_OAI21X0P5H7L_Y:Y (OAI21X0P5H7L)                                                                                                                                |        | 0.002       | 0.000      | 0.079      |             | 0.067  | 1.220r          |
| decode_mod.bus_out_rs1_4__NOR2BX1H7L_Z_AN_AOI21X0P5H7L_A0_A1_AOI21X0P5H7L_B0_A1 (net)                                                                                                                                                          | 2      |             |            |            | 0.000       |        |                 |
| decode_mod.bus_out_rs1_4__NOR2BX1H7L_Z_AN_AOI21X0P5H7L_A0_A1_AOI21X0P5H7L_B0_A1_OAI21X0P5H7L_A1:A1 (OAI21X0P5H7L)                                                                                                                              |        | 0.001       | 0.000      | 0.079      |             | 0.000  | 1.220r          |
| decode_mod.bus_out_rs1_4__NOR2BX1H7L_Z_AN_AOI21X0P5H7L_A0_A1_AOI21X0P5H7L_B0_A1_OAI21X0P5H7L_A1:Y (OAI21X0P5H7L)                                                                                                                               |        | 0.004       | 0.000      | 0.106      |             | 0.070  | 1.291f          |
| decode_mod.bus_out_rs1_4__NOR2BX1H7L_Z_B (net)                                                                                                                                                                                                 | 5      |             |            |            | 0.000       |        |                 |
| decode_mod.bus_out_rs1_0__NOR2X0P5H7L_Y:B (NOR2X0P5H7L)                                                                                                                                                                                        |        | 0.001       | 0.000      | 0.106      |             | 0.000  | 1.291f          |
| decode_mod.bus_out_rs1_0__NOR2X0P5H7L_Y:Y (NOR2X0P5H7L)                                                                                                                                                                                        |        | 0.001       | 0.000      | 0.061      |             | 0.056  | 1.346r          |
| decode_mod.bus_out_rs1_0_ (net)                                                                                                                                                                                                                | 1      |             |            |            | 0.000       |        |                 |
| decode_mod.bus_out_rs1_0__BUFX3H7L_A:A (BUFX3H7L)                                                                                                                                                                                              |        | 0.001       | 0.000      | 0.061      |             | 0.000  | 1.346r          |
| decode_mod.bus_out_rs1_0__BUFX3H7L_A:Y (BUFX3H7L)                                                                                                                                                                                              |        | 0.010       | 0.000      | 0.066      |             | 0.072  | 1.418r          |
| reg_mod.regs[4]_11__MUX2X0P5H7L_A_S0 (net)                                                                                                                                                                                                     | 6      |             |            |            | 0.000       |        |                 |
| reg_mod.regs[4]_11__MUX2X0P5H7L_A_S0_BUFX7H7L_A_2:A (BUFX7H7L)                                                                                                                                                                                 |        | 0.002       | 0.000      | 0.066      |             | 0.000  | 1.418r          |
| reg_mod.regs[4]_11__MUX2X0P5H7L_A_S0_BUFX7H7L_A_2:Y (BUFX7H7L)                                                                                                                                                                                 |        | 0.038       | 0.000      | 0.102      |             | 0.085  | 1.504r          |
| reg_mod.regs[4]_5__MUX2X0P5H7L_A_S0 (net)                                                                                                                                                                                                      | 18     |             |            |            | 0.000       |        |                 |
| reg_mod.regs[4]_5__MUX2X0P5H7L_A_S0_BUFX7H7L_A:A (BUFX7H7L)                                                                                                                                                                                    |        | 0.002       | 0.000      | 0.102      |             | 0.000  | 1.504r          |
| reg_mod.regs[4]_5__MUX2X0P5H7L_A_S0_BUFX7H7L_A:Y (BUFX7H7L)                                                                                                                                                                                    |        | 0.038       | 0.000      | 0.103      |             | 0.091  | 1.595r          |
| reg_mod.regs[4]_8__MUX2X0P5H7L_A_S0 (net)                                                                                                                                                                                                      | 21     |             |            |            | 0.000       |        |                 |
| reg_mod.regs[4]_8__MUX2X0P5H7L_A_S0_BUFX7H7L_A:A (BUFX7H7L)                                                                                                                                                                                    |        | 0.002       | 0.000      | 0.103      |             | 0.000  | 1.595r          |
| reg_mod.regs[4]_8__MUX2X0P5H7L_A_S0_BUFX7H7L_A:Y (BUFX7H7L)                                                                                                                                                                                    |        | 0.038       | 0.000      | 0.103      |             | 0.091  | 1.686r          |
| reg_mod.regs[5]_22__MUX2X0P5H7L_B_S0 (net)                                                                                                                                                                                                     | 23     |             |            |            | 0.000       |        |                 |
| reg_mod.regs[2]_22__MUX4X1P4H7L_A_S0_BUFX7H7L_Y:A (BUFX7H7L)                                                                                                                                                                                   |        | 0.002       | 0.000      | 0.103      |             | 0.000  | 1.686r          |
| reg_mod.regs[2]_22__MUX4X1P4H7L_A_S0_BUFX7H7L_Y:Y (BUFX7H7L)                                                                                                                                                                                   |        | 0.036       | 0.000      | 0.097      |             | 0.088  | 1.773r          |
| reg_mod.regs[2]_22__MUX4X1P4H7L_A_S0 (net)                                                                                                                                                                                                     | 18     |             |            |            | 0.000       |        |                 |
| reg_mod.regs[2]_22__MUX4X1P4H7L_A_S0_BUFX3H7L_A:A (BUFX3H7L)                                                                                                                                                                                   |        | 0.001       | 0.000      | 0.097      |             | 0.000  | 1.773r          |
| reg_mod.regs[2]_22__MUX4X1P4H7L_A_S0_BUFX3H7L_A:Y (BUFX3H7L)                                                                                                                                                                                   |        | 0.041       | 0.000      | 0.243      |             | 0.171  | 1.945r          |
| reg_mod.regs[2]_25__MUX4X1P4H7L_A_S0 (net)                                                                                                                                                                                                     | 22     |             |            |            | 0.000       |        |                 |
| reg_mod.regs[9]_22__MUX4X1P4H7L_A_Y_AOI211X0P5H7L_A1:A0 (AOI211X0P5H7L)                                                                                                                                                                        |        | 0.001       | 0.000      | 0.243      |             | 0.000  | 1.945r          |
| reg_mod.regs[9]_22__MUX4X1P4H7L_A_Y_AOI211X0P5H7L_A1:Y (AOI211X0P5H7L)                                                                                                                                                                         |        | 0.001       | 0.000      | 0.069      |             | 0.053  | 1.998f          |
| reg_mod.regs[9]_22__MUX4X1P4H7L_A_Y_AOI211X0P5H7L_A1_Y (net)                                                                                                                                                                                   | 1      |             |            |            | 0.000       |        |                 |
| reg_mod.regs[24]_22__MUX4X1P4H7L_A_Y_OAI21X0P5H7L_A1_Y_AOI21X0P5H7L_A1:B0 (AOI21X0P5H7L)                                                                                                                                                       |        | 0.001       | 0.000      | 0.069      |             | 0.000  | 1.998f          |
| reg_mod.regs[24]_22__MUX4X1P4H7L_A_Y_OAI21X0P5H7L_A1_Y_AOI21X0P5H7L_A1:Y (AOI21X0P5H7L)                                                                                                                                                        |        | 0.001       | 0.000      | 0.048      |             | 0.044  | 2.042r          |
| reg_mod.regs[2]_22__MUX4X1P4H7L_A_Y_MUX4X1P4H7L_B_Y_MUX2X0P5H7L_A_B (net)                                                                                                                                                                      | 1      |             |            |            | 0.000       |        |                 |
| reg_mod.regs[2]_22__MUX4X1P4H7L_A_Y_MUX4X1P4H7L_B_Y_MUX2X0P5H7L_A:B (MUX2X0P5H7L)                                                                                                                                                              |        | 0.001       | 0.000      | 0.048      |             | 0.000  | 2.042r          |
| reg_mod.regs[2]_22__MUX4X1P4H7L_A_Y_MUX4X1P4H7L_B_Y_MUX2X0P5H7L_A:Y (MUX2X0P5H7L)                                                                                                                                                              |        | 0.007       | 0.000      | 0.116      |             | 0.100  | 2.142r          |
| reg_mod.regs[2]_22__MUX4X1P4H7L_A_Y_MUX4X1P4H7L_B_Y_MUX2X0P5H7L_A_Y (net)                                                                                                                                                                      | 7      |             |            |            | 0.000       |        |                 |
| reg_mod.regs[1]_22__MUX2X0P5H7L_A_Y_AOI221X0P5H7L_A1_1_Y_AOI211X0P5H7L_B0_Y_AOI21X0P5H7L_B0_Y_MUX2X0P5H7L_S0_A_OR2X0P5H7L_Y:A (OR2X0P5H7L)                                                                                                     |        | 0.001       | 0.000      | 0.116      |             | 0.000  | 2.142r          |
| reg_mod.regs[1]_22__MUX2X0P5H7L_A_Y_AOI221X0P5H7L_A1_1_Y_AOI211X0P5H7L_B0_Y_AOI21X0P5H7L_B0_Y_MUX2X0P5H7L_S0_A_OR2X0P5H7L_Y:Y (OR2X0P5H7L)                                                                                                     |        | 0.001       | 0.000      | 0.023      |             | 0.044  | 2.186r          |
| reg_mod.regs[1]_22__MUX2X0P5H7L_A_Y_AOI221X0P5H7L_A1_1_Y_AOI211X0P5H7L_B0_Y_AOI21X0P5H7L_B0_Y_MUX2X0P5H7L_S0_A (net)                                                                                                                           | 1      |             |            |            | 0.000       |        |                 |
| reg_mod.regs[1]_22__MUX2X0P5H7L_A_Y_AOI221X0P5H7L_A1_1_Y_AOI211X0P5H7L_B0_Y_AOI21X0P5H7L_B0_Y_MUX2X0P5H7L_S0:A (MUX2X0P5H7L)                                                                                                                   |        | 0.001       | 0.000      | 0.023      |             | 0.000  | 2.186r          |
| reg_mod.regs[1]_22__MUX2X0P5H7L_A_Y_AOI221X0P5H7L_A1_1_Y_AOI211X0P5H7L_B0_Y_AOI21X0P5H7L_B0_Y_MUX2X0P5H7L_S0:Y (MUX2X0P5H7L)                                                                                                                   |        | 0.001       | 0.000      | 0.030      |             | 0.046  | 2.232r          |
| reg_mod.regs[1]_22__MUX2X0P5H7L_A_Y_AOI221X0P5H7L_A1_1_Y_AOI211X0P5H7L_B0_Y_AOI21X0P5H7L_B0_Y_MUX2X0P5H7L_S0_Y (net)                                                                                                                           | 1      |             |            |            | 0.000       |        |                 |
| reg_mod.regs[1]_22__MUX2X0P5H7L_A_Y_AOI221X0P5H7L_A1_1_Y_AOI211X0P5H7L_B0_Y_AOI21X0P5H7L_B0_Y_MUX2X0P5H7L_S0_Y_OAI211X1P4H7L_B0:B0 (OAI211X1P4H7L)                                                                                             |        | 0.001       | 0.000      | 0.030      |             | 0.000  | 2.232r          |
| reg_mod.regs[1]_22__MUX2X0P5H7L_A_Y_AOI221X0P5H7L_A1_1_Y_AOI211X0P5H7L_B0_Y_AOI21X0P5H7L_B0_Y_MUX2X0P5H7L_S0_Y_OAI211X1P4H7L_B0:Y (OAI211X1P4H7L)                                                                                              |        | 0.005       | 0.000      | 0.094      |             | 0.054  | 2.286f          |
| io_master_awvalid_AOA211X1P4H7L_C0_A1_MUXI2X0P5H7L_Y_A_OAI21X0P5H7L_B0_Y_OAOI211X0P5H7L_A1_C0 (net)                                                                                                                                            | 3      |             |            |            | 0.000       |        |                 |
| reg_mod.regs[22]_17__AOI31X0P5H7L_A0_Y_NOR3X1H7L_B_Y_OR3X1H7L_C_Y_AOI33X0P5H7L_A1_Y_NAND2X0P5H7L_B_Y_NOR4X6H7L_C:A (NOR4X6H7L)                                                                                                                 |        | 0.003       | 0.000      | 0.094      |             | 0.000  | 2.286f          |
| reg_mod.regs[22]_17__AOI31X0P5H7L_A0_Y_NOR3X1H7L_B_Y_OR3X1H7L_C_Y_AOI33X0P5H7L_A1_Y_NAND2X0P5H7L_B_Y_NOR4X6H7L_C:Y (NOR4X6H7L)                                                                                                                 |        | 0.002       | 0.000      | 0.062      |             | 0.073  | 2.359r          |
| reg_mod.regs[22]_17__AOI31X0P5H7L_A0_Y_NOR3X1H7L_B_Y_OR3X1H7L_C_Y_AOI33X0P5H7L_A1_Y_NAND2X0P5H7L_B_Y_NOR4X6H7L_C_Y (net)                                                                                                                       | 2      |             |            |            | 0.000       |        |                 |
| reg_mod.regs[4]_15__MUX2X0P5H7L_A_Y_OAI211X0P7H7L_A1_Y_NAND3X0P5H7L_C_Y_NAND3X0P7H7L_C_Y_AOI32X0P5H7L_B1_A0_NAND3X1P4H7L_B:A (NAND3X1P4H7L)                                                                                                    |        | 0.001       | 0.000      | 0.062      |             | 0.000  | 2.359r          |
| reg_mod.regs[4]_15__MUX2X0P5H7L_A_Y_OAI211X0P7H7L_A1_Y_NAND3X0P5H7L_C_Y_NAND3X0P7H7L_C_Y_AOI32X0P5H7L_B1_A0_NAND3X1P4H7L_B:Y (NAND3X1P4H7L)                                                                                                    |        | 0.002       | 0.000      | 0.056      |             | 0.038  | 2.397f          |
| reg_mod.regs[4]_15__MUX2X0P5H7L_A_Y_OAI211X0P7H7L_A1_Y_NAND3X0P5H7L_C_Y_NAND3X0P7H7L_C_Y_AOI32X0P5H7L_B1_A0_NAND3X1P4H7L_B_Y (net)                                                                                                             | 2      |             |            |            | 0.000       |        |                 |
| reg_mod.regs[4]_15__MUX2X0P5H7L_A_Y_OAI211X0P7H7L_A1_Y_NAND3X0P5H7L_C_Y_NAND3X0P7H7L_C_Y_AOI32X0P5H7L_B1_Y_OAI221X1P4H7L_A1:B1 (OAI221X1P4H7L)                                                                                                 |        | 0.001       | 0.000      | 0.056      |             | 0.000  | 2.397f          |
| reg_mod.regs[4]_15__MUX2X0P5H7L_A_Y_OAI211X0P7H7L_A1_Y_NAND3X0P5H7L_C_Y_NAND3X0P7H7L_C_Y_AOI32X0P5H7L_B1_Y_OAI221X1P4H7L_A1:Y (OAI221X1P4H7L)                                                                                                  |        | 0.002       | 0.000      | 0.082      |             | 0.061  | 2.458r          |
| reg_mod.regs[4]_29__MUX2X0P5H7L_A_Y_OAI211X0P7H7L_A1_Y_OAOI211X0P5H7L_B0_Y_OAI211X0P7H7L_A0_Y_OAI221X1P4H7L_C0_Y_NOR3BX3H7L_C_AN (net)                                                                                                         | 2      |             |            |            | 0.000       |        |                 |
| reg_mod.regs[4]_29__MUX2X0P5H7L_A_Y_OAI211X0P7H7L_A1_Y_OAOI211X0P5H7L_B0_Y_OAI211X0P7H7L_A0_Y_OAI221X1P4H7L_C0_Y_NOR3BX3H7L_C_AN_NOR2BX1P4H7L_AN:AN (NOR2BX1P4H7L)                                                                             |        | 0.001       | 0.000      | 0.082      |             | 0.000  | 2.458r          |
| reg_mod.regs[4]_29__MUX2X0P5H7L_A_Y_OAI211X0P7H7L_A1_Y_OAOI211X0P5H7L_B0_Y_OAI211X0P7H7L_A0_Y_OAI221X1P4H7L_C0_Y_NOR3BX3H7L_C_AN_NOR2BX1P4H7L_AN:Z (NOR2BX1P4H7L)                                                                              |        | 0.003       | 0.000      | 0.075      |             | 0.075  | 2.533r          |
| reg_mod.regs[4]_29__MUX2X0P5H7L_A_Y_OAI211X0P7H7L_A1_Y_OAOI211X0P5H7L_B0_Y_OAI211X0P7H7L_A0_Y_OAI221X1P4H7L_C0_Y_NOR3BX3H7L_C_AN_NOR2BX1P4H7L_AN_Z (net)                                                                                       | 2      |             |            |            | 0.000       |        |                 |
| reg_mod.regs[4]_29__MUX2X0P5H7L_A_Y_OAI211X0P7H7L_A1_Y_OAOI211X0P5H7L_B0_Y_OAI211X0P7H7L_A0_Y_OAI221X1P4H7L_C0_Y_NOR3BX3H7L_C_AN_NOR2BX1P4H7L_AN_Z_NOR2BX1P4H7L_B:B (NOR2BX1P4H7L)                                                             |        | 0.001       | 0.000      | 0.075      |             | 0.000  | 2.533r          |
| reg_mod.regs[4]_29__MUX2X0P5H7L_A_Y_OAI211X0P7H7L_A1_Y_OAOI211X0P5H7L_B0_Y_OAI211X0P7H7L_A0_Y_OAI221X1P4H7L_C0_Y_NOR3BX3H7L_C_AN_NOR2BX1P4H7L_AN_Z_NOR2BX1P4H7L_B:Z (NOR2BX1P4H7L)                                                             |        | 0.002       | 0.000      | 0.030      |             | 0.024  | 2.557f          |
| reg_mod.regs[4]_29__MUX2X0P5H7L_A_Y_OAI211X0P7H7L_A1_Y_OAOI211X0P5H7L_B0_Y_OAI211X0P7H7L_A0_Y_OAI221X1P4H7L_C0_Y_NOR3BX3H7L_C_AN_NOR2BX1P4H7L_AN_Z_NOR2BX1P4H7L_B_Z (net)                                                                      | 2      |             |            |            | 0.000       |        |                 |
| reg_mod.regs[4]_29__MUX2X0P5H7L_A_Y_OAI211X0P7H7L_A1_Y_OAOI211X0P5H7L_B0_Y_OAI211X0P7H7L_A0_Y_OAI221X1P4H7L_C0_Y_NOR3BX3H7L_C_Y_NOR2BX1H7L_B_Z_OAI2BB1X0P5H7L_A1N_B0_OAI21X0P5H7L_Y:A1 (OAI21X0P5H7L)                                          |        | 0.001       | 0.000      | 0.030      |             | 0.000  | 2.557f          |
| reg_mod.regs[4]_29__MUX2X0P5H7L_A_Y_OAI211X0P7H7L_A1_Y_OAOI211X0P5H7L_B0_Y_OAI211X0P7H7L_A0_Y_OAI221X1P4H7L_C0_Y_NOR3BX3H7L_C_Y_NOR2BX1H7L_B_Z_OAI2BB1X0P5H7L_A1N_B0_OAI21X0P5H7L_Y:Y (OAI21X0P5H7L)                                           |        | 0.001       | 0.000      | 0.062      |             | 0.042  | 2.599r          |
| reg_mod.regs[4]_29__MUX2X0P5H7L_A_Y_OAI211X0P7H7L_A1_Y_OAOI211X0P5H7L_B0_Y_OAI211X0P7H7L_A0_Y_OAI221X1P4H7L_C0_Y_NOR3BX3H7L_C_Y_NOR2BX1H7L_B_Z_OAI2BB1X0P5H7L_A1N_B0 (net)                                                                     | 1      |             |            |            | 0.000       |        |                 |
| reg_mod.regs[4]_29__MUX2X0P5H7L_A_Y_OAI211X0P7H7L_A1_Y_OAOI211X0P5H7L_B0_Y_OAI211X0P7H7L_A0_Y_OAI221X1P4H7L_C0_Y_NOR3BX3H7L_C_Y_NOR2BX1H7L_B_Z_OAI2BB1X0P5H7L_A1N:B0 (OAI2BB1X0P5H7L)                                                          |        | 0.001       | 0.000      | 0.062      |             | 0.000  | 2.599r          |
| reg_mod.regs[4]_29__MUX2X0P5H7L_A_Y_OAI211X0P7H7L_A1_Y_OAOI211X0P5H7L_B0_Y_OAI211X0P7H7L_A0_Y_OAI221X1P4H7L_C0_Y_NOR3BX3H7L_C_Y_NOR2BX1H7L_B_Z_OAI2BB1X0P5H7L_A1N:Y (OAI2BB1X0P5H7L)                                                           |        | 0.003       | 0.000      | 0.069      |             | 0.054  | 2.653f          |
| csr_mod.regs[3]_0__reg_p_D_OAI21X0P5H7L_Y_A1_INVX0P5H7L_Y_A_AOAI211X0P5H7L_Y_A0_NAND2X0P5H7L_A_Y_AOI21X0P5H7L_B0_Y_AO211X1P4H7L_B0_A0 (net)                                                                                                    | 4      |             |            |            | 0.000       |        |                 |
| pc_mod.pc_30__reg_p_D_AOA211X1P4H7L_Y_A0_OAI211X0P7H7L_Y_A1_AOI31X0P5H7L_Y_B0_AOAI211X0P5H7L_Y_B0_OAI211X0P7H7L_Y_B0_AOI21X0P5H7L_A1_B0_OAI21X0P5H7L_Y_B0_OAOI211X0P5H7L_C0_A0_OR2X1P4H7L_Y:B (OR2X1P4H7L)                                     |        | 0.001       | 0.000      | 0.069      |             | 0.000  | 2.653f          |
| pc_mod.pc_30__reg_p_D_AOA211X1P4H7L_Y_A0_OAI211X0P7H7L_Y_A1_AOI31X0P5H7L_Y_B0_AOAI211X0P5H7L_Y_B0_OAI211X0P7H7L_Y_B0_AOI21X0P5H7L_A1_B0_OAI21X0P5H7L_Y_B0_OAOI211X0P5H7L_C0_A0_OR2X1P4H7L_Y:Y (OR2X1P4H7L)                                     |        | 0.002       | 0.000      | 0.025      |             | 0.065  | 2.719f          |
| pc_mod.pc_30__reg_p_D_AOA211X1P4H7L_Y_A0_OAI211X0P7H7L_Y_A1_AOI31X0P5H7L_Y_B0_AOAI211X0P5H7L_Y_B0_OAI211X0P7H7L_Y_B0_AOI21X0P5H7L_A1_B0_OAI21X0P5H7L_Y_B0_OAOI211X0P5H7L_C0_A0 (net)                                                           | 2      |             |            |            | 0.000       |        |                 |
| pc_mod.pc_30__reg_p_D_AOA211X1P4H7L_Y_A0_OAI211X0P7H7L_Y_A1_AOI31X0P5H7L_Y_B0_AOAI211X0P5H7L_Y_B0_OAI211X0P7H7L_Y_B0_AOI21X0P5H7L_A1_B0_OAI21X0P5H7L_Y_B0_OAOI211X0P5H7L_C0_A0_NOR2X0P5H7L_B:B (NOR2X0P5H7L)                                   |        | 0.001       | 0.000      | 0.025      |             | 0.000  | 2.719f          |
| pc_mod.pc_30__reg_p_D_AOA211X1P4H7L_Y_A0_OAI211X0P7H7L_Y_A1_AOI31X0P5H7L_Y_B0_AOAI211X0P5H7L_Y_B0_OAI211X0P7H7L_Y_B0_AOI21X0P5H7L_A1_B0_OAI21X0P5H7L_Y_B0_OAOI211X0P5H7L_C0_A0_NOR2X0P5H7L_B:Y (NOR2X0P5H7L)                                   |        | 0.001       | 0.000      | 0.058      |             | 0.034  | 2.753r          |
| pc_mod.pc_30__reg_p_D_AOA211X1P4H7L_Y_A0_OAI211X0P7H7L_Y_A1_AOI31X0P5H7L_Y_B0_AOAI211X0P5H7L_Y_B0_OAI211X0P7H7L_Y_B0_AOI21X0P5H7L_A1_B0_OAI21X0P5H7L_Y_B0_OAOI211X0P5H7L_C0_A0_NOR2X0P5H7L_B_Y (net)                                           | 1      |             |            |            | 0.000       |        |                 |
| pc_mod.pc_30__reg_p_D_AOA211X1P4H7L_Y_A0_OAI211X0P7H7L_Y_A1_AOI31X0P5H7L_Y_B0_AOAI211X0P5H7L_Y_B0_OAI211X0P7H7L_Y_B0_AOI21X0P5H7L_A1_B0_OAI21X0P5H7L_Y_B0_OAOI211X0P5H7L_C0_A0_NOR2X0P5H7L_B_Y_AOAI211X0P5H7L_B0:B0 (AOAI211X0P5H7L)           |        | 0.001       | 0.000      | 0.058      |             | 0.000  | 2.753r          |
| pc_mod.pc_30__reg_p_D_AOA211X1P4H7L_Y_A0_OAI211X0P7H7L_Y_A1_AOI31X0P5H7L_Y_B0_AOAI211X0P5H7L_Y_B0_OAI211X0P7H7L_Y_B0_AOI21X0P5H7L_A1_B0_OAI21X0P5H7L_Y_B0_OAOI211X0P5H7L_C0_A0_NOR2X0P5H7L_B_Y_AOAI211X0P5H7L_B0:Y (AOAI211X0P5H7L)            |        | 0.001       | 0.000      | 0.055      |             | 0.035  | 2.788f          |
| pc_mod.pc_30__reg_p_D_AOA211X1P4H7L_Y_A0_OAI211X0P7H7L_Y_A1_AOI31X0P5H7L_Y_B0_AOAI211X0P5H7L_Y_B0_OAI211X0P7H7L_Y_B0_AOI21X0P5H7L_A1_B0_OAI21X0P5H7L_Y_B0_OAOI211X0P5H7L_C0_A0_NOR2X0P5H7L_B_Y_AOAI211X0P5H7L_B0_Y (net)                       | 1      |             |            |            | 0.000       |        |                 |
| pc_mod.pc_30__reg_p_D_AOA211X1P4H7L_Y_A0_OAI211X0P7H7L_Y_A1_AOI31X0P5H7L_Y_B0_AOAI211X0P5H7L_Y_B0_OAI211X0P7H7L_Y_B0_AOI21X0P5H7L_A1_B0_OAI21X0P5H7L_Y_B0_OAOI211X0P5H7L_C0_A0_NOR2X0P5H7L_B_Y_AOAI211X0P5H7L_B0_Y_BUFX1P4H7L_A:A (BUFX1P4H7L) |        | 0.001       | 0.000      | 0.055      |             | 0.000  | 2.788f          |
| pc_mod.pc_30__reg_p_D_AOA211X1P4H7L_Y_A0_OAI211X0P7H7L_Y_A1_AOI31X0P5H7L_Y_B0_AOAI211X0P5H7L_Y_B0_OAI211X0P7H7L_Y_B0_AOI21X0P5H7L_A1_B0_OAI21X0P5H7L_Y_B0_OAOI211X0P5H7L_C0_A0_NOR2X0P5H7L_B_Y_AOAI211X0P5H7L_B0_Y_BUFX1P4H7L_A:Y (BUFX1P4H7L) |        | 0.012       | 0.000      | 0.081      |             | 0.085  | 2.873f          |
| csr_mod.working_reg_2__AOAI211X0P5H7L_Y_C0 (net)                                                                                                                                                                                               | 15     |             |            |            | 0.000       |        |                 |
| csr_mod.working_reg_2__AOAI211X0P5H7L_Y:C0 (AOAI211X0P5H7L)                                                                                                                                                                                    |        | 0.001       | 0.000      | 0.081      |             | 0.000  | 2.873f          |
| csr_mod.working_reg_2__AOAI211X0P5H7L_Y:Y (AOAI211X0P5H7L)                                                                                                                                                                                     |        | 0.002       | 0.000      | 0.088      |             | 0.046  | 2.919r          |
| csr_mod.working_reg_2_ (net)                                                                                                                                                                                                                   | 1      |             |            |            | 0.000       |        |                 |
| csr_mod.working_reg_2__BUFX7H7L_A:A (BUFX7H7L)                                                                                                                                                                                                 |        | 0.002       | 0.000      | 0.088      |             | 0.000  | 2.919r          |
| csr_mod.working_reg_2__BUFX7H7L_A:Y (BUFX7H7L)                                                                                                                                                                                                 |        | 0.033       | 0.000      | 0.091      |             | 0.083  | 3.001r          |
| csr_mod.regs[2]_0__NOR2BX1H7L_AN_B (net)                                                                                                                                                                                                       | 16     |             |            |            | 0.000       |        |                 |
| csr_mod.regs[3]_8__MUX4X1P4H7L_A_S0_BUFX7H7L_Y:A (BUFX7H7L)                                                                                                                                                                                    |        | 0.002       | 0.000      | 0.091      |             | 0.000  | 3.001r          |
| csr_mod.regs[3]_8__MUX4X1P4H7L_A_S0_BUFX7H7L_Y:Y (BUFX7H7L)                                                                                                                                                                                    |        | 0.039       | 0.000      | 0.105      |             | 0.091  | 3.092r          |
| csr_mod.regs[3]_8__MUX4X1P4H7L_A_S0 (net)                                                                                                                                                                                                      | 14     |             |            |            | 0.000       |        |                 |
| csr_mod.regs[3]_8__MUX4X1P4H7L_A_S0_BUFX7H7L_A:A (BUFX7H7L)                                                                                                                                                                                    |        | 0.002       | 0.000      | 0.105      |             | 0.000  | 3.092r          |
| csr_mod.regs[3]_8__MUX4X1P4H7L_A_S0_BUFX7H7L_A:Y (BUFX7H7L)                                                                                                                                                                                    |        | 0.040       | 0.000      | 0.107      |             | 0.093  | 3.185r          |
| csr_mod.regs[2]_3__MUX4X1P4H7L_A_S0 (net)                                                                                                                                                                                                      | 16     |             |            |            | 0.000       |        |                 |
| csr_mod.regs[0]_0__MUX4X1P4H7L_A_Y_AOI21X1P4H7L_A0_A1_NAND2X0P5H7L_Y_A_AOI21X0P5H7L_A0_B0_NAND3X0P5H7L_Y:A (NAND3X0P5H7L)                                                                                                                      |        | 0.001       | 0.000      | 0.107      |             | 0.000  | 3.185r          |
| csr_mod.regs[0]_0__MUX4X1P4H7L_A_Y_AOI21X1P4H7L_A0_A1_NAND2X0P5H7L_Y_A_AOI21X0P5H7L_A0_B0_NAND3X0P5H7L_Y:Y (NAND3X0P5H7L)                                                                                                                      |        | 0.002       | 0.000      | 0.080      |             | 0.055  | 3.240f          |
| csr_mod.regs[0]_0__MUX4X1P4H7L_A_Y_AOI21X1P4H7L_A0_A1_NAND2X0P5H7L_Y_A_AOI21X0P5H7L_A0_B0 (net)                                                                                                                                                | 2      |             |            |            | 0.000       |        |                 |
| csr_mod.regs[0]_0__MUX4X1P4H7L_A_Y_AOI21X1P4H7L_A0_A1_NAND2X0P5H7L_Y_A_AOI21X0P5H7L_A0_B0_OR2X1P4H7L_B:B (OR2X1P4H7L)                                                                                                                          |        | 0.001       | 0.000      | 0.080      |             | 0.000  | 3.240f          |
| csr_mod.regs[0]_0__MUX4X1P4H7L_A_Y_AOI21X1P4H7L_A0_A1_NAND2X0P5H7L_Y_A_AOI21X0P5H7L_A0_B0_OR2X1P4H7L_B:Y (OR2X1P4H7L)                                                                                                                          |        | 0.002       | 0.000      | 0.028      |             | 0.069  | 3.309f          |
| csr_mod.regs[0]_0__MUX4X1P4H7L_A_Y_AOI21X1P4H7L_A0_A1_NAND2X0P5H7L_Y_A_AOI21X0P5H7L_A0_B0_OR2X1P4H7L_B_Y (net)                                                                                                                                 | 2      |             |            |            | 0.000       |        |                 |
| csr_mod.regs[0]_0__MUX4X1P4H7L_A_Y_AOI21X1P4H7L_A0_A1_NAND2X0P5H7L_Y_A_AOI21X0P5H7L_A0_B0_OR2X1P4H7L_B_Y_INVX0P5H7L_A:A (INVX0P5H7L)                                                                                                           |        | 0.001       | 0.000      | 0.028      |             | 0.000  | 3.309f          |
| csr_mod.regs[0]_0__MUX4X1P4H7L_A_Y_AOI21X1P4H7L_A0_A1_NAND2X0P5H7L_Y_A_AOI21X0P5H7L_A0_B0_OR2X1P4H7L_B_Y_INVX0P5H7L_A:Y (INVX0P5H7L)                                                                                                           |        | 0.001       | 0.000      | 0.024      |             | 0.023  | 3.332r          |
| csr_mod.regs[0]_0__MUX4X1P4H7L_A_Y_AOI21X1P4H7L_A0_A1_NAND2X0P5H7L_Y_A_AOI21X0P5H7L_A0_B0_OR2X1P4H7L_B_Y_INVX0P5H7L_A_Y (net)                                                                                                                  | 1      |             |            |            | 0.000       |        |                 |
| csr_mod.regs[0]_0__MUX4X1P4H7L_A_Y_AOI21X1P4H7L_A0_A1_NAND2X0P5H7L_Y_A_AOI21X0P5H7L_A0_B0_OR2X1P4H7L_B_Y_INVX0P5H7L_A_Y_NAND2X1H7L_B:B (NAND2X1H7L)                                                                                            |        | 0.001       | 0.000      | 0.024      |             | 0.000  | 3.332r          |
| csr_mod.regs[0]_0__MUX4X1P4H7L_A_Y_AOI21X1P4H7L_A0_A1_NAND2X0P5H7L_Y_A_AOI21X0P5H7L_A0_B0_OR2X1P4H7L_B_Y_INVX0P5H7L_A_Y_NAND2X1H7L_B:Y (NAND2X1H7L)                                                                                            |        | 0.007       | 0.000      | 0.127      |             | 0.062  | 3.394f          |
| csr_mod.regs[7]_7__reg_p_D_NOR2X0P5H7L_Y_A (net)                                                                                                                                                                                               | 10     |             |            |            | 0.000       |        |                 |
| csr_mod.regs[7]_7__reg_p_D_NOR2X0P5H7L_Y_A_BUFX1P4H7L_A:A (BUFX1P4H7L)                                                                                                                                                                         |        | 0.001       | 0.000      | 0.127      |             | 0.000  | 3.394f          |
| csr_mod.regs[7]_7__reg_p_D_NOR2X0P5H7L_Y_A_BUFX1P4H7L_A:Y (BUFX1P4H7L)                                                                                                                                                                         |        | 0.017       | 0.000      | 0.108      |             | 0.115  | 3.509f          |
| csr_mod.regs[7]_9__reg_p_D_NOR2X0P5H7L_Y_A (net)                                                                                                                                                                                               | 24     |             |            |            | 0.000       |        |                 |
| csr_mod.regs[7]_9__reg_p_D_NOR2X0P5H7L_Y_A_NAND2X0P5H7L_B:B (NAND2X0P5H7L)                                                                                                                                                                     |        | 0.001       | 0.000      | 0.108      |             | 0.000  | 3.509f          |
| csr_mod.regs[7]_9__reg_p_D_NOR2X0P5H7L_Y_A_NAND2X0P5H7L_B:Y (NAND2X0P5H7L)                                                                                                                                                                     |        | 0.001       | 0.000      | 0.047      |             | 0.043  | 3.551r          |
| csr_mod.regs[7]_0__reg_p_CK_ICGX0P5H7L_ECK_E (net)                                                                                                                                                                                             | 1      |             |            |            | 0.000       |        |                 |
| csr_mod.regs[7]_0__reg_p_CK_ICGX0P5H7L_ECK:E (ICGX0P5H7L)                                                                                                                                                                                      |        | 0.001       | 0.000      | 0.047      |             | 0.000  | 3.551r          |
|                                                                                                                                                                                                                                                |        |             |            |            |             |        |                 |
| clock (port)                                                                                                                                                                                                                                   |        | 0.110       | 0.000      | 0.000      |             | 0.000  | 0.000r          |
| clock (clock net)                                                                                                                                                                                                                              | 105    |             |            |            | NA          |        |                 |
| csr_mod.regs[7]_0__reg_p_CK_ICGX0P5H7L_ECK:CK (ICGX0P5H7L)                                                                                                                                                                                     |        | 0.002       | 0.000      | 0.000      |             | 0.000  | 0.000r          |
| clock core_clock (rise edge)                                                                                                                                                                                                                   |        |             |            |            |             | 1.769  | 1.769           |
| clock network delay (ideal)                                                                                                                                                                                                                    |        |             |            |            |             | 0.000  | 1.769           |
| csr_mod.regs[7]_0__reg_p_CK_ICGX0P5H7L_ECK:CK (ICGX0P5H7L)                                                                                                                                                                                     |        |             |            |            |             |        | 1.769r          |
| library setup time                                                                                                                                                                                                                             |        |             |            |            |             | -0.054 | 1.715           |
| clock reconvergence pessimism                                                                                                                                                                                                                  |        |             |            |            |             | 0.000  | 1.715           |
|                                                                                                                                                                                                                                                |        |             |            |            |             |        |                 |
| path cell delay                                                                                                                                                                                                                                |        |             |            |            |             |        | 3.551(100.000%) |
| path net delay                                                                                                                                                                                                                                 |        |             |            |            |             |        | 0.000(0.000%)   |
|                                                                                                                                                                                                                                                |        |             |            |            |             |        |                 |
| data require time                                                                                                                                                                                                                              |        |             |            |            |             |        | 1.715           |
| data arrival time                                                                                                                                                                                                                              |        |             |            |            |             |        | 3.551           |
| slack (VIOLATED)                                                                                                                                                                                                                               |        |             |            |            |             |        | -1.836          |
+------------------------------------------------------------------------------------------------------------------------------------------------------------------------------------------------------------------------------------------------+--------+-------------+------------+------------+-------------+--------+-----------------+
+------------------------------------------------------------------------------------------------------------------------------------------------------------------------------------------------------------------------------------------------+--------+-------------+------------+------------+-------------+--------+-----------------+
| Point                                                                                                                                                                                                                                          | Fanout | Capacitance | Resistance | Transition | Delta Delay | Incr   | Path            |
+------------------------------------------------------------------------------------------------------------------------------------------------------------------------------------------------------------------------------------------------+--------+-------------+------------+------------+-------------+--------+-----------------+
| clock (port)                                                                                                                                                                                                                                   |        | 0.150       | 0.000      | 0.000      |             | 0.000  | 0.000r          |
| clock (clock net)                                                                                                                                                                                                                              | 105    |             |            |            | NA          |        |                 |
| pc_mod.pc_2__reg_p:CK (DFFQX1H7L)                                                                                                                                                                                                              |        | 0.001       | 0.000      | 0.000      |             | 0.000  | 0.000r          |
| clock core_clock (rise edge)                                                                                                                                                                                                                   |        |             |            |            |             | 0      | 0               |
| clock network delay (ideal)                                                                                                                                                                                                                    |        |             |            |            |             | 0.000  | 0.000           |
| pc_mod.pc_2__reg_p:CK (DFFQX1H7L)                                                                                                                                                                                                              |        | 0.001       | 0.000      | 0.000      |             | 0.000  | 0.000r          |
| pc_mod.pc_2__reg_p:Q (DFFQX1H7L)                                                                                                                                                                                                               |        | 0.002       | 0.000      | 0.029      |             | 0.067  | 0.067f          |
| pc_mod.pc_2_ (net)                                                                                                                                                                                                                             | 1      |             |            |            | 0.000       |        |                 |
| pc_mod.pc_2__BUFX7H7L_A:A (BUFX7H7L)                                                                                                                                                                                                           |        | 0.002       | 0.000      | 0.029      |             | 0.000  | 0.067f          |
| pc_mod.pc_2__BUFX7H7L_A:Y (BUFX7H7L)                                                                                                                                                                                                           |        | 0.012       | 0.000      | 0.027      |             | 0.046  | 0.113f          |
| pc_mod.pc_2__BUFX7H7L_A_Y (net)                                                                                                                                                                                                                | 4      |             |            |            | 0.000       |        |                 |
| pc_mod.pc_2__BUFX7H7L_A_Y_BUFX16H7L_A_1:A (BUFX16H7L)                                                                                                                                                                                          |        | 0.003       | 0.000      | 0.027      |             | 0.000  | 0.113f          |
| pc_mod.pc_2__BUFX7H7L_A_Y_BUFX16H7L_A_1:Y (BUFX16H7L)                                                                                                                                                                                          |        | 0.042       | 0.000      | 0.035      |             | 0.051  | 0.164f          |
| pc_mod.pc_2__BUFX7H7L_A_Y_BUFX16H7L_A_1_Y (net)                                                                                                                                                                                                | 22     |             |            |            | 0.000       |        |                 |
| icache_mod.block_cache[8]_20__MUX4X1P4H7L_A_S0_BUFX16H7L_Y:A (BUFX16H7L)                                                                                                                                                                       |        | 0.003       | 0.000      | 0.035      |             | 0.000  | 0.164f          |
| icache_mod.block_cache[8]_20__MUX4X1P4H7L_A_S0_BUFX16H7L_Y:Y (BUFX16H7L)                                                                                                                                                                       |        | 0.037       | 0.000      | 0.033      |             | 0.052  | 0.216f          |
| icache_mod.block_cache[8]_20__MUX4X1P4H7L_A_S0 (net)                                                                                                                                                                                           | 15     |             |            |            | 0.000       |        |                 |
| icache_mod.block_cache[8]_25__MUX4X1H7L_A_S0_BUFX12H7L_Y:A (BUFX12H7L)                                                                                                                                                                         |        | 0.003       | 0.000      | 0.033      |             | 0.000  | 0.216f          |
| icache_mod.block_cache[8]_25__MUX4X1H7L_A_S0_BUFX12H7L_Y:Y (BUFX12H7L)                                                                                                                                                                         |        | 0.039       | 0.000      | 0.041      |             | 0.056  | 0.273f          |
| icache_mod.block_cache[8]_25__MUX4X1H7L_A_S0 (net)                                                                                                                                                                                             | 14     |             |            |            | 0.000       |        |                 |
| icache_mod.block_cache[8]_25__MUX4X1H7L_A_S0_BUFX16H7L_A:A (BUFX16H7L)                                                                                                                                                                         |        | 0.003       | 0.000      | 0.041      |             | 0.000  | 0.273f          |
| icache_mod.block_cache[8]_25__MUX4X1H7L_A_S0_BUFX16H7L_A:Y (BUFX16H7L)                                                                                                                                                                         |        | 0.042       | 0.000      | 0.036      |             | 0.056  | 0.329f          |
| icache_mod.block_cache[4]_30__MUX4X1P4H7L_A_S0 (net)                                                                                                                                                                                           | 16     |             |            |            | 0.000       |        |                 |
| icache_mod.block_cache[8]_28__MUX4X1P4H7L_A:S0 (MUX4X1P4H7L)                                                                                                                                                                                   |        | 0.003       | 0.000      | 0.036      |             | 0.000  | 0.329f          |
| icache_mod.block_cache[8]_28__MUX4X1P4H7L_A:Y (MUX4X1P4H7L)                                                                                                                                                                                    |        | 0.001       | 0.000      | 0.036      |             | 0.089  | 0.418f          |
| icache_mod.block_cache[8]_28__MUX4X1P4H7L_A_Y (net)                                                                                                                                                                                            | 1      |             |            |            | 0.000       |        |                 |
| icache_mod.block_cache[8]_28__MUX4X1P4H7L_A_Y_AOI22X0P5H7L_A1:A1 (AOI22X0P5H7L)                                                                                                                                                                |        | 0.001       | 0.000      | 0.036      |             | 0.000  | 0.418f          |
| icache_mod.block_cache[8]_28__MUX4X1P4H7L_A_Y_AOI22X0P5H7L_A1:Y (AOI22X0P5H7L)                                                                                                                                                                 |        | 0.001       | 0.000      | 0.060      |             | 0.052  | 0.470r          |
| icache_mod.block_cache[8]_28__MUX4X1P4H7L_A_Y_AOI22X0P5H7L_A1_Y (net)                                                                                                                                                                          | 1      |             |            |            | 0.000       |        |                 |
| icache_mod.block_cache[8]_28__MUX4X1P4H7L_A_Y_AOI22X0P5H7L_A1_Y_NAND2X0P5H7L_A:A (NAND2X0P5H7L)                                                                                                                                                |        | 0.001       | 0.000      | 0.060      |             | 0.000  | 0.470r          |
| icache_mod.block_cache[8]_28__MUX4X1P4H7L_A_Y_AOI22X0P5H7L_A1_Y_NAND2X0P5H7L_A:Y (NAND2X0P5H7L)                                                                                                                                                |        | 0.004       | 0.000      | 0.079      |             | 0.061  | 0.531f          |
| icache_mod.block_cache[8]_28__MUX4X1P4H7L_A_Y_AOI22X0P5H7L_A1_Y_NAND2X0P5H7L_A_Y (net)                                                                                                                                                         | 5      |             |            |            | 0.000       |        |                 |
| icache_mod.block_cache[4]_30__MUX4X1P4H7L_A_Y_NAND2X0P5H7L_B_Y_AOI32X0P5H7L_A0_Y_NOR3X0P5H7L_C:B (NOR3X0P5H7L)                                                                                                                                 |        | 0.001       | 0.000      | 0.079      |             | 0.000  | 0.531f          |
| icache_mod.block_cache[4]_30__MUX4X1P4H7L_A_Y_NAND2X0P5H7L_B_Y_AOI32X0P5H7L_A0_Y_NOR3X0P5H7L_C:Y (NOR3X0P5H7L)                                                                                                                                 |        | 0.002       | 0.000      | 0.112      |             | 0.090  | 0.621r          |
| icache_mod.block_cache[4]_30__MUX4X1P4H7L_A_Y_NAND2X0P5H7L_B_Y_AOI32X0P5H7L_A0_Y_NOR3X0P5H7L_C_Y (net)                                                                                                                                         | 2      |             |            |            | 0.000       |        |                 |
| icache_mod.block_cache[4]_30__MUX4X1P4H7L_A_Y_NAND2X0P5H7L_B_Y_AOI32X0P5H7L_A0_Y_NOR3X0P5H7L_C_Y_NAND2X0P5H7L_B:B (NAND2X0P5H7L)                                                                                                               |        | 0.001       | 0.000      | 0.112      |             | 0.000  | 0.621r          |
| icache_mod.block_cache[4]_30__MUX4X1P4H7L_A_Y_NAND2X0P5H7L_B_Y_AOI32X0P5H7L_A0_Y_NOR3X0P5H7L_C_Y_NAND2X0P5H7L_B:Y (NAND2X0P5H7L)                                                                                                               |        | 0.003       | 0.000      | 0.070      |             | 0.055  | 0.676f          |
| icache_mod.block_cache[4]_30__MUX4X1P4H7L_A_Y_NAND2X0P5H7L_B_Y_AOI32X0P5H7L_A0_Y_NOR3X0P5H7L_C_Y_NAND2X0P5H7L_B_Y (net)                                                                                                                        | 3      |             |            |            | 0.000       |        |                 |
| reg_mod.regs[5]_15__MUX2X0P5H7L_A_Y_AOI221X0P5H7L_A1_Y_OA31X1H7L_A0_Y_OAI21X1P4H7L_B0_Y_AOI32X1P4H7L_A0_B0_AOAI211X0P5H7L_Y_A1_NOR2X1P4H7L_Y:A (NOR2X1P4H7L)                                                                                   |        | 0.001       | 0.000      | 0.070      |             | 0.000  | 0.676f          |
| reg_mod.regs[5]_15__MUX2X0P5H7L_A_Y_AOI221X0P5H7L_A1_Y_OA31X1H7L_A0_Y_OAI21X1P4H7L_B0_Y_AOI32X1P4H7L_A0_B0_AOAI211X0P5H7L_Y_A1_NOR2X1P4H7L_Y:Y (NOR2X1P4H7L)                                                                                   |        | 0.003       | 0.000      | 0.075      |             | 0.064  | 0.740r          |
| reg_mod.regs[5]_15__MUX2X0P5H7L_A_Y_AOI221X0P5H7L_A1_Y_OA31X1H7L_A0_Y_OAI21X1P4H7L_B0_Y_AOI32X1P4H7L_A0_B0_AOAI211X0P5H7L_Y_A1 (net)                                                                                                           | 2      |             |            |            | 0.000       |        |                 |
| reg_mod.regs[5]_15__MUX2X0P5H7L_A_Y_AOI221X0P5H7L_A1_Y_OA31X1H7L_A0_Y_OAI21X1P4H7L_B0_Y_AOI32X1P4H7L_A0_B0_AOAI211X0P5H7L_Y_A1_OAI21X4H7L_B0:B0 (OAI21X4H7L)                                                                                   |        | 0.002       | 0.000      | 0.075      |             | 0.000  | 0.740r          |
| reg_mod.regs[5]_15__MUX2X0P5H7L_A_Y_AOI221X0P5H7L_A1_Y_OA31X1H7L_A0_Y_OAI21X1P4H7L_B0_Y_AOI32X1P4H7L_A0_B0_AOAI211X0P5H7L_Y_A1_OAI21X4H7L_B0:Y (OAI21X4H7L)                                                                                    |        | 0.008       | 0.000      | 0.058      |             | 0.037  | 0.777f          |
| reg_mod.regs[19]_31__AOI221X0P5H7L_A0_C0_NAND3X1H7L_Y_C_AOA211X1P4H7L_C0_A0 (net)                                                                                                                                                              | 8      |             |            |            | 0.000       |        |                 |
| reg_mod.regs[19]_31__AOI221X0P5H7L_A0_C0_NAND3X1H7L_Y_C_AOA211X1P4H7L_C0_A0_NAND3X1P4H7L_C:C (NAND3X1P4H7L)                                                                                                                                    |        | 0.001       | 0.000      | 0.058      |             | 0.000  | 0.777f          |
| reg_mod.regs[19]_31__AOI221X0P5H7L_A0_C0_NAND3X1H7L_Y_C_AOA211X1P4H7L_C0_A0_NAND3X1P4H7L_C:Y (NAND3X1P4H7L)                                                                                                                                    |        | 0.001       | 0.000      | 0.043      |             | 0.029  | 0.806r          |
| reg_mod.regs[19]_31__AOI221X0P5H7L_A0_C0_NAND3X1H7L_Y_C_AOA211X1P4H7L_C0_A0_NAND3X1P4H7L_C_Y (net)                                                                                                                                             | 1      |             |            |            | 0.000       |        |                 |
| reg_mod.regs[19]_31__AOI221X0P5H7L_A0_C0_NAND3X1H7L_Y_C_AOA211X1P4H7L_C0_A0_NAND3X1P4H7L_C_Y_BUFX3P5H7L_A:A (BUFX3P5H7L)                                                                                                                       |        | 0.001       | 0.000      | 0.043      |             | 0.000  | 0.806r          |
| reg_mod.regs[19]_31__AOI221X0P5H7L_A0_C0_NAND3X1H7L_Y_C_AOA211X1P4H7L_C0_A0_NAND3X1P4H7L_C_Y_BUFX3P5H7L_A:Y (BUFX3P5H7L)                                                                                                                       |        | 0.015       | 0.000      | 0.083      |             | 0.073  | 0.879r          |
| pc_mod.pc_9__reg_p_D_AOI31X0P5H7L_Y_A0_OAI211X1P4H7L_Y_A0 (net)                                                                                                                                                                                | 18     |             |            |            | 0.000       |        |                 |
| pc_mod.pc_30__reg_p_D_AOA211X1P4H7L_Y_A0_OAI211X0P7H7L_Y_A1_AOI31X0P5H7L_Y_B0_AOAI211X0P5H7L_Y_B0_OAI211X0P7H7L_Y_B0_AOI21X0P5H7L_A1_B0_OAI21X0P5H7L_Y_A1_OAI21X0P5H7L_A1:B0 (OAI21X0P5H7L)                                                    |        | 0.001       | 0.000      | 0.083      |             | 0.000  | 0.879r          |
| pc_mod.pc_30__reg_p_D_AOA211X1P4H7L_Y_A0_OAI211X0P7H7L_Y_A1_AOI31X0P5H7L_Y_B0_AOAI211X0P5H7L_Y_B0_OAI211X0P7H7L_Y_B0_AOI21X0P5H7L_A1_B0_OAI21X0P5H7L_Y_A1_OAI21X0P5H7L_A1:Y (OAI21X0P5H7L)                                                     |        | 0.001       | 0.000      | 0.058      |             | 0.030  | 0.909f          |
| pc_mod.pc_30__reg_p_D_AOA211X1P4H7L_Y_A0_OAI211X0P7H7L_Y_A1_AOI31X0P5H7L_Y_B0_AOAI211X0P5H7L_Y_B0_OAI211X0P7H7L_Y_B0_AOI21X0P5H7L_A1_B0_OAI21X0P5H7L_Y_A1_OAI21X0P5H7L_A1_Y (net)                                                              | 1      |             |            |            | 0.000       |        |                 |
| pc_mod.pc_30__reg_p_D_AOA211X1P4H7L_Y_A0_OAI211X0P7H7L_Y_A1_AOI31X0P5H7L_Y_B0_AOAI211X0P5H7L_Y_B0_OAI211X0P7H7L_Y_B0_AOI21X0P5H7L_A1_B0_OAI21X0P5H7L_Y_A1_OAI21X0P5H7L_A1_Y_BUFX5H7L_A:A (BUFX5H7L)                                            |        | 0.001       | 0.000      | 0.058      |             | 0.000  | 0.909f          |
| pc_mod.pc_30__reg_p_D_AOA211X1P4H7L_Y_A0_OAI211X0P7H7L_Y_A1_AOI31X0P5H7L_Y_B0_AOAI211X0P5H7L_Y_B0_OAI211X0P7H7L_Y_B0_AOI21X0P5H7L_A1_B0_OAI21X0P5H7L_Y_A1_OAI21X0P5H7L_A1_Y_BUFX5H7L_A:Y (BUFX5H7L)                                            |        | 0.018       | 0.000      | 0.046      |             | 0.070  | 0.979f          |
| pc_mod.pc_27__reg_p_D_OAI21X0P5H7L_Y_A1_OA211X1H7L_Y_A0_OAOI211X0P5H7L_Y_C0 (net)                                                                                                                                                              | 22     |             |            |            | 0.000       |        |                 |
| pc_mod.pc_30__reg_p_D_AOA211X1P4H7L_Y_A0_OAI211X0P7H7L_Y_A1_AOI31X0P5H7L_Y_B0_AOAI211X0P5H7L_Y_B0_OAI211X0P7H7L_Y_B0_AOI21X0P5H7L_A1_A0_AOI31X0P5H7L_A2:B0 (AOI31X0P5H7L)                                                                      |        | 0.001       | 0.000      | 0.046      |             | 0.000  | 0.979f          |
| pc_mod.pc_30__reg_p_D_AOA211X1P4H7L_Y_A0_OAI211X0P7H7L_Y_A1_AOI31X0P5H7L_Y_B0_AOAI211X0P5H7L_Y_B0_OAI211X0P7H7L_Y_B0_AOI21X0P5H7L_A1_A0_AOI31X0P5H7L_A2:Y (AOI31X0P5H7L)                                                                       |        | 0.002       | 0.000      | 0.106      |             | 0.067  | 1.046r          |
| io_master_wstrb_AOAI211X0P5H7L_Y_B0_AOI21X0P5H7L_Y_A1_NOR4X0P5H7L_Y_C_AND2X1H7L_A_B_NAND2X0P5H7L_Y_B_OAI21X0P5H7L_Y_A1 (net)                                                                                                                   | 3      |             |            |            | 0.000       |        |                 |
| io_master_wstrb_AOAI211X0P5H7L_Y_B0_AOI21X0P5H7L_Y_A1_NOR4X0P5H7L_Y_C_AND2X1H7L_A_B_NAND2X0P5H7L_Y_B_OAI21X0P5H7L_Y:A1 (OAI21X0P5H7L)                                                                                                          |        | 0.001       | 0.000      | 0.106      |             | 0.000  | 1.046r          |
| io_master_wstrb_AOAI211X0P5H7L_Y_B0_AOI21X0P5H7L_Y_A1_NOR4X0P5H7L_Y_C_AND2X1H7L_A_B_NAND2X0P5H7L_Y_B_OAI21X0P5H7L_Y:Y (OAI21X0P5H7L)                                                                                                           |        | 0.001       | 0.000      | 0.041      |             | 0.036  | 1.082f          |
| io_master_wstrb_AOAI211X0P5H7L_Y_B0_AOI21X0P5H7L_Y_A1_NOR4X0P5H7L_Y_C_AND2X1H7L_A_B_NAND2X0P5H7L_Y_B (net)                                                                                                                                     | 1      |             |            |            | 0.000       |        |                 |
| io_master_wstrb_AOAI211X0P5H7L_Y_B0_AOI21X0P5H7L_Y_A1_NOR4X0P5H7L_Y_C_AND2X1H7L_A_B_NAND2X0P5H7L_Y:B (NAND2X0P5H7L)                                                                                                                            |        | 0.001       | 0.000      | 0.041      |             | 0.000  | 1.082f          |
| io_master_wstrb_AOAI211X0P5H7L_Y_B0_AOI21X0P5H7L_Y_A1_NOR4X0P5H7L_Y_C_AND2X1H7L_A_B_NAND2X0P5H7L_Y:Y (NAND2X0P5H7L)                                                                                                                            |        | 0.002       | 0.000      | 0.055      |             | 0.042  | 1.124r          |
| io_master_wstrb_AOAI211X0P5H7L_Y_B0_AOI21X0P5H7L_Y_A1_NOR4X0P5H7L_Y_C_AND2X1H7L_A_B (net)                                                                                                                                                      | 3      |             |            |            | 0.000       |        |                 |
| decode_mod.bus_out_rs1_4__NOR2BX1H7L_Z_AN_AOI21X0P5H7L_A0_A1_AOI21X0P5H7L_B0_A1_OAI21X0P5H7L_Y_A1_AOI22X0P5H7L_Y:B1 (AOI22X0P5H7L)                                                                                                             |        | 0.001       | 0.000      | 0.055      |             | 0.000  | 1.124r          |
| decode_mod.bus_out_rs1_4__NOR2BX1H7L_Z_AN_AOI21X0P5H7L_A0_A1_AOI21X0P5H7L_B0_A1_OAI21X0P5H7L_Y_A1_AOI22X0P5H7L_Y:Y (AOI22X0P5H7L)                                                                                                              |        | 0.001       | 0.000      | 0.067      |             | 0.029  | 1.153f          |
| decode_mod.bus_out_rs1_4__NOR2BX1H7L_Z_AN_AOI21X0P5H7L_A0_A1_AOI21X0P5H7L_B0_A1_OAI21X0P5H7L_Y_A1 (net)                                                                                                                                        | 1      |             |            |            | 0.000       |        |                 |
| decode_mod.bus_out_rs1_4__NOR2BX1H7L_Z_AN_AOI21X0P5H7L_A0_A1_AOI21X0P5H7L_B0_A1_OAI21X0P5H7L_Y:A1 (OAI21X0P5H7L)                                                                                                                               |        | 0.001       | 0.000      | 0.067      |             | 0.000  | 1.153f          |
| decode_mod.bus_out_rs1_4__NOR2BX1H7L_Z_AN_AOI21X0P5H7L_A0_A1_AOI21X0P5H7L_B0_A1_OAI21X0P5H7L_Y:Y (OAI21X0P5H7L)                                                                                                                                |        | 0.002       | 0.000      | 0.079      |             | 0.067  | 1.220r          |
| decode_mod.bus_out_rs1_4__NOR2BX1H7L_Z_AN_AOI21X0P5H7L_A0_A1_AOI21X0P5H7L_B0_A1 (net)                                                                                                                                                          | 2      |             |            |            | 0.000       |        |                 |
| decode_mod.bus_out_rs1_4__NOR2BX1H7L_Z_AN_AOI21X0P5H7L_A0_A1_AOI21X0P5H7L_B0_A1_OAI21X0P5H7L_A1:A1 (OAI21X0P5H7L)                                                                                                                              |        | 0.001       | 0.000      | 0.079      |             | 0.000  | 1.220r          |
| decode_mod.bus_out_rs1_4__NOR2BX1H7L_Z_AN_AOI21X0P5H7L_A0_A1_AOI21X0P5H7L_B0_A1_OAI21X0P5H7L_A1:Y (OAI21X0P5H7L)                                                                                                                               |        | 0.004       | 0.000      | 0.106      |             | 0.070  | 1.291f          |
| decode_mod.bus_out_rs1_4__NOR2BX1H7L_Z_B (net)                                                                                                                                                                                                 | 5      |             |            |            | 0.000       |        |                 |
| decode_mod.bus_out_rs1_0__NOR2X0P5H7L_Y:B (NOR2X0P5H7L)                                                                                                                                                                                        |        | 0.001       | 0.000      | 0.106      |             | 0.000  | 1.291f          |
| decode_mod.bus_out_rs1_0__NOR2X0P5H7L_Y:Y (NOR2X0P5H7L)                                                                                                                                                                                        |        | 0.001       | 0.000      | 0.061      |             | 0.056  | 1.346r          |
| decode_mod.bus_out_rs1_0_ (net)                                                                                                                                                                                                                | 1      |             |            |            | 0.000       |        |                 |
| decode_mod.bus_out_rs1_0__BUFX3H7L_A:A (BUFX3H7L)                                                                                                                                                                                              |        | 0.001       | 0.000      | 0.061      |             | 0.000  | 1.346r          |
| decode_mod.bus_out_rs1_0__BUFX3H7L_A:Y (BUFX3H7L)                                                                                                                                                                                              |        | 0.010       | 0.000      | 0.066      |             | 0.072  | 1.418r          |
| reg_mod.regs[4]_11__MUX2X0P5H7L_A_S0 (net)                                                                                                                                                                                                     | 6      |             |            |            | 0.000       |        |                 |
| reg_mod.regs[4]_11__MUX2X0P5H7L_A_S0_BUFX7H7L_A_2:A (BUFX7H7L)                                                                                                                                                                                 |        | 0.002       | 0.000      | 0.066      |             | 0.000  | 1.418r          |
| reg_mod.regs[4]_11__MUX2X0P5H7L_A_S0_BUFX7H7L_A_2:Y (BUFX7H7L)                                                                                                                                                                                 |        | 0.038       | 0.000      | 0.102      |             | 0.085  | 1.504r          |
| reg_mod.regs[4]_5__MUX2X0P5H7L_A_S0 (net)                                                                                                                                                                                                      | 18     |             |            |            | 0.000       |        |                 |
| reg_mod.regs[4]_5__MUX2X0P5H7L_A_S0_BUFX7H7L_A:A (BUFX7H7L)                                                                                                                                                                                    |        | 0.002       | 0.000      | 0.102      |             | 0.000  | 1.504r          |
| reg_mod.regs[4]_5__MUX2X0P5H7L_A_S0_BUFX7H7L_A:Y (BUFX7H7L)                                                                                                                                                                                    |        | 0.038       | 0.000      | 0.103      |             | 0.091  | 1.595r          |
| reg_mod.regs[4]_8__MUX2X0P5H7L_A_S0 (net)                                                                                                                                                                                                      | 21     |             |            |            | 0.000       |        |                 |
| reg_mod.regs[4]_8__MUX2X0P5H7L_A_S0_BUFX7H7L_A:A (BUFX7H7L)                                                                                                                                                                                    |        | 0.002       | 0.000      | 0.103      |             | 0.000  | 1.595r          |
| reg_mod.regs[4]_8__MUX2X0P5H7L_A_S0_BUFX7H7L_A:Y (BUFX7H7L)                                                                                                                                                                                    |        | 0.038       | 0.000      | 0.103      |             | 0.091  | 1.686r          |
| reg_mod.regs[5]_22__MUX2X0P5H7L_B_S0 (net)                                                                                                                                                                                                     | 23     |             |            |            | 0.000       |        |                 |
| reg_mod.regs[2]_22__MUX4X1P4H7L_A_S0_BUFX7H7L_Y:A (BUFX7H7L)                                                                                                                                                                                   |        | 0.002       | 0.000      | 0.103      |             | 0.000  | 1.686r          |
| reg_mod.regs[2]_22__MUX4X1P4H7L_A_S0_BUFX7H7L_Y:Y (BUFX7H7L)                                                                                                                                                                                   |        | 0.036       | 0.000      | 0.097      |             | 0.088  | 1.773r          |
| reg_mod.regs[2]_22__MUX4X1P4H7L_A_S0 (net)                                                                                                                                                                                                     | 18     |             |            |            | 0.000       |        |                 |
| reg_mod.regs[2]_22__MUX4X1P4H7L_A_S0_BUFX3H7L_A:A (BUFX3H7L)                                                                                                                                                                                   |        | 0.001       | 0.000      | 0.097      |             | 0.000  | 1.773r          |
| reg_mod.regs[2]_22__MUX4X1P4H7L_A_S0_BUFX3H7L_A:Y (BUFX3H7L)                                                                                                                                                                                   |        | 0.041       | 0.000      | 0.243      |             | 0.171  | 1.945r          |
| reg_mod.regs[2]_25__MUX4X1P4H7L_A_S0 (net)                                                                                                                                                                                                     | 22     |             |            |            | 0.000       |        |                 |
| reg_mod.regs[9]_22__MUX4X1P4H7L_A_Y_AOI211X0P5H7L_A1:A0 (AOI211X0P5H7L)                                                                                                                                                                        |        | 0.001       | 0.000      | 0.243      |             | 0.000  | 1.945r          |
| reg_mod.regs[9]_22__MUX4X1P4H7L_A_Y_AOI211X0P5H7L_A1:Y (AOI211X0P5H7L)                                                                                                                                                                         |        | 0.001       | 0.000      | 0.069      |             | 0.053  | 1.998f          |
| reg_mod.regs[9]_22__MUX4X1P4H7L_A_Y_AOI211X0P5H7L_A1_Y (net)                                                                                                                                                                                   | 1      |             |            |            | 0.000       |        |                 |
| reg_mod.regs[24]_22__MUX4X1P4H7L_A_Y_OAI21X0P5H7L_A1_Y_AOI21X0P5H7L_A1:B0 (AOI21X0P5H7L)                                                                                                                                                       |        | 0.001       | 0.000      | 0.069      |             | 0.000  | 1.998f          |
| reg_mod.regs[24]_22__MUX4X1P4H7L_A_Y_OAI21X0P5H7L_A1_Y_AOI21X0P5H7L_A1:Y (AOI21X0P5H7L)                                                                                                                                                        |        | 0.001       | 0.000      | 0.048      |             | 0.044  | 2.042r          |
| reg_mod.regs[2]_22__MUX4X1P4H7L_A_Y_MUX4X1P4H7L_B_Y_MUX2X0P5H7L_A_B (net)                                                                                                                                                                      | 1      |             |            |            | 0.000       |        |                 |
| reg_mod.regs[2]_22__MUX4X1P4H7L_A_Y_MUX4X1P4H7L_B_Y_MUX2X0P5H7L_A:B (MUX2X0P5H7L)                                                                                                                                                              |        | 0.001       | 0.000      | 0.048      |             | 0.000  | 2.042r          |
| reg_mod.regs[2]_22__MUX4X1P4H7L_A_Y_MUX4X1P4H7L_B_Y_MUX2X0P5H7L_A:Y (MUX2X0P5H7L)                                                                                                                                                              |        | 0.007       | 0.000      | 0.116      |             | 0.100  | 2.142r          |
| reg_mod.regs[2]_22__MUX4X1P4H7L_A_Y_MUX4X1P4H7L_B_Y_MUX2X0P5H7L_A_Y (net)                                                                                                                                                                      | 7      |             |            |            | 0.000       |        |                 |
| reg_mod.regs[1]_22__MUX2X0P5H7L_A_Y_AOI221X0P5H7L_A1_1_Y_AOI211X0P5H7L_B0_Y_AOI21X0P5H7L_B0_Y_MUX2X0P5H7L_S0_A_OR2X0P5H7L_Y:A (OR2X0P5H7L)                                                                                                     |        | 0.001       | 0.000      | 0.116      |             | 0.000  | 2.142r          |
| reg_mod.regs[1]_22__MUX2X0P5H7L_A_Y_AOI221X0P5H7L_A1_1_Y_AOI211X0P5H7L_B0_Y_AOI21X0P5H7L_B0_Y_MUX2X0P5H7L_S0_A_OR2X0P5H7L_Y:Y (OR2X0P5H7L)                                                                                                     |        | 0.001       | 0.000      | 0.023      |             | 0.044  | 2.186r          |
| reg_mod.regs[1]_22__MUX2X0P5H7L_A_Y_AOI221X0P5H7L_A1_1_Y_AOI211X0P5H7L_B0_Y_AOI21X0P5H7L_B0_Y_MUX2X0P5H7L_S0_A (net)                                                                                                                           | 1      |             |            |            | 0.000       |        |                 |
| reg_mod.regs[1]_22__MUX2X0P5H7L_A_Y_AOI221X0P5H7L_A1_1_Y_AOI211X0P5H7L_B0_Y_AOI21X0P5H7L_B0_Y_MUX2X0P5H7L_S0:A (MUX2X0P5H7L)                                                                                                                   |        | 0.001       | 0.000      | 0.023      |             | 0.000  | 2.186r          |
| reg_mod.regs[1]_22__MUX2X0P5H7L_A_Y_AOI221X0P5H7L_A1_1_Y_AOI211X0P5H7L_B0_Y_AOI21X0P5H7L_B0_Y_MUX2X0P5H7L_S0:Y (MUX2X0P5H7L)                                                                                                                   |        | 0.001       | 0.000      | 0.030      |             | 0.046  | 2.232r          |
| reg_mod.regs[1]_22__MUX2X0P5H7L_A_Y_AOI221X0P5H7L_A1_1_Y_AOI211X0P5H7L_B0_Y_AOI21X0P5H7L_B0_Y_MUX2X0P5H7L_S0_Y (net)                                                                                                                           | 1      |             |            |            | 0.000       |        |                 |
| reg_mod.regs[1]_22__MUX2X0P5H7L_A_Y_AOI221X0P5H7L_A1_1_Y_AOI211X0P5H7L_B0_Y_AOI21X0P5H7L_B0_Y_MUX2X0P5H7L_S0_Y_OAI211X1P4H7L_B0:B0 (OAI211X1P4H7L)                                                                                             |        | 0.001       | 0.000      | 0.030      |             | 0.000  | 2.232r          |
| reg_mod.regs[1]_22__MUX2X0P5H7L_A_Y_AOI221X0P5H7L_A1_1_Y_AOI211X0P5H7L_B0_Y_AOI21X0P5H7L_B0_Y_MUX2X0P5H7L_S0_Y_OAI211X1P4H7L_B0:Y (OAI211X1P4H7L)                                                                                              |        | 0.005       | 0.000      | 0.094      |             | 0.054  | 2.286f          |
| io_master_awvalid_AOA211X1P4H7L_C0_A1_MUXI2X0P5H7L_Y_A_OAI21X0P5H7L_B0_Y_OAOI211X0P5H7L_A1_C0 (net)                                                                                                                                            | 3      |             |            |            | 0.000       |        |                 |
| reg_mod.regs[22]_17__AOI31X0P5H7L_A0_Y_NOR3X1H7L_B_Y_OR3X1H7L_C_Y_AOI33X0P5H7L_A1_Y_NAND2X0P5H7L_B_Y_NOR4X6H7L_C:A (NOR4X6H7L)                                                                                                                 |        | 0.003       | 0.000      | 0.094      |             | 0.000  | 2.286f          |
| reg_mod.regs[22]_17__AOI31X0P5H7L_A0_Y_NOR3X1H7L_B_Y_OR3X1H7L_C_Y_AOI33X0P5H7L_A1_Y_NAND2X0P5H7L_B_Y_NOR4X6H7L_C:Y (NOR4X6H7L)                                                                                                                 |        | 0.002       | 0.000      | 0.062      |             | 0.073  | 2.359r          |
| reg_mod.regs[22]_17__AOI31X0P5H7L_A0_Y_NOR3X1H7L_B_Y_OR3X1H7L_C_Y_AOI33X0P5H7L_A1_Y_NAND2X0P5H7L_B_Y_NOR4X6H7L_C_Y (net)                                                                                                                       | 2      |             |            |            | 0.000       |        |                 |
| reg_mod.regs[4]_15__MUX2X0P5H7L_A_Y_OAI211X0P7H7L_A1_Y_NAND3X0P5H7L_C_Y_NAND3X0P7H7L_C_Y_AOI32X0P5H7L_B1_A0_NAND3X1P4H7L_B:A (NAND3X1P4H7L)                                                                                                    |        | 0.001       | 0.000      | 0.062      |             | 0.000  | 2.359r          |
| reg_mod.regs[4]_15__MUX2X0P5H7L_A_Y_OAI211X0P7H7L_A1_Y_NAND3X0P5H7L_C_Y_NAND3X0P7H7L_C_Y_AOI32X0P5H7L_B1_A0_NAND3X1P4H7L_B:Y (NAND3X1P4H7L)                                                                                                    |        | 0.002       | 0.000      | 0.056      |             | 0.038  | 2.397f          |
| reg_mod.regs[4]_15__MUX2X0P5H7L_A_Y_OAI211X0P7H7L_A1_Y_NAND3X0P5H7L_C_Y_NAND3X0P7H7L_C_Y_AOI32X0P5H7L_B1_A0_NAND3X1P4H7L_B_Y (net)                                                                                                             | 2      |             |            |            | 0.000       |        |                 |
| reg_mod.regs[4]_15__MUX2X0P5H7L_A_Y_OAI211X0P7H7L_A1_Y_NAND3X0P5H7L_C_Y_NAND3X0P7H7L_C_Y_AOI32X0P5H7L_B1_Y_OAI221X1P4H7L_A1:B1 (OAI221X1P4H7L)                                                                                                 |        | 0.001       | 0.000      | 0.056      |             | 0.000  | 2.397f          |
| reg_mod.regs[4]_15__MUX2X0P5H7L_A_Y_OAI211X0P7H7L_A1_Y_NAND3X0P5H7L_C_Y_NAND3X0P7H7L_C_Y_AOI32X0P5H7L_B1_Y_OAI221X1P4H7L_A1:Y (OAI221X1P4H7L)                                                                                                  |        | 0.002       | 0.000      | 0.082      |             | 0.061  | 2.458r          |
| reg_mod.regs[4]_29__MUX2X0P5H7L_A_Y_OAI211X0P7H7L_A1_Y_OAOI211X0P5H7L_B0_Y_OAI211X0P7H7L_A0_Y_OAI221X1P4H7L_C0_Y_NOR3BX3H7L_C_AN (net)                                                                                                         | 2      |             |            |            | 0.000       |        |                 |
| reg_mod.regs[4]_29__MUX2X0P5H7L_A_Y_OAI211X0P7H7L_A1_Y_OAOI211X0P5H7L_B0_Y_OAI211X0P7H7L_A0_Y_OAI221X1P4H7L_C0_Y_NOR3BX3H7L_C_AN_NOR2BX1P4H7L_AN:AN (NOR2BX1P4H7L)                                                                             |        | 0.001       | 0.000      | 0.082      |             | 0.000  | 2.458r          |
| reg_mod.regs[4]_29__MUX2X0P5H7L_A_Y_OAI211X0P7H7L_A1_Y_OAOI211X0P5H7L_B0_Y_OAI211X0P7H7L_A0_Y_OAI221X1P4H7L_C0_Y_NOR3BX3H7L_C_AN_NOR2BX1P4H7L_AN:Z (NOR2BX1P4H7L)                                                                              |        | 0.003       | 0.000      | 0.075      |             | 0.075  | 2.533r          |
| reg_mod.regs[4]_29__MUX2X0P5H7L_A_Y_OAI211X0P7H7L_A1_Y_OAOI211X0P5H7L_B0_Y_OAI211X0P7H7L_A0_Y_OAI221X1P4H7L_C0_Y_NOR3BX3H7L_C_AN_NOR2BX1P4H7L_AN_Z (net)                                                                                       | 2      |             |            |            | 0.000       |        |                 |
| reg_mod.regs[4]_29__MUX2X0P5H7L_A_Y_OAI211X0P7H7L_A1_Y_OAOI211X0P5H7L_B0_Y_OAI211X0P7H7L_A0_Y_OAI221X1P4H7L_C0_Y_NOR3BX3H7L_C_AN_NOR2BX1P4H7L_AN_Z_NOR2BX1P4H7L_B:B (NOR2BX1P4H7L)                                                             |        | 0.001       | 0.000      | 0.075      |             | 0.000  | 2.533r          |
| reg_mod.regs[4]_29__MUX2X0P5H7L_A_Y_OAI211X0P7H7L_A1_Y_OAOI211X0P5H7L_B0_Y_OAI211X0P7H7L_A0_Y_OAI221X1P4H7L_C0_Y_NOR3BX3H7L_C_AN_NOR2BX1P4H7L_AN_Z_NOR2BX1P4H7L_B:Z (NOR2BX1P4H7L)                                                             |        | 0.002       | 0.000      | 0.030      |             | 0.024  | 2.557f          |
| reg_mod.regs[4]_29__MUX2X0P5H7L_A_Y_OAI211X0P7H7L_A1_Y_OAOI211X0P5H7L_B0_Y_OAI211X0P7H7L_A0_Y_OAI221X1P4H7L_C0_Y_NOR3BX3H7L_C_AN_NOR2BX1P4H7L_AN_Z_NOR2BX1P4H7L_B_Z (net)                                                                      | 2      |             |            |            | 0.000       |        |                 |
| reg_mod.regs[4]_29__MUX2X0P5H7L_A_Y_OAI211X0P7H7L_A1_Y_OAOI211X0P5H7L_B0_Y_OAI211X0P7H7L_A0_Y_OAI221X1P4H7L_C0_Y_NOR3BX3H7L_C_Y_NOR2BX1H7L_B_Z_OAI2BB1X0P5H7L_A1N_B0_OAI21X0P5H7L_Y:A1 (OAI21X0P5H7L)                                          |        | 0.001       | 0.000      | 0.030      |             | 0.000  | 2.557f          |
| reg_mod.regs[4]_29__MUX2X0P5H7L_A_Y_OAI211X0P7H7L_A1_Y_OAOI211X0P5H7L_B0_Y_OAI211X0P7H7L_A0_Y_OAI221X1P4H7L_C0_Y_NOR3BX3H7L_C_Y_NOR2BX1H7L_B_Z_OAI2BB1X0P5H7L_A1N_B0_OAI21X0P5H7L_Y:Y (OAI21X0P5H7L)                                           |        | 0.001       | 0.000      | 0.062      |             | 0.042  | 2.599r          |
| reg_mod.regs[4]_29__MUX2X0P5H7L_A_Y_OAI211X0P7H7L_A1_Y_OAOI211X0P5H7L_B0_Y_OAI211X0P7H7L_A0_Y_OAI221X1P4H7L_C0_Y_NOR3BX3H7L_C_Y_NOR2BX1H7L_B_Z_OAI2BB1X0P5H7L_A1N_B0 (net)                                                                     | 1      |             |            |            | 0.000       |        |                 |
| reg_mod.regs[4]_29__MUX2X0P5H7L_A_Y_OAI211X0P7H7L_A1_Y_OAOI211X0P5H7L_B0_Y_OAI211X0P7H7L_A0_Y_OAI221X1P4H7L_C0_Y_NOR3BX3H7L_C_Y_NOR2BX1H7L_B_Z_OAI2BB1X0P5H7L_A1N:B0 (OAI2BB1X0P5H7L)                                                          |        | 0.001       | 0.000      | 0.062      |             | 0.000  | 2.599r          |
| reg_mod.regs[4]_29__MUX2X0P5H7L_A_Y_OAI211X0P7H7L_A1_Y_OAOI211X0P5H7L_B0_Y_OAI211X0P7H7L_A0_Y_OAI221X1P4H7L_C0_Y_NOR3BX3H7L_C_Y_NOR2BX1H7L_B_Z_OAI2BB1X0P5H7L_A1N:Y (OAI2BB1X0P5H7L)                                                           |        | 0.003       | 0.000      | 0.069      |             | 0.054  | 2.653f          |
| csr_mod.regs[3]_0__reg_p_D_OAI21X0P5H7L_Y_A1_INVX0P5H7L_Y_A_AOAI211X0P5H7L_Y_A0_NAND2X0P5H7L_A_Y_AOI21X0P5H7L_B0_Y_AO211X1P4H7L_B0_A0 (net)                                                                                                    | 4      |             |            |            | 0.000       |        |                 |
| pc_mod.pc_30__reg_p_D_AOA211X1P4H7L_Y_A0_OAI211X0P7H7L_Y_A1_AOI31X0P5H7L_Y_B0_AOAI211X0P5H7L_Y_B0_OAI211X0P7H7L_Y_B0_AOI21X0P5H7L_A1_B0_OAI21X0P5H7L_Y_B0_OAOI211X0P5H7L_C0_A0_OR2X1P4H7L_Y:B (OR2X1P4H7L)                                     |        | 0.001       | 0.000      | 0.069      |             | 0.000  | 2.653f          |
| pc_mod.pc_30__reg_p_D_AOA211X1P4H7L_Y_A0_OAI211X0P7H7L_Y_A1_AOI31X0P5H7L_Y_B0_AOAI211X0P5H7L_Y_B0_OAI211X0P7H7L_Y_B0_AOI21X0P5H7L_A1_B0_OAI21X0P5H7L_Y_B0_OAOI211X0P5H7L_C0_A0_OR2X1P4H7L_Y:Y (OR2X1P4H7L)                                     |        | 0.002       | 0.000      | 0.025      |             | 0.065  | 2.719f          |
| pc_mod.pc_30__reg_p_D_AOA211X1P4H7L_Y_A0_OAI211X0P7H7L_Y_A1_AOI31X0P5H7L_Y_B0_AOAI211X0P5H7L_Y_B0_OAI211X0P7H7L_Y_B0_AOI21X0P5H7L_A1_B0_OAI21X0P5H7L_Y_B0_OAOI211X0P5H7L_C0_A0 (net)                                                           | 2      |             |            |            | 0.000       |        |                 |
| pc_mod.pc_30__reg_p_D_AOA211X1P4H7L_Y_A0_OAI211X0P7H7L_Y_A1_AOI31X0P5H7L_Y_B0_AOAI211X0P5H7L_Y_B0_OAI211X0P7H7L_Y_B0_AOI21X0P5H7L_A1_B0_OAI21X0P5H7L_Y_B0_OAOI211X0P5H7L_C0_A0_NOR2X0P5H7L_B:B (NOR2X0P5H7L)                                   |        | 0.001       | 0.000      | 0.025      |             | 0.000  | 2.719f          |
| pc_mod.pc_30__reg_p_D_AOA211X1P4H7L_Y_A0_OAI211X0P7H7L_Y_A1_AOI31X0P5H7L_Y_B0_AOAI211X0P5H7L_Y_B0_OAI211X0P7H7L_Y_B0_AOI21X0P5H7L_A1_B0_OAI21X0P5H7L_Y_B0_OAOI211X0P5H7L_C0_A0_NOR2X0P5H7L_B:Y (NOR2X0P5H7L)                                   |        | 0.001       | 0.000      | 0.058      |             | 0.034  | 2.753r          |
| pc_mod.pc_30__reg_p_D_AOA211X1P4H7L_Y_A0_OAI211X0P7H7L_Y_A1_AOI31X0P5H7L_Y_B0_AOAI211X0P5H7L_Y_B0_OAI211X0P7H7L_Y_B0_AOI21X0P5H7L_A1_B0_OAI21X0P5H7L_Y_B0_OAOI211X0P5H7L_C0_A0_NOR2X0P5H7L_B_Y (net)                                           | 1      |             |            |            | 0.000       |        |                 |
| pc_mod.pc_30__reg_p_D_AOA211X1P4H7L_Y_A0_OAI211X0P7H7L_Y_A1_AOI31X0P5H7L_Y_B0_AOAI211X0P5H7L_Y_B0_OAI211X0P7H7L_Y_B0_AOI21X0P5H7L_A1_B0_OAI21X0P5H7L_Y_B0_OAOI211X0P5H7L_C0_A0_NOR2X0P5H7L_B_Y_AOAI211X0P5H7L_B0:B0 (AOAI211X0P5H7L)           |        | 0.001       | 0.000      | 0.058      |             | 0.000  | 2.753r          |
| pc_mod.pc_30__reg_p_D_AOA211X1P4H7L_Y_A0_OAI211X0P7H7L_Y_A1_AOI31X0P5H7L_Y_B0_AOAI211X0P5H7L_Y_B0_OAI211X0P7H7L_Y_B0_AOI21X0P5H7L_A1_B0_OAI21X0P5H7L_Y_B0_OAOI211X0P5H7L_C0_A0_NOR2X0P5H7L_B_Y_AOAI211X0P5H7L_B0:Y (AOAI211X0P5H7L)            |        | 0.001       | 0.000      | 0.055      |             | 0.035  | 2.788f          |
| pc_mod.pc_30__reg_p_D_AOA211X1P4H7L_Y_A0_OAI211X0P7H7L_Y_A1_AOI31X0P5H7L_Y_B0_AOAI211X0P5H7L_Y_B0_OAI211X0P7H7L_Y_B0_AOI21X0P5H7L_A1_B0_OAI21X0P5H7L_Y_B0_OAOI211X0P5H7L_C0_A0_NOR2X0P5H7L_B_Y_AOAI211X0P5H7L_B0_Y (net)                       | 1      |             |            |            | 0.000       |        |                 |
| pc_mod.pc_30__reg_p_D_AOA211X1P4H7L_Y_A0_OAI211X0P7H7L_Y_A1_AOI31X0P5H7L_Y_B0_AOAI211X0P5H7L_Y_B0_OAI211X0P7H7L_Y_B0_AOI21X0P5H7L_A1_B0_OAI21X0P5H7L_Y_B0_OAOI211X0P5H7L_C0_A0_NOR2X0P5H7L_B_Y_AOAI211X0P5H7L_B0_Y_BUFX1P4H7L_A:A (BUFX1P4H7L) |        | 0.001       | 0.000      | 0.055      |             | 0.000  | 2.788f          |
| pc_mod.pc_30__reg_p_D_AOA211X1P4H7L_Y_A0_OAI211X0P7H7L_Y_A1_AOI31X0P5H7L_Y_B0_AOAI211X0P5H7L_Y_B0_OAI211X0P7H7L_Y_B0_AOI21X0P5H7L_A1_B0_OAI21X0P5H7L_Y_B0_OAOI211X0P5H7L_C0_A0_NOR2X0P5H7L_B_Y_AOAI211X0P5H7L_B0_Y_BUFX1P4H7L_A:Y (BUFX1P4H7L) |        | 0.012       | 0.000      | 0.081      |             | 0.085  | 2.873f          |
| csr_mod.working_reg_2__AOAI211X0P5H7L_Y_C0 (net)                                                                                                                                                                                               | 15     |             |            |            | 0.000       |        |                 |
| csr_mod.working_reg_2__AOAI211X0P5H7L_Y:C0 (AOAI211X0P5H7L)                                                                                                                                                                                    |        | 0.001       | 0.000      | 0.081      |             | 0.000  | 2.873f          |
| csr_mod.working_reg_2__AOAI211X0P5H7L_Y:Y (AOAI211X0P5H7L)                                                                                                                                                                                     |        | 0.002       | 0.000      | 0.088      |             | 0.046  | 2.919r          |
| csr_mod.working_reg_2_ (net)                                                                                                                                                                                                                   | 1      |             |            |            | 0.000       |        |                 |
| csr_mod.working_reg_2__BUFX7H7L_A:A (BUFX7H7L)                                                                                                                                                                                                 |        | 0.002       | 0.000      | 0.088      |             | 0.000  | 2.919r          |
| csr_mod.working_reg_2__BUFX7H7L_A:Y (BUFX7H7L)                                                                                                                                                                                                 |        | 0.033       | 0.000      | 0.091      |             | 0.083  | 3.001r          |
| csr_mod.regs[2]_0__NOR2BX1H7L_AN_B (net)                                                                                                                                                                                                       | 16     |             |            |            | 0.000       |        |                 |
| csr_mod.regs[3]_8__MUX4X1P4H7L_A_S0_BUFX7H7L_Y:A (BUFX7H7L)                                                                                                                                                                                    |        | 0.002       | 0.000      | 0.091      |             | 0.000  | 3.001r          |
| csr_mod.regs[3]_8__MUX4X1P4H7L_A_S0_BUFX7H7L_Y:Y (BUFX7H7L)                                                                                                                                                                                    |        | 0.039       | 0.000      | 0.105      |             | 0.091  | 3.092r          |
| csr_mod.regs[3]_8__MUX4X1P4H7L_A_S0 (net)                                                                                                                                                                                                      | 14     |             |            |            | 0.000       |        |                 |
| csr_mod.regs[3]_8__MUX4X1P4H7L_A_S0_BUFX7H7L_A:A (BUFX7H7L)                                                                                                                                                                                    |        | 0.002       | 0.000      | 0.105      |             | 0.000  | 3.092r          |
| csr_mod.regs[3]_8__MUX4X1P4H7L_A_S0_BUFX7H7L_A:Y (BUFX7H7L)                                                                                                                                                                                    |        | 0.040       | 0.000      | 0.107      |             | 0.093  | 3.185r          |
| csr_mod.regs[2]_3__MUX4X1P4H7L_A_S0 (net)                                                                                                                                                                                                      | 16     |             |            |            | 0.000       |        |                 |
| csr_mod.regs[0]_0__MUX4X1P4H7L_A_Y_AOI21X1P4H7L_A0_A1_NAND2X0P5H7L_Y_A_AOI21X0P5H7L_A0_B0_NAND3X0P5H7L_Y:A (NAND3X0P5H7L)                                                                                                                      |        | 0.001       | 0.000      | 0.107      |             | 0.000  | 3.185r          |
| csr_mod.regs[0]_0__MUX4X1P4H7L_A_Y_AOI21X1P4H7L_A0_A1_NAND2X0P5H7L_Y_A_AOI21X0P5H7L_A0_B0_NAND3X0P5H7L_Y:Y (NAND3X0P5H7L)                                                                                                                      |        | 0.002       | 0.000      | 0.080      |             | 0.055  | 3.240f          |
| csr_mod.regs[0]_0__MUX4X1P4H7L_A_Y_AOI21X1P4H7L_A0_A1_NAND2X0P5H7L_Y_A_AOI21X0P5H7L_A0_B0 (net)                                                                                                                                                | 2      |             |            |            | 0.000       |        |                 |
| csr_mod.regs[0]_0__MUX4X1P4H7L_A_Y_AOI21X1P4H7L_A0_A1_NAND2X0P5H7L_Y_A_AOI21X0P5H7L_A0:B0 (AOI21X0P5H7L)                                                                                                                                       |        | 0.001       | 0.000      | 0.080      |             | 0.000  | 3.240f          |
| csr_mod.regs[0]_0__MUX4X1P4H7L_A_Y_AOI21X1P4H7L_A0_A1_NAND2X0P5H7L_Y_A_AOI21X0P5H7L_A0:Y (AOI21X0P5H7L)                                                                                                                                        |        | 0.002       | 0.000      | 0.082      |             | 0.067  | 3.308r          |
| csr_mod.regs[0]_0__MUX4X1P4H7L_A_Y_AOI21X1P4H7L_A0_A1_NAND2X0P5H7L_Y_A_AOI21X0P5H7L_A0_Y (net)                                                                                                                                                 | 2      |             |            |            | 0.000       |        |                 |
| csr_mod.regs[0]_0__MUX4X1P4H7L_A_Y_AOI21X1P4H7L_A0_A1_NAND2X0P5H7L_Y_A_AOI21X0P5H7L_A0_Y_NAND2X1H7L_B:B (NAND2X1H7L)                                                                                                                           |        | 0.001       | 0.000      | 0.082      |             | 0.000  | 3.308r          |
| csr_mod.regs[0]_0__MUX4X1P4H7L_A_Y_AOI21X1P4H7L_A0_A1_NAND2X0P5H7L_Y_A_AOI21X0P5H7L_A0_Y_NAND2X1H7L_B:Y (NAND2X1H7L)                                                                                                                           |        | 0.007       | 0.000      | 0.127      |             | 0.077  | 3.385f          |
| csr_mod.regs[5]_7__reg_p_D_NOR2X0P5H7L_Y_A (net)                                                                                                                                                                                               | 10     |             |            |            | 0.000       |        |                 |
| csr_mod.regs[5]_7__reg_p_D_NOR2X0P5H7L_Y_A_BUFX1P4H7L_A:A (BUFX1P4H7L)                                                                                                                                                                         |        | 0.001       | 0.000      | 0.127      |             | 0.000  | 3.385f          |
| csr_mod.regs[5]_7__reg_p_D_NOR2X0P5H7L_Y_A_BUFX1P4H7L_A:Y (BUFX1P4H7L)                                                                                                                                                                         |        | 0.017       | 0.000      | 0.108      |             | 0.115  | 3.499f          |
| csr_mod.regs[5]_9__reg_p_D_NOR2X0P5H7L_Y_A (net)                                                                                                                                                                                               | 24     |             |            |            | 0.000       |        |                 |
| lsu_mod.lsu_r_1__NAND2X0P5H7L_B_A_NAND2X0P5H7L_A:B (NAND2X0P5H7L)                                                                                                                                                                              |        | 0.001       | 0.000      | 0.108      |             | 0.000  | 3.499f          |
| lsu_mod.lsu_r_1__NAND2X0P5H7L_B_A_NAND2X0P5H7L_A:Y (NAND2X0P5H7L)                                                                                                                                                                              |        | 0.001       | 0.000      | 0.047      |             | 0.043  | 3.542r          |
| csr_mod.regs[5]_0__reg_p_CK_ICGX0P5H7L_ECK_E (net)                                                                                                                                                                                             | 1      |             |            |            | 0.000       |        |                 |
| csr_mod.regs[5]_0__reg_p_CK_ICGX0P5H7L_ECK:E (ICGX0P5H7L)                                                                                                                                                                                      |        | 0.001       | 0.000      | 0.047      |             | 0.000  | 3.542r          |
|                                                                                                                                                                                                                                                |        |             |            |            |             |        |                 |
| clock (port)                                                                                                                                                                                                                                   |        | 0.110       | 0.000      | 0.000      |             | 0.000  | 0.000r          |
| clock (clock net)                                                                                                                                                                                                                              | 105    |             |            |            | NA          |        |                 |
| csr_mod.regs[5]_0__reg_p_CK_ICGX0P5H7L_ECK:CK (ICGX0P5H7L)                                                                                                                                                                                     |        | 0.002       | 0.000      | 0.000      |             | 0.000  | 0.000r          |
| clock core_clock (rise edge)                                                                                                                                                                                                                   |        |             |            |            |             | 1.769  | 1.769           |
| clock network delay (ideal)                                                                                                                                                                                                                    |        |             |            |            |             | 0.000  | 1.769           |
| csr_mod.regs[5]_0__reg_p_CK_ICGX0P5H7L_ECK:CK (ICGX0P5H7L)                                                                                                                                                                                     |        |             |            |            |             |        | 1.769r          |
| library setup time                                                                                                                                                                                                                             |        |             |            |            |             | -0.054 | 1.715           |
| clock reconvergence pessimism                                                                                                                                                                                                                  |        |             |            |            |             | 0.000  | 1.715           |
|                                                                                                                                                                                                                                                |        |             |            |            |             |        |                 |
| path cell delay                                                                                                                                                                                                                                |        |             |            |            |             |        | 3.542(100.000%) |
| path net delay                                                                                                                                                                                                                                 |        |             |            |            |             |        | 0.000(0.000%)   |
|                                                                                                                                                                                                                                                |        |             |            |            |             |        |                 |
| data require time                                                                                                                                                                                                                              |        |             |            |            |             |        | 1.715           |
| data arrival time                                                                                                                                                                                                                              |        |             |            |            |             |        | 3.542           |
| slack (VIOLATED)                                                                                                                                                                                                                               |        |             |            |            |             |        | -1.827          |
+------------------------------------------------------------------------------------------------------------------------------------------------------------------------------------------------------------------------------------------------+--------+-------------+------------+------------+-------------+--------+-----------------+
+------------------------------------------------------------------------------------------------------------------------------------------------------------------------------------------------------------------------------------------------+--------+-------------+------------+------------+-------------+--------+-----------------+
| Point                                                                                                                                                                                                                                          | Fanout | Capacitance | Resistance | Transition | Delta Delay | Incr   | Path            |
+------------------------------------------------------------------------------------------------------------------------------------------------------------------------------------------------------------------------------------------------+--------+-------------+------------+------------+-------------+--------+-----------------+
| clock (port)                                                                                                                                                                                                                                   |        | 0.150       | 0.000      | 0.000      |             | 0.000  | 0.000r          |
| clock (clock net)                                                                                                                                                                                                                              | 105    |             |            |            | NA          |        |                 |
| pc_mod.pc_2__reg_p:CK (DFFQX1H7L)                                                                                                                                                                                                              |        | 0.001       | 0.000      | 0.000      |             | 0.000  | 0.000r          |
| clock core_clock (rise edge)                                                                                                                                                                                                                   |        |             |            |            |             | 0      | 0               |
| clock network delay (ideal)                                                                                                                                                                                                                    |        |             |            |            |             | 0.000  | 0.000           |
| pc_mod.pc_2__reg_p:CK (DFFQX1H7L)                                                                                                                                                                                                              |        | 0.001       | 0.000      | 0.000      |             | 0.000  | 0.000r          |
| pc_mod.pc_2__reg_p:Q (DFFQX1H7L)                                                                                                                                                                                                               |        | 0.002       | 0.000      | 0.029      |             | 0.067  | 0.067f          |
| pc_mod.pc_2_ (net)                                                                                                                                                                                                                             | 1      |             |            |            | 0.000       |        |                 |
| pc_mod.pc_2__BUFX7H7L_A:A (BUFX7H7L)                                                                                                                                                                                                           |        | 0.002       | 0.000      | 0.029      |             | 0.000  | 0.067f          |
| pc_mod.pc_2__BUFX7H7L_A:Y (BUFX7H7L)                                                                                                                                                                                                           |        | 0.012       | 0.000      | 0.027      |             | 0.046  | 0.113f          |
| pc_mod.pc_2__BUFX7H7L_A_Y (net)                                                                                                                                                                                                                | 4      |             |            |            | 0.000       |        |                 |
| pc_mod.pc_2__BUFX7H7L_A_Y_BUFX16H7L_A_1:A (BUFX16H7L)                                                                                                                                                                                          |        | 0.003       | 0.000      | 0.027      |             | 0.000  | 0.113f          |
| pc_mod.pc_2__BUFX7H7L_A_Y_BUFX16H7L_A_1:Y (BUFX16H7L)                                                                                                                                                                                          |        | 0.042       | 0.000      | 0.035      |             | 0.051  | 0.164f          |
| pc_mod.pc_2__BUFX7H7L_A_Y_BUFX16H7L_A_1_Y (net)                                                                                                                                                                                                | 22     |             |            |            | 0.000       |        |                 |
| icache_mod.block_cache[8]_20__MUX4X1P4H7L_A_S0_BUFX16H7L_Y:A (BUFX16H7L)                                                                                                                                                                       |        | 0.003       | 0.000      | 0.035      |             | 0.000  | 0.164f          |
| icache_mod.block_cache[8]_20__MUX4X1P4H7L_A_S0_BUFX16H7L_Y:Y (BUFX16H7L)                                                                                                                                                                       |        | 0.037       | 0.000      | 0.033      |             | 0.052  | 0.216f          |
| icache_mod.block_cache[8]_20__MUX4X1P4H7L_A_S0 (net)                                                                                                                                                                                           | 15     |             |            |            | 0.000       |        |                 |
| icache_mod.block_cache[8]_25__MUX4X1H7L_A_S0_BUFX12H7L_Y:A (BUFX12H7L)                                                                                                                                                                         |        | 0.003       | 0.000      | 0.033      |             | 0.000  | 0.216f          |
| icache_mod.block_cache[8]_25__MUX4X1H7L_A_S0_BUFX12H7L_Y:Y (BUFX12H7L)                                                                                                                                                                         |        | 0.039       | 0.000      | 0.041      |             | 0.056  | 0.273f          |
| icache_mod.block_cache[8]_25__MUX4X1H7L_A_S0 (net)                                                                                                                                                                                             | 14     |             |            |            | 0.000       |        |                 |
| icache_mod.block_cache[8]_25__MUX4X1H7L_A_S0_BUFX16H7L_A:A (BUFX16H7L)                                                                                                                                                                         |        | 0.003       | 0.000      | 0.041      |             | 0.000  | 0.273f          |
| icache_mod.block_cache[8]_25__MUX4X1H7L_A_S0_BUFX16H7L_A:Y (BUFX16H7L)                                                                                                                                                                         |        | 0.042       | 0.000      | 0.036      |             | 0.056  | 0.329f          |
| icache_mod.block_cache[4]_30__MUX4X1P4H7L_A_S0 (net)                                                                                                                                                                                           | 16     |             |            |            | 0.000       |        |                 |
| icache_mod.block_cache[8]_28__MUX4X1P4H7L_A:S0 (MUX4X1P4H7L)                                                                                                                                                                                   |        | 0.003       | 0.000      | 0.036      |             | 0.000  | 0.329f          |
| icache_mod.block_cache[8]_28__MUX4X1P4H7L_A:Y (MUX4X1P4H7L)                                                                                                                                                                                    |        | 0.001       | 0.000      | 0.036      |             | 0.089  | 0.418f          |
| icache_mod.block_cache[8]_28__MUX4X1P4H7L_A_Y (net)                                                                                                                                                                                            | 1      |             |            |            | 0.000       |        |                 |
| icache_mod.block_cache[8]_28__MUX4X1P4H7L_A_Y_AOI22X0P5H7L_A1:A1 (AOI22X0P5H7L)                                                                                                                                                                |        | 0.001       | 0.000      | 0.036      |             | 0.000  | 0.418f          |
| icache_mod.block_cache[8]_28__MUX4X1P4H7L_A_Y_AOI22X0P5H7L_A1:Y (AOI22X0P5H7L)                                                                                                                                                                 |        | 0.001       | 0.000      | 0.060      |             | 0.052  | 0.470r          |
| icache_mod.block_cache[8]_28__MUX4X1P4H7L_A_Y_AOI22X0P5H7L_A1_Y (net)                                                                                                                                                                          | 1      |             |            |            | 0.000       |        |                 |
| icache_mod.block_cache[8]_28__MUX4X1P4H7L_A_Y_AOI22X0P5H7L_A1_Y_NAND2X0P5H7L_A:A (NAND2X0P5H7L)                                                                                                                                                |        | 0.001       | 0.000      | 0.060      |             | 0.000  | 0.470r          |
| icache_mod.block_cache[8]_28__MUX4X1P4H7L_A_Y_AOI22X0P5H7L_A1_Y_NAND2X0P5H7L_A:Y (NAND2X0P5H7L)                                                                                                                                                |        | 0.004       | 0.000      | 0.079      |             | 0.061  | 0.531f          |
| icache_mod.block_cache[8]_28__MUX4X1P4H7L_A_Y_AOI22X0P5H7L_A1_Y_NAND2X0P5H7L_A_Y (net)                                                                                                                                                         | 5      |             |            |            | 0.000       |        |                 |
| icache_mod.block_cache[4]_30__MUX4X1P4H7L_A_Y_NAND2X0P5H7L_B_Y_AOI32X0P5H7L_A0_Y_NOR3X0P5H7L_C:B (NOR3X0P5H7L)                                                                                                                                 |        | 0.001       | 0.000      | 0.079      |             | 0.000  | 0.531f          |
| icache_mod.block_cache[4]_30__MUX4X1P4H7L_A_Y_NAND2X0P5H7L_B_Y_AOI32X0P5H7L_A0_Y_NOR3X0P5H7L_C:Y (NOR3X0P5H7L)                                                                                                                                 |        | 0.002       | 0.000      | 0.112      |             | 0.090  | 0.621r          |
| icache_mod.block_cache[4]_30__MUX4X1P4H7L_A_Y_NAND2X0P5H7L_B_Y_AOI32X0P5H7L_A0_Y_NOR3X0P5H7L_C_Y (net)                                                                                                                                         | 2      |             |            |            | 0.000       |        |                 |
| icache_mod.block_cache[4]_30__MUX4X1P4H7L_A_Y_NAND2X0P5H7L_B_Y_AOI32X0P5H7L_A0_Y_NOR3X0P5H7L_C_Y_NAND2X0P5H7L_B:B (NAND2X0P5H7L)                                                                                                               |        | 0.001       | 0.000      | 0.112      |             | 0.000  | 0.621r          |
| icache_mod.block_cache[4]_30__MUX4X1P4H7L_A_Y_NAND2X0P5H7L_B_Y_AOI32X0P5H7L_A0_Y_NOR3X0P5H7L_C_Y_NAND2X0P5H7L_B:Y (NAND2X0P5H7L)                                                                                                               |        | 0.003       | 0.000      | 0.070      |             | 0.055  | 0.676f          |
| icache_mod.block_cache[4]_30__MUX4X1P4H7L_A_Y_NAND2X0P5H7L_B_Y_AOI32X0P5H7L_A0_Y_NOR3X0P5H7L_C_Y_NAND2X0P5H7L_B_Y (net)                                                                                                                        | 3      |             |            |            | 0.000       |        |                 |
| reg_mod.regs[5]_15__MUX2X0P5H7L_A_Y_AOI221X0P5H7L_A1_Y_OA31X1H7L_A0_Y_OAI21X1P4H7L_B0_Y_AOI32X1P4H7L_A0_B0_AOAI211X0P5H7L_Y_A1_NOR2X1P4H7L_Y:A (NOR2X1P4H7L)                                                                                   |        | 0.001       | 0.000      | 0.070      |             | 0.000  | 0.676f          |
| reg_mod.regs[5]_15__MUX2X0P5H7L_A_Y_AOI221X0P5H7L_A1_Y_OA31X1H7L_A0_Y_OAI21X1P4H7L_B0_Y_AOI32X1P4H7L_A0_B0_AOAI211X0P5H7L_Y_A1_NOR2X1P4H7L_Y:Y (NOR2X1P4H7L)                                                                                   |        | 0.003       | 0.000      | 0.075      |             | 0.064  | 0.740r          |
| reg_mod.regs[5]_15__MUX2X0P5H7L_A_Y_AOI221X0P5H7L_A1_Y_OA31X1H7L_A0_Y_OAI21X1P4H7L_B0_Y_AOI32X1P4H7L_A0_B0_AOAI211X0P5H7L_Y_A1 (net)                                                                                                           | 2      |             |            |            | 0.000       |        |                 |
| reg_mod.regs[5]_15__MUX2X0P5H7L_A_Y_AOI221X0P5H7L_A1_Y_OA31X1H7L_A0_Y_OAI21X1P4H7L_B0_Y_AOI32X1P4H7L_A0_B0_AOAI211X0P5H7L_Y_A1_OAI21X4H7L_B0:B0 (OAI21X4H7L)                                                                                   |        | 0.002       | 0.000      | 0.075      |             | 0.000  | 0.740r          |
| reg_mod.regs[5]_15__MUX2X0P5H7L_A_Y_AOI221X0P5H7L_A1_Y_OA31X1H7L_A0_Y_OAI21X1P4H7L_B0_Y_AOI32X1P4H7L_A0_B0_AOAI211X0P5H7L_Y_A1_OAI21X4H7L_B0:Y (OAI21X4H7L)                                                                                    |        | 0.008       | 0.000      | 0.058      |             | 0.037  | 0.777f          |
| reg_mod.regs[19]_31__AOI221X0P5H7L_A0_C0_NAND3X1H7L_Y_C_AOA211X1P4H7L_C0_A0 (net)                                                                                                                                                              | 8      |             |            |            | 0.000       |        |                 |
| reg_mod.regs[19]_31__AOI221X0P5H7L_A0_C0_NAND3X1H7L_Y_C_AOA211X1P4H7L_C0_A0_NAND3X1P4H7L_C:C (NAND3X1P4H7L)                                                                                                                                    |        | 0.001       | 0.000      | 0.058      |             | 0.000  | 0.777f          |
| reg_mod.regs[19]_31__AOI221X0P5H7L_A0_C0_NAND3X1H7L_Y_C_AOA211X1P4H7L_C0_A0_NAND3X1P4H7L_C:Y (NAND3X1P4H7L)                                                                                                                                    |        | 0.001       | 0.000      | 0.043      |             | 0.029  | 0.806r          |
| reg_mod.regs[19]_31__AOI221X0P5H7L_A0_C0_NAND3X1H7L_Y_C_AOA211X1P4H7L_C0_A0_NAND3X1P4H7L_C_Y (net)                                                                                                                                             | 1      |             |            |            | 0.000       |        |                 |
| reg_mod.regs[19]_31__AOI221X0P5H7L_A0_C0_NAND3X1H7L_Y_C_AOA211X1P4H7L_C0_A0_NAND3X1P4H7L_C_Y_BUFX3P5H7L_A:A (BUFX3P5H7L)                                                                                                                       |        | 0.001       | 0.000      | 0.043      |             | 0.000  | 0.806r          |
| reg_mod.regs[19]_31__AOI221X0P5H7L_A0_C0_NAND3X1H7L_Y_C_AOA211X1P4H7L_C0_A0_NAND3X1P4H7L_C_Y_BUFX3P5H7L_A:Y (BUFX3P5H7L)                                                                                                                       |        | 0.015       | 0.000      | 0.083      |             | 0.073  | 0.879r          |
| pc_mod.pc_9__reg_p_D_AOI31X0P5H7L_Y_A0_OAI211X1P4H7L_Y_A0 (net)                                                                                                                                                                                | 18     |             |            |            | 0.000       |        |                 |
| pc_mod.pc_30__reg_p_D_AOA211X1P4H7L_Y_A0_OAI211X0P7H7L_Y_A1_AOI31X0P5H7L_Y_B0_AOAI211X0P5H7L_Y_B0_OAI211X0P7H7L_Y_B0_AOI21X0P5H7L_A1_B0_OAI21X0P5H7L_Y_A1_OAI21X0P5H7L_A1:B0 (OAI21X0P5H7L)                                                    |        | 0.001       | 0.000      | 0.083      |             | 0.000  | 0.879r          |
| pc_mod.pc_30__reg_p_D_AOA211X1P4H7L_Y_A0_OAI211X0P7H7L_Y_A1_AOI31X0P5H7L_Y_B0_AOAI211X0P5H7L_Y_B0_OAI211X0P7H7L_Y_B0_AOI21X0P5H7L_A1_B0_OAI21X0P5H7L_Y_A1_OAI21X0P5H7L_A1:Y (OAI21X0P5H7L)                                                     |        | 0.001       | 0.000      | 0.058      |             | 0.030  | 0.909f          |
| pc_mod.pc_30__reg_p_D_AOA211X1P4H7L_Y_A0_OAI211X0P7H7L_Y_A1_AOI31X0P5H7L_Y_B0_AOAI211X0P5H7L_Y_B0_OAI211X0P7H7L_Y_B0_AOI21X0P5H7L_A1_B0_OAI21X0P5H7L_Y_A1_OAI21X0P5H7L_A1_Y (net)                                                              | 1      |             |            |            | 0.000       |        |                 |
| pc_mod.pc_30__reg_p_D_AOA211X1P4H7L_Y_A0_OAI211X0P7H7L_Y_A1_AOI31X0P5H7L_Y_B0_AOAI211X0P5H7L_Y_B0_OAI211X0P7H7L_Y_B0_AOI21X0P5H7L_A1_B0_OAI21X0P5H7L_Y_A1_OAI21X0P5H7L_A1_Y_BUFX5H7L_A:A (BUFX5H7L)                                            |        | 0.001       | 0.000      | 0.058      |             | 0.000  | 0.909f          |
| pc_mod.pc_30__reg_p_D_AOA211X1P4H7L_Y_A0_OAI211X0P7H7L_Y_A1_AOI31X0P5H7L_Y_B0_AOAI211X0P5H7L_Y_B0_OAI211X0P7H7L_Y_B0_AOI21X0P5H7L_A1_B0_OAI21X0P5H7L_Y_A1_OAI21X0P5H7L_A1_Y_BUFX5H7L_A:Y (BUFX5H7L)                                            |        | 0.018       | 0.000      | 0.046      |             | 0.070  | 0.979f          |
| pc_mod.pc_27__reg_p_D_OAI21X0P5H7L_Y_A1_OA211X1H7L_Y_A0_OAOI211X0P5H7L_Y_C0 (net)                                                                                                                                                              | 22     |             |            |            | 0.000       |        |                 |
| pc_mod.pc_30__reg_p_D_AOA211X1P4H7L_Y_A0_OAI211X0P7H7L_Y_A1_AOI31X0P5H7L_Y_B0_AOAI211X0P5H7L_Y_B0_OAI211X0P7H7L_Y_B0_AOI21X0P5H7L_A1_A0_AOI31X0P5H7L_A2:B0 (AOI31X0P5H7L)                                                                      |        | 0.001       | 0.000      | 0.046      |             | 0.000  | 0.979f          |
| pc_mod.pc_30__reg_p_D_AOA211X1P4H7L_Y_A0_OAI211X0P7H7L_Y_A1_AOI31X0P5H7L_Y_B0_AOAI211X0P5H7L_Y_B0_OAI211X0P7H7L_Y_B0_AOI21X0P5H7L_A1_A0_AOI31X0P5H7L_A2:Y (AOI31X0P5H7L)                                                                       |        | 0.002       | 0.000      | 0.106      |             | 0.067  | 1.046r          |
| io_master_wstrb_AOAI211X0P5H7L_Y_B0_AOI21X0P5H7L_Y_A1_NOR4X0P5H7L_Y_C_AND2X1H7L_A_B_NAND2X0P5H7L_Y_B_OAI21X0P5H7L_Y_A1 (net)                                                                                                                   | 3      |             |            |            | 0.000       |        |                 |
| io_master_wstrb_AOAI211X0P5H7L_Y_B0_AOI21X0P5H7L_Y_A1_NOR4X0P5H7L_Y_C_AND2X1H7L_A_B_NAND2X0P5H7L_Y_B_OAI21X0P5H7L_Y:A1 (OAI21X0P5H7L)                                                                                                          |        | 0.001       | 0.000      | 0.106      |             | 0.000  | 1.046r          |
| io_master_wstrb_AOAI211X0P5H7L_Y_B0_AOI21X0P5H7L_Y_A1_NOR4X0P5H7L_Y_C_AND2X1H7L_A_B_NAND2X0P5H7L_Y_B_OAI21X0P5H7L_Y:Y (OAI21X0P5H7L)                                                                                                           |        | 0.001       | 0.000      | 0.041      |             | 0.036  | 1.082f          |
| io_master_wstrb_AOAI211X0P5H7L_Y_B0_AOI21X0P5H7L_Y_A1_NOR4X0P5H7L_Y_C_AND2X1H7L_A_B_NAND2X0P5H7L_Y_B (net)                                                                                                                                     | 1      |             |            |            | 0.000       |        |                 |
| io_master_wstrb_AOAI211X0P5H7L_Y_B0_AOI21X0P5H7L_Y_A1_NOR4X0P5H7L_Y_C_AND2X1H7L_A_B_NAND2X0P5H7L_Y:B (NAND2X0P5H7L)                                                                                                                            |        | 0.001       | 0.000      | 0.041      |             | 0.000  | 1.082f          |
| io_master_wstrb_AOAI211X0P5H7L_Y_B0_AOI21X0P5H7L_Y_A1_NOR4X0P5H7L_Y_C_AND2X1H7L_A_B_NAND2X0P5H7L_Y:Y (NAND2X0P5H7L)                                                                                                                            |        | 0.002       | 0.000      | 0.055      |             | 0.042  | 1.124r          |
| io_master_wstrb_AOAI211X0P5H7L_Y_B0_AOI21X0P5H7L_Y_A1_NOR4X0P5H7L_Y_C_AND2X1H7L_A_B (net)                                                                                                                                                      | 3      |             |            |            | 0.000       |        |                 |
| decode_mod.bus_out_rs1_4__NOR2BX1H7L_Z_AN_AOI21X0P5H7L_A0_A1_AOI21X0P5H7L_B0_A1_OAI21X0P5H7L_Y_A1_AOI22X0P5H7L_Y:B1 (AOI22X0P5H7L)                                                                                                             |        | 0.001       | 0.000      | 0.055      |             | 0.000  | 1.124r          |
| decode_mod.bus_out_rs1_4__NOR2BX1H7L_Z_AN_AOI21X0P5H7L_A0_A1_AOI21X0P5H7L_B0_A1_OAI21X0P5H7L_Y_A1_AOI22X0P5H7L_Y:Y (AOI22X0P5H7L)                                                                                                              |        | 0.001       | 0.000      | 0.067      |             | 0.029  | 1.153f          |
| decode_mod.bus_out_rs1_4__NOR2BX1H7L_Z_AN_AOI21X0P5H7L_A0_A1_AOI21X0P5H7L_B0_A1_OAI21X0P5H7L_Y_A1 (net)                                                                                                                                        | 1      |             |            |            | 0.000       |        |                 |
| decode_mod.bus_out_rs1_4__NOR2BX1H7L_Z_AN_AOI21X0P5H7L_A0_A1_AOI21X0P5H7L_B0_A1_OAI21X0P5H7L_Y:A1 (OAI21X0P5H7L)                                                                                                                               |        | 0.001       | 0.000      | 0.067      |             | 0.000  | 1.153f          |
| decode_mod.bus_out_rs1_4__NOR2BX1H7L_Z_AN_AOI21X0P5H7L_A0_A1_AOI21X0P5H7L_B0_A1_OAI21X0P5H7L_Y:Y (OAI21X0P5H7L)                                                                                                                                |        | 0.002       | 0.000      | 0.079      |             | 0.067  | 1.220r          |
| decode_mod.bus_out_rs1_4__NOR2BX1H7L_Z_AN_AOI21X0P5H7L_A0_A1_AOI21X0P5H7L_B0_A1 (net)                                                                                                                                                          | 2      |             |            |            | 0.000       |        |                 |
| decode_mod.bus_out_rs1_4__NOR2BX1H7L_Z_AN_AOI21X0P5H7L_A0_A1_AOI21X0P5H7L_B0_A1_OAI21X0P5H7L_A1:A1 (OAI21X0P5H7L)                                                                                                                              |        | 0.001       | 0.000      | 0.079      |             | 0.000  | 1.220r          |
| decode_mod.bus_out_rs1_4__NOR2BX1H7L_Z_AN_AOI21X0P5H7L_A0_A1_AOI21X0P5H7L_B0_A1_OAI21X0P5H7L_A1:Y (OAI21X0P5H7L)                                                                                                                               |        | 0.004       | 0.000      | 0.106      |             | 0.070  | 1.291f          |
| decode_mod.bus_out_rs1_4__NOR2BX1H7L_Z_B (net)                                                                                                                                                                                                 | 5      |             |            |            | 0.000       |        |                 |
| decode_mod.bus_out_rs1_0__NOR2X0P5H7L_Y:B (NOR2X0P5H7L)                                                                                                                                                                                        |        | 0.001       | 0.000      | 0.106      |             | 0.000  | 1.291f          |
| decode_mod.bus_out_rs1_0__NOR2X0P5H7L_Y:Y (NOR2X0P5H7L)                                                                                                                                                                                        |        | 0.001       | 0.000      | 0.061      |             | 0.056  | 1.346r          |
| decode_mod.bus_out_rs1_0_ (net)                                                                                                                                                                                                                | 1      |             |            |            | 0.000       |        |                 |
| decode_mod.bus_out_rs1_0__BUFX3H7L_A:A (BUFX3H7L)                                                                                                                                                                                              |        | 0.001       | 0.000      | 0.061      |             | 0.000  | 1.346r          |
| decode_mod.bus_out_rs1_0__BUFX3H7L_A:Y (BUFX3H7L)                                                                                                                                                                                              |        | 0.010       | 0.000      | 0.066      |             | 0.072  | 1.418r          |
| reg_mod.regs[4]_11__MUX2X0P5H7L_A_S0 (net)                                                                                                                                                                                                     | 6      |             |            |            | 0.000       |        |                 |
| reg_mod.regs[4]_11__MUX2X0P5H7L_A_S0_BUFX7H7L_A_2:A (BUFX7H7L)                                                                                                                                                                                 |        | 0.002       | 0.000      | 0.066      |             | 0.000  | 1.418r          |
| reg_mod.regs[4]_11__MUX2X0P5H7L_A_S0_BUFX7H7L_A_2:Y (BUFX7H7L)                                                                                                                                                                                 |        | 0.038       | 0.000      | 0.102      |             | 0.085  | 1.504r          |
| reg_mod.regs[4]_5__MUX2X0P5H7L_A_S0 (net)                                                                                                                                                                                                      | 18     |             |            |            | 0.000       |        |                 |
| reg_mod.regs[4]_5__MUX2X0P5H7L_A_S0_BUFX7H7L_A:A (BUFX7H7L)                                                                                                                                                                                    |        | 0.002       | 0.000      | 0.102      |             | 0.000  | 1.504r          |
| reg_mod.regs[4]_5__MUX2X0P5H7L_A_S0_BUFX7H7L_A:Y (BUFX7H7L)                                                                                                                                                                                    |        | 0.038       | 0.000      | 0.103      |             | 0.091  | 1.595r          |
| reg_mod.regs[4]_8__MUX2X0P5H7L_A_S0 (net)                                                                                                                                                                                                      | 21     |             |            |            | 0.000       |        |                 |
| reg_mod.regs[4]_8__MUX2X0P5H7L_A_S0_BUFX7H7L_A:A (BUFX7H7L)                                                                                                                                                                                    |        | 0.002       | 0.000      | 0.103      |             | 0.000  | 1.595r          |
| reg_mod.regs[4]_8__MUX2X0P5H7L_A_S0_BUFX7H7L_A:Y (BUFX7H7L)                                                                                                                                                                                    |        | 0.038       | 0.000      | 0.103      |             | 0.091  | 1.686r          |
| reg_mod.regs[5]_22__MUX2X0P5H7L_B_S0 (net)                                                                                                                                                                                                     | 23     |             |            |            | 0.000       |        |                 |
| reg_mod.regs[2]_22__MUX4X1P4H7L_A_S0_BUFX7H7L_Y:A (BUFX7H7L)                                                                                                                                                                                   |        | 0.002       | 0.000      | 0.103      |             | 0.000  | 1.686r          |
| reg_mod.regs[2]_22__MUX4X1P4H7L_A_S0_BUFX7H7L_Y:Y (BUFX7H7L)                                                                                                                                                                                   |        | 0.036       | 0.000      | 0.097      |             | 0.088  | 1.773r          |
| reg_mod.regs[2]_22__MUX4X1P4H7L_A_S0 (net)                                                                                                                                                                                                     | 18     |             |            |            | 0.000       |        |                 |
| reg_mod.regs[2]_22__MUX4X1P4H7L_A_S0_BUFX3H7L_A:A (BUFX3H7L)                                                                                                                                                                                   |        | 0.001       | 0.000      | 0.097      |             | 0.000  | 1.773r          |
| reg_mod.regs[2]_22__MUX4X1P4H7L_A_S0_BUFX3H7L_A:Y (BUFX3H7L)                                                                                                                                                                                   |        | 0.041       | 0.000      | 0.243      |             | 0.171  | 1.945r          |
| reg_mod.regs[2]_25__MUX4X1P4H7L_A_S0 (net)                                                                                                                                                                                                     | 22     |             |            |            | 0.000       |        |                 |
| reg_mod.regs[9]_22__MUX4X1P4H7L_A_Y_AOI211X0P5H7L_A1:A0 (AOI211X0P5H7L)                                                                                                                                                                        |        | 0.001       | 0.000      | 0.243      |             | 0.000  | 1.945r          |
| reg_mod.regs[9]_22__MUX4X1P4H7L_A_Y_AOI211X0P5H7L_A1:Y (AOI211X0P5H7L)                                                                                                                                                                         |        | 0.001       | 0.000      | 0.069      |             | 0.053  | 1.998f          |
| reg_mod.regs[9]_22__MUX4X1P4H7L_A_Y_AOI211X0P5H7L_A1_Y (net)                                                                                                                                                                                   | 1      |             |            |            | 0.000       |        |                 |
| reg_mod.regs[24]_22__MUX4X1P4H7L_A_Y_OAI21X0P5H7L_A1_Y_AOI21X0P5H7L_A1:B0 (AOI21X0P5H7L)                                                                                                                                                       |        | 0.001       | 0.000      | 0.069      |             | 0.000  | 1.998f          |
| reg_mod.regs[24]_22__MUX4X1P4H7L_A_Y_OAI21X0P5H7L_A1_Y_AOI21X0P5H7L_A1:Y (AOI21X0P5H7L)                                                                                                                                                        |        | 0.001       | 0.000      | 0.048      |             | 0.044  | 2.042r          |
| reg_mod.regs[2]_22__MUX4X1P4H7L_A_Y_MUX4X1P4H7L_B_Y_MUX2X0P5H7L_A_B (net)                                                                                                                                                                      | 1      |             |            |            | 0.000       |        |                 |
| reg_mod.regs[2]_22__MUX4X1P4H7L_A_Y_MUX4X1P4H7L_B_Y_MUX2X0P5H7L_A:B (MUX2X0P5H7L)                                                                                                                                                              |        | 0.001       | 0.000      | 0.048      |             | 0.000  | 2.042r          |
| reg_mod.regs[2]_22__MUX4X1P4H7L_A_Y_MUX4X1P4H7L_B_Y_MUX2X0P5H7L_A:Y (MUX2X0P5H7L)                                                                                                                                                              |        | 0.007       | 0.000      | 0.116      |             | 0.100  | 2.142r          |
| reg_mod.regs[2]_22__MUX4X1P4H7L_A_Y_MUX4X1P4H7L_B_Y_MUX2X0P5H7L_A_Y (net)                                                                                                                                                                      | 7      |             |            |            | 0.000       |        |                 |
| reg_mod.regs[1]_22__MUX2X0P5H7L_A_Y_AOI221X0P5H7L_A1_1_Y_AOI211X0P5H7L_B0_Y_AOI21X0P5H7L_B0_Y_MUX2X0P5H7L_S0_A_OR2X0P5H7L_Y:A (OR2X0P5H7L)                                                                                                     |        | 0.001       | 0.000      | 0.116      |             | 0.000  | 2.142r          |
| reg_mod.regs[1]_22__MUX2X0P5H7L_A_Y_AOI221X0P5H7L_A1_1_Y_AOI211X0P5H7L_B0_Y_AOI21X0P5H7L_B0_Y_MUX2X0P5H7L_S0_A_OR2X0P5H7L_Y:Y (OR2X0P5H7L)                                                                                                     |        | 0.001       | 0.000      | 0.023      |             | 0.044  | 2.186r          |
| reg_mod.regs[1]_22__MUX2X0P5H7L_A_Y_AOI221X0P5H7L_A1_1_Y_AOI211X0P5H7L_B0_Y_AOI21X0P5H7L_B0_Y_MUX2X0P5H7L_S0_A (net)                                                                                                                           | 1      |             |            |            | 0.000       |        |                 |
| reg_mod.regs[1]_22__MUX2X0P5H7L_A_Y_AOI221X0P5H7L_A1_1_Y_AOI211X0P5H7L_B0_Y_AOI21X0P5H7L_B0_Y_MUX2X0P5H7L_S0:A (MUX2X0P5H7L)                                                                                                                   |        | 0.001       | 0.000      | 0.023      |             | 0.000  | 2.186r          |
| reg_mod.regs[1]_22__MUX2X0P5H7L_A_Y_AOI221X0P5H7L_A1_1_Y_AOI211X0P5H7L_B0_Y_AOI21X0P5H7L_B0_Y_MUX2X0P5H7L_S0:Y (MUX2X0P5H7L)                                                                                                                   |        | 0.001       | 0.000      | 0.030      |             | 0.046  | 2.232r          |
| reg_mod.regs[1]_22__MUX2X0P5H7L_A_Y_AOI221X0P5H7L_A1_1_Y_AOI211X0P5H7L_B0_Y_AOI21X0P5H7L_B0_Y_MUX2X0P5H7L_S0_Y (net)                                                                                                                           | 1      |             |            |            | 0.000       |        |                 |
| reg_mod.regs[1]_22__MUX2X0P5H7L_A_Y_AOI221X0P5H7L_A1_1_Y_AOI211X0P5H7L_B0_Y_AOI21X0P5H7L_B0_Y_MUX2X0P5H7L_S0_Y_OAI211X1P4H7L_B0:B0 (OAI211X1P4H7L)                                                                                             |        | 0.001       | 0.000      | 0.030      |             | 0.000  | 2.232r          |
| reg_mod.regs[1]_22__MUX2X0P5H7L_A_Y_AOI221X0P5H7L_A1_1_Y_AOI211X0P5H7L_B0_Y_AOI21X0P5H7L_B0_Y_MUX2X0P5H7L_S0_Y_OAI211X1P4H7L_B0:Y (OAI211X1P4H7L)                                                                                              |        | 0.005       | 0.000      | 0.094      |             | 0.054  | 2.286f          |
| io_master_awvalid_AOA211X1P4H7L_C0_A1_MUXI2X0P5H7L_Y_A_OAI21X0P5H7L_B0_Y_OAOI211X0P5H7L_A1_C0 (net)                                                                                                                                            | 3      |             |            |            | 0.000       |        |                 |
| reg_mod.regs[22]_17__AOI31X0P5H7L_A0_Y_NOR3X1H7L_B_Y_OR3X1H7L_C_Y_AOI33X0P5H7L_A1_Y_NAND2X0P5H7L_B_Y_NOR4X6H7L_C:A (NOR4X6H7L)                                                                                                                 |        | 0.003       | 0.000      | 0.094      |             | 0.000  | 2.286f          |
| reg_mod.regs[22]_17__AOI31X0P5H7L_A0_Y_NOR3X1H7L_B_Y_OR3X1H7L_C_Y_AOI33X0P5H7L_A1_Y_NAND2X0P5H7L_B_Y_NOR4X6H7L_C:Y (NOR4X6H7L)                                                                                                                 |        | 0.002       | 0.000      | 0.062      |             | 0.073  | 2.359r          |
| reg_mod.regs[22]_17__AOI31X0P5H7L_A0_Y_NOR3X1H7L_B_Y_OR3X1H7L_C_Y_AOI33X0P5H7L_A1_Y_NAND2X0P5H7L_B_Y_NOR4X6H7L_C_Y (net)                                                                                                                       | 2      |             |            |            | 0.000       |        |                 |
| reg_mod.regs[4]_15__MUX2X0P5H7L_A_Y_OAI211X0P7H7L_A1_Y_NAND3X0P5H7L_C_Y_NAND3X0P7H7L_C_Y_AOI32X0P5H7L_B1_A0_NAND3X1P4H7L_B:A (NAND3X1P4H7L)                                                                                                    |        | 0.001       | 0.000      | 0.062      |             | 0.000  | 2.359r          |
| reg_mod.regs[4]_15__MUX2X0P5H7L_A_Y_OAI211X0P7H7L_A1_Y_NAND3X0P5H7L_C_Y_NAND3X0P7H7L_C_Y_AOI32X0P5H7L_B1_A0_NAND3X1P4H7L_B:Y (NAND3X1P4H7L)                                                                                                    |        | 0.002       | 0.000      | 0.056      |             | 0.038  | 2.397f          |
| reg_mod.regs[4]_15__MUX2X0P5H7L_A_Y_OAI211X0P7H7L_A1_Y_NAND3X0P5H7L_C_Y_NAND3X0P7H7L_C_Y_AOI32X0P5H7L_B1_A0_NAND3X1P4H7L_B_Y (net)                                                                                                             | 2      |             |            |            | 0.000       |        |                 |
| reg_mod.regs[4]_15__MUX2X0P5H7L_A_Y_OAI211X0P7H7L_A1_Y_NAND3X0P5H7L_C_Y_NAND3X0P7H7L_C_Y_AOI32X0P5H7L_B1_Y_OAI221X1P4H7L_A1:B1 (OAI221X1P4H7L)                                                                                                 |        | 0.001       | 0.000      | 0.056      |             | 0.000  | 2.397f          |
| reg_mod.regs[4]_15__MUX2X0P5H7L_A_Y_OAI211X0P7H7L_A1_Y_NAND3X0P5H7L_C_Y_NAND3X0P7H7L_C_Y_AOI32X0P5H7L_B1_Y_OAI221X1P4H7L_A1:Y (OAI221X1P4H7L)                                                                                                  |        | 0.002       | 0.000      | 0.082      |             | 0.061  | 2.458r          |
| reg_mod.regs[4]_29__MUX2X0P5H7L_A_Y_OAI211X0P7H7L_A1_Y_OAOI211X0P5H7L_B0_Y_OAI211X0P7H7L_A0_Y_OAI221X1P4H7L_C0_Y_NOR3BX3H7L_C_AN (net)                                                                                                         | 2      |             |            |            | 0.000       |        |                 |
| reg_mod.regs[4]_29__MUX2X0P5H7L_A_Y_OAI211X0P7H7L_A1_Y_OAOI211X0P5H7L_B0_Y_OAI211X0P7H7L_A0_Y_OAI221X1P4H7L_C0_Y_NOR3BX3H7L_C_AN_NOR2BX1P4H7L_AN:AN (NOR2BX1P4H7L)                                                                             |        | 0.001       | 0.000      | 0.082      |             | 0.000  | 2.458r          |
| reg_mod.regs[4]_29__MUX2X0P5H7L_A_Y_OAI211X0P7H7L_A1_Y_OAOI211X0P5H7L_B0_Y_OAI211X0P7H7L_A0_Y_OAI221X1P4H7L_C0_Y_NOR3BX3H7L_C_AN_NOR2BX1P4H7L_AN:Z (NOR2BX1P4H7L)                                                                              |        | 0.003       | 0.000      | 0.075      |             | 0.075  | 2.533r          |
| reg_mod.regs[4]_29__MUX2X0P5H7L_A_Y_OAI211X0P7H7L_A1_Y_OAOI211X0P5H7L_B0_Y_OAI211X0P7H7L_A0_Y_OAI221X1P4H7L_C0_Y_NOR3BX3H7L_C_AN_NOR2BX1P4H7L_AN_Z (net)                                                                                       | 2      |             |            |            | 0.000       |        |                 |
| reg_mod.regs[4]_29__MUX2X0P5H7L_A_Y_OAI211X0P7H7L_A1_Y_OAOI211X0P5H7L_B0_Y_OAI211X0P7H7L_A0_Y_OAI221X1P4H7L_C0_Y_NOR3BX3H7L_C_AN_NOR2BX1P4H7L_AN_Z_NOR2BX1P4H7L_B:B (NOR2BX1P4H7L)                                                             |        | 0.001       | 0.000      | 0.075      |             | 0.000  | 2.533r          |
| reg_mod.regs[4]_29__MUX2X0P5H7L_A_Y_OAI211X0P7H7L_A1_Y_OAOI211X0P5H7L_B0_Y_OAI211X0P7H7L_A0_Y_OAI221X1P4H7L_C0_Y_NOR3BX3H7L_C_AN_NOR2BX1P4H7L_AN_Z_NOR2BX1P4H7L_B:Z (NOR2BX1P4H7L)                                                             |        | 0.002       | 0.000      | 0.030      |             | 0.024  | 2.557f          |
| reg_mod.regs[4]_29__MUX2X0P5H7L_A_Y_OAI211X0P7H7L_A1_Y_OAOI211X0P5H7L_B0_Y_OAI211X0P7H7L_A0_Y_OAI221X1P4H7L_C0_Y_NOR3BX3H7L_C_AN_NOR2BX1P4H7L_AN_Z_NOR2BX1P4H7L_B_Z (net)                                                                      | 2      |             |            |            | 0.000       |        |                 |
| reg_mod.regs[4]_29__MUX2X0P5H7L_A_Y_OAI211X0P7H7L_A1_Y_OAOI211X0P5H7L_B0_Y_OAI211X0P7H7L_A0_Y_OAI221X1P4H7L_C0_Y_NOR3BX3H7L_C_Y_NOR2BX1H7L_B_Z_OAI2BB1X0P5H7L_A1N_B0_OAI21X0P5H7L_Y:A1 (OAI21X0P5H7L)                                          |        | 0.001       | 0.000      | 0.030      |             | 0.000  | 2.557f          |
| reg_mod.regs[4]_29__MUX2X0P5H7L_A_Y_OAI211X0P7H7L_A1_Y_OAOI211X0P5H7L_B0_Y_OAI211X0P7H7L_A0_Y_OAI221X1P4H7L_C0_Y_NOR3BX3H7L_C_Y_NOR2BX1H7L_B_Z_OAI2BB1X0P5H7L_A1N_B0_OAI21X0P5H7L_Y:Y (OAI21X0P5H7L)                                           |        | 0.001       | 0.000      | 0.062      |             | 0.042  | 2.599r          |
| reg_mod.regs[4]_29__MUX2X0P5H7L_A_Y_OAI211X0P7H7L_A1_Y_OAOI211X0P5H7L_B0_Y_OAI211X0P7H7L_A0_Y_OAI221X1P4H7L_C0_Y_NOR3BX3H7L_C_Y_NOR2BX1H7L_B_Z_OAI2BB1X0P5H7L_A1N_B0 (net)                                                                     | 1      |             |            |            | 0.000       |        |                 |
| reg_mod.regs[4]_29__MUX2X0P5H7L_A_Y_OAI211X0P7H7L_A1_Y_OAOI211X0P5H7L_B0_Y_OAI211X0P7H7L_A0_Y_OAI221X1P4H7L_C0_Y_NOR3BX3H7L_C_Y_NOR2BX1H7L_B_Z_OAI2BB1X0P5H7L_A1N:B0 (OAI2BB1X0P5H7L)                                                          |        | 0.001       | 0.000      | 0.062      |             | 0.000  | 2.599r          |
| reg_mod.regs[4]_29__MUX2X0P5H7L_A_Y_OAI211X0P7H7L_A1_Y_OAOI211X0P5H7L_B0_Y_OAI211X0P7H7L_A0_Y_OAI221X1P4H7L_C0_Y_NOR3BX3H7L_C_Y_NOR2BX1H7L_B_Z_OAI2BB1X0P5H7L_A1N:Y (OAI2BB1X0P5H7L)                                                           |        | 0.003       | 0.000      | 0.069      |             | 0.054  | 2.653f          |
| csr_mod.regs[3]_0__reg_p_D_OAI21X0P5H7L_Y_A1_INVX0P5H7L_Y_A_AOAI211X0P5H7L_Y_A0_NAND2X0P5H7L_A_Y_AOI21X0P5H7L_B0_Y_AO211X1P4H7L_B0_A0 (net)                                                                                                    | 4      |             |            |            | 0.000       |        |                 |
| pc_mod.pc_30__reg_p_D_AOA211X1P4H7L_Y_A0_OAI211X0P7H7L_Y_A1_AOI31X0P5H7L_Y_B0_AOAI211X0P5H7L_Y_B0_OAI211X0P7H7L_Y_B0_AOI21X0P5H7L_A1_B0_OAI21X0P5H7L_Y_B0_OAOI211X0P5H7L_C0_A0_OR2X1P4H7L_Y:B (OR2X1P4H7L)                                     |        | 0.001       | 0.000      | 0.069      |             | 0.000  | 2.653f          |
| pc_mod.pc_30__reg_p_D_AOA211X1P4H7L_Y_A0_OAI211X0P7H7L_Y_A1_AOI31X0P5H7L_Y_B0_AOAI211X0P5H7L_Y_B0_OAI211X0P7H7L_Y_B0_AOI21X0P5H7L_A1_B0_OAI21X0P5H7L_Y_B0_OAOI211X0P5H7L_C0_A0_OR2X1P4H7L_Y:Y (OR2X1P4H7L)                                     |        | 0.002       | 0.000      | 0.025      |             | 0.065  | 2.719f          |
| pc_mod.pc_30__reg_p_D_AOA211X1P4H7L_Y_A0_OAI211X0P7H7L_Y_A1_AOI31X0P5H7L_Y_B0_AOAI211X0P5H7L_Y_B0_OAI211X0P7H7L_Y_B0_AOI21X0P5H7L_A1_B0_OAI21X0P5H7L_Y_B0_OAOI211X0P5H7L_C0_A0 (net)                                                           | 2      |             |            |            | 0.000       |        |                 |
| pc_mod.pc_30__reg_p_D_AOA211X1P4H7L_Y_A0_OAI211X0P7H7L_Y_A1_AOI31X0P5H7L_Y_B0_AOAI211X0P5H7L_Y_B0_OAI211X0P7H7L_Y_B0_AOI21X0P5H7L_A1_B0_OAI21X0P5H7L_Y_B0_OAOI211X0P5H7L_C0_A0_NOR2X0P5H7L_B:B (NOR2X0P5H7L)                                   |        | 0.001       | 0.000      | 0.025      |             | 0.000  | 2.719f          |
| pc_mod.pc_30__reg_p_D_AOA211X1P4H7L_Y_A0_OAI211X0P7H7L_Y_A1_AOI31X0P5H7L_Y_B0_AOAI211X0P5H7L_Y_B0_OAI211X0P7H7L_Y_B0_AOI21X0P5H7L_A1_B0_OAI21X0P5H7L_Y_B0_OAOI211X0P5H7L_C0_A0_NOR2X0P5H7L_B:Y (NOR2X0P5H7L)                                   |        | 0.001       | 0.000      | 0.058      |             | 0.034  | 2.753r          |
| pc_mod.pc_30__reg_p_D_AOA211X1P4H7L_Y_A0_OAI211X0P7H7L_Y_A1_AOI31X0P5H7L_Y_B0_AOAI211X0P5H7L_Y_B0_OAI211X0P7H7L_Y_B0_AOI21X0P5H7L_A1_B0_OAI21X0P5H7L_Y_B0_OAOI211X0P5H7L_C0_A0_NOR2X0P5H7L_B_Y (net)                                           | 1      |             |            |            | 0.000       |        |                 |
| pc_mod.pc_30__reg_p_D_AOA211X1P4H7L_Y_A0_OAI211X0P7H7L_Y_A1_AOI31X0P5H7L_Y_B0_AOAI211X0P5H7L_Y_B0_OAI211X0P7H7L_Y_B0_AOI21X0P5H7L_A1_B0_OAI21X0P5H7L_Y_B0_OAOI211X0P5H7L_C0_A0_NOR2X0P5H7L_B_Y_AOAI211X0P5H7L_B0:B0 (AOAI211X0P5H7L)           |        | 0.001       | 0.000      | 0.058      |             | 0.000  | 2.753r          |
| pc_mod.pc_30__reg_p_D_AOA211X1P4H7L_Y_A0_OAI211X0P7H7L_Y_A1_AOI31X0P5H7L_Y_B0_AOAI211X0P5H7L_Y_B0_OAI211X0P7H7L_Y_B0_AOI21X0P5H7L_A1_B0_OAI21X0P5H7L_Y_B0_OAOI211X0P5H7L_C0_A0_NOR2X0P5H7L_B_Y_AOAI211X0P5H7L_B0:Y (AOAI211X0P5H7L)            |        | 0.001       | 0.000      | 0.055      |             | 0.035  | 2.788f          |
| pc_mod.pc_30__reg_p_D_AOA211X1P4H7L_Y_A0_OAI211X0P7H7L_Y_A1_AOI31X0P5H7L_Y_B0_AOAI211X0P5H7L_Y_B0_OAI211X0P7H7L_Y_B0_AOI21X0P5H7L_A1_B0_OAI21X0P5H7L_Y_B0_OAOI211X0P5H7L_C0_A0_NOR2X0P5H7L_B_Y_AOAI211X0P5H7L_B0_Y (net)                       | 1      |             |            |            | 0.000       |        |                 |
| pc_mod.pc_30__reg_p_D_AOA211X1P4H7L_Y_A0_OAI211X0P7H7L_Y_A1_AOI31X0P5H7L_Y_B0_AOAI211X0P5H7L_Y_B0_OAI211X0P7H7L_Y_B0_AOI21X0P5H7L_A1_B0_OAI21X0P5H7L_Y_B0_OAOI211X0P5H7L_C0_A0_NOR2X0P5H7L_B_Y_AOAI211X0P5H7L_B0_Y_BUFX1P4H7L_A:A (BUFX1P4H7L) |        | 0.001       | 0.000      | 0.055      |             | 0.000  | 2.788f          |
| pc_mod.pc_30__reg_p_D_AOA211X1P4H7L_Y_A0_OAI211X0P7H7L_Y_A1_AOI31X0P5H7L_Y_B0_AOAI211X0P5H7L_Y_B0_OAI211X0P7H7L_Y_B0_AOI21X0P5H7L_A1_B0_OAI21X0P5H7L_Y_B0_OAOI211X0P5H7L_C0_A0_NOR2X0P5H7L_B_Y_AOAI211X0P5H7L_B0_Y_BUFX1P4H7L_A:Y (BUFX1P4H7L) |        | 0.012       | 0.000      | 0.081      |             | 0.085  | 2.873f          |
| csr_mod.working_reg_2__AOAI211X0P5H7L_Y_C0 (net)                                                                                                                                                                                               | 15     |             |            |            | 0.000       |        |                 |
| csr_mod.working_reg_2__AOAI211X0P5H7L_Y:C0 (AOAI211X0P5H7L)                                                                                                                                                                                    |        | 0.001       | 0.000      | 0.081      |             | 0.000  | 2.873f          |
| csr_mod.working_reg_2__AOAI211X0P5H7L_Y:Y (AOAI211X0P5H7L)                                                                                                                                                                                     |        | 0.002       | 0.000      | 0.088      |             | 0.046  | 2.919r          |
| csr_mod.working_reg_2_ (net)                                                                                                                                                                                                                   | 1      |             |            |            | 0.000       |        |                 |
| csr_mod.working_reg_2__BUFX7H7L_A:A (BUFX7H7L)                                                                                                                                                                                                 |        | 0.002       | 0.000      | 0.088      |             | 0.000  | 2.919r          |
| csr_mod.working_reg_2__BUFX7H7L_A:Y (BUFX7H7L)                                                                                                                                                                                                 |        | 0.033       | 0.000      | 0.091      |             | 0.083  | 3.001r          |
| csr_mod.regs[2]_0__NOR2BX1H7L_AN_B (net)                                                                                                                                                                                                       | 16     |             |            |            | 0.000       |        |                 |
| csr_mod.regs[3]_8__MUX4X1P4H7L_A_S0_BUFX7H7L_Y:A (BUFX7H7L)                                                                                                                                                                                    |        | 0.002       | 0.000      | 0.091      |             | 0.000  | 3.001r          |
| csr_mod.regs[3]_8__MUX4X1P4H7L_A_S0_BUFX7H7L_Y:Y (BUFX7H7L)                                                                                                                                                                                    |        | 0.039       | 0.000      | 0.105      |             | 0.091  | 3.092r          |
| csr_mod.regs[3]_8__MUX4X1P4H7L_A_S0 (net)                                                                                                                                                                                                      | 14     |             |            |            | 0.000       |        |                 |
| csr_mod.regs[3]_8__MUX4X1P4H7L_A_S0_BUFX7H7L_A:A (BUFX7H7L)                                                                                                                                                                                    |        | 0.002       | 0.000      | 0.105      |             | 0.000  | 3.092r          |
| csr_mod.regs[3]_8__MUX4X1P4H7L_A_S0_BUFX7H7L_A:Y (BUFX7H7L)                                                                                                                                                                                    |        | 0.040       | 0.000      | 0.107      |             | 0.093  | 3.185r          |
| csr_mod.regs[2]_3__MUX4X1P4H7L_A_S0 (net)                                                                                                                                                                                                      | 16     |             |            |            | 0.000       |        |                 |
| csr_mod.regs[0]_0__MUX4X1P4H7L_A_Y_AOI21X1P4H7L_A0_A1_NAND2X0P5H7L_Y_A_AOI21X0P5H7L_A0_B0_NAND3X0P5H7L_Y:A (NAND3X0P5H7L)                                                                                                                      |        | 0.001       | 0.000      | 0.107      |             | 0.000  | 3.185r          |
| csr_mod.regs[0]_0__MUX4X1P4H7L_A_Y_AOI21X1P4H7L_A0_A1_NAND2X0P5H7L_Y_A_AOI21X0P5H7L_A0_B0_NAND3X0P5H7L_Y:Y (NAND3X0P5H7L)                                                                                                                      |        | 0.002       | 0.000      | 0.080      |             | 0.055  | 3.240f          |
| csr_mod.regs[0]_0__MUX4X1P4H7L_A_Y_AOI21X1P4H7L_A0_A1_NAND2X0P5H7L_Y_A_AOI21X0P5H7L_A0_B0 (net)                                                                                                                                                | 2      |             |            |            | 0.000       |        |                 |
| csr_mod.regs[0]_0__MUX4X1P4H7L_A_Y_AOI21X1P4H7L_A0_A1_NAND2X0P5H7L_Y_A_AOI21X0P5H7L_A0:B0 (AOI21X0P5H7L)                                                                                                                                       |        | 0.001       | 0.000      | 0.080      |             | 0.000  | 3.240f          |
| csr_mod.regs[0]_0__MUX4X1P4H7L_A_Y_AOI21X1P4H7L_A0_A1_NAND2X0P5H7L_Y_A_AOI21X0P5H7L_A0:Y (AOI21X0P5H7L)                                                                                                                                        |        | 0.002       | 0.000      | 0.082      |             | 0.067  | 3.308r          |
| csr_mod.regs[0]_0__MUX4X1P4H7L_A_Y_AOI21X1P4H7L_A0_A1_NAND2X0P5H7L_Y_A_AOI21X0P5H7L_A0_Y (net)                                                                                                                                                 | 2      |             |            |            | 0.000       |        |                 |
| csr_mod.regs[0]_0__MUX4X1P4H7L_A_Y_AOI21X1P4H7L_A0_A1_NAND2X0P5H7L_Y_A_AOI21X0P5H7L_A0_Y_NAND2BX1H7L_B:B (NAND2BX1H7L)                                                                                                                         |        | 0.001       | 0.000      | 0.082      |             | 0.000  | 3.308r          |
| csr_mod.regs[0]_0__MUX4X1P4H7L_A_Y_AOI21X1P4H7L_A0_A1_NAND2X0P5H7L_Y_A_AOI21X0P5H7L_A0_Y_NAND2BX1H7L_B:Y (NAND2BX1H7L)                                                                                                                         |        | 0.007       | 0.000      | 0.099      |             | 0.077  | 3.385f          |
| csr_mod.regs[4]_7__reg_p_D_NOR2X0P5H7L_Y_A (net)                                                                                                                                                                                               | 10     |             |            |            | 0.000       |        |                 |
| csr_mod.regs[4]_7__reg_p_D_NOR2X0P5H7L_Y_A_BUFX1P4H7L_A:A (BUFX1P4H7L)                                                                                                                                                                         |        | 0.001       | 0.000      | 0.099      |             | 0.000  | 3.385f          |
| csr_mod.regs[4]_7__reg_p_D_NOR2X0P5H7L_Y_A_BUFX1P4H7L_A:Y (BUFX1P4H7L)                                                                                                                                                                         |        | 0.017       | 0.000      | 0.108      |             | 0.110  | 3.494f          |
| csr_mod.regs[4]_9__reg_p_D_NOR2X0P5H7L_Y_A (net)                                                                                                                                                                                               | 24     |             |            |            | 0.000       |        |                 |
| csr_mod.regs[4]_9__reg_p_D_NOR2X0P5H7L_Y_A_NAND2X0P5H7L_B:B (NAND2X0P5H7L)                                                                                                                                                                     |        | 0.001       | 0.000      | 0.108      |             | 0.000  | 3.494f          |
| csr_mod.regs[4]_9__reg_p_D_NOR2X0P5H7L_Y_A_NAND2X0P5H7L_B:Y (NAND2X0P5H7L)                                                                                                                                                                     |        | 0.001       | 0.000      | 0.047      |             | 0.043  | 3.537r          |
| csr_mod.regs[4]_0__reg_p_CK_ICGX0P5H7L_ECK_E (net)                                                                                                                                                                                             | 1      |             |            |            | 0.000       |        |                 |
| csr_mod.regs[4]_0__reg_p_CK_ICGX0P5H7L_ECK:E (ICGX0P5H7L)                                                                                                                                                                                      |        | 0.001       | 0.000      | 0.047      |             | 0.000  | 3.537r          |
|                                                                                                                                                                                                                                                |        |             |            |            |             |        |                 |
| clock (port)                                                                                                                                                                                                                                   |        | 0.110       | 0.000      | 0.000      |             | 0.000  | 0.000r          |
| clock (clock net)                                                                                                                                                                                                                              | 105    |             |            |            | NA          |        |                 |
| csr_mod.regs[4]_0__reg_p_CK_ICGX0P5H7L_ECK:CK (ICGX0P5H7L)                                                                                                                                                                                     |        | 0.002       | 0.000      | 0.000      |             | 0.000  | 0.000r          |
| clock core_clock (rise edge)                                                                                                                                                                                                                   |        |             |            |            |             | 1.769  | 1.769           |
| clock network delay (ideal)                                                                                                                                                                                                                    |        |             |            |            |             | 0.000  | 1.769           |
| csr_mod.regs[4]_0__reg_p_CK_ICGX0P5H7L_ECK:CK (ICGX0P5H7L)                                                                                                                                                                                     |        |             |            |            |             |        | 1.769r          |
| library setup time                                                                                                                                                                                                                             |        |             |            |            |             | -0.054 | 1.715           |
| clock reconvergence pessimism                                                                                                                                                                                                                  |        |             |            |            |             | 0.000  | 1.715           |
|                                                                                                                                                                                                                                                |        |             |            |            |             |        |                 |
| path cell delay                                                                                                                                                                                                                                |        |             |            |            |             |        | 3.537(100.000%) |
| path net delay                                                                                                                                                                                                                                 |        |             |            |            |             |        | 0.000(0.000%)   |
|                                                                                                                                                                                                                                                |        |             |            |            |             |        |                 |
| data require time                                                                                                                                                                                                                              |        |             |            |            |             |        | 1.715           |
| data arrival time                                                                                                                                                                                                                              |        |             |            |            |             |        | 3.537           |
| slack (VIOLATED)                                                                                                                                                                                                                               |        |             |            |            |             |        | -1.822          |
+------------------------------------------------------------------------------------------------------------------------------------------------------------------------------------------------------------------------------------------------+--------+-------------+------------+------------+-------------+--------+-----------------+
+------------------------------------------------------------------------------------------------------------------------------------------------------------------------------------------------------------------------------------------------+--------+-------------+------------+------------+-------------+--------+-----------------+
| Point                                                                                                                                                                                                                                          | Fanout | Capacitance | Resistance | Transition | Delta Delay | Incr   | Path            |
+------------------------------------------------------------------------------------------------------------------------------------------------------------------------------------------------------------------------------------------------+--------+-------------+------------+------------+-------------+--------+-----------------+
| clock (port)                                                                                                                                                                                                                                   |        | 0.150       | 0.000      | 0.000      |             | 0.000  | 0.000r          |
| clock (clock net)                                                                                                                                                                                                                              | 105    |             |            |            | NA          |        |                 |
| pc_mod.pc_2__reg_p:CK (DFFQX1H7L)                                                                                                                                                                                                              |        | 0.001       | 0.000      | 0.000      |             | 0.000  | 0.000r          |
| clock core_clock (rise edge)                                                                                                                                                                                                                   |        |             |            |            |             | 0      | 0               |
| clock network delay (ideal)                                                                                                                                                                                                                    |        |             |            |            |             | 0.000  | 0.000           |
| pc_mod.pc_2__reg_p:CK (DFFQX1H7L)                                                                                                                                                                                                              |        | 0.001       | 0.000      | 0.000      |             | 0.000  | 0.000r          |
| pc_mod.pc_2__reg_p:Q (DFFQX1H7L)                                                                                                                                                                                                               |        | 0.002       | 0.000      | 0.029      |             | 0.067  | 0.067f          |
| pc_mod.pc_2_ (net)                                                                                                                                                                                                                             | 1      |             |            |            | 0.000       |        |                 |
| pc_mod.pc_2__BUFX7H7L_A:A (BUFX7H7L)                                                                                                                                                                                                           |        | 0.002       | 0.000      | 0.029      |             | 0.000  | 0.067f          |
| pc_mod.pc_2__BUFX7H7L_A:Y (BUFX7H7L)                                                                                                                                                                                                           |        | 0.012       | 0.000      | 0.027      |             | 0.046  | 0.113f          |
| pc_mod.pc_2__BUFX7H7L_A_Y (net)                                                                                                                                                                                                                | 4      |             |            |            | 0.000       |        |                 |
| pc_mod.pc_2__BUFX7H7L_A_Y_BUFX16H7L_A_1:A (BUFX16H7L)                                                                                                                                                                                          |        | 0.003       | 0.000      | 0.027      |             | 0.000  | 0.113f          |
| pc_mod.pc_2__BUFX7H7L_A_Y_BUFX16H7L_A_1:Y (BUFX16H7L)                                                                                                                                                                                          |        | 0.042       | 0.000      | 0.035      |             | 0.051  | 0.164f          |
| pc_mod.pc_2__BUFX7H7L_A_Y_BUFX16H7L_A_1_Y (net)                                                                                                                                                                                                | 22     |             |            |            | 0.000       |        |                 |
| icache_mod.block_cache[8]_20__MUX4X1P4H7L_A_S0_BUFX16H7L_Y:A (BUFX16H7L)                                                                                                                                                                       |        | 0.003       | 0.000      | 0.035      |             | 0.000  | 0.164f          |
| icache_mod.block_cache[8]_20__MUX4X1P4H7L_A_S0_BUFX16H7L_Y:Y (BUFX16H7L)                                                                                                                                                                       |        | 0.037       | 0.000      | 0.033      |             | 0.052  | 0.216f          |
| icache_mod.block_cache[8]_20__MUX4X1P4H7L_A_S0 (net)                                                                                                                                                                                           | 15     |             |            |            | 0.000       |        |                 |
| icache_mod.block_cache[8]_25__MUX4X1H7L_A_S0_BUFX12H7L_Y:A (BUFX12H7L)                                                                                                                                                                         |        | 0.003       | 0.000      | 0.033      |             | 0.000  | 0.216f          |
| icache_mod.block_cache[8]_25__MUX4X1H7L_A_S0_BUFX12H7L_Y:Y (BUFX12H7L)                                                                                                                                                                         |        | 0.039       | 0.000      | 0.041      |             | 0.056  | 0.273f          |
| icache_mod.block_cache[8]_25__MUX4X1H7L_A_S0 (net)                                                                                                                                                                                             | 14     |             |            |            | 0.000       |        |                 |
| icache_mod.block_cache[8]_25__MUX4X1H7L_A_S0_BUFX16H7L_A:A (BUFX16H7L)                                                                                                                                                                         |        | 0.003       | 0.000      | 0.041      |             | 0.000  | 0.273f          |
| icache_mod.block_cache[8]_25__MUX4X1H7L_A_S0_BUFX16H7L_A:Y (BUFX16H7L)                                                                                                                                                                         |        | 0.042       | 0.000      | 0.036      |             | 0.056  | 0.329f          |
| icache_mod.block_cache[4]_30__MUX4X1P4H7L_A_S0 (net)                                                                                                                                                                                           | 16     |             |            |            | 0.000       |        |                 |
| icache_mod.block_cache[8]_28__MUX4X1P4H7L_A:S0 (MUX4X1P4H7L)                                                                                                                                                                                   |        | 0.003       | 0.000      | 0.036      |             | 0.000  | 0.329f          |
| icache_mod.block_cache[8]_28__MUX4X1P4H7L_A:Y (MUX4X1P4H7L)                                                                                                                                                                                    |        | 0.001       | 0.000      | 0.036      |             | 0.089  | 0.418f          |
| icache_mod.block_cache[8]_28__MUX4X1P4H7L_A_Y (net)                                                                                                                                                                                            | 1      |             |            |            | 0.000       |        |                 |
| icache_mod.block_cache[8]_28__MUX4X1P4H7L_A_Y_AOI22X0P5H7L_A1:A1 (AOI22X0P5H7L)                                                                                                                                                                |        | 0.001       | 0.000      | 0.036      |             | 0.000  | 0.418f          |
| icache_mod.block_cache[8]_28__MUX4X1P4H7L_A_Y_AOI22X0P5H7L_A1:Y (AOI22X0P5H7L)                                                                                                                                                                 |        | 0.001       | 0.000      | 0.060      |             | 0.052  | 0.470r          |
| icache_mod.block_cache[8]_28__MUX4X1P4H7L_A_Y_AOI22X0P5H7L_A1_Y (net)                                                                                                                                                                          | 1      |             |            |            | 0.000       |        |                 |
| icache_mod.block_cache[8]_28__MUX4X1P4H7L_A_Y_AOI22X0P5H7L_A1_Y_NAND2X0P5H7L_A:A (NAND2X0P5H7L)                                                                                                                                                |        | 0.001       | 0.000      | 0.060      |             | 0.000  | 0.470r          |
| icache_mod.block_cache[8]_28__MUX4X1P4H7L_A_Y_AOI22X0P5H7L_A1_Y_NAND2X0P5H7L_A:Y (NAND2X0P5H7L)                                                                                                                                                |        | 0.004       | 0.000      | 0.079      |             | 0.061  | 0.531f          |
| icache_mod.block_cache[8]_28__MUX4X1P4H7L_A_Y_AOI22X0P5H7L_A1_Y_NAND2X0P5H7L_A_Y (net)                                                                                                                                                         | 5      |             |            |            | 0.000       |        |                 |
| icache_mod.block_cache[4]_30__MUX4X1P4H7L_A_Y_NAND2X0P5H7L_B_Y_AOI32X0P5H7L_A0_Y_NOR3X0P5H7L_C:B (NOR3X0P5H7L)                                                                                                                                 |        | 0.001       | 0.000      | 0.079      |             | 0.000  | 0.531f          |
| icache_mod.block_cache[4]_30__MUX4X1P4H7L_A_Y_NAND2X0P5H7L_B_Y_AOI32X0P5H7L_A0_Y_NOR3X0P5H7L_C:Y (NOR3X0P5H7L)                                                                                                                                 |        | 0.002       | 0.000      | 0.112      |             | 0.090  | 0.621r          |
| icache_mod.block_cache[4]_30__MUX4X1P4H7L_A_Y_NAND2X0P5H7L_B_Y_AOI32X0P5H7L_A0_Y_NOR3X0P5H7L_C_Y (net)                                                                                                                                         | 2      |             |            |            | 0.000       |        |                 |
| icache_mod.block_cache[4]_30__MUX4X1P4H7L_A_Y_NAND2X0P5H7L_B_Y_AOI32X0P5H7L_A0_Y_NOR3X0P5H7L_C_Y_NAND2X0P5H7L_B:B (NAND2X0P5H7L)                                                                                                               |        | 0.001       | 0.000      | 0.112      |             | 0.000  | 0.621r          |
| icache_mod.block_cache[4]_30__MUX4X1P4H7L_A_Y_NAND2X0P5H7L_B_Y_AOI32X0P5H7L_A0_Y_NOR3X0P5H7L_C_Y_NAND2X0P5H7L_B:Y (NAND2X0P5H7L)                                                                                                               |        | 0.003       | 0.000      | 0.070      |             | 0.055  | 0.676f          |
| icache_mod.block_cache[4]_30__MUX4X1P4H7L_A_Y_NAND2X0P5H7L_B_Y_AOI32X0P5H7L_A0_Y_NOR3X0P5H7L_C_Y_NAND2X0P5H7L_B_Y (net)                                                                                                                        | 3      |             |            |            | 0.000       |        |                 |
| reg_mod.regs[5]_15__MUX2X0P5H7L_A_Y_AOI221X0P5H7L_A1_Y_OA31X1H7L_A0_Y_OAI21X1P4H7L_B0_Y_AOI32X1P4H7L_A0_B0_AOAI211X0P5H7L_Y_A1_NOR2X1P4H7L_Y:A (NOR2X1P4H7L)                                                                                   |        | 0.001       | 0.000      | 0.070      |             | 0.000  | 0.676f          |
| reg_mod.regs[5]_15__MUX2X0P5H7L_A_Y_AOI221X0P5H7L_A1_Y_OA31X1H7L_A0_Y_OAI21X1P4H7L_B0_Y_AOI32X1P4H7L_A0_B0_AOAI211X0P5H7L_Y_A1_NOR2X1P4H7L_Y:Y (NOR2X1P4H7L)                                                                                   |        | 0.003       | 0.000      | 0.075      |             | 0.064  | 0.740r          |
| reg_mod.regs[5]_15__MUX2X0P5H7L_A_Y_AOI221X0P5H7L_A1_Y_OA31X1H7L_A0_Y_OAI21X1P4H7L_B0_Y_AOI32X1P4H7L_A0_B0_AOAI211X0P5H7L_Y_A1 (net)                                                                                                           | 2      |             |            |            | 0.000       |        |                 |
| reg_mod.regs[5]_15__MUX2X0P5H7L_A_Y_AOI221X0P5H7L_A1_Y_OA31X1H7L_A0_Y_OAI21X1P4H7L_B0_Y_AOI32X1P4H7L_A0_B0_AOAI211X0P5H7L_Y_A1_OAI21X4H7L_B0:B0 (OAI21X4H7L)                                                                                   |        | 0.002       | 0.000      | 0.075      |             | 0.000  | 0.740r          |
| reg_mod.regs[5]_15__MUX2X0P5H7L_A_Y_AOI221X0P5H7L_A1_Y_OA31X1H7L_A0_Y_OAI21X1P4H7L_B0_Y_AOI32X1P4H7L_A0_B0_AOAI211X0P5H7L_Y_A1_OAI21X4H7L_B0:Y (OAI21X4H7L)                                                                                    |        | 0.008       | 0.000      | 0.058      |             | 0.037  | 0.777f          |
| reg_mod.regs[19]_31__AOI221X0P5H7L_A0_C0_NAND3X1H7L_Y_C_AOA211X1P4H7L_C0_A0 (net)                                                                                                                                                              | 8      |             |            |            | 0.000       |        |                 |
| reg_mod.regs[19]_31__AOI221X0P5H7L_A0_C0_NAND3X1H7L_Y_C_AOA211X1P4H7L_C0_A0_NAND3X1P4H7L_C:C (NAND3X1P4H7L)                                                                                                                                    |        | 0.001       | 0.000      | 0.058      |             | 0.000  | 0.777f          |
| reg_mod.regs[19]_31__AOI221X0P5H7L_A0_C0_NAND3X1H7L_Y_C_AOA211X1P4H7L_C0_A0_NAND3X1P4H7L_C:Y (NAND3X1P4H7L)                                                                                                                                    |        | 0.001       | 0.000      | 0.043      |             | 0.029  | 0.806r          |
| reg_mod.regs[19]_31__AOI221X0P5H7L_A0_C0_NAND3X1H7L_Y_C_AOA211X1P4H7L_C0_A0_NAND3X1P4H7L_C_Y (net)                                                                                                                                             | 1      |             |            |            | 0.000       |        |                 |
| reg_mod.regs[19]_31__AOI221X0P5H7L_A0_C0_NAND3X1H7L_Y_C_AOA211X1P4H7L_C0_A0_NAND3X1P4H7L_C_Y_BUFX3P5H7L_A:A (BUFX3P5H7L)                                                                                                                       |        | 0.001       | 0.000      | 0.043      |             | 0.000  | 0.806r          |
| reg_mod.regs[19]_31__AOI221X0P5H7L_A0_C0_NAND3X1H7L_Y_C_AOA211X1P4H7L_C0_A0_NAND3X1P4H7L_C_Y_BUFX3P5H7L_A:Y (BUFX3P5H7L)                                                                                                                       |        | 0.015       | 0.000      | 0.083      |             | 0.073  | 0.879r          |
| pc_mod.pc_9__reg_p_D_AOI31X0P5H7L_Y_A0_OAI211X1P4H7L_Y_A0 (net)                                                                                                                                                                                | 18     |             |            |            | 0.000       |        |                 |
| pc_mod.pc_30__reg_p_D_AOA211X1P4H7L_Y_A0_OAI211X0P7H7L_Y_A1_AOI31X0P5H7L_Y_B0_AOAI211X0P5H7L_Y_B0_OAI211X0P7H7L_Y_B0_AOI21X0P5H7L_A1_B0_OAI21X0P5H7L_Y_A1_OAI21X0P5H7L_A1:B0 (OAI21X0P5H7L)                                                    |        | 0.001       | 0.000      | 0.083      |             | 0.000  | 0.879r          |
| pc_mod.pc_30__reg_p_D_AOA211X1P4H7L_Y_A0_OAI211X0P7H7L_Y_A1_AOI31X0P5H7L_Y_B0_AOAI211X0P5H7L_Y_B0_OAI211X0P7H7L_Y_B0_AOI21X0P5H7L_A1_B0_OAI21X0P5H7L_Y_A1_OAI21X0P5H7L_A1:Y (OAI21X0P5H7L)                                                     |        | 0.001       | 0.000      | 0.058      |             | 0.030  | 0.909f          |
| pc_mod.pc_30__reg_p_D_AOA211X1P4H7L_Y_A0_OAI211X0P7H7L_Y_A1_AOI31X0P5H7L_Y_B0_AOAI211X0P5H7L_Y_B0_OAI211X0P7H7L_Y_B0_AOI21X0P5H7L_A1_B0_OAI21X0P5H7L_Y_A1_OAI21X0P5H7L_A1_Y (net)                                                              | 1      |             |            |            | 0.000       |        |                 |
| pc_mod.pc_30__reg_p_D_AOA211X1P4H7L_Y_A0_OAI211X0P7H7L_Y_A1_AOI31X0P5H7L_Y_B0_AOAI211X0P5H7L_Y_B0_OAI211X0P7H7L_Y_B0_AOI21X0P5H7L_A1_B0_OAI21X0P5H7L_Y_A1_OAI21X0P5H7L_A1_Y_BUFX5H7L_A:A (BUFX5H7L)                                            |        | 0.001       | 0.000      | 0.058      |             | 0.000  | 0.909f          |
| pc_mod.pc_30__reg_p_D_AOA211X1P4H7L_Y_A0_OAI211X0P7H7L_Y_A1_AOI31X0P5H7L_Y_B0_AOAI211X0P5H7L_Y_B0_OAI211X0P7H7L_Y_B0_AOI21X0P5H7L_A1_B0_OAI21X0P5H7L_Y_A1_OAI21X0P5H7L_A1_Y_BUFX5H7L_A:Y (BUFX5H7L)                                            |        | 0.018       | 0.000      | 0.046      |             | 0.070  | 0.979f          |
| pc_mod.pc_27__reg_p_D_OAI21X0P5H7L_Y_A1_OA211X1H7L_Y_A0_OAOI211X0P5H7L_Y_C0 (net)                                                                                                                                                              | 22     |             |            |            | 0.000       |        |                 |
| pc_mod.pc_30__reg_p_D_AOA211X1P4H7L_Y_A0_OAI211X0P7H7L_Y_A1_AOI31X0P5H7L_Y_B0_AOAI211X0P5H7L_Y_B0_OAI211X0P7H7L_Y_B0_AOI21X0P5H7L_A1_A0_AOI31X0P5H7L_A2:B0 (AOI31X0P5H7L)                                                                      |        | 0.001       | 0.000      | 0.046      |             | 0.000  | 0.979f          |
| pc_mod.pc_30__reg_p_D_AOA211X1P4H7L_Y_A0_OAI211X0P7H7L_Y_A1_AOI31X0P5H7L_Y_B0_AOAI211X0P5H7L_Y_B0_OAI211X0P7H7L_Y_B0_AOI21X0P5H7L_A1_A0_AOI31X0P5H7L_A2:Y (AOI31X0P5H7L)                                                                       |        | 0.002       | 0.000      | 0.106      |             | 0.067  | 1.046r          |
| io_master_wstrb_AOAI211X0P5H7L_Y_B0_AOI21X0P5H7L_Y_A1_NOR4X0P5H7L_Y_C_AND2X1H7L_A_B_NAND2X0P5H7L_Y_B_OAI21X0P5H7L_Y_A1 (net)                                                                                                                   | 3      |             |            |            | 0.000       |        |                 |
| io_master_wstrb_AOAI211X0P5H7L_Y_B0_AOI21X0P5H7L_Y_A1_NOR4X0P5H7L_Y_C_AND2X1H7L_A_B_NAND2X0P5H7L_Y_B_OAI21X0P5H7L_Y:A1 (OAI21X0P5H7L)                                                                                                          |        | 0.001       | 0.000      | 0.106      |             | 0.000  | 1.046r          |
| io_master_wstrb_AOAI211X0P5H7L_Y_B0_AOI21X0P5H7L_Y_A1_NOR4X0P5H7L_Y_C_AND2X1H7L_A_B_NAND2X0P5H7L_Y_B_OAI21X0P5H7L_Y:Y (OAI21X0P5H7L)                                                                                                           |        | 0.001       | 0.000      | 0.041      |             | 0.036  | 1.082f          |
| io_master_wstrb_AOAI211X0P5H7L_Y_B0_AOI21X0P5H7L_Y_A1_NOR4X0P5H7L_Y_C_AND2X1H7L_A_B_NAND2X0P5H7L_Y_B (net)                                                                                                                                     | 1      |             |            |            | 0.000       |        |                 |
| io_master_wstrb_AOAI211X0P5H7L_Y_B0_AOI21X0P5H7L_Y_A1_NOR4X0P5H7L_Y_C_AND2X1H7L_A_B_NAND2X0P5H7L_Y:B (NAND2X0P5H7L)                                                                                                                            |        | 0.001       | 0.000      | 0.041      |             | 0.000  | 1.082f          |
| io_master_wstrb_AOAI211X0P5H7L_Y_B0_AOI21X0P5H7L_Y_A1_NOR4X0P5H7L_Y_C_AND2X1H7L_A_B_NAND2X0P5H7L_Y:Y (NAND2X0P5H7L)                                                                                                                            |        | 0.002       | 0.000      | 0.055      |             | 0.042  | 1.124r          |
| io_master_wstrb_AOAI211X0P5H7L_Y_B0_AOI21X0P5H7L_Y_A1_NOR4X0P5H7L_Y_C_AND2X1H7L_A_B (net)                                                                                                                                                      | 3      |             |            |            | 0.000       |        |                 |
| decode_mod.bus_out_rs1_4__NOR2BX1H7L_Z_AN_AOI21X0P5H7L_A0_A1_AOI21X0P5H7L_B0_A1_OAI21X0P5H7L_Y_A1_AOI22X0P5H7L_Y:B1 (AOI22X0P5H7L)                                                                                                             |        | 0.001       | 0.000      | 0.055      |             | 0.000  | 1.124r          |
| decode_mod.bus_out_rs1_4__NOR2BX1H7L_Z_AN_AOI21X0P5H7L_A0_A1_AOI21X0P5H7L_B0_A1_OAI21X0P5H7L_Y_A1_AOI22X0P5H7L_Y:Y (AOI22X0P5H7L)                                                                                                              |        | 0.001       | 0.000      | 0.067      |             | 0.029  | 1.153f          |
| decode_mod.bus_out_rs1_4__NOR2BX1H7L_Z_AN_AOI21X0P5H7L_A0_A1_AOI21X0P5H7L_B0_A1_OAI21X0P5H7L_Y_A1 (net)                                                                                                                                        | 1      |             |            |            | 0.000       |        |                 |
| decode_mod.bus_out_rs1_4__NOR2BX1H7L_Z_AN_AOI21X0P5H7L_A0_A1_AOI21X0P5H7L_B0_A1_OAI21X0P5H7L_Y:A1 (OAI21X0P5H7L)                                                                                                                               |        | 0.001       | 0.000      | 0.067      |             | 0.000  | 1.153f          |
| decode_mod.bus_out_rs1_4__NOR2BX1H7L_Z_AN_AOI21X0P5H7L_A0_A1_AOI21X0P5H7L_B0_A1_OAI21X0P5H7L_Y:Y (OAI21X0P5H7L)                                                                                                                                |        | 0.002       | 0.000      | 0.079      |             | 0.067  | 1.220r          |
| decode_mod.bus_out_rs1_4__NOR2BX1H7L_Z_AN_AOI21X0P5H7L_A0_A1_AOI21X0P5H7L_B0_A1 (net)                                                                                                                                                          | 2      |             |            |            | 0.000       |        |                 |
| decode_mod.bus_out_rs1_4__NOR2BX1H7L_Z_AN_AOI21X0P5H7L_A0_A1_AOI21X0P5H7L_B0_A1_OAI21X0P5H7L_A1:A1 (OAI21X0P5H7L)                                                                                                                              |        | 0.001       | 0.000      | 0.079      |             | 0.000  | 1.220r          |
| decode_mod.bus_out_rs1_4__NOR2BX1H7L_Z_AN_AOI21X0P5H7L_A0_A1_AOI21X0P5H7L_B0_A1_OAI21X0P5H7L_A1:Y (OAI21X0P5H7L)                                                                                                                               |        | 0.004       | 0.000      | 0.106      |             | 0.070  | 1.291f          |
| decode_mod.bus_out_rs1_4__NOR2BX1H7L_Z_B (net)                                                                                                                                                                                                 | 5      |             |            |            | 0.000       |        |                 |
| decode_mod.bus_out_rs1_0__NOR2X0P5H7L_Y:B (NOR2X0P5H7L)                                                                                                                                                                                        |        | 0.001       | 0.000      | 0.106      |             | 0.000  | 1.291f          |
| decode_mod.bus_out_rs1_0__NOR2X0P5H7L_Y:Y (NOR2X0P5H7L)                                                                                                                                                                                        |        | 0.001       | 0.000      | 0.061      |             | 0.056  | 1.346r          |
| decode_mod.bus_out_rs1_0_ (net)                                                                                                                                                                                                                | 1      |             |            |            | 0.000       |        |                 |
| decode_mod.bus_out_rs1_0__BUFX3H7L_A:A (BUFX3H7L)                                                                                                                                                                                              |        | 0.001       | 0.000      | 0.061      |             | 0.000  | 1.346r          |
| decode_mod.bus_out_rs1_0__BUFX3H7L_A:Y (BUFX3H7L)                                                                                                                                                                                              |        | 0.010       | 0.000      | 0.066      |             | 0.072  | 1.418r          |
| reg_mod.regs[4]_11__MUX2X0P5H7L_A_S0 (net)                                                                                                                                                                                                     | 6      |             |            |            | 0.000       |        |                 |
| reg_mod.regs[4]_11__MUX2X0P5H7L_A_S0_BUFX7H7L_A_2:A (BUFX7H7L)                                                                                                                                                                                 |        | 0.002       | 0.000      | 0.066      |             | 0.000  | 1.418r          |
| reg_mod.regs[4]_11__MUX2X0P5H7L_A_S0_BUFX7H7L_A_2:Y (BUFX7H7L)                                                                                                                                                                                 |        | 0.038       | 0.000      | 0.102      |             | 0.085  | 1.504r          |
| reg_mod.regs[4]_5__MUX2X0P5H7L_A_S0 (net)                                                                                                                                                                                                      | 18     |             |            |            | 0.000       |        |                 |
| reg_mod.regs[4]_5__MUX2X0P5H7L_A_S0_BUFX7H7L_A:A (BUFX7H7L)                                                                                                                                                                                    |        | 0.002       | 0.000      | 0.102      |             | 0.000  | 1.504r          |
| reg_mod.regs[4]_5__MUX2X0P5H7L_A_S0_BUFX7H7L_A:Y (BUFX7H7L)                                                                                                                                                                                    |        | 0.038       | 0.000      | 0.103      |             | 0.091  | 1.595r          |
| reg_mod.regs[4]_8__MUX2X0P5H7L_A_S0 (net)                                                                                                                                                                                                      | 21     |             |            |            | 0.000       |        |                 |
| reg_mod.regs[4]_8__MUX2X0P5H7L_A_S0_BUFX7H7L_A:A (BUFX7H7L)                                                                                                                                                                                    |        | 0.002       | 0.000      | 0.103      |             | 0.000  | 1.595r          |
| reg_mod.regs[4]_8__MUX2X0P5H7L_A_S0_BUFX7H7L_A:Y (BUFX7H7L)                                                                                                                                                                                    |        | 0.038       | 0.000      | 0.103      |             | 0.091  | 1.686r          |
| reg_mod.regs[5]_22__MUX2X0P5H7L_B_S0 (net)                                                                                                                                                                                                     | 23     |             |            |            | 0.000       |        |                 |
| reg_mod.regs[2]_22__MUX4X1P4H7L_A_S0_BUFX7H7L_Y:A (BUFX7H7L)                                                                                                                                                                                   |        | 0.002       | 0.000      | 0.103      |             | 0.000  | 1.686r          |
| reg_mod.regs[2]_22__MUX4X1P4H7L_A_S0_BUFX7H7L_Y:Y (BUFX7H7L)                                                                                                                                                                                   |        | 0.036       | 0.000      | 0.097      |             | 0.088  | 1.773r          |
| reg_mod.regs[2]_22__MUX4X1P4H7L_A_S0 (net)                                                                                                                                                                                                     | 18     |             |            |            | 0.000       |        |                 |
| reg_mod.regs[2]_22__MUX4X1P4H7L_A_S0_BUFX3H7L_A:A (BUFX3H7L)                                                                                                                                                                                   |        | 0.001       | 0.000      | 0.097      |             | 0.000  | 1.773r          |
| reg_mod.regs[2]_22__MUX4X1P4H7L_A_S0_BUFX3H7L_A:Y (BUFX3H7L)                                                                                                                                                                                   |        | 0.041       | 0.000      | 0.243      |             | 0.171  | 1.945r          |
| reg_mod.regs[2]_25__MUX4X1P4H7L_A_S0 (net)                                                                                                                                                                                                     | 22     |             |            |            | 0.000       |        |                 |
| reg_mod.regs[9]_22__MUX4X1P4H7L_A_Y_AOI211X0P5H7L_A1:A0 (AOI211X0P5H7L)                                                                                                                                                                        |        | 0.001       | 0.000      | 0.243      |             | 0.000  | 1.945r          |
| reg_mod.regs[9]_22__MUX4X1P4H7L_A_Y_AOI211X0P5H7L_A1:Y (AOI211X0P5H7L)                                                                                                                                                                         |        | 0.001       | 0.000      | 0.069      |             | 0.053  | 1.998f          |
| reg_mod.regs[9]_22__MUX4X1P4H7L_A_Y_AOI211X0P5H7L_A1_Y (net)                                                                                                                                                                                   | 1      |             |            |            | 0.000       |        |                 |
| reg_mod.regs[24]_22__MUX4X1P4H7L_A_Y_OAI21X0P5H7L_A1_Y_AOI21X0P5H7L_A1:B0 (AOI21X0P5H7L)                                                                                                                                                       |        | 0.001       | 0.000      | 0.069      |             | 0.000  | 1.998f          |
| reg_mod.regs[24]_22__MUX4X1P4H7L_A_Y_OAI21X0P5H7L_A1_Y_AOI21X0P5H7L_A1:Y (AOI21X0P5H7L)                                                                                                                                                        |        | 0.001       | 0.000      | 0.048      |             | 0.044  | 2.042r          |
| reg_mod.regs[2]_22__MUX4X1P4H7L_A_Y_MUX4X1P4H7L_B_Y_MUX2X0P5H7L_A_B (net)                                                                                                                                                                      | 1      |             |            |            | 0.000       |        |                 |
| reg_mod.regs[2]_22__MUX4X1P4H7L_A_Y_MUX4X1P4H7L_B_Y_MUX2X0P5H7L_A:B (MUX2X0P5H7L)                                                                                                                                                              |        | 0.001       | 0.000      | 0.048      |             | 0.000  | 2.042r          |
| reg_mod.regs[2]_22__MUX4X1P4H7L_A_Y_MUX4X1P4H7L_B_Y_MUX2X0P5H7L_A:Y (MUX2X0P5H7L)                                                                                                                                                              |        | 0.007       | 0.000      | 0.116      |             | 0.100  | 2.142r          |
| reg_mod.regs[2]_22__MUX4X1P4H7L_A_Y_MUX4X1P4H7L_B_Y_MUX2X0P5H7L_A_Y (net)                                                                                                                                                                      | 7      |             |            |            | 0.000       |        |                 |
| reg_mod.regs[1]_22__MUX2X0P5H7L_A_Y_AOI221X0P5H7L_A1_1_Y_AOI211X0P5H7L_B0_Y_AOI21X0P5H7L_B0_Y_MUX2X0P5H7L_S0_A_OR2X0P5H7L_Y:A (OR2X0P5H7L)                                                                                                     |        | 0.001       | 0.000      | 0.116      |             | 0.000  | 2.142r          |
| reg_mod.regs[1]_22__MUX2X0P5H7L_A_Y_AOI221X0P5H7L_A1_1_Y_AOI211X0P5H7L_B0_Y_AOI21X0P5H7L_B0_Y_MUX2X0P5H7L_S0_A_OR2X0P5H7L_Y:Y (OR2X0P5H7L)                                                                                                     |        | 0.001       | 0.000      | 0.023      |             | 0.044  | 2.186r          |
| reg_mod.regs[1]_22__MUX2X0P5H7L_A_Y_AOI221X0P5H7L_A1_1_Y_AOI211X0P5H7L_B0_Y_AOI21X0P5H7L_B0_Y_MUX2X0P5H7L_S0_A (net)                                                                                                                           | 1      |             |            |            | 0.000       |        |                 |
| reg_mod.regs[1]_22__MUX2X0P5H7L_A_Y_AOI221X0P5H7L_A1_1_Y_AOI211X0P5H7L_B0_Y_AOI21X0P5H7L_B0_Y_MUX2X0P5H7L_S0:A (MUX2X0P5H7L)                                                                                                                   |        | 0.001       | 0.000      | 0.023      |             | 0.000  | 2.186r          |
| reg_mod.regs[1]_22__MUX2X0P5H7L_A_Y_AOI221X0P5H7L_A1_1_Y_AOI211X0P5H7L_B0_Y_AOI21X0P5H7L_B0_Y_MUX2X0P5H7L_S0:Y (MUX2X0P5H7L)                                                                                                                   |        | 0.001       | 0.000      | 0.030      |             | 0.046  | 2.232r          |
| reg_mod.regs[1]_22__MUX2X0P5H7L_A_Y_AOI221X0P5H7L_A1_1_Y_AOI211X0P5H7L_B0_Y_AOI21X0P5H7L_B0_Y_MUX2X0P5H7L_S0_Y (net)                                                                                                                           | 1      |             |            |            | 0.000       |        |                 |
| reg_mod.regs[1]_22__MUX2X0P5H7L_A_Y_AOI221X0P5H7L_A1_1_Y_AOI211X0P5H7L_B0_Y_AOI21X0P5H7L_B0_Y_MUX2X0P5H7L_S0_Y_OAI211X1P4H7L_B0:B0 (OAI211X1P4H7L)                                                                                             |        | 0.001       | 0.000      | 0.030      |             | 0.000  | 2.232r          |
| reg_mod.regs[1]_22__MUX2X0P5H7L_A_Y_AOI221X0P5H7L_A1_1_Y_AOI211X0P5H7L_B0_Y_AOI21X0P5H7L_B0_Y_MUX2X0P5H7L_S0_Y_OAI211X1P4H7L_B0:Y (OAI211X1P4H7L)                                                                                              |        | 0.005       | 0.000      | 0.094      |             | 0.054  | 2.286f          |
| io_master_awvalid_AOA211X1P4H7L_C0_A1_MUXI2X0P5H7L_Y_A_OAI21X0P5H7L_B0_Y_OAOI211X0P5H7L_A1_C0 (net)                                                                                                                                            | 3      |             |            |            | 0.000       |        |                 |
| reg_mod.regs[22]_17__AOI31X0P5H7L_A0_Y_NOR3X1H7L_B_Y_OR3X1H7L_C_Y_AOI33X0P5H7L_A1_Y_NAND2X0P5H7L_B_Y_NOR4X6H7L_C:A (NOR4X6H7L)                                                                                                                 |        | 0.003       | 0.000      | 0.094      |             | 0.000  | 2.286f          |
| reg_mod.regs[22]_17__AOI31X0P5H7L_A0_Y_NOR3X1H7L_B_Y_OR3X1H7L_C_Y_AOI33X0P5H7L_A1_Y_NAND2X0P5H7L_B_Y_NOR4X6H7L_C:Y (NOR4X6H7L)                                                                                                                 |        | 0.002       | 0.000      | 0.062      |             | 0.073  | 2.359r          |
| reg_mod.regs[22]_17__AOI31X0P5H7L_A0_Y_NOR3X1H7L_B_Y_OR3X1H7L_C_Y_AOI33X0P5H7L_A1_Y_NAND2X0P5H7L_B_Y_NOR4X6H7L_C_Y (net)                                                                                                                       | 2      |             |            |            | 0.000       |        |                 |
| reg_mod.regs[4]_15__MUX2X0P5H7L_A_Y_OAI211X0P7H7L_A1_Y_NAND3X0P5H7L_C_Y_NAND3X0P7H7L_C_Y_AOI32X0P5H7L_B1_A0_NAND3X1P4H7L_B:A (NAND3X1P4H7L)                                                                                                    |        | 0.001       | 0.000      | 0.062      |             | 0.000  | 2.359r          |
| reg_mod.regs[4]_15__MUX2X0P5H7L_A_Y_OAI211X0P7H7L_A1_Y_NAND3X0P5H7L_C_Y_NAND3X0P7H7L_C_Y_AOI32X0P5H7L_B1_A0_NAND3X1P4H7L_B:Y (NAND3X1P4H7L)                                                                                                    |        | 0.002       | 0.000      | 0.056      |             | 0.038  | 2.397f          |
| reg_mod.regs[4]_15__MUX2X0P5H7L_A_Y_OAI211X0P7H7L_A1_Y_NAND3X0P5H7L_C_Y_NAND3X0P7H7L_C_Y_AOI32X0P5H7L_B1_A0_NAND3X1P4H7L_B_Y (net)                                                                                                             | 2      |             |            |            | 0.000       |        |                 |
| reg_mod.regs[4]_15__MUX2X0P5H7L_A_Y_OAI211X0P7H7L_A1_Y_NAND3X0P5H7L_C_Y_NAND3X0P7H7L_C_Y_AOI32X0P5H7L_B1_Y_OAI221X1P4H7L_A1:B1 (OAI221X1P4H7L)                                                                                                 |        | 0.001       | 0.000      | 0.056      |             | 0.000  | 2.397f          |
| reg_mod.regs[4]_15__MUX2X0P5H7L_A_Y_OAI211X0P7H7L_A1_Y_NAND3X0P5H7L_C_Y_NAND3X0P7H7L_C_Y_AOI32X0P5H7L_B1_Y_OAI221X1P4H7L_A1:Y (OAI221X1P4H7L)                                                                                                  |        | 0.002       | 0.000      | 0.082      |             | 0.061  | 2.458r          |
| reg_mod.regs[4]_29__MUX2X0P5H7L_A_Y_OAI211X0P7H7L_A1_Y_OAOI211X0P5H7L_B0_Y_OAI211X0P7H7L_A0_Y_OAI221X1P4H7L_C0_Y_NOR3BX3H7L_C_AN (net)                                                                                                         | 2      |             |            |            | 0.000       |        |                 |
| reg_mod.regs[4]_29__MUX2X0P5H7L_A_Y_OAI211X0P7H7L_A1_Y_OAOI211X0P5H7L_B0_Y_OAI211X0P7H7L_A0_Y_OAI221X1P4H7L_C0_Y_NOR3BX3H7L_C_AN_NOR2BX1P4H7L_AN:AN (NOR2BX1P4H7L)                                                                             |        | 0.001       | 0.000      | 0.082      |             | 0.000  | 2.458r          |
| reg_mod.regs[4]_29__MUX2X0P5H7L_A_Y_OAI211X0P7H7L_A1_Y_OAOI211X0P5H7L_B0_Y_OAI211X0P7H7L_A0_Y_OAI221X1P4H7L_C0_Y_NOR3BX3H7L_C_AN_NOR2BX1P4H7L_AN:Z (NOR2BX1P4H7L)                                                                              |        | 0.003       | 0.000      | 0.075      |             | 0.075  | 2.533r          |
| reg_mod.regs[4]_29__MUX2X0P5H7L_A_Y_OAI211X0P7H7L_A1_Y_OAOI211X0P5H7L_B0_Y_OAI211X0P7H7L_A0_Y_OAI221X1P4H7L_C0_Y_NOR3BX3H7L_C_AN_NOR2BX1P4H7L_AN_Z (net)                                                                                       | 2      |             |            |            | 0.000       |        |                 |
| reg_mod.regs[4]_29__MUX2X0P5H7L_A_Y_OAI211X0P7H7L_A1_Y_OAOI211X0P5H7L_B0_Y_OAI211X0P7H7L_A0_Y_OAI221X1P4H7L_C0_Y_NOR3BX3H7L_C_AN_NOR2BX1P4H7L_AN_Z_NOR2BX1P4H7L_B:B (NOR2BX1P4H7L)                                                             |        | 0.001       | 0.000      | 0.075      |             | 0.000  | 2.533r          |
| reg_mod.regs[4]_29__MUX2X0P5H7L_A_Y_OAI211X0P7H7L_A1_Y_OAOI211X0P5H7L_B0_Y_OAI211X0P7H7L_A0_Y_OAI221X1P4H7L_C0_Y_NOR3BX3H7L_C_AN_NOR2BX1P4H7L_AN_Z_NOR2BX1P4H7L_B:Z (NOR2BX1P4H7L)                                                             |        | 0.002       | 0.000      | 0.030      |             | 0.024  | 2.557f          |
| reg_mod.regs[4]_29__MUX2X0P5H7L_A_Y_OAI211X0P7H7L_A1_Y_OAOI211X0P5H7L_B0_Y_OAI211X0P7H7L_A0_Y_OAI221X1P4H7L_C0_Y_NOR3BX3H7L_C_AN_NOR2BX1P4H7L_AN_Z_NOR2BX1P4H7L_B_Z (net)                                                                      | 2      |             |            |            | 0.000       |        |                 |
| reg_mod.regs[4]_29__MUX2X0P5H7L_A_Y_OAI211X0P7H7L_A1_Y_OAOI211X0P5H7L_B0_Y_OAI211X0P7H7L_A0_Y_OAI221X1P4H7L_C0_Y_NOR3BX3H7L_C_Y_NOR2BX1H7L_B_Z_OAI2BB1X0P5H7L_A1N_B0_OAI21X0P5H7L_Y:A1 (OAI21X0P5H7L)                                          |        | 0.001       | 0.000      | 0.030      |             | 0.000  | 2.557f          |
| reg_mod.regs[4]_29__MUX2X0P5H7L_A_Y_OAI211X0P7H7L_A1_Y_OAOI211X0P5H7L_B0_Y_OAI211X0P7H7L_A0_Y_OAI221X1P4H7L_C0_Y_NOR3BX3H7L_C_Y_NOR2BX1H7L_B_Z_OAI2BB1X0P5H7L_A1N_B0_OAI21X0P5H7L_Y:Y (OAI21X0P5H7L)                                           |        | 0.001       | 0.000      | 0.062      |             | 0.042  | 2.599r          |
| reg_mod.regs[4]_29__MUX2X0P5H7L_A_Y_OAI211X0P7H7L_A1_Y_OAOI211X0P5H7L_B0_Y_OAI211X0P7H7L_A0_Y_OAI221X1P4H7L_C0_Y_NOR3BX3H7L_C_Y_NOR2BX1H7L_B_Z_OAI2BB1X0P5H7L_A1N_B0 (net)                                                                     | 1      |             |            |            | 0.000       |        |                 |
| reg_mod.regs[4]_29__MUX2X0P5H7L_A_Y_OAI211X0P7H7L_A1_Y_OAOI211X0P5H7L_B0_Y_OAI211X0P7H7L_A0_Y_OAI221X1P4H7L_C0_Y_NOR3BX3H7L_C_Y_NOR2BX1H7L_B_Z_OAI2BB1X0P5H7L_A1N:B0 (OAI2BB1X0P5H7L)                                                          |        | 0.001       | 0.000      | 0.062      |             | 0.000  | 2.599r          |
| reg_mod.regs[4]_29__MUX2X0P5H7L_A_Y_OAI211X0P7H7L_A1_Y_OAOI211X0P5H7L_B0_Y_OAI211X0P7H7L_A0_Y_OAI221X1P4H7L_C0_Y_NOR3BX3H7L_C_Y_NOR2BX1H7L_B_Z_OAI2BB1X0P5H7L_A1N:Y (OAI2BB1X0P5H7L)                                                           |        | 0.003       | 0.000      | 0.069      |             | 0.054  | 2.653f          |
| csr_mod.regs[3]_0__reg_p_D_OAI21X0P5H7L_Y_A1_INVX0P5H7L_Y_A_AOAI211X0P5H7L_Y_A0_NAND2X0P5H7L_A_Y_AOI21X0P5H7L_B0_Y_AO211X1P4H7L_B0_A0 (net)                                                                                                    | 4      |             |            |            | 0.000       |        |                 |
| pc_mod.pc_30__reg_p_D_AOA211X1P4H7L_Y_A0_OAI211X0P7H7L_Y_A1_AOI31X0P5H7L_Y_B0_AOAI211X0P5H7L_Y_B0_OAI211X0P7H7L_Y_B0_AOI21X0P5H7L_A1_B0_OAI21X0P5H7L_Y_B0_OAOI211X0P5H7L_C0_A0_OR2X1P4H7L_Y:B (OR2X1P4H7L)                                     |        | 0.001       | 0.000      | 0.069      |             | 0.000  | 2.653f          |
| pc_mod.pc_30__reg_p_D_AOA211X1P4H7L_Y_A0_OAI211X0P7H7L_Y_A1_AOI31X0P5H7L_Y_B0_AOAI211X0P5H7L_Y_B0_OAI211X0P7H7L_Y_B0_AOI21X0P5H7L_A1_B0_OAI21X0P5H7L_Y_B0_OAOI211X0P5H7L_C0_A0_OR2X1P4H7L_Y:Y (OR2X1P4H7L)                                     |        | 0.002       | 0.000      | 0.025      |             | 0.065  | 2.719f          |
| pc_mod.pc_30__reg_p_D_AOA211X1P4H7L_Y_A0_OAI211X0P7H7L_Y_A1_AOI31X0P5H7L_Y_B0_AOAI211X0P5H7L_Y_B0_OAI211X0P7H7L_Y_B0_AOI21X0P5H7L_A1_B0_OAI21X0P5H7L_Y_B0_OAOI211X0P5H7L_C0_A0 (net)                                                           | 2      |             |            |            | 0.000       |        |                 |
| pc_mod.pc_30__reg_p_D_AOA211X1P4H7L_Y_A0_OAI211X0P7H7L_Y_A1_AOI31X0P5H7L_Y_B0_AOAI211X0P5H7L_Y_B0_OAI211X0P7H7L_Y_B0_AOI21X0P5H7L_A1_B0_OAI21X0P5H7L_Y_B0_OAOI211X0P5H7L_C0_A0_NOR2X0P5H7L_B:B (NOR2X0P5H7L)                                   |        | 0.001       | 0.000      | 0.025      |             | 0.000  | 2.719f          |
| pc_mod.pc_30__reg_p_D_AOA211X1P4H7L_Y_A0_OAI211X0P7H7L_Y_A1_AOI31X0P5H7L_Y_B0_AOAI211X0P5H7L_Y_B0_OAI211X0P7H7L_Y_B0_AOI21X0P5H7L_A1_B0_OAI21X0P5H7L_Y_B0_OAOI211X0P5H7L_C0_A0_NOR2X0P5H7L_B:Y (NOR2X0P5H7L)                                   |        | 0.001       | 0.000      | 0.058      |             | 0.034  | 2.753r          |
| pc_mod.pc_30__reg_p_D_AOA211X1P4H7L_Y_A0_OAI211X0P7H7L_Y_A1_AOI31X0P5H7L_Y_B0_AOAI211X0P5H7L_Y_B0_OAI211X0P7H7L_Y_B0_AOI21X0P5H7L_A1_B0_OAI21X0P5H7L_Y_B0_OAOI211X0P5H7L_C0_A0_NOR2X0P5H7L_B_Y (net)                                           | 1      |             |            |            | 0.000       |        |                 |
| pc_mod.pc_30__reg_p_D_AOA211X1P4H7L_Y_A0_OAI211X0P7H7L_Y_A1_AOI31X0P5H7L_Y_B0_AOAI211X0P5H7L_Y_B0_OAI211X0P7H7L_Y_B0_AOI21X0P5H7L_A1_B0_OAI21X0P5H7L_Y_B0_OAOI211X0P5H7L_C0_A0_NOR2X0P5H7L_B_Y_AOAI211X0P5H7L_B0:B0 (AOAI211X0P5H7L)           |        | 0.001       | 0.000      | 0.058      |             | 0.000  | 2.753r          |
| pc_mod.pc_30__reg_p_D_AOA211X1P4H7L_Y_A0_OAI211X0P7H7L_Y_A1_AOI31X0P5H7L_Y_B0_AOAI211X0P5H7L_Y_B0_OAI211X0P7H7L_Y_B0_AOI21X0P5H7L_A1_B0_OAI21X0P5H7L_Y_B0_OAOI211X0P5H7L_C0_A0_NOR2X0P5H7L_B_Y_AOAI211X0P5H7L_B0:Y (AOAI211X0P5H7L)            |        | 0.001       | 0.000      | 0.055      |             | 0.035  | 2.788f          |
| pc_mod.pc_30__reg_p_D_AOA211X1P4H7L_Y_A0_OAI211X0P7H7L_Y_A1_AOI31X0P5H7L_Y_B0_AOAI211X0P5H7L_Y_B0_OAI211X0P7H7L_Y_B0_AOI21X0P5H7L_A1_B0_OAI21X0P5H7L_Y_B0_OAOI211X0P5H7L_C0_A0_NOR2X0P5H7L_B_Y_AOAI211X0P5H7L_B0_Y (net)                       | 1      |             |            |            | 0.000       |        |                 |
| pc_mod.pc_30__reg_p_D_AOA211X1P4H7L_Y_A0_OAI211X0P7H7L_Y_A1_AOI31X0P5H7L_Y_B0_AOAI211X0P5H7L_Y_B0_OAI211X0P7H7L_Y_B0_AOI21X0P5H7L_A1_B0_OAI21X0P5H7L_Y_B0_OAOI211X0P5H7L_C0_A0_NOR2X0P5H7L_B_Y_AOAI211X0P5H7L_B0_Y_BUFX1P4H7L_A:A (BUFX1P4H7L) |        | 0.001       | 0.000      | 0.055      |             | 0.000  | 2.788f          |
| pc_mod.pc_30__reg_p_D_AOA211X1P4H7L_Y_A0_OAI211X0P7H7L_Y_A1_AOI31X0P5H7L_Y_B0_AOAI211X0P5H7L_Y_B0_OAI211X0P7H7L_Y_B0_AOI21X0P5H7L_A1_B0_OAI21X0P5H7L_Y_B0_OAOI211X0P5H7L_C0_A0_NOR2X0P5H7L_B_Y_AOAI211X0P5H7L_B0_Y_BUFX1P4H7L_A:Y (BUFX1P4H7L) |        | 0.012       | 0.000      | 0.081      |             | 0.085  | 2.873f          |
| csr_mod.working_reg_2__AOAI211X0P5H7L_Y_C0 (net)                                                                                                                                                                                               | 15     |             |            |            | 0.000       |        |                 |
| csr_mod.working_reg_2__AOAI211X0P5H7L_Y:C0 (AOAI211X0P5H7L)                                                                                                                                                                                    |        | 0.001       | 0.000      | 0.081      |             | 0.000  | 2.873f          |
| csr_mod.working_reg_2__AOAI211X0P5H7L_Y:Y (AOAI211X0P5H7L)                                                                                                                                                                                     |        | 0.002       | 0.000      | 0.088      |             | 0.046  | 2.919r          |
| csr_mod.working_reg_2_ (net)                                                                                                                                                                                                                   | 1      |             |            |            | 0.000       |        |                 |
| csr_mod.working_reg_2__BUFX7H7L_A:A (BUFX7H7L)                                                                                                                                                                                                 |        | 0.002       | 0.000      | 0.088      |             | 0.000  | 2.919r          |
| csr_mod.working_reg_2__BUFX7H7L_A:Y (BUFX7H7L)                                                                                                                                                                                                 |        | 0.033       | 0.000      | 0.091      |             | 0.083  | 3.001r          |
| csr_mod.regs[2]_0__NOR2BX1H7L_AN_B (net)                                                                                                                                                                                                       | 16     |             |            |            | 0.000       |        |                 |
| csr_mod.regs[3]_8__MUX4X1P4H7L_A_S0_BUFX7H7L_Y:A (BUFX7H7L)                                                                                                                                                                                    |        | 0.002       | 0.000      | 0.091      |             | 0.000  | 3.001r          |
| csr_mod.regs[3]_8__MUX4X1P4H7L_A_S0_BUFX7H7L_Y:Y (BUFX7H7L)                                                                                                                                                                                    |        | 0.039       | 0.000      | 0.105      |             | 0.091  | 3.092r          |
| csr_mod.regs[3]_8__MUX4X1P4H7L_A_S0 (net)                                                                                                                                                                                                      | 14     |             |            |            | 0.000       |        |                 |
| csr_mod.regs[3]_8__MUX4X1P4H7L_A_S0_BUFX7H7L_A:A (BUFX7H7L)                                                                                                                                                                                    |        | 0.002       | 0.000      | 0.105      |             | 0.000  | 3.092r          |
| csr_mod.regs[3]_8__MUX4X1P4H7L_A_S0_BUFX7H7L_A:Y (BUFX7H7L)                                                                                                                                                                                    |        | 0.040       | 0.000      | 0.107      |             | 0.093  | 3.185r          |
| csr_mod.regs[2]_3__MUX4X1P4H7L_A_S0 (net)                                                                                                                                                                                                      | 16     |             |            |            | 0.000       |        |                 |
| csr_mod.regs[0]_0__MUX4X1P4H7L_A_Y_AOI21X1P4H7L_A0_A1_NAND2X0P5H7L_Y_A_AOI21X0P5H7L_A0_B0_NAND3X0P5H7L_Y:A (NAND3X0P5H7L)                                                                                                                      |        | 0.001       | 0.000      | 0.107      |             | 0.000  | 3.185r          |
| csr_mod.regs[0]_0__MUX4X1P4H7L_A_Y_AOI21X1P4H7L_A0_A1_NAND2X0P5H7L_Y_A_AOI21X0P5H7L_A0_B0_NAND3X0P5H7L_Y:Y (NAND3X0P5H7L)                                                                                                                      |        | 0.002       | 0.000      | 0.080      |             | 0.055  | 3.240f          |
| csr_mod.regs[0]_0__MUX4X1P4H7L_A_Y_AOI21X1P4H7L_A0_A1_NAND2X0P5H7L_Y_A_AOI21X0P5H7L_A0_B0 (net)                                                                                                                                                | 2      |             |            |            | 0.000       |        |                 |
| csr_mod.regs[0]_0__MUX4X1P4H7L_A_Y_AOI21X1P4H7L_A0_A1_NAND2X0P5H7L_Y_A_AOI21X0P5H7L_A0_B0_OR2X1P4H7L_B:B (OR2X1P4H7L)                                                                                                                          |        | 0.001       | 0.000      | 0.080      |             | 0.000  | 3.240f          |
| csr_mod.regs[0]_0__MUX4X1P4H7L_A_Y_AOI21X1P4H7L_A0_A1_NAND2X0P5H7L_Y_A_AOI21X0P5H7L_A0_B0_OR2X1P4H7L_B:Y (OR2X1P4H7L)                                                                                                                          |        | 0.002       | 0.000      | 0.028      |             | 0.069  | 3.309f          |
| csr_mod.regs[0]_0__MUX4X1P4H7L_A_Y_AOI21X1P4H7L_A0_A1_NAND2X0P5H7L_Y_A_AOI21X0P5H7L_A0_B0_OR2X1P4H7L_B_Y (net)                                                                                                                                 | 2      |             |            |            | 0.000       |        |                 |
| csr_mod.regs[0]_0__MUX4X1P4H7L_A_Y_AOI21X1P4H7L_A0_A1_NAND2X0P5H7L_Y_A_AOI21X0P5H7L_A0_B0_OR2X1P4H7L_B_Y_OR2X1P4H7L_B:B (OR2X1P4H7L)                                                                                                           |        | 0.001       | 0.000      | 0.028      |             | 0.000  | 3.309f          |
| csr_mod.regs[0]_0__MUX4X1P4H7L_A_Y_AOI21X1P4H7L_A0_A1_NAND2X0P5H7L_Y_A_AOI21X0P5H7L_A0_B0_OR2X1P4H7L_B_Y_OR2X1P4H7L_B:Y (OR2X1P4H7L)                                                                                                           |        | 0.007       | 0.000      | 0.056      |             | 0.078  | 3.387f          |
| csr_mod.regs[6]_7__reg_p_D_NOR2X0P5H7L_Y_A (net)                                                                                                                                                                                               | 10     |             |            |            | 0.000       |        |                 |
| csr_mod.regs[6]_7__reg_p_D_NOR2X0P5H7L_Y_A_BUFX1P4H7L_A:A (BUFX1P4H7L)                                                                                                                                                                         |        | 0.001       | 0.000      | 0.056      |             | 0.000  | 3.387f          |
| csr_mod.regs[6]_7__reg_p_D_NOR2X0P5H7L_Y_A_BUFX1P4H7L_A:Y (BUFX1P4H7L)                                                                                                                                                                         |        | 0.017       | 0.000      | 0.107      |             | 0.099  | 3.486f          |
| csr_mod.regs[6]_9__reg_p_D_NOR2X0P5H7L_Y_A (net)                                                                                                                                                                                               | 24     |             |            |            | 0.000       |        |                 |
| csr_mod.regs[6]_9__reg_p_D_NOR2X0P5H7L_Y_A_NAND2X0P5H7L_B:B (NAND2X0P5H7L)                                                                                                                                                                     |        | 0.001       | 0.000      | 0.107      |             | 0.000  | 3.486f          |
| csr_mod.regs[6]_9__reg_p_D_NOR2X0P5H7L_Y_A_NAND2X0P5H7L_B:Y (NAND2X0P5H7L)                                                                                                                                                                     |        | 0.001       | 0.000      | 0.047      |             | 0.043  | 3.529r          |
| csr_mod.regs[6]_0__reg_p_CK_ICGX0P5H7L_ECK_E (net)                                                                                                                                                                                             | 1      |             |            |            | 0.000       |        |                 |
| csr_mod.regs[6]_0__reg_p_CK_ICGX0P5H7L_ECK:E (ICGX0P5H7L)                                                                                                                                                                                      |        | 0.001       | 0.000      | 0.047      |             | 0.000  | 3.529r          |
|                                                                                                                                                                                                                                                |        |             |            |            |             |        |                 |
| clock (port)                                                                                                                                                                                                                                   |        | 0.110       | 0.000      | 0.000      |             | 0.000  | 0.000r          |
| clock (clock net)                                                                                                                                                                                                                              | 105    |             |            |            | NA          |        |                 |
| csr_mod.regs[6]_0__reg_p_CK_ICGX0P5H7L_ECK:CK (ICGX0P5H7L)                                                                                                                                                                                     |        | 0.002       | 0.000      | 0.000      |             | 0.000  | 0.000r          |
| clock core_clock (rise edge)                                                                                                                                                                                                                   |        |             |            |            |             | 1.769  | 1.769           |
| clock network delay (ideal)                                                                                                                                                                                                                    |        |             |            |            |             | 0.000  | 1.769           |
| csr_mod.regs[6]_0__reg_p_CK_ICGX0P5H7L_ECK:CK (ICGX0P5H7L)                                                                                                                                                                                     |        |             |            |            |             |        | 1.769r          |
| library setup time                                                                                                                                                                                                                             |        |             |            |            |             | -0.054 | 1.715           |
| clock reconvergence pessimism                                                                                                                                                                                                                  |        |             |            |            |             | 0.000  | 1.715           |
|                                                                                                                                                                                                                                                |        |             |            |            |             |        |                 |
| path cell delay                                                                                                                                                                                                                                |        |             |            |            |             |        | 3.529(100.000%) |
| path net delay                                                                                                                                                                                                                                 |        |             |            |            |             |        | 0.000(0.000%)   |
|                                                                                                                                                                                                                                                |        |             |            |            |             |        |                 |
| data require time                                                                                                                                                                                                                              |        |             |            |            |             |        | 1.715           |
| data arrival time                                                                                                                                                                                                                              |        |             |            |            |             |        | 3.529           |
| slack (VIOLATED)                                                                                                                                                                                                                               |        |             |            |            |             |        | -1.814          |
+------------------------------------------------------------------------------------------------------------------------------------------------------------------------------------------------------------------------------------------------+--------+-------------+------------+------------+-------------+--------+-----------------+
+------------------------------------------------------------------------------------------------------------------------------------------------------------------------------------------------------------------------------------------------+--------+-------------+------------+------------+-------------+--------+-----------------+
| Point                                                                                                                                                                                                                                          | Fanout | Capacitance | Resistance | Transition | Delta Delay | Incr   | Path            |
+------------------------------------------------------------------------------------------------------------------------------------------------------------------------------------------------------------------------------------------------+--------+-------------+------------+------------+-------------+--------+-----------------+
| clock (port)                                                                                                                                                                                                                                   |        | 0.150       | 0.000      | 0.000      |             | 0.000  | 0.000r          |
| clock (clock net)                                                                                                                                                                                                                              | 105    |             |            |            | NA          |        |                 |
| pc_mod.pc_2__reg_p:CK (DFFQX1H7L)                                                                                                                                                                                                              |        | 0.001       | 0.000      | 0.000      |             | 0.000  | 0.000r          |
| clock core_clock (rise edge)                                                                                                                                                                                                                   |        |             |            |            |             | 0      | 0               |
| clock network delay (ideal)                                                                                                                                                                                                                    |        |             |            |            |             | 0.000  | 0.000           |
| pc_mod.pc_2__reg_p:CK (DFFQX1H7L)                                                                                                                                                                                                              |        | 0.001       | 0.000      | 0.000      |             | 0.000  | 0.000r          |
| pc_mod.pc_2__reg_p:Q (DFFQX1H7L)                                                                                                                                                                                                               |        | 0.002       | 0.000      | 0.029      |             | 0.067  | 0.067f          |
| pc_mod.pc_2_ (net)                                                                                                                                                                                                                             | 1      |             |            |            | 0.000       |        |                 |
| pc_mod.pc_2__BUFX7H7L_A:A (BUFX7H7L)                                                                                                                                                                                                           |        | 0.002       | 0.000      | 0.029      |             | 0.000  | 0.067f          |
| pc_mod.pc_2__BUFX7H7L_A:Y (BUFX7H7L)                                                                                                                                                                                                           |        | 0.012       | 0.000      | 0.027      |             | 0.046  | 0.113f          |
| pc_mod.pc_2__BUFX7H7L_A_Y (net)                                                                                                                                                                                                                | 4      |             |            |            | 0.000       |        |                 |
| pc_mod.pc_2__BUFX7H7L_A_Y_BUFX16H7L_A_1:A (BUFX16H7L)                                                                                                                                                                                          |        | 0.003       | 0.000      | 0.027      |             | 0.000  | 0.113f          |
| pc_mod.pc_2__BUFX7H7L_A_Y_BUFX16H7L_A_1:Y (BUFX16H7L)                                                                                                                                                                                          |        | 0.042       | 0.000      | 0.035      |             | 0.051  | 0.164f          |
| pc_mod.pc_2__BUFX7H7L_A_Y_BUFX16H7L_A_1_Y (net)                                                                                                                                                                                                | 22     |             |            |            | 0.000       |        |                 |
| icache_mod.block_cache[8]_20__MUX4X1P4H7L_A_S0_BUFX16H7L_Y:A (BUFX16H7L)                                                                                                                                                                       |        | 0.003       | 0.000      | 0.035      |             | 0.000  | 0.164f          |
| icache_mod.block_cache[8]_20__MUX4X1P4H7L_A_S0_BUFX16H7L_Y:Y (BUFX16H7L)                                                                                                                                                                       |        | 0.037       | 0.000      | 0.033      |             | 0.052  | 0.216f          |
| icache_mod.block_cache[8]_20__MUX4X1P4H7L_A_S0 (net)                                                                                                                                                                                           | 15     |             |            |            | 0.000       |        |                 |
| icache_mod.block_cache[8]_25__MUX4X1H7L_A_S0_BUFX12H7L_Y:A (BUFX12H7L)                                                                                                                                                                         |        | 0.003       | 0.000      | 0.033      |             | 0.000  | 0.216f          |
| icache_mod.block_cache[8]_25__MUX4X1H7L_A_S0_BUFX12H7L_Y:Y (BUFX12H7L)                                                                                                                                                                         |        | 0.039       | 0.000      | 0.041      |             | 0.056  | 0.273f          |
| icache_mod.block_cache[8]_25__MUX4X1H7L_A_S0 (net)                                                                                                                                                                                             | 14     |             |            |            | 0.000       |        |                 |
| icache_mod.block_cache[8]_25__MUX4X1H7L_A_S0_BUFX16H7L_A:A (BUFX16H7L)                                                                                                                                                                         |        | 0.003       | 0.000      | 0.041      |             | 0.000  | 0.273f          |
| icache_mod.block_cache[8]_25__MUX4X1H7L_A_S0_BUFX16H7L_A:Y (BUFX16H7L)                                                                                                                                                                         |        | 0.042       | 0.000      | 0.036      |             | 0.056  | 0.329f          |
| icache_mod.block_cache[4]_30__MUX4X1P4H7L_A_S0 (net)                                                                                                                                                                                           | 16     |             |            |            | 0.000       |        |                 |
| icache_mod.block_cache[8]_28__MUX4X1P4H7L_A:S0 (MUX4X1P4H7L)                                                                                                                                                                                   |        | 0.003       | 0.000      | 0.036      |             | 0.000  | 0.329f          |
| icache_mod.block_cache[8]_28__MUX4X1P4H7L_A:Y (MUX4X1P4H7L)                                                                                                                                                                                    |        | 0.001       | 0.000      | 0.036      |             | 0.089  | 0.418f          |
| icache_mod.block_cache[8]_28__MUX4X1P4H7L_A_Y (net)                                                                                                                                                                                            | 1      |             |            |            | 0.000       |        |                 |
| icache_mod.block_cache[8]_28__MUX4X1P4H7L_A_Y_AOI22X0P5H7L_A1:A1 (AOI22X0P5H7L)                                                                                                                                                                |        | 0.001       | 0.000      | 0.036      |             | 0.000  | 0.418f          |
| icache_mod.block_cache[8]_28__MUX4X1P4H7L_A_Y_AOI22X0P5H7L_A1:Y (AOI22X0P5H7L)                                                                                                                                                                 |        | 0.001       | 0.000      | 0.060      |             | 0.052  | 0.470r          |
| icache_mod.block_cache[8]_28__MUX4X1P4H7L_A_Y_AOI22X0P5H7L_A1_Y (net)                                                                                                                                                                          | 1      |             |            |            | 0.000       |        |                 |
| icache_mod.block_cache[8]_28__MUX4X1P4H7L_A_Y_AOI22X0P5H7L_A1_Y_NAND2X0P5H7L_A:A (NAND2X0P5H7L)                                                                                                                                                |        | 0.001       | 0.000      | 0.060      |             | 0.000  | 0.470r          |
| icache_mod.block_cache[8]_28__MUX4X1P4H7L_A_Y_AOI22X0P5H7L_A1_Y_NAND2X0P5H7L_A:Y (NAND2X0P5H7L)                                                                                                                                                |        | 0.004       | 0.000      | 0.079      |             | 0.061  | 0.531f          |
| icache_mod.block_cache[8]_28__MUX4X1P4H7L_A_Y_AOI22X0P5H7L_A1_Y_NAND2X0P5H7L_A_Y (net)                                                                                                                                                         | 5      |             |            |            | 0.000       |        |                 |
| icache_mod.block_cache[4]_30__MUX4X1P4H7L_A_Y_NAND2X0P5H7L_B_Y_AOI32X0P5H7L_A0_Y_NOR3X0P5H7L_C:B (NOR3X0P5H7L)                                                                                                                                 |        | 0.001       | 0.000      | 0.079      |             | 0.000  | 0.531f          |
| icache_mod.block_cache[4]_30__MUX4X1P4H7L_A_Y_NAND2X0P5H7L_B_Y_AOI32X0P5H7L_A0_Y_NOR3X0P5H7L_C:Y (NOR3X0P5H7L)                                                                                                                                 |        | 0.002       | 0.000      | 0.112      |             | 0.090  | 0.621r          |
| icache_mod.block_cache[4]_30__MUX4X1P4H7L_A_Y_NAND2X0P5H7L_B_Y_AOI32X0P5H7L_A0_Y_NOR3X0P5H7L_C_Y (net)                                                                                                                                         | 2      |             |            |            | 0.000       |        |                 |
| icache_mod.block_cache[4]_30__MUX4X1P4H7L_A_Y_NAND2X0P5H7L_B_Y_AOI32X0P5H7L_A0_Y_NOR3X0P5H7L_C_Y_NAND2X0P5H7L_B:B (NAND2X0P5H7L)                                                                                                               |        | 0.001       | 0.000      | 0.112      |             | 0.000  | 0.621r          |
| icache_mod.block_cache[4]_30__MUX4X1P4H7L_A_Y_NAND2X0P5H7L_B_Y_AOI32X0P5H7L_A0_Y_NOR3X0P5H7L_C_Y_NAND2X0P5H7L_B:Y (NAND2X0P5H7L)                                                                                                               |        | 0.003       | 0.000      | 0.070      |             | 0.055  | 0.676f          |
| icache_mod.block_cache[4]_30__MUX4X1P4H7L_A_Y_NAND2X0P5H7L_B_Y_AOI32X0P5H7L_A0_Y_NOR3X0P5H7L_C_Y_NAND2X0P5H7L_B_Y (net)                                                                                                                        | 3      |             |            |            | 0.000       |        |                 |
| reg_mod.regs[5]_15__MUX2X0P5H7L_A_Y_AOI221X0P5H7L_A1_Y_OA31X1H7L_A0_Y_OAI21X1P4H7L_B0_Y_AOI32X1P4H7L_A0_B0_AOAI211X0P5H7L_Y_A1_NOR2X1P4H7L_Y:A (NOR2X1P4H7L)                                                                                   |        | 0.001       | 0.000      | 0.070      |             | 0.000  | 0.676f          |
| reg_mod.regs[5]_15__MUX2X0P5H7L_A_Y_AOI221X0P5H7L_A1_Y_OA31X1H7L_A0_Y_OAI21X1P4H7L_B0_Y_AOI32X1P4H7L_A0_B0_AOAI211X0P5H7L_Y_A1_NOR2X1P4H7L_Y:Y (NOR2X1P4H7L)                                                                                   |        | 0.003       | 0.000      | 0.075      |             | 0.064  | 0.740r          |
| reg_mod.regs[5]_15__MUX2X0P5H7L_A_Y_AOI221X0P5H7L_A1_Y_OA31X1H7L_A0_Y_OAI21X1P4H7L_B0_Y_AOI32X1P4H7L_A0_B0_AOAI211X0P5H7L_Y_A1 (net)                                                                                                           | 2      |             |            |            | 0.000       |        |                 |
| reg_mod.regs[5]_15__MUX2X0P5H7L_A_Y_AOI221X0P5H7L_A1_Y_OA31X1H7L_A0_Y_OAI21X1P4H7L_B0_Y_AOI32X1P4H7L_A0_B0_AOAI211X0P5H7L_Y_A1_OAI21X4H7L_B0:B0 (OAI21X4H7L)                                                                                   |        | 0.002       | 0.000      | 0.075      |             | 0.000  | 0.740r          |
| reg_mod.regs[5]_15__MUX2X0P5H7L_A_Y_AOI221X0P5H7L_A1_Y_OA31X1H7L_A0_Y_OAI21X1P4H7L_B0_Y_AOI32X1P4H7L_A0_B0_AOAI211X0P5H7L_Y_A1_OAI21X4H7L_B0:Y (OAI21X4H7L)                                                                                    |        | 0.008       | 0.000      | 0.058      |             | 0.037  | 0.777f          |
| reg_mod.regs[19]_31__AOI221X0P5H7L_A0_C0_NAND3X1H7L_Y_C_AOA211X1P4H7L_C0_A0 (net)                                                                                                                                                              | 8      |             |            |            | 0.000       |        |                 |
| reg_mod.regs[19]_31__AOI221X0P5H7L_A0_C0_NAND3X1H7L_Y_C_AOA211X1P4H7L_C0_A0_NAND3X1P4H7L_C:C (NAND3X1P4H7L)                                                                                                                                    |        | 0.001       | 0.000      | 0.058      |             | 0.000  | 0.777f          |
| reg_mod.regs[19]_31__AOI221X0P5H7L_A0_C0_NAND3X1H7L_Y_C_AOA211X1P4H7L_C0_A0_NAND3X1P4H7L_C:Y (NAND3X1P4H7L)                                                                                                                                    |        | 0.001       | 0.000      | 0.043      |             | 0.029  | 0.806r          |
| reg_mod.regs[19]_31__AOI221X0P5H7L_A0_C0_NAND3X1H7L_Y_C_AOA211X1P4H7L_C0_A0_NAND3X1P4H7L_C_Y (net)                                                                                                                                             | 1      |             |            |            | 0.000       |        |                 |
| reg_mod.regs[19]_31__AOI221X0P5H7L_A0_C0_NAND3X1H7L_Y_C_AOA211X1P4H7L_C0_A0_NAND3X1P4H7L_C_Y_BUFX3P5H7L_A:A (BUFX3P5H7L)                                                                                                                       |        | 0.001       | 0.000      | 0.043      |             | 0.000  | 0.806r          |
| reg_mod.regs[19]_31__AOI221X0P5H7L_A0_C0_NAND3X1H7L_Y_C_AOA211X1P4H7L_C0_A0_NAND3X1P4H7L_C_Y_BUFX3P5H7L_A:Y (BUFX3P5H7L)                                                                                                                       |        | 0.015       | 0.000      | 0.083      |             | 0.073  | 0.879r          |
| pc_mod.pc_9__reg_p_D_AOI31X0P5H7L_Y_A0_OAI211X1P4H7L_Y_A0 (net)                                                                                                                                                                                | 18     |             |            |            | 0.000       |        |                 |
| pc_mod.pc_30__reg_p_D_AOA211X1P4H7L_Y_A0_OAI211X0P7H7L_Y_A1_AOI31X0P5H7L_Y_B0_AOAI211X0P5H7L_Y_B0_OAI211X0P7H7L_Y_B0_AOI21X0P5H7L_A1_B0_OAI21X0P5H7L_Y_A1_OAI21X0P5H7L_A1:B0 (OAI21X0P5H7L)                                                    |        | 0.001       | 0.000      | 0.083      |             | 0.000  | 0.879r          |
| pc_mod.pc_30__reg_p_D_AOA211X1P4H7L_Y_A0_OAI211X0P7H7L_Y_A1_AOI31X0P5H7L_Y_B0_AOAI211X0P5H7L_Y_B0_OAI211X0P7H7L_Y_B0_AOI21X0P5H7L_A1_B0_OAI21X0P5H7L_Y_A1_OAI21X0P5H7L_A1:Y (OAI21X0P5H7L)                                                     |        | 0.001       | 0.000      | 0.058      |             | 0.030  | 0.909f          |
| pc_mod.pc_30__reg_p_D_AOA211X1P4H7L_Y_A0_OAI211X0P7H7L_Y_A1_AOI31X0P5H7L_Y_B0_AOAI211X0P5H7L_Y_B0_OAI211X0P7H7L_Y_B0_AOI21X0P5H7L_A1_B0_OAI21X0P5H7L_Y_A1_OAI21X0P5H7L_A1_Y (net)                                                              | 1      |             |            |            | 0.000       |        |                 |
| pc_mod.pc_30__reg_p_D_AOA211X1P4H7L_Y_A0_OAI211X0P7H7L_Y_A1_AOI31X0P5H7L_Y_B0_AOAI211X0P5H7L_Y_B0_OAI211X0P7H7L_Y_B0_AOI21X0P5H7L_A1_B0_OAI21X0P5H7L_Y_A1_OAI21X0P5H7L_A1_Y_BUFX5H7L_A:A (BUFX5H7L)                                            |        | 0.001       | 0.000      | 0.058      |             | 0.000  | 0.909f          |
| pc_mod.pc_30__reg_p_D_AOA211X1P4H7L_Y_A0_OAI211X0P7H7L_Y_A1_AOI31X0P5H7L_Y_B0_AOAI211X0P5H7L_Y_B0_OAI211X0P7H7L_Y_B0_AOI21X0P5H7L_A1_B0_OAI21X0P5H7L_Y_A1_OAI21X0P5H7L_A1_Y_BUFX5H7L_A:Y (BUFX5H7L)                                            |        | 0.018       | 0.000      | 0.046      |             | 0.070  | 0.979f          |
| pc_mod.pc_27__reg_p_D_OAI21X0P5H7L_Y_A1_OA211X1H7L_Y_A0_OAOI211X0P5H7L_Y_C0 (net)                                                                                                                                                              | 22     |             |            |            | 0.000       |        |                 |
| pc_mod.pc_30__reg_p_D_AOA211X1P4H7L_Y_A0_OAI211X0P7H7L_Y_A1_AOI31X0P5H7L_Y_B0_AOAI211X0P5H7L_Y_B0_OAI211X0P7H7L_Y_B0_AOI21X0P5H7L_A1_A0_AOI31X0P5H7L_A2:B0 (AOI31X0P5H7L)                                                                      |        | 0.001       | 0.000      | 0.046      |             | 0.000  | 0.979f          |
| pc_mod.pc_30__reg_p_D_AOA211X1P4H7L_Y_A0_OAI211X0P7H7L_Y_A1_AOI31X0P5H7L_Y_B0_AOAI211X0P5H7L_Y_B0_OAI211X0P7H7L_Y_B0_AOI21X0P5H7L_A1_A0_AOI31X0P5H7L_A2:Y (AOI31X0P5H7L)                                                                       |        | 0.002       | 0.000      | 0.106      |             | 0.067  | 1.046r          |
| io_master_wstrb_AOAI211X0P5H7L_Y_B0_AOI21X0P5H7L_Y_A1_NOR4X0P5H7L_Y_C_AND2X1H7L_A_B_NAND2X0P5H7L_Y_B_OAI21X0P5H7L_Y_A1 (net)                                                                                                                   | 3      |             |            |            | 0.000       |        |                 |
| io_master_wstrb_AOAI211X0P5H7L_Y_B0_AOI21X0P5H7L_Y_A1_NOR4X0P5H7L_Y_C_AND2X1H7L_A_B_NAND2X0P5H7L_Y_B_OAI21X0P5H7L_Y:A1 (OAI21X0P5H7L)                                                                                                          |        | 0.001       | 0.000      | 0.106      |             | 0.000  | 1.046r          |
| io_master_wstrb_AOAI211X0P5H7L_Y_B0_AOI21X0P5H7L_Y_A1_NOR4X0P5H7L_Y_C_AND2X1H7L_A_B_NAND2X0P5H7L_Y_B_OAI21X0P5H7L_Y:Y (OAI21X0P5H7L)                                                                                                           |        | 0.001       | 0.000      | 0.041      |             | 0.036  | 1.082f          |
| io_master_wstrb_AOAI211X0P5H7L_Y_B0_AOI21X0P5H7L_Y_A1_NOR4X0P5H7L_Y_C_AND2X1H7L_A_B_NAND2X0P5H7L_Y_B (net)                                                                                                                                     | 1      |             |            |            | 0.000       |        |                 |
| io_master_wstrb_AOAI211X0P5H7L_Y_B0_AOI21X0P5H7L_Y_A1_NOR4X0P5H7L_Y_C_AND2X1H7L_A_B_NAND2X0P5H7L_Y:B (NAND2X0P5H7L)                                                                                                                            |        | 0.001       | 0.000      | 0.041      |             | 0.000  | 1.082f          |
| io_master_wstrb_AOAI211X0P5H7L_Y_B0_AOI21X0P5H7L_Y_A1_NOR4X0P5H7L_Y_C_AND2X1H7L_A_B_NAND2X0P5H7L_Y:Y (NAND2X0P5H7L)                                                                                                                            |        | 0.002       | 0.000      | 0.055      |             | 0.042  | 1.124r          |
| io_master_wstrb_AOAI211X0P5H7L_Y_B0_AOI21X0P5H7L_Y_A1_NOR4X0P5H7L_Y_C_AND2X1H7L_A_B (net)                                                                                                                                                      | 3      |             |            |            | 0.000       |        |                 |
| decode_mod.bus_out_rs1_4__NOR2BX1H7L_Z_AN_AOI21X0P5H7L_A0_A1_AOI21X0P5H7L_B0_A1_OAI21X0P5H7L_Y_A1_AOI22X0P5H7L_Y:B1 (AOI22X0P5H7L)                                                                                                             |        | 0.001       | 0.000      | 0.055      |             | 0.000  | 1.124r          |
| decode_mod.bus_out_rs1_4__NOR2BX1H7L_Z_AN_AOI21X0P5H7L_A0_A1_AOI21X0P5H7L_B0_A1_OAI21X0P5H7L_Y_A1_AOI22X0P5H7L_Y:Y (AOI22X0P5H7L)                                                                                                              |        | 0.001       | 0.000      | 0.067      |             | 0.029  | 1.153f          |
| decode_mod.bus_out_rs1_4__NOR2BX1H7L_Z_AN_AOI21X0P5H7L_A0_A1_AOI21X0P5H7L_B0_A1_OAI21X0P5H7L_Y_A1 (net)                                                                                                                                        | 1      |             |            |            | 0.000       |        |                 |
| decode_mod.bus_out_rs1_4__NOR2BX1H7L_Z_AN_AOI21X0P5H7L_A0_A1_AOI21X0P5H7L_B0_A1_OAI21X0P5H7L_Y:A1 (OAI21X0P5H7L)                                                                                                                               |        | 0.001       | 0.000      | 0.067      |             | 0.000  | 1.153f          |
| decode_mod.bus_out_rs1_4__NOR2BX1H7L_Z_AN_AOI21X0P5H7L_A0_A1_AOI21X0P5H7L_B0_A1_OAI21X0P5H7L_Y:Y (OAI21X0P5H7L)                                                                                                                                |        | 0.002       | 0.000      | 0.079      |             | 0.067  | 1.220r          |
| decode_mod.bus_out_rs1_4__NOR2BX1H7L_Z_AN_AOI21X0P5H7L_A0_A1_AOI21X0P5H7L_B0_A1 (net)                                                                                                                                                          | 2      |             |            |            | 0.000       |        |                 |
| decode_mod.bus_out_rs1_4__NOR2BX1H7L_Z_AN_AOI21X0P5H7L_A0_A1_AOI21X0P5H7L_B0_A1_OAI21X0P5H7L_A1:A1 (OAI21X0P5H7L)                                                                                                                              |        | 0.001       | 0.000      | 0.079      |             | 0.000  | 1.220r          |
| decode_mod.bus_out_rs1_4__NOR2BX1H7L_Z_AN_AOI21X0P5H7L_A0_A1_AOI21X0P5H7L_B0_A1_OAI21X0P5H7L_A1:Y (OAI21X0P5H7L)                                                                                                                               |        | 0.004       | 0.000      | 0.106      |             | 0.070  | 1.291f          |
| decode_mod.bus_out_rs1_4__NOR2BX1H7L_Z_B (net)                                                                                                                                                                                                 | 5      |             |            |            | 0.000       |        |                 |
| decode_mod.bus_out_rs1_0__NOR2X0P5H7L_Y:B (NOR2X0P5H7L)                                                                                                                                                                                        |        | 0.001       | 0.000      | 0.106      |             | 0.000  | 1.291f          |
| decode_mod.bus_out_rs1_0__NOR2X0P5H7L_Y:Y (NOR2X0P5H7L)                                                                                                                                                                                        |        | 0.001       | 0.000      | 0.061      |             | 0.056  | 1.346r          |
| decode_mod.bus_out_rs1_0_ (net)                                                                                                                                                                                                                | 1      |             |            |            | 0.000       |        |                 |
| decode_mod.bus_out_rs1_0__BUFX3H7L_A:A (BUFX3H7L)                                                                                                                                                                                              |        | 0.001       | 0.000      | 0.061      |             | 0.000  | 1.346r          |
| decode_mod.bus_out_rs1_0__BUFX3H7L_A:Y (BUFX3H7L)                                                                                                                                                                                              |        | 0.010       | 0.000      | 0.066      |             | 0.072  | 1.418r          |
| reg_mod.regs[4]_11__MUX2X0P5H7L_A_S0 (net)                                                                                                                                                                                                     | 6      |             |            |            | 0.000       |        |                 |
| reg_mod.regs[4]_11__MUX2X0P5H7L_A_S0_BUFX7H7L_A_2:A (BUFX7H7L)                                                                                                                                                                                 |        | 0.002       | 0.000      | 0.066      |             | 0.000  | 1.418r          |
| reg_mod.regs[4]_11__MUX2X0P5H7L_A_S0_BUFX7H7L_A_2:Y (BUFX7H7L)                                                                                                                                                                                 |        | 0.038       | 0.000      | 0.102      |             | 0.085  | 1.504r          |
| reg_mod.regs[4]_5__MUX2X0P5H7L_A_S0 (net)                                                                                                                                                                                                      | 18     |             |            |            | 0.000       |        |                 |
| reg_mod.regs[4]_5__MUX2X0P5H7L_A_S0_BUFX7H7L_A:A (BUFX7H7L)                                                                                                                                                                                    |        | 0.002       | 0.000      | 0.102      |             | 0.000  | 1.504r          |
| reg_mod.regs[4]_5__MUX2X0P5H7L_A_S0_BUFX7H7L_A:Y (BUFX7H7L)                                                                                                                                                                                    |        | 0.038       | 0.000      | 0.103      |             | 0.091  | 1.595r          |
| reg_mod.regs[4]_8__MUX2X0P5H7L_A_S0 (net)                                                                                                                                                                                                      | 21     |             |            |            | 0.000       |        |                 |
| reg_mod.regs[4]_8__MUX2X0P5H7L_A_S0_BUFX7H7L_A:A (BUFX7H7L)                                                                                                                                                                                    |        | 0.002       | 0.000      | 0.103      |             | 0.000  | 1.595r          |
| reg_mod.regs[4]_8__MUX2X0P5H7L_A_S0_BUFX7H7L_A:Y (BUFX7H7L)                                                                                                                                                                                    |        | 0.038       | 0.000      | 0.103      |             | 0.091  | 1.686r          |
| reg_mod.regs[5]_22__MUX2X0P5H7L_B_S0 (net)                                                                                                                                                                                                     | 23     |             |            |            | 0.000       |        |                 |
| reg_mod.regs[2]_22__MUX4X1P4H7L_A_S0_BUFX7H7L_Y:A (BUFX7H7L)                                                                                                                                                                                   |        | 0.002       | 0.000      | 0.103      |             | 0.000  | 1.686r          |
| reg_mod.regs[2]_22__MUX4X1P4H7L_A_S0_BUFX7H7L_Y:Y (BUFX7H7L)                                                                                                                                                                                   |        | 0.036       | 0.000      | 0.097      |             | 0.088  | 1.773r          |
| reg_mod.regs[2]_22__MUX4X1P4H7L_A_S0 (net)                                                                                                                                                                                                     | 18     |             |            |            | 0.000       |        |                 |
| reg_mod.regs[2]_22__MUX4X1P4H7L_A_S0_BUFX3H7L_A:A (BUFX3H7L)                                                                                                                                                                                   |        | 0.001       | 0.000      | 0.097      |             | 0.000  | 1.773r          |
| reg_mod.regs[2]_22__MUX4X1P4H7L_A_S0_BUFX3H7L_A:Y (BUFX3H7L)                                                                                                                                                                                   |        | 0.041       | 0.000      | 0.243      |             | 0.171  | 1.945r          |
| reg_mod.regs[2]_25__MUX4X1P4H7L_A_S0 (net)                                                                                                                                                                                                     | 22     |             |            |            | 0.000       |        |                 |
| reg_mod.regs[9]_22__MUX4X1P4H7L_A_Y_AOI211X0P5H7L_A1:A0 (AOI211X0P5H7L)                                                                                                                                                                        |        | 0.001       | 0.000      | 0.243      |             | 0.000  | 1.945r          |
| reg_mod.regs[9]_22__MUX4X1P4H7L_A_Y_AOI211X0P5H7L_A1:Y (AOI211X0P5H7L)                                                                                                                                                                         |        | 0.001       | 0.000      | 0.069      |             | 0.053  | 1.998f          |
| reg_mod.regs[9]_22__MUX4X1P4H7L_A_Y_AOI211X0P5H7L_A1_Y (net)                                                                                                                                                                                   | 1      |             |            |            | 0.000       |        |                 |
| reg_mod.regs[24]_22__MUX4X1P4H7L_A_Y_OAI21X0P5H7L_A1_Y_AOI21X0P5H7L_A1:B0 (AOI21X0P5H7L)                                                                                                                                                       |        | 0.001       | 0.000      | 0.069      |             | 0.000  | 1.998f          |
| reg_mod.regs[24]_22__MUX4X1P4H7L_A_Y_OAI21X0P5H7L_A1_Y_AOI21X0P5H7L_A1:Y (AOI21X0P5H7L)                                                                                                                                                        |        | 0.001       | 0.000      | 0.048      |             | 0.044  | 2.042r          |
| reg_mod.regs[2]_22__MUX4X1P4H7L_A_Y_MUX4X1P4H7L_B_Y_MUX2X0P5H7L_A_B (net)                                                                                                                                                                      | 1      |             |            |            | 0.000       |        |                 |
| reg_mod.regs[2]_22__MUX4X1P4H7L_A_Y_MUX4X1P4H7L_B_Y_MUX2X0P5H7L_A:B (MUX2X0P5H7L)                                                                                                                                                              |        | 0.001       | 0.000      | 0.048      |             | 0.000  | 2.042r          |
| reg_mod.regs[2]_22__MUX4X1P4H7L_A_Y_MUX4X1P4H7L_B_Y_MUX2X0P5H7L_A:Y (MUX2X0P5H7L)                                                                                                                                                              |        | 0.007       | 0.000      | 0.116      |             | 0.100  | 2.142r          |
| reg_mod.regs[2]_22__MUX4X1P4H7L_A_Y_MUX4X1P4H7L_B_Y_MUX2X0P5H7L_A_Y (net)                                                                                                                                                                      | 7      |             |            |            | 0.000       |        |                 |
| reg_mod.regs[1]_22__MUX2X0P5H7L_A_Y_AOI221X0P5H7L_A1_1_Y_AOI211X0P5H7L_B0_Y_AOI21X0P5H7L_B0_Y_MUX2X0P5H7L_S0_A_OR2X0P5H7L_Y:A (OR2X0P5H7L)                                                                                                     |        | 0.001       | 0.000      | 0.116      |             | 0.000  | 2.142r          |
| reg_mod.regs[1]_22__MUX2X0P5H7L_A_Y_AOI221X0P5H7L_A1_1_Y_AOI211X0P5H7L_B0_Y_AOI21X0P5H7L_B0_Y_MUX2X0P5H7L_S0_A_OR2X0P5H7L_Y:Y (OR2X0P5H7L)                                                                                                     |        | 0.001       | 0.000      | 0.023      |             | 0.044  | 2.186r          |
| reg_mod.regs[1]_22__MUX2X0P5H7L_A_Y_AOI221X0P5H7L_A1_1_Y_AOI211X0P5H7L_B0_Y_AOI21X0P5H7L_B0_Y_MUX2X0P5H7L_S0_A (net)                                                                                                                           | 1      |             |            |            | 0.000       |        |                 |
| reg_mod.regs[1]_22__MUX2X0P5H7L_A_Y_AOI221X0P5H7L_A1_1_Y_AOI211X0P5H7L_B0_Y_AOI21X0P5H7L_B0_Y_MUX2X0P5H7L_S0:A (MUX2X0P5H7L)                                                                                                                   |        | 0.001       | 0.000      | 0.023      |             | 0.000  | 2.186r          |
| reg_mod.regs[1]_22__MUX2X0P5H7L_A_Y_AOI221X0P5H7L_A1_1_Y_AOI211X0P5H7L_B0_Y_AOI21X0P5H7L_B0_Y_MUX2X0P5H7L_S0:Y (MUX2X0P5H7L)                                                                                                                   |        | 0.001       | 0.000      | 0.030      |             | 0.046  | 2.232r          |
| reg_mod.regs[1]_22__MUX2X0P5H7L_A_Y_AOI221X0P5H7L_A1_1_Y_AOI211X0P5H7L_B0_Y_AOI21X0P5H7L_B0_Y_MUX2X0P5H7L_S0_Y (net)                                                                                                                           | 1      |             |            |            | 0.000       |        |                 |
| reg_mod.regs[1]_22__MUX2X0P5H7L_A_Y_AOI221X0P5H7L_A1_1_Y_AOI211X0P5H7L_B0_Y_AOI21X0P5H7L_B0_Y_MUX2X0P5H7L_S0_Y_OAI211X1P4H7L_B0:B0 (OAI211X1P4H7L)                                                                                             |        | 0.001       | 0.000      | 0.030      |             | 0.000  | 2.232r          |
| reg_mod.regs[1]_22__MUX2X0P5H7L_A_Y_AOI221X0P5H7L_A1_1_Y_AOI211X0P5H7L_B0_Y_AOI21X0P5H7L_B0_Y_MUX2X0P5H7L_S0_Y_OAI211X1P4H7L_B0:Y (OAI211X1P4H7L)                                                                                              |        | 0.005       | 0.000      | 0.094      |             | 0.054  | 2.286f          |
| io_master_awvalid_AOA211X1P4H7L_C0_A1_MUXI2X0P5H7L_Y_A_OAI21X0P5H7L_B0_Y_OAOI211X0P5H7L_A1_C0 (net)                                                                                                                                            | 3      |             |            |            | 0.000       |        |                 |
| reg_mod.regs[22]_17__AOI31X0P5H7L_A0_Y_NOR3X1H7L_B_Y_OR3X1H7L_C_Y_AOI33X0P5H7L_A1_Y_NAND2X0P5H7L_B_Y_NOR4X6H7L_C:A (NOR4X6H7L)                                                                                                                 |        | 0.003       | 0.000      | 0.094      |             | 0.000  | 2.286f          |
| reg_mod.regs[22]_17__AOI31X0P5H7L_A0_Y_NOR3X1H7L_B_Y_OR3X1H7L_C_Y_AOI33X0P5H7L_A1_Y_NAND2X0P5H7L_B_Y_NOR4X6H7L_C:Y (NOR4X6H7L)                                                                                                                 |        | 0.002       | 0.000      | 0.062      |             | 0.073  | 2.359r          |
| reg_mod.regs[22]_17__AOI31X0P5H7L_A0_Y_NOR3X1H7L_B_Y_OR3X1H7L_C_Y_AOI33X0P5H7L_A1_Y_NAND2X0P5H7L_B_Y_NOR4X6H7L_C_Y (net)                                                                                                                       | 2      |             |            |            | 0.000       |        |                 |
| reg_mod.regs[4]_15__MUX2X0P5H7L_A_Y_OAI211X0P7H7L_A1_Y_NAND3X0P5H7L_C_Y_NAND3X0P7H7L_C_Y_AOI32X0P5H7L_B1_A0_NAND3X1P4H7L_B:A (NAND3X1P4H7L)                                                                                                    |        | 0.001       | 0.000      | 0.062      |             | 0.000  | 2.359r          |
| reg_mod.regs[4]_15__MUX2X0P5H7L_A_Y_OAI211X0P7H7L_A1_Y_NAND3X0P5H7L_C_Y_NAND3X0P7H7L_C_Y_AOI32X0P5H7L_B1_A0_NAND3X1P4H7L_B:Y (NAND3X1P4H7L)                                                                                                    |        | 0.002       | 0.000      | 0.056      |             | 0.038  | 2.397f          |
| reg_mod.regs[4]_15__MUX2X0P5H7L_A_Y_OAI211X0P7H7L_A1_Y_NAND3X0P5H7L_C_Y_NAND3X0P7H7L_C_Y_AOI32X0P5H7L_B1_A0_NAND3X1P4H7L_B_Y (net)                                                                                                             | 2      |             |            |            | 0.000       |        |                 |
| reg_mod.regs[4]_15__MUX2X0P5H7L_A_Y_OAI211X0P7H7L_A1_Y_NAND3X0P5H7L_C_Y_NAND3X0P7H7L_C_Y_AOI32X0P5H7L_B1_Y_OAI221X1P4H7L_A1:B1 (OAI221X1P4H7L)                                                                                                 |        | 0.001       | 0.000      | 0.056      |             | 0.000  | 2.397f          |
| reg_mod.regs[4]_15__MUX2X0P5H7L_A_Y_OAI211X0P7H7L_A1_Y_NAND3X0P5H7L_C_Y_NAND3X0P7H7L_C_Y_AOI32X0P5H7L_B1_Y_OAI221X1P4H7L_A1:Y (OAI221X1P4H7L)                                                                                                  |        | 0.002       | 0.000      | 0.082      |             | 0.061  | 2.458r          |
| reg_mod.regs[4]_29__MUX2X0P5H7L_A_Y_OAI211X0P7H7L_A1_Y_OAOI211X0P5H7L_B0_Y_OAI211X0P7H7L_A0_Y_OAI221X1P4H7L_C0_Y_NOR3BX3H7L_C_AN (net)                                                                                                         | 2      |             |            |            | 0.000       |        |                 |
| reg_mod.regs[4]_29__MUX2X0P5H7L_A_Y_OAI211X0P7H7L_A1_Y_OAOI211X0P5H7L_B0_Y_OAI211X0P7H7L_A0_Y_OAI221X1P4H7L_C0_Y_NOR3BX3H7L_C_AN_NOR2BX1P4H7L_AN:AN (NOR2BX1P4H7L)                                                                             |        | 0.001       | 0.000      | 0.082      |             | 0.000  | 2.458r          |
| reg_mod.regs[4]_29__MUX2X0P5H7L_A_Y_OAI211X0P7H7L_A1_Y_OAOI211X0P5H7L_B0_Y_OAI211X0P7H7L_A0_Y_OAI221X1P4H7L_C0_Y_NOR3BX3H7L_C_AN_NOR2BX1P4H7L_AN:Z (NOR2BX1P4H7L)                                                                              |        | 0.003       | 0.000      | 0.075      |             | 0.075  | 2.533r          |
| reg_mod.regs[4]_29__MUX2X0P5H7L_A_Y_OAI211X0P7H7L_A1_Y_OAOI211X0P5H7L_B0_Y_OAI211X0P7H7L_A0_Y_OAI221X1P4H7L_C0_Y_NOR3BX3H7L_C_AN_NOR2BX1P4H7L_AN_Z (net)                                                                                       | 2      |             |            |            | 0.000       |        |                 |
| reg_mod.regs[4]_29__MUX2X0P5H7L_A_Y_OAI211X0P7H7L_A1_Y_OAOI211X0P5H7L_B0_Y_OAI211X0P7H7L_A0_Y_OAI221X1P4H7L_C0_Y_NOR3BX3H7L_C_AN_NOR2BX1P4H7L_AN_Z_NOR2BX1P4H7L_B:B (NOR2BX1P4H7L)                                                             |        | 0.001       | 0.000      | 0.075      |             | 0.000  | 2.533r          |
| reg_mod.regs[4]_29__MUX2X0P5H7L_A_Y_OAI211X0P7H7L_A1_Y_OAOI211X0P5H7L_B0_Y_OAI211X0P7H7L_A0_Y_OAI221X1P4H7L_C0_Y_NOR3BX3H7L_C_AN_NOR2BX1P4H7L_AN_Z_NOR2BX1P4H7L_B:Z (NOR2BX1P4H7L)                                                             |        | 0.002       | 0.000      | 0.030      |             | 0.024  | 2.557f          |
| reg_mod.regs[4]_29__MUX2X0P5H7L_A_Y_OAI211X0P7H7L_A1_Y_OAOI211X0P5H7L_B0_Y_OAI211X0P7H7L_A0_Y_OAI221X1P4H7L_C0_Y_NOR3BX3H7L_C_AN_NOR2BX1P4H7L_AN_Z_NOR2BX1P4H7L_B_Z (net)                                                                      | 2      |             |            |            | 0.000       |        |                 |
| reg_mod.regs[4]_29__MUX2X0P5H7L_A_Y_OAI211X0P7H7L_A1_Y_OAOI211X0P5H7L_B0_Y_OAI211X0P7H7L_A0_Y_OAI221X1P4H7L_C0_Y_NOR3BX3H7L_C_Y_NOR2BX1H7L_B_Z_OAI2BB1X0P5H7L_A1N_B0_OAI21X0P5H7L_Y:A1 (OAI21X0P5H7L)                                          |        | 0.001       | 0.000      | 0.030      |             | 0.000  | 2.557f          |
| reg_mod.regs[4]_29__MUX2X0P5H7L_A_Y_OAI211X0P7H7L_A1_Y_OAOI211X0P5H7L_B0_Y_OAI211X0P7H7L_A0_Y_OAI221X1P4H7L_C0_Y_NOR3BX3H7L_C_Y_NOR2BX1H7L_B_Z_OAI2BB1X0P5H7L_A1N_B0_OAI21X0P5H7L_Y:Y (OAI21X0P5H7L)                                           |        | 0.001       | 0.000      | 0.062      |             | 0.042  | 2.599r          |
| reg_mod.regs[4]_29__MUX2X0P5H7L_A_Y_OAI211X0P7H7L_A1_Y_OAOI211X0P5H7L_B0_Y_OAI211X0P7H7L_A0_Y_OAI221X1P4H7L_C0_Y_NOR3BX3H7L_C_Y_NOR2BX1H7L_B_Z_OAI2BB1X0P5H7L_A1N_B0 (net)                                                                     | 1      |             |            |            | 0.000       |        |                 |
| reg_mod.regs[4]_29__MUX2X0P5H7L_A_Y_OAI211X0P7H7L_A1_Y_OAOI211X0P5H7L_B0_Y_OAI211X0P7H7L_A0_Y_OAI221X1P4H7L_C0_Y_NOR3BX3H7L_C_Y_NOR2BX1H7L_B_Z_OAI2BB1X0P5H7L_A1N:B0 (OAI2BB1X0P5H7L)                                                          |        | 0.001       | 0.000      | 0.062      |             | 0.000  | 2.599r          |
| reg_mod.regs[4]_29__MUX2X0P5H7L_A_Y_OAI211X0P7H7L_A1_Y_OAOI211X0P5H7L_B0_Y_OAI211X0P7H7L_A0_Y_OAI221X1P4H7L_C0_Y_NOR3BX3H7L_C_Y_NOR2BX1H7L_B_Z_OAI2BB1X0P5H7L_A1N:Y (OAI2BB1X0P5H7L)                                                           |        | 0.003       | 0.000      | 0.069      |             | 0.054  | 2.653f          |
| csr_mod.regs[3]_0__reg_p_D_OAI21X0P5H7L_Y_A1_INVX0P5H7L_Y_A_AOAI211X0P5H7L_Y_A0_NAND2X0P5H7L_A_Y_AOI21X0P5H7L_B0_Y_AO211X1P4H7L_B0_A0 (net)                                                                                                    | 4      |             |            |            | 0.000       |        |                 |
| pc_mod.pc_30__reg_p_D_AOA211X1P4H7L_Y_A0_OAI211X0P7H7L_Y_A1_AOI31X0P5H7L_Y_B0_AOAI211X0P5H7L_Y_B0_OAI211X0P7H7L_Y_B0_AOI21X0P5H7L_A1_B0_OAI21X0P5H7L_Y_B0_OAOI211X0P5H7L_C0_A0_OR2X1P4H7L_Y:B (OR2X1P4H7L)                                     |        | 0.001       | 0.000      | 0.069      |             | 0.000  | 2.653f          |
| pc_mod.pc_30__reg_p_D_AOA211X1P4H7L_Y_A0_OAI211X0P7H7L_Y_A1_AOI31X0P5H7L_Y_B0_AOAI211X0P5H7L_Y_B0_OAI211X0P7H7L_Y_B0_AOI21X0P5H7L_A1_B0_OAI21X0P5H7L_Y_B0_OAOI211X0P5H7L_C0_A0_OR2X1P4H7L_Y:Y (OR2X1P4H7L)                                     |        | 0.002       | 0.000      | 0.025      |             | 0.065  | 2.719f          |
| pc_mod.pc_30__reg_p_D_AOA211X1P4H7L_Y_A0_OAI211X0P7H7L_Y_A1_AOI31X0P5H7L_Y_B0_AOAI211X0P5H7L_Y_B0_OAI211X0P7H7L_Y_B0_AOI21X0P5H7L_A1_B0_OAI21X0P5H7L_Y_B0_OAOI211X0P5H7L_C0_A0 (net)                                                           | 2      |             |            |            | 0.000       |        |                 |
| pc_mod.pc_30__reg_p_D_AOA211X1P4H7L_Y_A0_OAI211X0P7H7L_Y_A1_AOI31X0P5H7L_Y_B0_AOAI211X0P5H7L_Y_B0_OAI211X0P7H7L_Y_B0_AOI21X0P5H7L_A1_B0_OAI21X0P5H7L_Y_B0_OAOI211X0P5H7L_C0_A0_NOR2X0P5H7L_B:B (NOR2X0P5H7L)                                   |        | 0.001       | 0.000      | 0.025      |             | 0.000  | 2.719f          |
| pc_mod.pc_30__reg_p_D_AOA211X1P4H7L_Y_A0_OAI211X0P7H7L_Y_A1_AOI31X0P5H7L_Y_B0_AOAI211X0P5H7L_Y_B0_OAI211X0P7H7L_Y_B0_AOI21X0P5H7L_A1_B0_OAI21X0P5H7L_Y_B0_OAOI211X0P5H7L_C0_A0_NOR2X0P5H7L_B:Y (NOR2X0P5H7L)                                   |        | 0.001       | 0.000      | 0.058      |             | 0.034  | 2.753r          |
| pc_mod.pc_30__reg_p_D_AOA211X1P4H7L_Y_A0_OAI211X0P7H7L_Y_A1_AOI31X0P5H7L_Y_B0_AOAI211X0P5H7L_Y_B0_OAI211X0P7H7L_Y_B0_AOI21X0P5H7L_A1_B0_OAI21X0P5H7L_Y_B0_OAOI211X0P5H7L_C0_A0_NOR2X0P5H7L_B_Y (net)                                           | 1      |             |            |            | 0.000       |        |                 |
| pc_mod.pc_30__reg_p_D_AOA211X1P4H7L_Y_A0_OAI211X0P7H7L_Y_A1_AOI31X0P5H7L_Y_B0_AOAI211X0P5H7L_Y_B0_OAI211X0P7H7L_Y_B0_AOI21X0P5H7L_A1_B0_OAI21X0P5H7L_Y_B0_OAOI211X0P5H7L_C0_A0_NOR2X0P5H7L_B_Y_AOAI211X0P5H7L_B0:B0 (AOAI211X0P5H7L)           |        | 0.001       | 0.000      | 0.058      |             | 0.000  | 2.753r          |
| pc_mod.pc_30__reg_p_D_AOA211X1P4H7L_Y_A0_OAI211X0P7H7L_Y_A1_AOI31X0P5H7L_Y_B0_AOAI211X0P5H7L_Y_B0_OAI211X0P7H7L_Y_B0_AOI21X0P5H7L_A1_B0_OAI21X0P5H7L_Y_B0_OAOI211X0P5H7L_C0_A0_NOR2X0P5H7L_B_Y_AOAI211X0P5H7L_B0:Y (AOAI211X0P5H7L)            |        | 0.001       | 0.000      | 0.055      |             | 0.035  | 2.788f          |
| pc_mod.pc_30__reg_p_D_AOA211X1P4H7L_Y_A0_OAI211X0P7H7L_Y_A1_AOI31X0P5H7L_Y_B0_AOAI211X0P5H7L_Y_B0_OAI211X0P7H7L_Y_B0_AOI21X0P5H7L_A1_B0_OAI21X0P5H7L_Y_B0_OAOI211X0P5H7L_C0_A0_NOR2X0P5H7L_B_Y_AOAI211X0P5H7L_B0_Y (net)                       | 1      |             |            |            | 0.000       |        |                 |
| pc_mod.pc_30__reg_p_D_AOA211X1P4H7L_Y_A0_OAI211X0P7H7L_Y_A1_AOI31X0P5H7L_Y_B0_AOAI211X0P5H7L_Y_B0_OAI211X0P7H7L_Y_B0_AOI21X0P5H7L_A1_B0_OAI21X0P5H7L_Y_B0_OAOI211X0P5H7L_C0_A0_NOR2X0P5H7L_B_Y_AOAI211X0P5H7L_B0_Y_BUFX1P4H7L_A:A (BUFX1P4H7L) |        | 0.001       | 0.000      | 0.055      |             | 0.000  | 2.788f          |
| pc_mod.pc_30__reg_p_D_AOA211X1P4H7L_Y_A0_OAI211X0P7H7L_Y_A1_AOI31X0P5H7L_Y_B0_AOAI211X0P5H7L_Y_B0_OAI211X0P7H7L_Y_B0_AOI21X0P5H7L_A1_B0_OAI21X0P5H7L_Y_B0_OAOI211X0P5H7L_C0_A0_NOR2X0P5H7L_B_Y_AOAI211X0P5H7L_B0_Y_BUFX1P4H7L_A:Y (BUFX1P4H7L) |        | 0.012       | 0.000      | 0.081      |             | 0.085  | 2.873f          |
| csr_mod.working_reg_2__AOAI211X0P5H7L_Y_C0 (net)                                                                                                                                                                                               | 15     |             |            |            | 0.000       |        |                 |
| csr_mod.working_reg_2__AOAI211X0P5H7L_Y:C0 (AOAI211X0P5H7L)                                                                                                                                                                                    |        | 0.001       | 0.000      | 0.081      |             | 0.000  | 2.873f          |
| csr_mod.working_reg_2__AOAI211X0P5H7L_Y:Y (AOAI211X0P5H7L)                                                                                                                                                                                     |        | 0.002       | 0.000      | 0.088      |             | 0.046  | 2.919r          |
| csr_mod.working_reg_2_ (net)                                                                                                                                                                                                                   | 1      |             |            |            | 0.000       |        |                 |
| csr_mod.working_reg_2__BUFX7H7L_A:A (BUFX7H7L)                                                                                                                                                                                                 |        | 0.002       | 0.000      | 0.088      |             | 0.000  | 2.919r          |
| csr_mod.working_reg_2__BUFX7H7L_A:Y (BUFX7H7L)                                                                                                                                                                                                 |        | 0.033       | 0.000      | 0.091      |             | 0.083  | 3.001r          |
| csr_mod.regs[2]_0__NOR2BX1H7L_AN_B (net)                                                                                                                                                                                                       | 16     |             |            |            | 0.000       |        |                 |
| csr_mod.regs[3]_8__MUX4X1P4H7L_A_S0_BUFX7H7L_Y:A (BUFX7H7L)                                                                                                                                                                                    |        | 0.002       | 0.000      | 0.091      |             | 0.000  | 3.001r          |
| csr_mod.regs[3]_8__MUX4X1P4H7L_A_S0_BUFX7H7L_Y:Y (BUFX7H7L)                                                                                                                                                                                    |        | 0.039       | 0.000      | 0.105      |             | 0.091  | 3.092r          |
| csr_mod.regs[3]_8__MUX4X1P4H7L_A_S0 (net)                                                                                                                                                                                                      | 14     |             |            |            | 0.000       |        |                 |
| csr_mod.regs[3]_8__MUX4X1P4H7L_A_S0_BUFX7H7L_A:A (BUFX7H7L)                                                                                                                                                                                    |        | 0.002       | 0.000      | 0.105      |             | 0.000  | 3.092r          |
| csr_mod.regs[3]_8__MUX4X1P4H7L_A_S0_BUFX7H7L_A:Y (BUFX7H7L)                                                                                                                                                                                    |        | 0.040       | 0.000      | 0.107      |             | 0.093  | 3.185r          |
| csr_mod.regs[2]_3__MUX4X1P4H7L_A_S0 (net)                                                                                                                                                                                                      | 16     |             |            |            | 0.000       |        |                 |
| csr_mod.regs[0]_0__MUX4X1P4H7L_A_Y_AOI21X1P4H7L_A0_A1_NAND2X0P5H7L_Y_A_AOI21X0P5H7L_A0_B0_NAND3X0P5H7L_Y_C_NAND2X0P5H7L_B_Y_NOR2X0P5H7L_B:A (NOR2X0P5H7L)                                                                                      |        | 0.001       | 0.000      | 0.107      |             | 0.000  | 3.185r          |
| csr_mod.regs[0]_0__MUX4X1P4H7L_A_Y_AOI21X1P4H7L_A0_A1_NAND2X0P5H7L_Y_A_AOI21X0P5H7L_A0_B0_NAND3X0P5H7L_Y_C_NAND2X0P5H7L_B_Y_NOR2X0P5H7L_B:Y (NOR2X0P5H7L)                                                                                      |        | 0.002       | 0.000      | 0.046      |             | 0.035  | 3.220f          |
| csr_mod.regs[0]_0__MUX4X1P4H7L_A_Y_AOI21X1P4H7L_A0_A1_NAND2X0P5H7L_Y_A_AOI21X0P5H7L_A0_B0_NAND3X0P5H7L_Y_C_NAND2X0P5H7L_B_Y_NOR2X0P5H7L_B_Y (net)                                                                                              | 2      |             |            |            | 0.000       |        |                 |
| csr_mod.regs[0]_0__MUX4X1P4H7L_A_Y_AOI21X1P4H7L_A0_A1_NAND2X0P5H7L_Y_A_AOI21X0P5H7L_A0_B0_NAND3X0P5H7L_Y_C_NAND2X0P5H7L_B_Y_NOR2X0P5H7L_B_Y_AOAI211X1H7L_A1:A1 (AOAI211X1H7L)                                                                  |        | 0.001       | 0.000      | 0.046      |             | 0.000  | 3.220f          |
| csr_mod.regs[0]_0__MUX4X1P4H7L_A_Y_AOI21X1P4H7L_A0_A1_NAND2X0P5H7L_Y_A_AOI21X0P5H7L_A0_B0_NAND3X0P5H7L_Y_C_NAND2X0P5H7L_B_Y_NOR2X0P5H7L_B_Y_AOAI211X1H7L_A1:Y (AOAI211X1H7L)                                                                   |        | 0.007       | 0.000      | 0.190      |             | 0.128  | 3.348r          |
| csr_mod.regs[1]_5__reg_p_D_NOR2X0P5H7L_Y_A (net)                                                                                                                                                                                               | 10     |             |            |            | 0.000       |        |                 |
| csr_mod.regs[1]_5__reg_p_D_NOR2X0P5H7L_Y_A_BUFX3H7L_A:A (BUFX3H7L)                                                                                                                                                                             |        | 0.001       | 0.000      | 0.190      |             | 0.000  | 3.348r          |
| csr_mod.regs[1]_5__reg_p_D_NOR2X0P5H7L_Y_A_BUFX3H7L_A:Y (BUFX3H7L)                                                                                                                                                                             |        | 0.016       | 0.000      | 0.103      |             | 0.107  | 3.454r          |
| csr_mod.regs[1]_9__reg_p_D_NOR2X0P5H7L_Y_A (net)                                                                                                                                                                                               | 24     |             |            |            | 0.000       |        |                 |
| csr_mod.regs[1]_9__reg_p_D_NOR2X0P5H7L_Y_A_NAND2X0P5H7L_B:B (NAND2X0P5H7L)                                                                                                                                                                     |        | 0.001       | 0.000      | 0.103      |             | 0.000  | 3.454r          |
| csr_mod.regs[1]_9__reg_p_D_NOR2X0P5H7L_Y_A_NAND2X0P5H7L_B:Y (NAND2X0P5H7L)                                                                                                                                                                     |        | 0.001       | 0.000      | 0.037      |             | 0.032  | 3.487f          |
| csr_mod.regs[1]_0__reg_p_CK_ICGX0P5H7L_ECK_E (net)                                                                                                                                                                                             | 1      |             |            |            | 0.000       |        |                 |
| csr_mod.regs[1]_0__reg_p_CK_ICGX0P5H7L_ECK:E (ICGX0P5H7L)                                                                                                                                                                                      |        | 0.001       | 0.000      | 0.037      |             | 0.000  | 3.487f          |
|                                                                                                                                                                                                                                                |        |             |            |            |             |        |                 |
| clock (port)                                                                                                                                                                                                                                   |        | 0.110       | 0.000      | 0.000      |             | 0.000  | 0.000r          |
| clock (clock net)                                                                                                                                                                                                                              | 105    |             |            |            | NA          |        |                 |
| csr_mod.regs[1]_0__reg_p_CK_ICGX0P5H7L_ECK:CK (ICGX0P5H7L)                                                                                                                                                                                     |        | 0.002       | 0.000      | 0.000      |             | 0.000  | 0.000r          |
| clock core_clock (rise edge)                                                                                                                                                                                                                   |        |             |            |            |             | 1.769  | 1.769           |
| clock network delay (ideal)                                                                                                                                                                                                                    |        |             |            |            |             | 0.000  | 1.769           |
| csr_mod.regs[1]_0__reg_p_CK_ICGX0P5H7L_ECK:CK (ICGX0P5H7L)                                                                                                                                                                                     |        |             |            |            |             |        | 1.769r          |
| library setup time                                                                                                                                                                                                                             |        |             |            |            |             | -0.036 | 1.733           |
| clock reconvergence pessimism                                                                                                                                                                                                                  |        |             |            |            |             | 0.000  | 1.733           |
|                                                                                                                                                                                                                                                |        |             |            |            |             |        |                 |
| path cell delay                                                                                                                                                                                                                                |        |             |            |            |             |        | 3.487(100.000%) |
| path net delay                                                                                                                                                                                                                                 |        |             |            |            |             |        | 0.000(0.000%)   |
|                                                                                                                                                                                                                                                |        |             |            |            |             |        |                 |
| data require time                                                                                                                                                                                                                              |        |             |            |            |             |        | 1.733           |
| data arrival time                                                                                                                                                                                                                              |        |             |            |            |             |        | 3.487           |
| slack (VIOLATED)                                                                                                                                                                                                                               |        |             |            |            |             |        | -1.754          |
+------------------------------------------------------------------------------------------------------------------------------------------------------------------------------------------------------------------------------------------------+--------+-------------+------------+------------+-------------+--------+-----------------+
+-------------------------------------------------------------------------+--------+-------------+------------+------------+-------------+--------+-----------------+
| Point                                                                   | Fanout | Capacitance | Resistance | Transition | Delta Delay | Incr   | Path            |
+-------------------------------------------------------------------------+--------+-------------+------------+------------+-------------+--------+-----------------+
| clock (port)                                                            |        | 0.110       | 0.000      | 0.000      |             | 0.000  | 0.000r          |
| clock (clock net)                                                       | 105    |             |            |            | NA          |        |                 |
| pc_mod.pc_27__reg_p:CK (DFFQX1H7L)                                      |        | 0.001       | 0.000      | 0.000      |             | 0.000  | 0.000r          |
| clock core_clock (rise edge)                                            |        |             |            |            |             | 0      | 0               |
| clock network delay (ideal)                                             |        |             |            |            |             | 0.000  | 0.000           |
| pc_mod.pc_27__reg_p:CK (DFFQX1H7L)                                      |        | 0.001       | 0.000      | 0.000      |             | 0.000  | 0.000r          |
| pc_mod.pc_27__reg_p:Q (DFFQX1H7L)                                       |        | 0.002       | 0.000      | 0.032      |             | 0.069  | 0.069f          |
| pc_mod.pc_27_ (net)                                                     | 3      |             |            |            | 0.000       |        |                 |
| icache_mod.block_tag[0]_21__reg_p:D (DFFQX1H7L)                         |        | 0.001       | 0.000      | 0.032      |             | 0.000  | 0.069f          |
|                                                                         |        |             |            |            |             |        |                 |
| clock (port)                                                            |        | 0.150       | 0.000      | 0.000      |             | 0.000  | 0.000r          |
| clock (clock net)                                                       | 105    |             |            |            | NA          |        |                 |
| icache_mod.block_valid[0]_AO21X1H7L_A1_B0_ICGX0P5H7L_E:CK (ICGX0P5H7L)  |        | 0.002       | 0.000      | 0.000      |             | 0.000  | 0.000r          |
| icache_mod.block_valid[0]_AO21X1H7L_A1_B0_ICGX0P5H7L_E:ECK (ICGX0P5H7L) |        | 0.058       | 0.000      | 0.000      |             | 0.000  | 0.000r          |
| icache_mod.block_tag[0]_9__reg_p_CK (clock net)                         | 58     |             |            |            | NA          |        |                 |
| icache_mod.block_tag[0]_21__reg_p:CK (DFFQX1H7L)                        |        | 0.001       | 0.000      | 0.000      |             | 0.000  | 0.000r          |
| clock core_clock (rise edge)                                            |        |             |            |            |             | 0      | 0               |
| clock network delay (ideal)                                             |        |             |            |            |             | 0.000  | 0.000           |
| icache_mod.block_tag[0]_21__reg_p:CK (DFFQX1H7L)                        |        |             |            |            |             |        | 0.000r          |
| library hold time                                                       |        |             |            |            |             | -0.009 | -0.009          |
| clock reconvergence pessimism                                           |        |             |            |            |             | -0.000 | -0.009          |
|                                                                         |        |             |            |            |             |        |                 |
| path cell delay                                                         |        |             |            |            |             |        | 0.069(100.000%) |
| path net delay                                                          |        |             |            |            |             |        | 0.000(0.000%)   |
|                                                                         |        |             |            |            |             |        |                 |
| data require time                                                       |        |             |            |            |             |        | -0.009          |
| data arrival time                                                       |        |             |            |            |             |        | 0.069           |
| slack (MET)                                                             |        |             |            |            |             |        | 0.078           |
+-------------------------------------------------------------------------+--------+-------------+------------+------------+-------------+--------+-----------------+
+-------------------------------------------------------------------------+--------+-------------+------------+------------+-------------+--------+-----------------+
| Point                                                                   | Fanout | Capacitance | Resistance | Transition | Delta Delay | Incr   | Path            |
+-------------------------------------------------------------------------+--------+-------------+------------+------------+-------------+--------+-----------------+
| clock (port)                                                            |        | 0.110       | 0.000      | 0.000      |             | 0.000  | 0.000r          |
| clock (clock net)                                                       | 105    |             |            |            | NA          |        |                 |
| pc_mod.pc_25__reg_p:CK (DFFQX1H7L)                                      |        | 0.001       | 0.000      | 0.000      |             | 0.000  | 0.000r          |
| clock core_clock (rise edge)                                            |        |             |            |            |             | 0      | 0               |
| clock network delay (ideal)                                             |        |             |            |            |             | 0.000  | 0.000           |
| pc_mod.pc_25__reg_p:CK (DFFQX1H7L)                                      |        | 0.001       | 0.000      | 0.000      |             | 0.000  | 0.000r          |
| pc_mod.pc_25__reg_p:Q (DFFQX1H7L)                                       |        | 0.002       | 0.000      | 0.032      |             | 0.069  | 0.069f          |
| pc_mod.pc_25_ (net)                                                     | 3      |             |            |            | 0.000       |        |                 |
| icache_mod.block_tag[1]_19__reg_p:D (DFFQX1H7L)                         |        | 0.001       | 0.000      | 0.032      |             | 0.000  | 0.069f          |
|                                                                         |        |             |            |            |             |        |                 |
| clock (port)                                                            |        | 0.150       | 0.000      | 0.000      |             | 0.000  | 0.000r          |
| clock (clock net)                                                       | 105    |             |            |            | NA          |        |                 |
| icache_mod.block_valid[1]_AO21X1H7L_A1_B0_ICGX0P5H7L_E:CK (ICGX0P5H7L)  |        | 0.002       | 0.000      | 0.000      |             | 0.000  | 0.000r          |
| icache_mod.block_valid[1]_AO21X1H7L_A1_B0_ICGX0P5H7L_E:ECK (ICGX0P5H7L) |        | 0.058       | 0.000      | 0.000      |             | 0.000  | 0.000r          |
| icache_mod.block_tag[1]_9__reg_p_CK (clock net)                         | 58     |             |            |            | NA          |        |                 |
| icache_mod.block_tag[1]_19__reg_p:CK (DFFQX1H7L)                        |        | 0.001       | 0.000      | 0.000      |             | 0.000  | 0.000r          |
| clock core_clock (rise edge)                                            |        |             |            |            |             | 0      | 0               |
| clock network delay (ideal)                                             |        |             |            |            |             | 0.000  | 0.000           |
| icache_mod.block_tag[1]_19__reg_p:CK (DFFQX1H7L)                        |        |             |            |            |             |        | 0.000r          |
| library hold time                                                       |        |             |            |            |             | -0.009 | -0.009          |
| clock reconvergence pessimism                                           |        |             |            |            |             | -0.000 | -0.009          |
|                                                                         |        |             |            |            |             |        |                 |
| path cell delay                                                         |        |             |            |            |             |        | 0.069(100.000%) |
| path net delay                                                          |        |             |            |            |             |        | 0.000(0.000%)   |
|                                                                         |        |             |            |            |             |        |                 |
| data require time                                                       |        |             |            |            |             |        | -0.009          |
| data arrival time                                                       |        |             |            |            |             |        | 0.069           |
| slack (MET)                                                             |        |             |            |            |             |        | 0.078           |
+-------------------------------------------------------------------------+--------+-------------+------------+------------+-------------+--------+-----------------+
+-------------------------------------------------------------------------+--------+-------------+------------+------------+-------------+--------+-----------------+
| Point                                                                   | Fanout | Capacitance | Resistance | Transition | Delta Delay | Incr   | Path            |
+-------------------------------------------------------------------------+--------+-------------+------------+------------+-------------+--------+-----------------+
| clock (port)                                                            |        | 0.110       | 0.000      | 0.000      |             | 0.000  | 0.000r          |
| clock (clock net)                                                       | 105    |             |            |            | NA          |        |                 |
| pc_mod.pc_27__reg_p:CK (DFFQX1H7L)                                      |        | 0.001       | 0.000      | 0.000      |             | 0.000  | 0.000r          |
| clock core_clock (rise edge)                                            |        |             |            |            |             | 0      | 0               |
| clock network delay (ideal)                                             |        |             |            |            |             | 0.000  | 0.000           |
| pc_mod.pc_27__reg_p:CK (DFFQX1H7L)                                      |        | 0.001       | 0.000      | 0.000      |             | 0.000  | 0.000r          |
| pc_mod.pc_27__reg_p:Q (DFFQX1H7L)                                       |        | 0.002       | 0.000      | 0.032      |             | 0.069  | 0.069f          |
| pc_mod.pc_27_ (net)                                                     | 3      |             |            |            | 0.000       |        |                 |
| icache_mod.block_tag[1]_21__reg_p:D (DFFQX1H7L)                         |        | 0.001       | 0.000      | 0.032      |             | 0.000  | 0.069f          |
|                                                                         |        |             |            |            |             |        |                 |
| clock (port)                                                            |        | 0.150       | 0.000      | 0.000      |             | 0.000  | 0.000r          |
| clock (clock net)                                                       | 105    |             |            |            | NA          |        |                 |
| icache_mod.block_valid[1]_AO21X1H7L_A1_B0_ICGX0P5H7L_E:CK (ICGX0P5H7L)  |        | 0.002       | 0.000      | 0.000      |             | 0.000  | 0.000r          |
| icache_mod.block_valid[1]_AO21X1H7L_A1_B0_ICGX0P5H7L_E:ECK (ICGX0P5H7L) |        | 0.058       | 0.000      | 0.000      |             | 0.000  | 0.000r          |
| icache_mod.block_tag[1]_9__reg_p_CK (clock net)                         | 58     |             |            |            | NA          |        |                 |
| icache_mod.block_tag[1]_21__reg_p:CK (DFFQX1H7L)                        |        | 0.001       | 0.000      | 0.000      |             | 0.000  | 0.000r          |
| clock core_clock (rise edge)                                            |        |             |            |            |             | 0      | 0               |
| clock network delay (ideal)                                             |        |             |            |            |             | 0.000  | 0.000           |
| icache_mod.block_tag[1]_21__reg_p:CK (DFFQX1H7L)                        |        |             |            |            |             |        | 0.000r          |
| library hold time                                                       |        |             |            |            |             | -0.009 | -0.009          |
| clock reconvergence pessimism                                           |        |             |            |            |             | -0.000 | -0.009          |
|                                                                         |        |             |            |            |             |        |                 |
| path cell delay                                                         |        |             |            |            |             |        | 0.069(100.000%) |
| path net delay                                                          |        |             |            |            |             |        | 0.000(0.000%)   |
|                                                                         |        |             |            |            |             |        |                 |
| data require time                                                       |        |             |            |            |             |        | -0.009          |
| data arrival time                                                       |        |             |            |            |             |        | 0.069           |
| slack (MET)                                                             |        |             |            |            |             |        | 0.078           |
+-------------------------------------------------------------------------+--------+-------------+------------+------------+-------------+--------+-----------------+
+-------------------------------------------------------------------------+--------+-------------+------------+------------+-------------+--------+-----------------+
| Point                                                                   | Fanout | Capacitance | Resistance | Transition | Delta Delay | Incr   | Path            |
+-------------------------------------------------------------------------+--------+-------------+------------+------------+-------------+--------+-----------------+
| clock (port)                                                            |        | 0.110       | 0.000      | 0.000      |             | 0.000  | 0.000r          |
| clock (clock net)                                                       | 105    |             |            |            | NA          |        |                 |
| pc_mod.pc_6__reg_p:CK (DFFQX1H7L)                                       |        | 0.001       | 0.000      | 0.000      |             | 0.000  | 0.000r          |
| clock core_clock (rise edge)                                            |        |             |            |            |             | 0      | 0               |
| clock network delay (ideal)                                             |        |             |            |            |             | 0.000  | 0.000           |
| pc_mod.pc_6__reg_p:CK (DFFQX1H7L)                                       |        | 0.001       | 0.000      | 0.000      |             | 0.000  | 0.000r          |
| pc_mod.pc_6__reg_p:Q (DFFQX1H7L)                                        |        | 0.002       | 0.000      | 0.032      |             | 0.069  | 0.069f          |
| pc_mod.pc_6_ (net)                                                      | 3      |             |            |            | 0.000       |        |                 |
| icache_mod.block_tag[1]_0__reg_p:D (DFFQX1H7L)                          |        | 0.001       | 0.000      | 0.032      |             | 0.000  | 0.069f          |
|                                                                         |        |             |            |            |             |        |                 |
| clock (port)                                                            |        | 0.150       | 0.000      | 0.000      |             | 0.000  | 0.000r          |
| clock (clock net)                                                       | 105    |             |            |            | NA          |        |                 |
| icache_mod.block_valid[1]_AO21X1H7L_A1_B0_ICGX0P5H7L_E:CK (ICGX0P5H7L)  |        | 0.002       | 0.000      | 0.000      |             | 0.000  | 0.000r          |
| icache_mod.block_valid[1]_AO21X1H7L_A1_B0_ICGX0P5H7L_E:ECK (ICGX0P5H7L) |        | 0.058       | 0.000      | 0.000      |             | 0.000  | 0.000r          |
| icache_mod.block_tag[1]_9__reg_p_CK (clock net)                         | 58     |             |            |            | NA          |        |                 |
| icache_mod.block_tag[1]_0__reg_p:CK (DFFQX1H7L)                         |        | 0.001       | 0.000      | 0.000      |             | 0.000  | 0.000r          |
| clock core_clock (rise edge)                                            |        |             |            |            |             | 0      | 0               |
| clock network delay (ideal)                                             |        |             |            |            |             | 0.000  | 0.000           |
| icache_mod.block_tag[1]_0__reg_p:CK (DFFQX1H7L)                         |        |             |            |            |             |        | 0.000r          |
| library hold time                                                       |        |             |            |            |             | -0.009 | -0.009          |
| clock reconvergence pessimism                                           |        |             |            |            |             | -0.000 | -0.009          |
|                                                                         |        |             |            |            |             |        |                 |
| path cell delay                                                         |        |             |            |            |             |        | 0.069(100.000%) |
| path net delay                                                          |        |             |            |            |             |        | 0.000(0.000%)   |
|                                                                         |        |             |            |            |             |        |                 |
| data require time                                                       |        |             |            |            |             |        | -0.009          |
| data arrival time                                                       |        |             |            |            |             |        | 0.069           |
| slack (MET)                                                             |        |             |            |            |             |        | 0.078           |
+-------------------------------------------------------------------------+--------+-------------+------------+------------+-------------+--------+-----------------+
+-------------------------------------------------------------------------+--------+-------------+------------+------------+-------------+--------+-----------------+
| Point                                                                   | Fanout | Capacitance | Resistance | Transition | Delta Delay | Incr   | Path            |
+-------------------------------------------------------------------------+--------+-------------+------------+------------+-------------+--------+-----------------+
| clock (port)                                                            |        | 0.110       | 0.000      | 0.000      |             | 0.000  | 0.000r          |
| clock (clock net)                                                       | 105    |             |            |            | NA          |        |                 |
| pc_mod.pc_9__reg_p:CK (DFFQX1H7L)                                       |        | 0.001       | 0.000      | 0.000      |             | 0.000  | 0.000r          |
| clock core_clock (rise edge)                                            |        |             |            |            |             | 0      | 0               |
| clock network delay (ideal)                                             |        |             |            |            |             | 0.000  | 0.000           |
| pc_mod.pc_9__reg_p:CK (DFFQX1H7L)                                       |        | 0.001       | 0.000      | 0.000      |             | 0.000  | 0.000r          |
| pc_mod.pc_9__reg_p:Q (DFFQX1H7L)                                        |        | 0.002       | 0.000      | 0.032      |             | 0.069  | 0.069f          |
| pc_mod.pc_9_ (net)                                                      | 3      |             |            |            | 0.000       |        |                 |
| icache_mod.block_tag[1]_3__reg_p:D (DFFQX1H7L)                          |        | 0.001       | 0.000      | 0.032      |             | 0.000  | 0.069f          |
|                                                                         |        |             |            |            |             |        |                 |
| clock (port)                                                            |        | 0.150       | 0.000      | 0.000      |             | 0.000  | 0.000r          |
| clock (clock net)                                                       | 105    |             |            |            | NA          |        |                 |
| icache_mod.block_valid[1]_AO21X1H7L_A1_B0_ICGX0P5H7L_E:CK (ICGX0P5H7L)  |        | 0.002       | 0.000      | 0.000      |             | 0.000  | 0.000r          |
| icache_mod.block_valid[1]_AO21X1H7L_A1_B0_ICGX0P5H7L_E:ECK (ICGX0P5H7L) |        | 0.058       | 0.000      | 0.000      |             | 0.000  | 0.000r          |
| icache_mod.block_tag[1]_9__reg_p_CK (clock net)                         | 58     |             |            |            | NA          |        |                 |
| icache_mod.block_tag[1]_3__reg_p:CK (DFFQX1H7L)                         |        | 0.001       | 0.000      | 0.000      |             | 0.000  | 0.000r          |
| clock core_clock (rise edge)                                            |        |             |            |            |             | 0      | 0               |
| clock network delay (ideal)                                             |        |             |            |            |             | 0.000  | 0.000           |
| icache_mod.block_tag[1]_3__reg_p:CK (DFFQX1H7L)                         |        |             |            |            |             |        | 0.000r          |
| library hold time                                                       |        |             |            |            |             | -0.009 | -0.009          |
| clock reconvergence pessimism                                           |        |             |            |            |             | -0.000 | -0.009          |
|                                                                         |        |             |            |            |             |        |                 |
| path cell delay                                                         |        |             |            |            |             |        | 0.069(100.000%) |
| path net delay                                                          |        |             |            |            |             |        | 0.000(0.000%)   |
|                                                                         |        |             |            |            |             |        |                 |
| data require time                                                       |        |             |            |            |             |        | -0.009          |
| data arrival time                                                       |        |             |            |            |             |        | 0.069           |
| slack (MET)                                                             |        |             |            |            |             |        | 0.078           |
+-------------------------------------------------------------------------+--------+-------------+------------+------------+-------------+--------+-----------------+
+----------------------------------------------------------------------------------------------------------+--------+-------------+------------+------------+-------------+--------+-----------------+
| Point                                                                                                    | Fanout | Capacitance | Resistance | Transition | Delta Delay | Incr   | Path            |
+----------------------------------------------------------------------------------------------------------+--------+-------------+------------+------------+-------------+--------+-----------------+
| clock (port)                                                                                             |        | 0.110       | 0.000      | 0.000      |             | 0.000  | 0.000r          |
| clock (clock net)                                                                                        | 105    |             |            |            | NA          |        |                 |
| icache_mod.fill_count_1__reg_p:CK (DFFQX1H7L)                                                            |        | 0.001       | 0.000      | 0.000      |             | 0.000  | 0.000r          |
| clock core_clock (rise edge)                                                                             |        |             |            |            |             | 0      | 0               |
| clock network delay (ideal)                                                                              |        |             |            |            |             | 0.000  | 0.000           |
| icache_mod.fill_count_1__reg_p:CK (DFFQX1H7L)                                                            |        | 0.001       | 0.000      | 0.000      |             | 0.000  | 0.000r          |
| icache_mod.fill_count_1__reg_p:Q (DFFQX1H7L)                                                             |        | 0.004       | 0.000      | 0.040      |             | 0.077  | 0.077f          |
| icache_mod.fill_count_1_ (net)                                                                           | 6      |             |            |            | 0.000       |        |                 |
| icache_mod.fill_count_0__reg_p_D_AOI2BB1X0P5H7L_Y_A0N_NAND2X0P5H7L_B:A (NAND2X0P5H7L)                    |        | 0.001       | 0.000      | 0.040      |             | 0.000  | 0.077f          |
| icache_mod.fill_count_0__reg_p_D_AOI2BB1X0P5H7L_Y_A0N_NAND2X0P5H7L_B:Y (NAND2X0P5H7L)                    |        | 0.002       | 0.000      | 0.046      |             | 0.039  | 0.116r          |
| icache_mod.fill_count_0__reg_p_D_AOI2BB1X0P5H7L_Y_A0N_NAND2X0P5H7L_B_Y (net)                             | 4      |             |            |            | 0.000       |        |                 |
| icache_mod.block_valid[1]_AO21X1H7L_A1_B0_NOR2X0P5H7L_Y_B_NOR2X0P5H7L_A_2:B (NOR2X0P5H7L)                |        | 0.001       | 0.000      | 0.046      |             | 0.000  | 0.116r          |
| icache_mod.block_valid[1]_AO21X1H7L_A1_B0_NOR2X0P5H7L_Y_B_NOR2X0P5H7L_A_2:Y (NOR2X0P5H7L)                |        | 0.001       | 0.000      | 0.021      |             | 0.018  | 0.134f          |
| icache_mod.block_valid[1]_AO21X1H7L_A1_B0_NOR2X0P5H7L_Y_B_NOR2X0P5H7L_A_2_Y (net)                        | 1      |             |            |            | 0.000       |        |                 |
| icache_mod.block_valid[1]_AO21X1H7L_A1_B0_NOR2X0P5H7L_Y_B_NOR2X0P5H7L_A_2_Y_ICGX0P5H7L_E:E (ICGX0P5H7L)  |        | 0.001       | 0.000      | 0.021      |             | 0.000  | 0.134f          |
|                                                                                                          |        |             |            |            |             |        |                 |
| clock (port)                                                                                             |        | 0.150       | 0.000      | 0.000      |             | 0.000  | 0.000r          |
| clock (clock net)                                                                                        | 105    |             |            |            | NA          |        |                 |
| icache_mod.block_valid[1]_AO21X1H7L_A1_B0_NOR2X0P5H7L_Y_B_NOR2X0P5H7L_A_2_Y_ICGX0P5H7L_E:CK (ICGX0P5H7L) |        | 0.002       | 0.000      | 0.000      |             | 0.000  | 0.000r          |
| clock core_clock (rise edge)                                                                             |        |             |            |            |             | 0      | 0               |
| clock network delay (ideal)                                                                              |        |             |            |            |             | 0.000  | 0.000           |
| icache_mod.block_valid[1]_AO21X1H7L_A1_B0_NOR2X0P5H7L_Y_B_NOR2X0P5H7L_A_2_Y_ICGX0P5H7L_E:CK (ICGX0P5H7L) |        |             |            |            |             |        | 0.000r          |
| library hold time                                                                                        |        |             |            |            |             | -0.006 | -0.006          |
| clock reconvergence pessimism                                                                            |        |             |            |            |             | -0.000 | -0.006          |
|                                                                                                          |        |             |            |            |             |        |                 |
| path cell delay                                                                                          |        |             |            |            |             |        | 0.134(100.000%) |
| path net delay                                                                                           |        |             |            |            |             |        | 0.000(0.000%)   |
|                                                                                                          |        |             |            |            |             |        |                 |
| data require time                                                                                        |        |             |            |            |             |        | -0.006          |
| data arrival time                                                                                        |        |             |            |            |             |        | 0.134           |
| slack (MET)                                                                                              |        |             |            |            |             |        | 0.140           |
+----------------------------------------------------------------------------------------------------------+--------+-------------+------------+------------+-------------+--------+-----------------+
+-------------------------------------------------------------------------------------------------+--------+-------------+------------+------------+-------------+--------+-----------------+
| Point                                                                                           | Fanout | Capacitance | Resistance | Transition | Delta Delay | Incr   | Path            |
+-------------------------------------------------------------------------------------------------+--------+-------------+------------+------------+-------------+--------+-----------------+
| clock (port)                                                                                    |        | 0.110       | 0.000      | 0.000      |             | 0.000  | 0.000r          |
| clock (clock net)                                                                               | 105    |             |            |            | NA          |        |                 |
| icache_mod.fill_count_2__reg_p:CK (DFFQX1H7L)                                                   |        | 0.001       | 0.000      | 0.000      |             | 0.000  | 0.000r          |
| clock core_clock (rise edge)                                                                    |        |             |            |            |             | 0      | 0               |
| clock network delay (ideal)                                                                     |        |             |            |            |             | 0.000  | 0.000           |
| icache_mod.fill_count_2__reg_p:CK (DFFQX1H7L)                                                   |        | 0.001       | 0.000      | 0.000      |             | 0.000  | 0.000r          |
| icache_mod.fill_count_2__reg_p:Q (DFFQX1H7L)                                                    |        | 0.006       | 0.000      | 0.066      |             | 0.111  | 0.111r          |
| icache_mod.fill_count_2_ (net)                                                                  | 9      |             |            |            | 0.000       |        |                 |
| icache_mod.fill_count_1__reg_p_D_AOI21X0P5H7L_Y_A0_NOR3X0P5H7L_C:A (NOR3X0P5H7L)                |        | 0.001       | 0.000      | 0.066      |             | 0.000  | 0.111r          |
| icache_mod.fill_count_1__reg_p_D_AOI21X0P5H7L_Y_A0_NOR3X0P5H7L_C:Y (NOR3X0P5H7L)                |        | 0.001       | 0.000      | 0.020      |             | 0.024  | 0.135f          |
| icache_mod.fill_count_1__reg_p_D_AOI21X0P5H7L_Y_A0_NOR3X0P5H7L_C_Y (net)                        | 1      |             |            |            | 0.000       |        |                 |
| icache_mod.fill_count_1__reg_p_D_AOI21X0P5H7L_Y_A0_NOR3X0P5H7L_C_Y_ICGX0P5H7L_E:E (ICGX0P5H7L)  |        | 0.001       | 0.000      | 0.020      |             | 0.000  | 0.135f          |
|                                                                                                 |        |             |            |            |             |        |                 |
| clock (port)                                                                                    |        | 0.150       | 0.000      | 0.000      |             | 0.000  | 0.000r          |
| clock (clock net)                                                                               | 105    |             |            |            | NA          |        |                 |
| icache_mod.fill_count_1__reg_p_D_AOI21X0P5H7L_Y_A0_NOR3X0P5H7L_C_Y_ICGX0P5H7L_E:CK (ICGX0P5H7L) |        | 0.002       | 0.000      | 0.000      |             | 0.000  | 0.000r          |
| clock core_clock (rise edge)                                                                    |        |             |            |            |             | 0      | 0               |
| clock network delay (ideal)                                                                     |        |             |            |            |             | 0.000  | 0.000           |
| icache_mod.fill_count_1__reg_p_D_AOI21X0P5H7L_Y_A0_NOR3X0P5H7L_C_Y_ICGX0P5H7L_E:CK (ICGX0P5H7L) |        |             |            |            |             |        | 0.000r          |
| library hold time                                                                               |        |             |            |            |             | -0.005 | -0.005          |
| clock reconvergence pessimism                                                                   |        |             |            |            |             | -0.000 | -0.005          |
|                                                                                                 |        |             |            |            |             |        |                 |
| path cell delay                                                                                 |        |             |            |            |             |        | 0.135(100.000%) |
| path net delay                                                                                  |        |             |            |            |             |        | 0.000(0.000%)   |
|                                                                                                 |        |             |            |            |             |        |                 |
| data require time                                                                               |        |             |            |            |             |        | -0.005          |
| data arrival time                                                                               |        |             |            |            |             |        | 0.135           |
| slack (MET)                                                                                     |        |             |            |            |             |        | 0.140           |
+-------------------------------------------------------------------------------------------------+--------+-------------+------------+------------+-------------+--------+-----------------+
+---------------------------------------------------------------------------------------------------------------------+--------+-------------+------------+------------+-------------+--------+-----------------+
| Point                                                                                                               | Fanout | Capacitance | Resistance | Transition | Delta Delay | Incr   | Path            |
+---------------------------------------------------------------------------------------------------------------------+--------+-------------+------------+------------+-------------+--------+-----------------+
| clock (port)                                                                                                        |        | 0.110       | 0.000      | 0.000      |             | 0.000  | 0.000r          |
| clock (clock net)                                                                                                   | 105    |             |            |            | NA          |        |                 |
| icache_mod.fill_count_1__reg_p:CK (DFFQX1H7L)                                                                       |        | 0.001       | 0.000      | 0.000      |             | 0.000  | 0.000r          |
| clock core_clock (rise edge)                                                                                        |        |             |            |            |             | 0      | 0               |
| clock network delay (ideal)                                                                                         |        |             |            |            |             | 0.000  | 0.000           |
| icache_mod.fill_count_1__reg_p:CK (DFFQX1H7L)                                                                       |        | 0.001       | 0.000      | 0.000      |             | 0.000  | 0.000r          |
| icache_mod.fill_count_1__reg_p:Q (DFFQX1H7L)                                                                        |        | 0.004       | 0.000      | 0.040      |             | 0.077  | 0.077f          |
| icache_mod.fill_count_1_ (net)                                                                                      | 6      |             |            |            | 0.000       |        |                 |
| icache_mod.fill_count_0__reg_p_D_AOI2BB1X0P5H7L_Y_A0N_NAND2X0P5H7L_B:A (NAND2X0P5H7L)                               |        | 0.001       | 0.000      | 0.040      |             | 0.000  | 0.077f          |
| icache_mod.fill_count_0__reg_p_D_AOI2BB1X0P5H7L_Y_A0N_NAND2X0P5H7L_B:Y (NAND2X0P5H7L)                               |        | 0.002       | 0.000      | 0.046      |             | 0.039  | 0.116r          |
| icache_mod.fill_count_0__reg_p_D_AOI2BB1X0P5H7L_Y_A0N_NAND2X0P5H7L_B_Y (net)                                        | 4      |             |            |            | 0.000       |        |                 |
| icache_mod.fill_count_0__reg_p_D_AOI2BB1X0P5H7L_Y_A0N_NAND2X0P5H7L_B_Y_NOR2X0P5H7L_A:A (NOR2X0P5H7L)                |        | 0.001       | 0.000      | 0.046      |             | 0.000  | 0.116r          |
| icache_mod.fill_count_0__reg_p_D_AOI2BB1X0P5H7L_Y_A0N_NAND2X0P5H7L_B_Y_NOR2X0P5H7L_A:Y (NOR2X0P5H7L)                |        | 0.001       | 0.000      | 0.021      |             | 0.019  | 0.135f          |
| icache_mod.fill_count_0__reg_p_D_AOI2BB1X0P5H7L_Y_A0N_NAND2X0P5H7L_B_Y_NOR2X0P5H7L_A_Y (net)                        | 1      |             |            |            | 0.000       |        |                 |
| icache_mod.fill_count_0__reg_p_D_AOI2BB1X0P5H7L_Y_A0N_NAND2X0P5H7L_B_Y_NOR2X0P5H7L_A_Y_ICGX0P5H7L_E:E (ICGX0P5H7L)  |        | 0.001       | 0.000      | 0.021      |             | 0.000  | 0.135f          |
|                                                                                                                     |        |             |            |            |             |        |                 |
| clock (port)                                                                                                        |        | 0.150       | 0.000      | 0.000      |             | 0.000  | 0.000r          |
| clock (clock net)                                                                                                   | 105    |             |            |            | NA          |        |                 |
| icache_mod.fill_count_0__reg_p_D_AOI2BB1X0P5H7L_Y_A0N_NAND2X0P5H7L_B_Y_NOR2X0P5H7L_A_Y_ICGX0P5H7L_E:CK (ICGX0P5H7L) |        | 0.002       | 0.000      | 0.000      |             | 0.000  | 0.000r          |
| clock core_clock (rise edge)                                                                                        |        |             |            |            |             | 0      | 0               |
| clock network delay (ideal)                                                                                         |        |             |            |            |             | 0.000  | 0.000           |
| icache_mod.fill_count_0__reg_p_D_AOI2BB1X0P5H7L_Y_A0N_NAND2X0P5H7L_B_Y_NOR2X0P5H7L_A_Y_ICGX0P5H7L_E:CK (ICGX0P5H7L) |        |             |            |            |             |        | 0.000r          |
| library hold time                                                                                                   |        |             |            |            |             | -0.006 | -0.006          |
| clock reconvergence pessimism                                                                                       |        |             |            |            |             | -0.000 | -0.006          |
|                                                                                                                     |        |             |            |            |             |        |                 |
| path cell delay                                                                                                     |        |             |            |            |             |        | 0.135(100.000%) |
| path net delay                                                                                                      |        |             |            |            |             |        | 0.000(0.000%)   |
|                                                                                                                     |        |             |            |            |             |        |                 |
| data require time                                                                                                   |        |             |            |            |             |        | -0.006          |
| data arrival time                                                                                                   |        |             |            |            |             |        | 0.135           |
| slack (MET)                                                                                                         |        |             |            |            |             |        | 0.140           |
+---------------------------------------------------------------------------------------------------------------------+--------+-------------+------------+------------+-------------+--------+-----------------+
+----------------------------------------------------------------------------------------------------------+--------+-------------+------------+------------+-------------+--------+-----------------+
| Point                                                                                                    | Fanout | Capacitance | Resistance | Transition | Delta Delay | Incr   | Path            |
+----------------------------------------------------------------------------------------------------------+--------+-------------+------------+------------+-------------+--------+-----------------+
| clock (port)                                                                                             |        | 0.110       | 0.000      | 0.000      |             | 0.000  | 0.000r          |
| clock (clock net)                                                                                        | 105    |             |            |            | NA          |        |                 |
| icache_mod.fill_count_1__reg_p:CK (DFFQX1H7L)                                                            |        | 0.001       | 0.000      | 0.000      |             | 0.000  | 0.000r          |
| clock core_clock (rise edge)                                                                             |        |             |            |            |             | 0      | 0               |
| clock network delay (ideal)                                                                              |        |             |            |            |             | 0.000  | 0.000           |
| icache_mod.fill_count_1__reg_p:CK (DFFQX1H7L)                                                            |        | 0.001       | 0.000      | 0.000      |             | 0.000  | 0.000r          |
| icache_mod.fill_count_1__reg_p:Q (DFFQX1H7L)                                                             |        | 0.004       | 0.000      | 0.040      |             | 0.077  | 0.077f          |
| icache_mod.fill_count_1_ (net)                                                                           | 6      |             |            |            | 0.000       |        |                 |
| icache_mod.fill_count_0__reg_p_D_AOI2BB1X0P5H7L_Y_A0N_NAND2X0P5H7L_B:A (NAND2X0P5H7L)                    |        | 0.001       | 0.000      | 0.040      |             | 0.000  | 0.077f          |
| icache_mod.fill_count_0__reg_p_D_AOI2BB1X0P5H7L_Y_A0N_NAND2X0P5H7L_B:Y (NAND2X0P5H7L)                    |        | 0.002       | 0.000      | 0.046      |             | 0.039  | 0.116r          |
| icache_mod.fill_count_0__reg_p_D_AOI2BB1X0P5H7L_Y_A0N_NAND2X0P5H7L_B_Y (net)                             | 4      |             |            |            | 0.000       |        |                 |
| icache_mod.block_valid[0]_AO21X1H7L_A1_B0_NOR2X0P5H7L_Y_B_NOR2X0P5H7L_B_2:A (NOR2X0P5H7L)                |        | 0.001       | 0.000      | 0.046      |             | 0.000  | 0.116r          |
| icache_mod.block_valid[0]_AO21X1H7L_A1_B0_NOR2X0P5H7L_Y_B_NOR2X0P5H7L_B_2:Y (NOR2X0P5H7L)                |        | 0.001       | 0.000      | 0.021      |             | 0.019  | 0.135f          |
| icache_mod.block_valid[0]_AO21X1H7L_A1_B0_NOR2X0P5H7L_Y_B_NOR2X0P5H7L_B_2_Y (net)                        | 1      |             |            |            | 0.000       |        |                 |
| icache_mod.block_valid[0]_AO21X1H7L_A1_B0_NOR2X0P5H7L_Y_B_NOR2X0P5H7L_B_2_Y_ICGX0P5H7L_E:E (ICGX0P5H7L)  |        | 0.001       | 0.000      | 0.021      |             | 0.000  | 0.135f          |
|                                                                                                          |        |             |            |            |             |        |                 |
| clock (port)                                                                                             |        | 0.150       | 0.000      | 0.000      |             | 0.000  | 0.000r          |
| clock (clock net)                                                                                        | 105    |             |            |            | NA          |        |                 |
| icache_mod.block_valid[0]_AO21X1H7L_A1_B0_NOR2X0P5H7L_Y_B_NOR2X0P5H7L_B_2_Y_ICGX0P5H7L_E:CK (ICGX0P5H7L) |        | 0.002       | 0.000      | 0.000      |             | 0.000  | 0.000r          |
| clock core_clock (rise edge)                                                                             |        |             |            |            |             | 0      | 0               |
| clock network delay (ideal)                                                                              |        |             |            |            |             | 0.000  | 0.000           |
| icache_mod.block_valid[0]_AO21X1H7L_A1_B0_NOR2X0P5H7L_Y_B_NOR2X0P5H7L_B_2_Y_ICGX0P5H7L_E:CK (ICGX0P5H7L) |        |             |            |            |             |        | 0.000r          |
| library hold time                                                                                        |        |             |            |            |             | -0.006 | -0.006          |
| clock reconvergence pessimism                                                                            |        |             |            |            |             | -0.000 | -0.006          |
|                                                                                                          |        |             |            |            |             |        |                 |
| path cell delay                                                                                          |        |             |            |            |             |        | 0.135(100.000%) |
| path net delay                                                                                           |        |             |            |            |             |        | 0.000(0.000%)   |
|                                                                                                          |        |             |            |            |             |        |                 |
| data require time                                                                                        |        |             |            |            |             |        | -0.006          |
| data arrival time                                                                                        |        |             |            |            |             |        | 0.135           |
| slack (MET)                                                                                              |        |             |            |            |             |        | 0.141           |
+----------------------------------------------------------------------------------------------------------+--------+-------------+------------+------------+-------------+--------+-----------------+
+----------------------------------------------------------------------------------------------------------------------+--------+-------------+------------+------------+-------------+--------+-----------------+
| Point                                                                                                                | Fanout | Capacitance | Resistance | Transition | Delta Delay | Incr   | Path            |
+----------------------------------------------------------------------------------------------------------------------+--------+-------------+------------+------------+-------------+--------+-----------------+
| clock (port)                                                                                                         |        | 0.110       | 0.000      | 0.000      |             | 0.000  | 0.000r          |
| clock (clock net)                                                                                                    | 105    |             |            |            | NA          |        |                 |
| icache_mod.fill_count_2__reg_p:CK (DFFQX1H7L)                                                                        |        | 0.001       | 0.000      | 0.000      |             | 0.000  | 0.000r          |
| clock core_clock (rise edge)                                                                                         |        |             |            |            |             | 0      | 0               |
| clock network delay (ideal)                                                                                          |        |             |            |            |             | 0.000  | 0.000           |
| icache_mod.fill_count_2__reg_p:CK (DFFQX1H7L)                                                                        |        | 0.001       | 0.000      | 0.000      |             | 0.000  | 0.000r          |
| icache_mod.fill_count_2__reg_p:Q (DFFQX1H7L)                                                                         |        | 0.006       | 0.000      | 0.066      |             | 0.111  | 0.111r          |
| icache_mod.fill_count_2_ (net)                                                                                       | 9      |             |            |            | 0.000       |        |                 |
| icache_mod.fill_count_0__reg_p_D_AOI2BB1X0P5H7L_Y_A0N_NAND2BX0P5H7L_B_Y_NOR3X0P5H7L_C:A (NOR3X0P5H7L)                |        | 0.001       | 0.000      | 0.066      |             | 0.000  | 0.111r          |
| icache_mod.fill_count_0__reg_p_D_AOI2BB1X0P5H7L_Y_A0N_NAND2BX0P5H7L_B_Y_NOR3X0P5H7L_C:Y (NOR3X0P5H7L)                |        | 0.001       | 0.000      | 0.022      |             | 0.024  | 0.135f          |
| icache_mod.fill_count_0__reg_p_D_AOI2BB1X0P5H7L_Y_A0N_NAND2BX0P5H7L_B_Y_NOR3X0P5H7L_C_Y (net)                        | 1      |             |            |            | 0.000       |        |                 |
| icache_mod.fill_count_0__reg_p_D_AOI2BB1X0P5H7L_Y_A0N_NAND2BX0P5H7L_B_Y_NOR3X0P5H7L_C_Y_ICGX0P5H7L_E:E (ICGX0P5H7L)  |        | 0.001       | 0.000      | 0.022      |             | 0.000  | 0.135f          |
|                                                                                                                      |        |             |            |            |             |        |                 |
| clock (port)                                                                                                         |        | 0.150       | 0.000      | 0.000      |             | 0.000  | 0.000r          |
| clock (clock net)                                                                                                    | 105    |             |            |            | NA          |        |                 |
| icache_mod.fill_count_0__reg_p_D_AOI2BB1X0P5H7L_Y_A0N_NAND2BX0P5H7L_B_Y_NOR3X0P5H7L_C_Y_ICGX0P5H7L_E:CK (ICGX0P5H7L) |        | 0.002       | 0.000      | 0.000      |             | 0.000  | 0.000r          |
| clock core_clock (rise edge)                                                                                         |        |             |            |            |             | 0      | 0               |
| clock network delay (ideal)                                                                                          |        |             |            |            |             | 0.000  | 0.000           |
| icache_mod.fill_count_0__reg_p_D_AOI2BB1X0P5H7L_Y_A0N_NAND2BX0P5H7L_B_Y_NOR3X0P5H7L_C_Y_ICGX0P5H7L_E:CK (ICGX0P5H7L) |        |             |            |            |             |        | 0.000r          |
| library hold time                                                                                                    |        |             |            |            |             | -0.007 | -0.007          |
| clock reconvergence pessimism                                                                                        |        |             |            |            |             | -0.000 | -0.007          |
|                                                                                                                      |        |             |            |            |             |        |                 |
| path cell delay                                                                                                      |        |             |            |            |             |        | 0.135(100.000%) |
| path net delay                                                                                                       |        |             |            |            |             |        | 0.000(0.000%)   |
|                                                                                                                      |        |             |            |            |             |        |                 |
| data require time                                                                                                    |        |             |            |            |             |        | -0.007          |
| data arrival time                                                                                                    |        |             |            |            |             |        | 0.135           |
| slack (MET)                                                                                                          |        |             |            |            |             |        | 0.142           |
+----------------------------------------------------------------------------------------------------------------------+--------+-------------+------------+------------+-------------+--------+-----------------+
