Generate the report at 2026-07-05T11:21:39, GitVersion: aa25008b3778a76ae1975c839d4cc459f7f7b3b7.
+----------------------------------------------------------------------------+--------------------------+------------+------------+---------------+-------+-------+-----------+
| Endpoint                                                                   | Clock Group              | Delay Type | Path Delay | Path Required | CPPR  | Slack | Freq(MHz) |
+----------------------------------------------------------------------------+--------------------------+------------+------------+---------------+-------+-------+-----------+
| reg_mod.regs[22]_28__reg_p:D                                               | core_clock               | max        | 1.768f     | 3.287         | 0.000 | 1.519 | 551.184   |
| reg_mod.regs[31]_28__reg_p:D                                               | core_clock               | max        | 1.767f     | 3.288         | 0.000 | 1.521 | 551.775   |
| reg_mod.regs[8]_28__reg_p:D                                                | core_clock               | max        | 1.767f     | 3.288         | 0.000 | 1.521 | 551.788   |
| reg_mod.regs[21]_28__reg_p:D                                               | core_clock               | max        | 1.767f     | 3.288         | 0.000 | 1.521 | 551.788   |
| reg_mod.regs[20]_28__reg_p:D                                               | core_clock               | max        | 1.767f     | 3.288         | 0.000 | 1.521 | 551.801   |
| csr_mod.regs[0]_0__reg_p_CK_ICGX0P5H7L_ECK:E                               | **clock_gating_default** | max        | 1.303f     | 3.294         | 0.000 | 1.991 | NA        |
| csr_mod.regs[4]_0__reg_p_CK_ICGX0P5H7L_ECK:E                               | **clock_gating_default** | max        | 1.298f     | 3.294         | 0.000 | 1.996 | NA        |
| csr_mod.regs[0]_0__reg_p_CK_ICGX0P5H7L_ECK:E                               | **clock_gating_default** | max        | 1.277r     | 3.279         | 0.000 | 2.002 | NA        |
| reg_mod.regs[1]_0__reg_p_CK_ICGX0P5H7L_ECK:E                               | **clock_gating_default** | max        | 1.273r     | 3.279         | 0.000 | 2.006 | NA        |
| reg_mod.regs[3]_0__reg_p_CK_ICGX0P5H7L_ECK:E                               | **clock_gating_default** | max        | 1.273r     | 3.279         | 0.000 | 2.006 | NA        |
| lsu_mod.lsu_w_2__reg_p:D                                                   | core_clock               | min        | 0.107f     | -0.008        | 0.000 | 0.115 | NA        |
| ifu_mod.ifu_0__reg_p:D                                                     | core_clock               | min        | 0.107f     | -0.008        | 0.000 | 0.115 | NA        |
| lsu_mod.lsu_r_2__reg_p:D                                                   | core_clock               | min        | 0.109f     | -0.008        | 0.000 | 0.117 | NA        |
| lsu_mod.done_aw_reg_p:D                                                    | core_clock               | min        | 0.109f     | -0.008        | 0.000 | 0.117 | NA        |
| lsu_mod.done_wdata_reg_p:D                                                 | core_clock               | min        | 0.109f     | -0.008        | 0.000 | 0.117 | NA        |
| csr_mod.regs[3]_6__reg_p_D_NOR2X0P5H7L_Y_A_NAND3X0P5H7L_C_Y_ICGX0P5H7L_E:E | **clock_gating_default** | min        | 0.252f     | -0.010        | 0.000 | 0.262 | NA        |
| reg_mod.regs[22]_0__reg_p_CK_ICGX0P5H7L_ECK:E                              | **clock_gating_default** | min        | 0.302f     | -0.009        | 0.000 | 0.312 | NA        |
| reg_mod.regs[24]_0__reg_p_CK_ICGX0P5H7L_ECK:E                              | **clock_gating_default** | min        | 0.306f     | -0.009        | 0.000 | 0.315 | NA        |
| reg_mod.regs[26]_0__reg_p_CK_ICGX0P5H7L_ECK:E                              | **clock_gating_default** | min        | 0.306f     | -0.009        | 0.000 | 0.315 | NA        |
| reg_mod.regs[25]_0__reg_p_CK_ICGX0P5H7L_ECK:E                              | **clock_gating_default** | min        | 0.306f     | -0.009        | 0.000 | 0.315 | NA        |
+----------------------------------------------------------------------------+--------------------------+------------+------------+---------------+-------+-------+-----------+
+------------+------------+-------+
| Clock      | Delay Type | TNS   |
+------------+------------+-------+
| core_clock | max        | 0.000 |
| core_clock | min        | 0.000 |
+------------+------------+-------+
+-------------------------------------------------------------------------------------------------------------------------------------------------------------------------------------+--------+-------------+------------+------------+-------------+--------+-----------------+
| Point                                                                                                                                                                               | Fanout | Capacitance | Resistance | Transition | Delta Delay | Incr   | Path            |
+-------------------------------------------------------------------------------------------------------------------------------------------------------------------------------------+--------+-------------+------------+------------+-------------+--------+-----------------+
| clock (port)                                                                                                                                                                        |        | 0.147       | 0.000      | 0.000      |             | 0.000  | 0.000r          |
| clock (clock net)                                                                                                                                                                   | 116    |             |            |            | NA          |        |                 |
| decode_mod.bus_in_opcode_0__reg_p:CK (DFFQX1H7L)                                                                                                                                    |        | 0.001       | 0.000      | 0.000      |             | 0.000  | 0.000r          |
| clock core_clock (rise edge)                                                                                                                                                        |        |             |            |            |             | 0      | 0               |
| clock network delay (ideal)                                                                                                                                                         |        |             |            |            |             | 0.000  | 0.000           |
| decode_mod.bus_in_opcode_0__reg_p:CK (DFFQX1H7L)                                                                                                                                    |        | 0.001       | 0.000      | 0.000      |             | 0.000  | 0.000r          |
| decode_mod.bus_in_opcode_0__reg_p:Q (DFFQX1H7L)                                                                                                                                     |        | 0.007       | 0.000      | 0.081      |             | 0.120  | 0.120r          |
| decode_mod.bus_in_opcode_0_ (net)                                                                                                                                                   | 7      |             |            |            | 0.000       |        |                 |
| decode_mod.bus_in_opcode_3__NOR4BBX4H7L_D:AN (NOR4BBX4H7L)                                                                                                                          |        | 0.001       | 0.000      | 0.081      |             | 0.000  | 0.120r          |
| decode_mod.bus_in_opcode_3__NOR4BBX4H7L_D:Y (NOR4BBX4H7L)                                                                                                                           |        | 0.002       | 0.000      | 0.072      |             | 0.090  | 0.210r          |
| decode_mod.bus_in_opcode_3__NOR4BBX4H7L_D_Y (net)                                                                                                                                   | 1      |             |            |            | 0.000       |        |                 |
| decode_mod.bus_in_opcode_3__NOR4BBX4H7L_D_Y_BUFX7H7L_A:A (BUFX7H7L)                                                                                                                 |        | 0.002       | 0.000      | 0.072      |             | 0.000  | 0.210r          |
| decode_mod.bus_in_opcode_3__NOR4BBX4H7L_D_Y_BUFX7H7L_A:Y (BUFX7H7L)                                                                                                                 |        | 0.015       | 0.000      | 0.046      |             | 0.056  | 0.266r          |
| reg_mod.regs[16]_1__NAND3X0P5H7L_A_B_NAND3X0P5H7L_Y_A (net)                                                                                                                         | 12     |             |            |            | 0.000       |        |                 |
| io_master_rvalid_NAND4BX1P4H7L_B_Y_NOR2X0P5H7L_B_Y_MUX2X1P4H7L_S0_B_NAND4X1P4H7L_Y_D_NAND2X8H7L_B:A (NAND2X8H7L)                                                                    |        | 0.004       | 0.000      | 0.046      |             | 0.000  | 0.266r          |
| io_master_rvalid_NAND4BX1P4H7L_B_Y_NOR2X0P5H7L_B_Y_MUX2X1P4H7L_S0_B_NAND4X1P4H7L_Y_D_NAND2X8H7L_B:Y (NAND2X8H7L)                                                                    |        | 0.014       | 0.000      | 0.062      |             | 0.036  | 0.303f          |
| io_master_wstrb_OAI31X0P5H7L_Y_A2_NOR2X0P5H7L_Y_A_AO211X1P4H7L_B0_A0_OAI21X0P5H7L_Y_A0 (net)                                                                                        | 13     |             |            |            | 0.000       |        |                 |
| io_master_wstrb_OAI31X0P5H7L_Y_A2_NOR2X0P5H7L_Y_A_AO211X1P4H7L_B0_A0_OAI21X0P5H7L_Y_B0_OAO211X3H7L_B0:A0 (OAO211X3H7L)                                                              |        | 0.001       | 0.000      | 0.062      |             | 0.000  | 0.303f          |
| io_master_wstrb_OAI31X0P5H7L_Y_A2_NOR2X0P5H7L_Y_A_AO211X1P4H7L_B0_A0_OAI21X0P5H7L_Y_B0_OAO211X3H7L_B0:Y (OAO211X3H7L)                                                               |        | 0.013       | 0.000      | 0.067      |             | 0.131  | 0.434f          |
| reg_mod.regs[4]_9__NAND3X0P5H7L_A_C_AOI21X1H7L_Y_A0 (net)                                                                                                                           | 9      |             |            |            | 0.000       |        |                 |
| reg_mod.regs[4]_9__NAND3X0P5H7L_A_C_AOI21X1H7L_Y_A0_AOI21X4H7L_A0:A0 (AOI21X4H7L)                                                                                                   |        | 0.002       | 0.000      | 0.067      |             | 0.000  | 0.434f          |
| reg_mod.regs[4]_9__NAND3X0P5H7L_A_C_AOI21X1H7L_Y_A0_AOI21X4H7L_A0:Y (AOI21X4H7L)                                                                                                    |        | 0.002       | 0.000      | 0.039      |             | 0.046  | 0.480r          |
| reg_mod.regs[4]_9__NAND3X0P5H7L_A_C_AOI21X1H7L_Y_A0_AOI21X4H7L_A0_Y (net)                                                                                                           | 1      |             |            |            | 0.000       |        |                 |
| reg_mod.regs[4]_9__NAND3X0P5H7L_A_C_AOI21X1H7L_Y_A0_AOI21X4H7L_A0_Y_BUFX7H7L_A:A (BUFX7H7L)                                                                                         |        | 0.002       | 0.000      | 0.039      |             | 0.000  | 0.480r          |
| reg_mod.regs[4]_9__NAND3X0P5H7L_A_C_AOI21X1H7L_Y_A0_AOI21X4H7L_A0_Y_BUFX7H7L_A:Y (BUFX7H7L)                                                                                         |        | 0.021       | 0.000      | 0.059      |             | 0.058  | 0.537r          |
| reg_mod.regs[6]_24__NAND3X0P5H7L_A_C (net)                                                                                                                                          | 24     |             |            |            | 0.000       |        |                 |
| reg_mod.regs[18]_0__OA221X0P5H7L_B1_A0_NAND2X3H7L_Y:B (NAND2X3H7L)                                                                                                                  |        | 0.002       | 0.000      | 0.059      |             | 0.000  | 0.537r          |
| reg_mod.regs[18]_0__OA221X0P5H7L_B1_A0_NAND2X3H7L_Y:Y (NAND2X3H7L)                                                                                                                  |        | 0.004       | 0.000      | 0.045      |             | 0.031  | 0.568f          |
| reg_mod.regs[18]_0__OA221X0P5H7L_B1_A0 (net)                                                                                                                                        | 3      |             |            |            | 0.000       |        |                 |
| reg_mod.regs[18]_0__OA221X0P5H7L_B1_A0_BUFX8H7L_A:A (BUFX8H7L)                                                                                                                      |        | 0.002       | 0.000      | 0.045      |             | 0.000  | 0.568f          |
| reg_mod.regs[18]_0__OA221X0P5H7L_B1_A0_BUFX8H7L_A:Y (BUFX8H7L)                                                                                                                      |        | 0.027       | 0.000      | 0.042      |             | 0.061  | 0.629f          |
| reg_mod.regs[6]_26__MUX4X1P4H7L_A_S0 (net)                                                                                                                                          | 24     |             |            |            | 0.000       |        |                 |
| reg_mod.regs[14]_24__MUXI2X0P5H7L_A:S0 (MUXI2X0P5H7L)                                                                                                                               |        | 0.002       | 0.000      | 0.042      |             | 0.000  | 0.629f          |
| reg_mod.regs[14]_24__MUXI2X0P5H7L_A:Y (MUXI2X0P5H7L)                                                                                                                                |        | 0.001       | 0.000      | 0.034      |             | 0.038  | 0.667f          |
| reg_mod.regs[14]_24__MUXI2X0P5H7L_A_Y (net)                                                                                                                                         | 1      |             |            |            | 0.000       |        |                 |
| reg_mod.regs[30]_24__MUXI2X0P5H7L_A_Y_MUX4X1P4H7L_B:D (MUX4X1P4H7L)                                                                                                                 |        | 0.001       | 0.000      | 0.034      |             | 0.000  | 0.667f          |
| reg_mod.regs[30]_24__MUXI2X0P5H7L_A_Y_MUX4X1P4H7L_B:Y (MUX4X1P4H7L)                                                                                                                 |        | 0.001       | 0.000      | 0.036      |             | 0.100  | 0.767f          |
| reg_mod.regs[30]_24__MUXI2X0P5H7L_A_Y_MUX4X1P4H7L_B_Y (net)                                                                                                                         | 1      |             |            |            | 0.000       |        |                 |
| reg_mod.regs[30]_24__MUXI2X0P5H7L_A_Y_MUX4X1P4H7L_B_Y_AO211X1P4H7L_A1:A1 (AO211X1P4H7L)                                                                                             |        | 0.001       | 0.000      | 0.036      |             | 0.000  | 0.767f          |
| reg_mod.regs[30]_24__MUXI2X0P5H7L_A_Y_MUX4X1P4H7L_B_Y_AO211X1P4H7L_A1:Y (AO211X1P4H7L)                                                                                              |        | 0.005       | 0.000      | 0.053      |             | 0.105  | 0.871f          |
| reg_mod.regs[30]_24__MUXI2X0P5H7L_A_Y_MUX4X1P4H7L_B_Y_AO211X1P4H7L_A1_Y (net)                                                                                                       | 5      |             |            |            | 0.000       |        |                 |
| reg_mod.regs[19]_24__MUX4X1P4H7L_A_Y_MUX2X0P5H7L_A_Y_OAI211X1P4H7L_A1_Y_AOI31X0P5H7L_A1_Y_AOI21X3H7L_B0:A0 (AOI21X3H7L)                                                             |        | 0.002       | 0.000      | 0.053      |             | 0.000  | 0.871f          |
| reg_mod.regs[19]_24__MUX4X1P4H7L_A_Y_MUX2X0P5H7L_A_Y_OAI211X1P4H7L_A1_Y_AOI31X0P5H7L_A1_Y_AOI21X3H7L_B0:Y (AOI21X3H7L)                                                              |        | 0.004       | 0.000      | 0.080      |             | 0.064  | 0.935r          |
| reg_mod.regs[19]_24__MUX4X1P4H7L_A_Y_MUX2X0P5H7L_A_Y_OAI211X1P4H7L_A1_Y_AOI31X0P5H7L_A1_Y_AOI21X3H7L_B0_Y (net)                                                                     | 5      |             |            |            | 0.000       |        |                 |
| csr_mod.regs[3]_26__AOI22X0P5H7L_A0_Y_OAI21X0P5H7L_A1_Y_OAI211X1P4H7L_B0_A0_AO31X0P5H7L_A0_Y_OAI31X2H7L_A2_A1_AOI211X1P4H7L_Y:A1 (AOI211X1P4H7L)                                    |        | 0.001       | 0.000      | 0.080      |             | 0.000  | 0.935r          |
| csr_mod.regs[3]_26__AOI22X0P5H7L_A0_Y_OAI21X0P5H7L_A1_Y_OAI211X1P4H7L_B0_A0_AO31X0P5H7L_A0_Y_OAI31X2H7L_A2_A1_AOI211X1P4H7L_Y:Y (AOI211X1P4H7L)                                     |        | 0.001       | 0.000      | 0.041      |             | 0.035  | 0.970f          |
| csr_mod.regs[3]_26__AOI22X0P5H7L_A0_Y_OAI21X0P5H7L_A1_Y_OAI211X1P4H7L_B0_A0_AO31X0P5H7L_A0_Y_OAI31X2H7L_A2_A1 (net)                                                                 | 1      |             |            |            | 0.000       |        |                 |
| csr_mod.regs[3]_26__AOI22X0P5H7L_A0_Y_OAI21X0P5H7L_A1_Y_OAI211X1P4H7L_B0_A0_AO31X0P5H7L_A0_Y_OAI31X2H7L_A2:A1 (OAI31X2H7L)                                                          |        | 0.001       | 0.000      | 0.041      |             | 0.000  | 0.970f          |
| csr_mod.regs[3]_26__AOI22X0P5H7L_A0_Y_OAI21X0P5H7L_A1_Y_OAI211X1P4H7L_B0_A0_AO31X0P5H7L_A0_Y_OAI31X2H7L_A2:Y (OAI31X2H7L)                                                           |        | 0.003       | 0.000      | 0.124      |             | 0.091  | 1.061r          |
| csr_mod.regs[3]_26__AOI22X0P5H7L_A0_Y_OAI21X0P5H7L_A1_Y_OAI211X1P4H7L_B0_A0_AO31X0P5H7L_A0_Y_OAI31X2H7L_A2_Y (net)                                                                  | 4      |             |            |            | 0.000       |        |                 |
| pc_mod.pc_29__reg_p_D_AOI31X0P5H7L_Y_A1_OAI211X0P7H7L_Y_B0_OAO211X0P5H7L_Y_A1_MUX2X0P5H7L_Y_B_AOI21X0P5H7L_Y_A0_NOR2BX1H7L_Z_B_AO31X3H7L_B0_A2_OAI21BX0P5H7L_Y:B0N (OAI21BX0P5H7L)  |        | 0.001       | 0.000      | 0.124      |             | 0.000  | 1.061r          |
| pc_mod.pc_29__reg_p_D_AOI31X0P5H7L_Y_A1_OAI211X0P7H7L_Y_B0_OAO211X0P5H7L_Y_A1_MUX2X0P5H7L_Y_B_AOI21X0P5H7L_Y_A0_NOR2BX1H7L_Z_B_AO31X3H7L_B0_A2_OAI21BX0P5H7L_Y:Y (OAI21BX0P5H7L)    |        | 0.001       | 0.000      | 0.066      |             | 0.045  | 1.107r          |
| pc_mod.pc_29__reg_p_D_AOI31X0P5H7L_Y_A1_OAI211X0P7H7L_Y_B0_OAO211X0P5H7L_Y_A1_MUX2X0P5H7L_Y_B_AOI21X0P5H7L_Y_A0_NOR2BX1H7L_Z_B_AO31X3H7L_B0_A2 (net)                                | 1      |             |            |            | 0.000       |        |                 |
| pc_mod.pc_29__reg_p_D_AOI31X0P5H7L_Y_A1_OAI211X0P7H7L_Y_B0_OAO211X0P5H7L_Y_A1_MUX2X0P5H7L_Y_B_AOI21X0P5H7L_Y_A0_NOR2BX1H7L_Z_B_AO31X3H7L_B0:A2 (AO31X3H7L)                          |        | 0.001       | 0.000      | 0.066      |             | 0.000  | 1.107r          |
| pc_mod.pc_29__reg_p_D_AOI31X0P5H7L_Y_A1_OAI211X0P7H7L_Y_B0_OAO211X0P5H7L_Y_A1_MUX2X0P5H7L_Y_B_AOI21X0P5H7L_Y_A0_NOR2BX1H7L_Z_B_AO31X3H7L_B0:Y (AO31X3H7L)                           |        | 0.006       | 0.000      | 0.051      |             | 0.086  | 1.193r          |
| pc_mod.pc_30__reg_p_D_OAI221X0P5H7L_Y_B1_NAND2X0P5H7L_Y_B_NAND3X0P5H7L_Y_C_OAI31X0P5H7L_Y_A1_AOI21X0P5H7L_Y_A1_AO211X1H7L_Y_B0 (net)                                                | 4      |             |            |            | 0.000       |        |                 |
| pc_mod.pc_30__reg_p_D_OAI221X0P5H7L_Y_B1_NAND2X0P5H7L_Y_B_NAND3X0P5H7L_Y_C_OAI31X0P5H7L_Y_A1_AOI21X0P5H7L_Y_A1_AO211X1H7L_Y_B0_AOI21X6H7L_B0:B0 (AOI21X6H7L)                        |        | 0.003       | 0.000      | 0.051      |             | 0.000  | 1.193r          |
| pc_mod.pc_30__reg_p_D_OAI221X0P5H7L_Y_B1_NAND2X0P5H7L_Y_B_NAND3X0P5H7L_Y_C_OAI31X0P5H7L_Y_A1_AOI21X0P5H7L_Y_A1_AO211X1H7L_Y_B0_AOI21X6H7L_B0:Y (AOI21X6H7L)                         |        | 0.005       | 0.000      | 0.036      |             | 0.018  | 1.211f          |
| csr_mod.regs[0]_0__reg_p_D_NOR2X0P5H7L_Y_A_INVX0P5H7L_Y_A_AOAI211X0P5H7L_Y_A0_NAND2X0P5H7L_Y_B_AOAI211X0P5H7L_Y_A0 (net)                                                            | 6      |             |            |            | 0.000       |        |                 |
| csr_mod.regs[0]_0__reg_p_D_NOR2X0P5H7L_Y_A_INVX0P5H7L_Y_A_AOAI211X0P5H7L_Y_A0_NAND2X0P5H7L_Y_A_AOAI211X1P4H7L_Y_A0_AND4X1P4H7L_C_Y_OAO211X3H7L_A0_A1_OAO211X3H7L_Y:A0 (OAO211X3H7L) |        | 0.001       | 0.000      | 0.036      |             | 0.000  | 1.211f          |
| csr_mod.regs[0]_0__reg_p_D_NOR2X0P5H7L_Y_A_INVX0P5H7L_Y_A_AOAI211X0P5H7L_Y_A0_NAND2X0P5H7L_Y_A_AOAI211X1P4H7L_Y_A0_AND4X1P4H7L_C_Y_OAO211X3H7L_A0_A1_OAO211X3H7L_Y:Y (OAO211X3H7L)  |        | 0.002       | 0.000      | 0.033      |             | 0.092  | 1.303f          |
| csr_mod.regs[0]_0__reg_p_D_NOR2X0P5H7L_Y_A_INVX0P5H7L_Y_A_AOAI211X0P5H7L_Y_A0_NAND2X0P5H7L_Y_A_AOAI211X1P4H7L_Y_A0_AND4X1P4H7L_C_Y_OAO211X3H7L_A0_A1 (net)                          | 2      |             |            |            | 0.000       |        |                 |
| csr_mod.regs[0]_0__reg_p_D_NOR2X0P5H7L_Y_A_INVX0P5H7L_Y_A_AOAI211X0P5H7L_Y_A0_NAND2X0P5H7L_Y_A_AOAI211X1P4H7L_Y_A0_AND4X1P4H7L_C_Y_OAO211X3H7L_A0:A1 (OAO211X3H7L)                  |        | 0.001       | 0.000      | 0.033      |             | 0.000  | 1.303f          |
| csr_mod.regs[0]_0__reg_p_D_NOR2X0P5H7L_Y_A_INVX0P5H7L_Y_A_AOAI211X0P5H7L_Y_A0_NAND2X0P5H7L_Y_A_AOAI211X1P4H7L_Y_A0_AND4X1P4H7L_C_Y_OAO211X3H7L_A0:Y (OAO211X3H7L)                   |        | 0.003       | 0.000      | 0.038      |             | 0.098  | 1.400f          |
| csr_mod.regs[0]_0__reg_p_D_NOR2X0P5H7L_Y_A_INVX0P5H7L_Y_A_AOAI211X0P5H7L_Y_A0_NAND2X0P5H7L_Y_A_AOAI211X1P4H7L_Y_A0_AND4X1P4H7L_C_Y_OAO211X3H7L_A0_Y (net)                           | 1      |             |            |            | 0.000       |        |                 |
| csr_mod.regs[0]_0__reg_p_D_NOR2X0P5H7L_Y_A_INVX0P5H7L_Y_A_AOAI211X0P5H7L_Y_A0_NAND2X0P5H7L_Y_A_AOAI211X1P4H7L_Y_A0_AND4X1P4H7L_C_Y_OAO211X3H7L_A0_Y_BUFX16H7L_A:A (BUFX16H7L)       |        | 0.003       | 0.000      | 0.038      |             | 0.000  | 1.400f          |
| csr_mod.regs[0]_0__reg_p_D_NOR2X0P5H7L_Y_A_INVX0P5H7L_Y_A_AOAI211X0P5H7L_Y_A0_NAND2X0P5H7L_Y_A_AOAI211X1P4H7L_Y_A0_AND4X1P4H7L_C_Y_OAO211X3H7L_A0_Y_BUFX16H7L_A:Y (BUFX16H7L)       |        | 0.031       | 0.000      | 0.029      |             | 0.051  | 1.451f          |
| pc_mod.pc_0__AOI222X1P4H7L_A0_B0 (net)                                                                                                                                              | 18     |             |            |            | 0.000       |        |                 |
| decode_mod.bus_in_opcode_15__reg_p_D_OAOI211X0P5H7L_Y_A0_NOR3X0P5H7L_A_Y_MUX2X0P5H7L_A_Y_AO21X1H7L_B0_Y_MUX2X8H7L_B:S0 (MUX2X8H7L)                                                  |        | 0.004       | 0.000      | 0.029      |             | 0.000  | 1.451f          |
| decode_mod.bus_in_opcode_15__reg_p_D_OAOI211X0P5H7L_Y_A0_NOR3X0P5H7L_A_Y_MUX2X0P5H7L_A_Y_AO21X1H7L_B0_Y_MUX2X8H7L_B:Y (MUX2X8H7L)                                                   |        | 0.004       | 0.000      | 0.027      |             | 0.053  | 1.505f          |
| decode_mod.bus_in_opcode_15__reg_p_D_OAOI211X0P5H7L_Y_A0_NOR3X0P5H7L_A_Y_MUX2X0P5H7L_A_Y_AO21X1H7L_B0_Y_MUX2X8H7L_B_Y (net)                                                         | 1      |             |            |            | 0.000       |        |                 |
| decode_mod.bus_in_opcode_15__reg_p_D_OAOI211X0P5H7L_Y_A0_NOR3X0P5H7L_A_Y_MUX2X0P5H7L_A_Y_AO21X1H7L_B0_Y_MUX2X8H7L_B_Y_BUFX20H7L_A:A (BUFX20H7L)                                     |        | 0.004       | 0.000      | 0.027      |             | 0.000  | 1.505f          |
| decode_mod.bus_in_opcode_15__reg_p_D_OAOI211X0P5H7L_Y_A0_NOR3X0P5H7L_A_Y_MUX2X0P5H7L_A_Y_AO21X1H7L_B0_Y_MUX2X8H7L_B_Y_BUFX20H7L_A:Y (BUFX20H7L)                                     |        | 0.028       | 0.000      | 0.023      |             | 0.042  | 1.547f          |
| pc_mod.pc_19__reg_p_D_OAI211X1H7L_Y_A0_AOAI211X0P5H7L_A1_Y_OAOI211X3H7L_C0_A0 (net)                                                                                                 | 16     |             |            |            | 0.000       |        |                 |
| pc_mod.pc_28__reg_p_D_AOAI211X0P5H7L_Y_A1_MUX2X0P5H7L_Y_B_AOA211X1P4H7L_Y_A0_AOAI211X0P5H7L_A0_Y_AO221X4H7L_B1:A1 (AO221X4H7L)                                                      |        | 0.001       | 0.000      | 0.023      |             | 0.000  | 1.547f          |
| pc_mod.pc_28__reg_p_D_AOAI211X0P5H7L_Y_A1_MUX2X0P5H7L_Y_B_AOA211X1P4H7L_Y_A0_AOAI211X0P5H7L_A0_Y_AO221X4H7L_B1:Y (AO221X4H7L)                                                       |        | 0.002       | 0.000      | 0.035      |             | 0.093  | 1.640f          |
| pc_mod.pc_28__reg_p_D_AOAI211X0P5H7L_Y_A1_MUX2X0P5H7L_Y_B_AOA211X1P4H7L_Y_A0_AOAI211X0P5H7L_A0_Y_AO221X4H7L_B1_Y (net)                                                              | 1      |             |            |            | 0.000       |        |                 |
| pc_mod.pc_28__reg_p_D_AOAI211X0P5H7L_Y_A1_MUX2X0P5H7L_Y_B_AOA211X1P4H7L_Y_A0_AOAI211X0P5H7L_A0_Y_AO221X4H7L_B1_Y_BUFX8H7L_A:A (BUFX8H7L)                                            |        | 0.002       | 0.000      | 0.035      |             | 0.000  | 1.640f          |
| pc_mod.pc_28__reg_p_D_AOAI211X0P5H7L_Y_A1_MUX2X0P5H7L_Y_B_AOA211X1P4H7L_Y_A0_AOAI211X0P5H7L_A0_Y_AO221X4H7L_B1_Y_BUFX8H7L_A:Y (BUFX8H7L)                                            |        | 0.011       | 0.000      | 0.023      |             | 0.045  | 1.685f          |
| reg_mod.regs[29]_28__reg_p_D_NOR2BX1P4H7L_Z_AN (net)                                                                                                                                | 8      |             |            |            | 0.000       |        |                 |
| reg_mod.regs[29]_28__reg_p_D_NOR2BX1P4H7L_Z_AN_BUFX20H7L_A:A (BUFX20H7L)                                                                                                            |        | 0.004       | 0.000      | 0.023      |             | 0.000  | 1.685f          |
| reg_mod.regs[29]_28__reg_p_D_NOR2BX1P4H7L_Z_AN_BUFX20H7L_A:Y (BUFX20H7L)                                                                                                            |        | 0.048       | 0.000      | 0.032      |             | 0.047  | 1.732f          |
| reg_mod.regs[9]_28__reg_p_D_NOR2BX8H7L_Z_AN (net)                                                                                                                                   | 24     |             |            |            | 0.000       |        |                 |
| reg_mod.regs[22]_28__reg_p_D_NOR2BX1H7L_Z:AN (NOR2BX1H7L)                                                                                                                           |        | 0.001       | 0.000      | 0.032      |             | 0.000  | 1.732f          |
| reg_mod.regs[22]_28__reg_p_D_NOR2BX1H7L_Z:Z (NOR2BX1H7L)                                                                                                                            |        | 0.001       | 0.000      | 0.032      |             | 0.036  | 1.768f          |
| reg_mod.regs[22]_28__reg_p_D (net)                                                                                                                                                  | 1      |             |            |            | 0.000       |        |                 |
| reg_mod.regs[22]_28__reg_p:D (DFFQX1H7L)                                                                                                                                            |        | 0.001       | 0.000      | 0.032      |             | 0.000  | 1.768f          |
|                                                                                                                                                                                     |        |             |            |            |             |        |                 |
| clock (port)                                                                                                                                                                        |        | 0.111       | 0.000      | 0.000      |             | 0.000  | 0.000r          |
| clock (clock net)                                                                                                                                                                   | 116    |             |            |            | NA          |        |                 |
| reg_mod.regs[22]_0__reg_p_CK_ICGX0P5H7L_ECK:CK (ICGX0P5H7L)                                                                                                                         |        | 0.002       | 0.000      | 0.000      |             | 0.000  | 0.000r          |
| reg_mod.regs[22]_0__reg_p_CK_ICGX0P5H7L_ECK:ECK (ICGX0P5H7L)                                                                                                                        |        | 0.025       | 0.000      | 0.000      |             | 0.000  | 0.000r          |
| reg_mod.regs[22]_0__reg_p_CK (clock net)                                                                                                                                            | 32     |             |            |            | NA          |        |                 |
| reg_mod.regs[22]_28__reg_p:CK (DFFQX1H7L)                                                                                                                                           |        | 0.001       | 0.000      | 0.000      |             | 0.000  | 0.000r          |
| clock core_clock (rise edge)                                                                                                                                                        |        |             |            |            |             | 3.333  | 3.333           |
| clock network delay (ideal)                                                                                                                                                         |        |             |            |            |             | 0.000  | 3.333           |
| reg_mod.regs[22]_28__reg_p:CK (DFFQX1H7L)                                                                                                                                           |        |             |            |            |             |        | 3.333r          |
| library setup time                                                                                                                                                                  |        |             |            |            |             | -0.046 | 3.287           |
| clock reconvergence pessimism                                                                                                                                                       |        |             |            |            |             | 0.000  | 3.287           |
|                                                                                                                                                                                     |        |             |            |            |             |        |                 |
| path cell delay                                                                                                                                                                     |        |             |            |            |             |        | 1.768(100.000%) |
| path net delay                                                                                                                                                                      |        |             |            |            |             |        | 0.000(0.000%)   |
|                                                                                                                                                                                     |        |             |            |            |             |        |                 |
| data require time                                                                                                                                                                   |        |             |            |            |             |        | 3.287           |
| data arrival time                                                                                                                                                                   |        |             |            |            |             |        | 1.768           |
| slack (MET)                                                                                                                                                                         |        |             |            |            |             |        | 1.519           |
+-------------------------------------------------------------------------------------------------------------------------------------------------------------------------------------+--------+-------------+------------+------------+-------------+--------+-----------------+
+-------------------------------------------------------------------------------------------------------------------------------------------------------------------------------------+--------+-------------+------------+------------+-------------+--------+-----------------+
| Point                                                                                                                                                                               | Fanout | Capacitance | Resistance | Transition | Delta Delay | Incr   | Path            |
+-------------------------------------------------------------------------------------------------------------------------------------------------------------------------------------+--------+-------------+------------+------------+-------------+--------+-----------------+
| clock (port)                                                                                                                                                                        |        | 0.147       | 0.000      | 0.000      |             | 0.000  | 0.000r          |
| clock (clock net)                                                                                                                                                                   | 116    |             |            |            | NA          |        |                 |
| decode_mod.bus_in_opcode_0__reg_p:CK (DFFQX1H7L)                                                                                                                                    |        | 0.001       | 0.000      | 0.000      |             | 0.000  | 0.000r          |
| clock core_clock (rise edge)                                                                                                                                                        |        |             |            |            |             | 0      | 0               |
| clock network delay (ideal)                                                                                                                                                         |        |             |            |            |             | 0.000  | 0.000           |
| decode_mod.bus_in_opcode_0__reg_p:CK (DFFQX1H7L)                                                                                                                                    |        | 0.001       | 0.000      | 0.000      |             | 0.000  | 0.000r          |
| decode_mod.bus_in_opcode_0__reg_p:Q (DFFQX1H7L)                                                                                                                                     |        | 0.007       | 0.000      | 0.081      |             | 0.120  | 0.120r          |
| decode_mod.bus_in_opcode_0_ (net)                                                                                                                                                   | 7      |             |            |            | 0.000       |        |                 |
| decode_mod.bus_in_opcode_3__NOR4BBX4H7L_D:AN (NOR4BBX4H7L)                                                                                                                          |        | 0.001       | 0.000      | 0.081      |             | 0.000  | 0.120r          |
| decode_mod.bus_in_opcode_3__NOR4BBX4H7L_D:Y (NOR4BBX4H7L)                                                                                                                           |        | 0.002       | 0.000      | 0.072      |             | 0.090  | 0.210r          |
| decode_mod.bus_in_opcode_3__NOR4BBX4H7L_D_Y (net)                                                                                                                                   | 1      |             |            |            | 0.000       |        |                 |
| decode_mod.bus_in_opcode_3__NOR4BBX4H7L_D_Y_BUFX7H7L_A:A (BUFX7H7L)                                                                                                                 |        | 0.002       | 0.000      | 0.072      |             | 0.000  | 0.210r          |
| decode_mod.bus_in_opcode_3__NOR4BBX4H7L_D_Y_BUFX7H7L_A:Y (BUFX7H7L)                                                                                                                 |        | 0.015       | 0.000      | 0.046      |             | 0.056  | 0.266r          |
| reg_mod.regs[16]_1__NAND3X0P5H7L_A_B_NAND3X0P5H7L_Y_A (net)                                                                                                                         | 12     |             |            |            | 0.000       |        |                 |
| io_master_rvalid_NAND4BX1P4H7L_B_Y_NOR2X0P5H7L_B_Y_MUX2X1P4H7L_S0_B_NAND4X1P4H7L_Y_D_NAND2X8H7L_B:A (NAND2X8H7L)                                                                    |        | 0.004       | 0.000      | 0.046      |             | 0.000  | 0.266r          |
| io_master_rvalid_NAND4BX1P4H7L_B_Y_NOR2X0P5H7L_B_Y_MUX2X1P4H7L_S0_B_NAND4X1P4H7L_Y_D_NAND2X8H7L_B:Y (NAND2X8H7L)                                                                    |        | 0.014       | 0.000      | 0.062      |             | 0.036  | 0.303f          |
| io_master_wstrb_OAI31X0P5H7L_Y_A2_NOR2X0P5H7L_Y_A_AO211X1P4H7L_B0_A0_OAI21X0P5H7L_Y_A0 (net)                                                                                        | 13     |             |            |            | 0.000       |        |                 |
| io_master_wstrb_OAI31X0P5H7L_Y_A2_NOR2X0P5H7L_Y_A_AO211X1P4H7L_B0_A0_OAI21X0P5H7L_Y_B0_OAO211X3H7L_B0:A0 (OAO211X3H7L)                                                              |        | 0.001       | 0.000      | 0.062      |             | 0.000  | 0.303f          |
| io_master_wstrb_OAI31X0P5H7L_Y_A2_NOR2X0P5H7L_Y_A_AO211X1P4H7L_B0_A0_OAI21X0P5H7L_Y_B0_OAO211X3H7L_B0:Y (OAO211X3H7L)                                                               |        | 0.013       | 0.000      | 0.067      |             | 0.131  | 0.434f          |
| reg_mod.regs[4]_9__NAND3X0P5H7L_A_C_AOI21X1H7L_Y_A0 (net)                                                                                                                           | 9      |             |            |            | 0.000       |        |                 |
| reg_mod.regs[4]_9__NAND3X0P5H7L_A_C_AOI21X1H7L_Y_A0_AOI21X4H7L_A0:A0 (AOI21X4H7L)                                                                                                   |        | 0.002       | 0.000      | 0.067      |             | 0.000  | 0.434f          |
| reg_mod.regs[4]_9__NAND3X0P5H7L_A_C_AOI21X1H7L_Y_A0_AOI21X4H7L_A0:Y (AOI21X4H7L)                                                                                                    |        | 0.002       | 0.000      | 0.039      |             | 0.046  | 0.480r          |
| reg_mod.regs[4]_9__NAND3X0P5H7L_A_C_AOI21X1H7L_Y_A0_AOI21X4H7L_A0_Y (net)                                                                                                           | 1      |             |            |            | 0.000       |        |                 |
| reg_mod.regs[4]_9__NAND3X0P5H7L_A_C_AOI21X1H7L_Y_A0_AOI21X4H7L_A0_Y_BUFX7H7L_A:A (BUFX7H7L)                                                                                         |        | 0.002       | 0.000      | 0.039      |             | 0.000  | 0.480r          |
| reg_mod.regs[4]_9__NAND3X0P5H7L_A_C_AOI21X1H7L_Y_A0_AOI21X4H7L_A0_Y_BUFX7H7L_A:Y (BUFX7H7L)                                                                                         |        | 0.021       | 0.000      | 0.059      |             | 0.058  | 0.537r          |
| reg_mod.regs[6]_24__NAND3X0P5H7L_A_C (net)                                                                                                                                          | 24     |             |            |            | 0.000       |        |                 |
| reg_mod.regs[18]_0__OA221X0P5H7L_B1_A0_NAND2X3H7L_Y:B (NAND2X3H7L)                                                                                                                  |        | 0.002       | 0.000      | 0.059      |             | 0.000  | 0.537r          |
| reg_mod.regs[18]_0__OA221X0P5H7L_B1_A0_NAND2X3H7L_Y:Y (NAND2X3H7L)                                                                                                                  |        | 0.004       | 0.000      | 0.045      |             | 0.031  | 0.568f          |
| reg_mod.regs[18]_0__OA221X0P5H7L_B1_A0 (net)                                                                                                                                        | 3      |             |            |            | 0.000       |        |                 |
| reg_mod.regs[18]_0__OA221X0P5H7L_B1_A0_BUFX8H7L_A:A (BUFX8H7L)                                                                                                                      |        | 0.002       | 0.000      | 0.045      |             | 0.000  | 0.568f          |
| reg_mod.regs[18]_0__OA221X0P5H7L_B1_A0_BUFX8H7L_A:Y (BUFX8H7L)                                                                                                                      |        | 0.027       | 0.000      | 0.042      |             | 0.061  | 0.629f          |
| reg_mod.regs[6]_26__MUX4X1P4H7L_A_S0 (net)                                                                                                                                          | 24     |             |            |            | 0.000       |        |                 |
| reg_mod.regs[14]_24__MUXI2X0P5H7L_A:S0 (MUXI2X0P5H7L)                                                                                                                               |        | 0.002       | 0.000      | 0.042      |             | 0.000  | 0.629f          |
| reg_mod.regs[14]_24__MUXI2X0P5H7L_A:Y (MUXI2X0P5H7L)                                                                                                                                |        | 0.001       | 0.000      | 0.034      |             | 0.038  | 0.667f          |
| reg_mod.regs[14]_24__MUXI2X0P5H7L_A_Y (net)                                                                                                                                         | 1      |             |            |            | 0.000       |        |                 |
| reg_mod.regs[30]_24__MUXI2X0P5H7L_A_Y_MUX4X1P4H7L_B:D (MUX4X1P4H7L)                                                                                                                 |        | 0.001       | 0.000      | 0.034      |             | 0.000  | 0.667f          |
| reg_mod.regs[30]_24__MUXI2X0P5H7L_A_Y_MUX4X1P4H7L_B:Y (MUX4X1P4H7L)                                                                                                                 |        | 0.001       | 0.000      | 0.036      |             | 0.100  | 0.767f          |
| reg_mod.regs[30]_24__MUXI2X0P5H7L_A_Y_MUX4X1P4H7L_B_Y (net)                                                                                                                         | 1      |             |            |            | 0.000       |        |                 |
| reg_mod.regs[30]_24__MUXI2X0P5H7L_A_Y_MUX4X1P4H7L_B_Y_AO211X1P4H7L_A1:A1 (AO211X1P4H7L)                                                                                             |        | 0.001       | 0.000      | 0.036      |             | 0.000  | 0.767f          |
| reg_mod.regs[30]_24__MUXI2X0P5H7L_A_Y_MUX4X1P4H7L_B_Y_AO211X1P4H7L_A1:Y (AO211X1P4H7L)                                                                                              |        | 0.005       | 0.000      | 0.053      |             | 0.105  | 0.871f          |
| reg_mod.regs[30]_24__MUXI2X0P5H7L_A_Y_MUX4X1P4H7L_B_Y_AO211X1P4H7L_A1_Y (net)                                                                                                       | 5      |             |            |            | 0.000       |        |                 |
| reg_mod.regs[19]_24__MUX4X1P4H7L_A_Y_MUX2X0P5H7L_A_Y_OAI211X1P4H7L_A1_Y_AOI31X0P5H7L_A1_Y_AOI21X3H7L_B0:A0 (AOI21X3H7L)                                                             |        | 0.002       | 0.000      | 0.053      |             | 0.000  | 0.871f          |
| reg_mod.regs[19]_24__MUX4X1P4H7L_A_Y_MUX2X0P5H7L_A_Y_OAI211X1P4H7L_A1_Y_AOI31X0P5H7L_A1_Y_AOI21X3H7L_B0:Y (AOI21X3H7L)                                                              |        | 0.004       | 0.000      | 0.080      |             | 0.064  | 0.935r          |
| reg_mod.regs[19]_24__MUX4X1P4H7L_A_Y_MUX2X0P5H7L_A_Y_OAI211X1P4H7L_A1_Y_AOI31X0P5H7L_A1_Y_AOI21X3H7L_B0_Y (net)                                                                     | 5      |             |            |            | 0.000       |        |                 |
| csr_mod.regs[3]_26__AOI22X0P5H7L_A0_Y_OAI21X0P5H7L_A1_Y_OAI211X1P4H7L_B0_A0_AO31X0P5H7L_A0_Y_OAI31X2H7L_A2_A1_AOI211X1P4H7L_Y:A1 (AOI211X1P4H7L)                                    |        | 0.001       | 0.000      | 0.080      |             | 0.000  | 0.935r          |
| csr_mod.regs[3]_26__AOI22X0P5H7L_A0_Y_OAI21X0P5H7L_A1_Y_OAI211X1P4H7L_B0_A0_AO31X0P5H7L_A0_Y_OAI31X2H7L_A2_A1_AOI211X1P4H7L_Y:Y (AOI211X1P4H7L)                                     |        | 0.001       | 0.000      | 0.041      |             | 0.035  | 0.970f          |
| csr_mod.regs[3]_26__AOI22X0P5H7L_A0_Y_OAI21X0P5H7L_A1_Y_OAI211X1P4H7L_B0_A0_AO31X0P5H7L_A0_Y_OAI31X2H7L_A2_A1 (net)                                                                 | 1      |             |            |            | 0.000       |        |                 |
| csr_mod.regs[3]_26__AOI22X0P5H7L_A0_Y_OAI21X0P5H7L_A1_Y_OAI211X1P4H7L_B0_A0_AO31X0P5H7L_A0_Y_OAI31X2H7L_A2:A1 (OAI31X2H7L)                                                          |        | 0.001       | 0.000      | 0.041      |             | 0.000  | 0.970f          |
| csr_mod.regs[3]_26__AOI22X0P5H7L_A0_Y_OAI21X0P5H7L_A1_Y_OAI211X1P4H7L_B0_A0_AO31X0P5H7L_A0_Y_OAI31X2H7L_A2:Y (OAI31X2H7L)                                                           |        | 0.003       | 0.000      | 0.124      |             | 0.091  | 1.061r          |
| csr_mod.regs[3]_26__AOI22X0P5H7L_A0_Y_OAI21X0P5H7L_A1_Y_OAI211X1P4H7L_B0_A0_AO31X0P5H7L_A0_Y_OAI31X2H7L_A2_Y (net)                                                                  | 4      |             |            |            | 0.000       |        |                 |
| pc_mod.pc_29__reg_p_D_AOI31X0P5H7L_Y_A1_OAI211X0P7H7L_Y_B0_OAO211X0P5H7L_Y_A1_MUX2X0P5H7L_Y_B_AOI21X0P5H7L_Y_A0_NOR2BX1H7L_Z_B_AO31X3H7L_B0_A2_OAI21BX0P5H7L_Y:B0N (OAI21BX0P5H7L)  |        | 0.001       | 0.000      | 0.124      |             | 0.000  | 1.061r          |
| pc_mod.pc_29__reg_p_D_AOI31X0P5H7L_Y_A1_OAI211X0P7H7L_Y_B0_OAO211X0P5H7L_Y_A1_MUX2X0P5H7L_Y_B_AOI21X0P5H7L_Y_A0_NOR2BX1H7L_Z_B_AO31X3H7L_B0_A2_OAI21BX0P5H7L_Y:Y (OAI21BX0P5H7L)    |        | 0.001       | 0.000      | 0.066      |             | 0.045  | 1.107r          |
| pc_mod.pc_29__reg_p_D_AOI31X0P5H7L_Y_A1_OAI211X0P7H7L_Y_B0_OAO211X0P5H7L_Y_A1_MUX2X0P5H7L_Y_B_AOI21X0P5H7L_Y_A0_NOR2BX1H7L_Z_B_AO31X3H7L_B0_A2 (net)                                | 1      |             |            |            | 0.000       |        |                 |
| pc_mod.pc_29__reg_p_D_AOI31X0P5H7L_Y_A1_OAI211X0P7H7L_Y_B0_OAO211X0P5H7L_Y_A1_MUX2X0P5H7L_Y_B_AOI21X0P5H7L_Y_A0_NOR2BX1H7L_Z_B_AO31X3H7L_B0:A2 (AO31X3H7L)                          |        | 0.001       | 0.000      | 0.066      |             | 0.000  | 1.107r          |
| pc_mod.pc_29__reg_p_D_AOI31X0P5H7L_Y_A1_OAI211X0P7H7L_Y_B0_OAO211X0P5H7L_Y_A1_MUX2X0P5H7L_Y_B_AOI21X0P5H7L_Y_A0_NOR2BX1H7L_Z_B_AO31X3H7L_B0:Y (AO31X3H7L)                           |        | 0.006       | 0.000      | 0.051      |             | 0.086  | 1.193r          |
| pc_mod.pc_30__reg_p_D_OAI221X0P5H7L_Y_B1_NAND2X0P5H7L_Y_B_NAND3X0P5H7L_Y_C_OAI31X0P5H7L_Y_A1_AOI21X0P5H7L_Y_A1_AO211X1H7L_Y_B0 (net)                                                | 4      |             |            |            | 0.000       |        |                 |
| pc_mod.pc_30__reg_p_D_OAI221X0P5H7L_Y_B1_NAND2X0P5H7L_Y_B_NAND3X0P5H7L_Y_C_OAI31X0P5H7L_Y_A1_AOI21X0P5H7L_Y_A1_AO211X1H7L_Y_B0_AOI21X6H7L_B0:B0 (AOI21X6H7L)                        |        | 0.003       | 0.000      | 0.051      |             | 0.000  | 1.193r          |
| pc_mod.pc_30__reg_p_D_OAI221X0P5H7L_Y_B1_NAND2X0P5H7L_Y_B_NAND3X0P5H7L_Y_C_OAI31X0P5H7L_Y_A1_AOI21X0P5H7L_Y_A1_AO211X1H7L_Y_B0_AOI21X6H7L_B0:Y (AOI21X6H7L)                         |        | 0.005       | 0.000      | 0.036      |             | 0.018  | 1.211f          |
| csr_mod.regs[0]_0__reg_p_D_NOR2X0P5H7L_Y_A_INVX0P5H7L_Y_A_AOAI211X0P5H7L_Y_A0_NAND2X0P5H7L_Y_B_AOAI211X0P5H7L_Y_A0 (net)                                                            | 6      |             |            |            | 0.000       |        |                 |
| csr_mod.regs[0]_0__reg_p_D_NOR2X0P5H7L_Y_A_INVX0P5H7L_Y_A_AOAI211X0P5H7L_Y_A0_NAND2X0P5H7L_Y_A_AOAI211X1P4H7L_Y_A0_AND4X1P4H7L_C_Y_OAO211X3H7L_A0_A1_OAO211X3H7L_Y:A0 (OAO211X3H7L) |        | 0.001       | 0.000      | 0.036      |             | 0.000  | 1.211f          |
| csr_mod.regs[0]_0__reg_p_D_NOR2X0P5H7L_Y_A_INVX0P5H7L_Y_A_AOAI211X0P5H7L_Y_A0_NAND2X0P5H7L_Y_A_AOAI211X1P4H7L_Y_A0_AND4X1P4H7L_C_Y_OAO211X3H7L_A0_A1_OAO211X3H7L_Y:Y (OAO211X3H7L)  |        | 0.002       | 0.000      | 0.033      |             | 0.092  | 1.303f          |
| csr_mod.regs[0]_0__reg_p_D_NOR2X0P5H7L_Y_A_INVX0P5H7L_Y_A_AOAI211X0P5H7L_Y_A0_NAND2X0P5H7L_Y_A_AOAI211X1P4H7L_Y_A0_AND4X1P4H7L_C_Y_OAO211X3H7L_A0_A1 (net)                          | 2      |             |            |            | 0.000       |        |                 |
| csr_mod.regs[0]_0__reg_p_D_NOR2X0P5H7L_Y_A_INVX0P5H7L_Y_A_AOAI211X0P5H7L_Y_A0_NAND2X0P5H7L_Y_A_AOAI211X1P4H7L_Y_A0_AND4X1P4H7L_C_Y_OAO211X3H7L_A0:A1 (OAO211X3H7L)                  |        | 0.001       | 0.000      | 0.033      |             | 0.000  | 1.303f          |
| csr_mod.regs[0]_0__reg_p_D_NOR2X0P5H7L_Y_A_INVX0P5H7L_Y_A_AOAI211X0P5H7L_Y_A0_NAND2X0P5H7L_Y_A_AOAI211X1P4H7L_Y_A0_AND4X1P4H7L_C_Y_OAO211X3H7L_A0:Y (OAO211X3H7L)                   |        | 0.003       | 0.000      | 0.038      |             | 0.098  | 1.400f          |
| csr_mod.regs[0]_0__reg_p_D_NOR2X0P5H7L_Y_A_INVX0P5H7L_Y_A_AOAI211X0P5H7L_Y_A0_NAND2X0P5H7L_Y_A_AOAI211X1P4H7L_Y_A0_AND4X1P4H7L_C_Y_OAO211X3H7L_A0_Y (net)                           | 1      |             |            |            | 0.000       |        |                 |
| csr_mod.regs[0]_0__reg_p_D_NOR2X0P5H7L_Y_A_INVX0P5H7L_Y_A_AOAI211X0P5H7L_Y_A0_NAND2X0P5H7L_Y_A_AOAI211X1P4H7L_Y_A0_AND4X1P4H7L_C_Y_OAO211X3H7L_A0_Y_BUFX16H7L_A:A (BUFX16H7L)       |        | 0.003       | 0.000      | 0.038      |             | 0.000  | 1.400f          |
| csr_mod.regs[0]_0__reg_p_D_NOR2X0P5H7L_Y_A_INVX0P5H7L_Y_A_AOAI211X0P5H7L_Y_A0_NAND2X0P5H7L_Y_A_AOAI211X1P4H7L_Y_A0_AND4X1P4H7L_C_Y_OAO211X3H7L_A0_Y_BUFX16H7L_A:Y (BUFX16H7L)       |        | 0.031       | 0.000      | 0.029      |             | 0.051  | 1.451f          |
| pc_mod.pc_0__AOI222X1P4H7L_A0_B0 (net)                                                                                                                                              | 18     |             |            |            | 0.000       |        |                 |
| decode_mod.bus_in_opcode_15__reg_p_D_OAOI211X0P5H7L_Y_A0_NOR3X0P5H7L_A_Y_MUX2X0P5H7L_A_Y_AO21X1H7L_B0_Y_MUX2X8H7L_B:S0 (MUX2X8H7L)                                                  |        | 0.004       | 0.000      | 0.029      |             | 0.000  | 1.451f          |
| decode_mod.bus_in_opcode_15__reg_p_D_OAOI211X0P5H7L_Y_A0_NOR3X0P5H7L_A_Y_MUX2X0P5H7L_A_Y_AO21X1H7L_B0_Y_MUX2X8H7L_B:Y (MUX2X8H7L)                                                   |        | 0.004       | 0.000      | 0.027      |             | 0.053  | 1.505f          |
| decode_mod.bus_in_opcode_15__reg_p_D_OAOI211X0P5H7L_Y_A0_NOR3X0P5H7L_A_Y_MUX2X0P5H7L_A_Y_AO21X1H7L_B0_Y_MUX2X8H7L_B_Y (net)                                                         | 1      |             |            |            | 0.000       |        |                 |
| decode_mod.bus_in_opcode_15__reg_p_D_OAOI211X0P5H7L_Y_A0_NOR3X0P5H7L_A_Y_MUX2X0P5H7L_A_Y_AO21X1H7L_B0_Y_MUX2X8H7L_B_Y_BUFX20H7L_A:A (BUFX20H7L)                                     |        | 0.004       | 0.000      | 0.027      |             | 0.000  | 1.505f          |
| decode_mod.bus_in_opcode_15__reg_p_D_OAOI211X0P5H7L_Y_A0_NOR3X0P5H7L_A_Y_MUX2X0P5H7L_A_Y_AO21X1H7L_B0_Y_MUX2X8H7L_B_Y_BUFX20H7L_A:Y (BUFX20H7L)                                     |        | 0.028       | 0.000      | 0.023      |             | 0.042  | 1.547f          |
| pc_mod.pc_19__reg_p_D_OAI211X1H7L_Y_A0_AOAI211X0P5H7L_A1_Y_OAOI211X3H7L_C0_A0 (net)                                                                                                 | 16     |             |            |            | 0.000       |        |                 |
| pc_mod.pc_28__reg_p_D_AOAI211X0P5H7L_Y_A1_MUX2X0P5H7L_Y_B_AOA211X1P4H7L_Y_A0_AOAI211X0P5H7L_A0_Y_AO221X4H7L_B1:A1 (AO221X4H7L)                                                      |        | 0.001       | 0.000      | 0.023      |             | 0.000  | 1.547f          |
| pc_mod.pc_28__reg_p_D_AOAI211X0P5H7L_Y_A1_MUX2X0P5H7L_Y_B_AOA211X1P4H7L_Y_A0_AOAI211X0P5H7L_A0_Y_AO221X4H7L_B1:Y (AO221X4H7L)                                                       |        | 0.002       | 0.000      | 0.035      |             | 0.093  | 1.640f          |
| pc_mod.pc_28__reg_p_D_AOAI211X0P5H7L_Y_A1_MUX2X0P5H7L_Y_B_AOA211X1P4H7L_Y_A0_AOAI211X0P5H7L_A0_Y_AO221X4H7L_B1_Y (net)                                                              | 1      |             |            |            | 0.000       |        |                 |
| pc_mod.pc_28__reg_p_D_AOAI211X0P5H7L_Y_A1_MUX2X0P5H7L_Y_B_AOA211X1P4H7L_Y_A0_AOAI211X0P5H7L_A0_Y_AO221X4H7L_B1_Y_BUFX8H7L_A:A (BUFX8H7L)                                            |        | 0.002       | 0.000      | 0.035      |             | 0.000  | 1.640f          |
| pc_mod.pc_28__reg_p_D_AOAI211X0P5H7L_Y_A1_MUX2X0P5H7L_Y_B_AOA211X1P4H7L_Y_A0_AOAI211X0P5H7L_A0_Y_AO221X4H7L_B1_Y_BUFX8H7L_A:Y (BUFX8H7L)                                            |        | 0.011       | 0.000      | 0.023      |             | 0.045  | 1.685f          |
| reg_mod.regs[29]_28__reg_p_D_NOR2BX1P4H7L_Z_AN (net)                                                                                                                                | 8      |             |            |            | 0.000       |        |                 |
| reg_mod.regs[29]_28__reg_p_D_NOR2BX1P4H7L_Z_AN_BUFX20H7L_A:A (BUFX20H7L)                                                                                                            |        | 0.004       | 0.000      | 0.023      |             | 0.000  | 1.685f          |
| reg_mod.regs[29]_28__reg_p_D_NOR2BX1P4H7L_Z_AN_BUFX20H7L_A:Y (BUFX20H7L)                                                                                                            |        | 0.048       | 0.000      | 0.032      |             | 0.047  | 1.732f          |
| reg_mod.regs[9]_28__reg_p_D_NOR2BX8H7L_Z_AN (net)                                                                                                                                   | 24     |             |            |            | 0.000       |        |                 |
| reg_mod.regs[31]_28__reg_p_D_NOR2BX8H7L_Z:AN (NOR2BX8H7L)                                                                                                                           |        | 0.002       | 0.000      | 0.032      |             | 0.000  | 1.732f          |
| reg_mod.regs[31]_28__reg_p_D_NOR2BX8H7L_Z:Z (NOR2BX8H7L)                                                                                                                            |        | 0.001       | 0.000      | 0.029      |             | 0.035  | 1.767f          |
| reg_mod.regs[31]_28__reg_p_D (net)                                                                                                                                                  | 1      |             |            |            | 0.000       |        |                 |
| reg_mod.regs[31]_28__reg_p:D (DFFQX1H7L)                                                                                                                                            |        | 0.001       | 0.000      | 0.029      |             | 0.000  | 1.767f          |
|                                                                                                                                                                                     |        |             |            |            |             |        |                 |
| clock (port)                                                                                                                                                                        |        | 0.111       | 0.000      | 0.000      |             | 0.000  | 0.000r          |
| clock (clock net)                                                                                                                                                                   | 116    |             |            |            | NA          |        |                 |
| reg_mod.regs[31]_0__reg_p_CK_ICGX0P5H7L_ECK:CK (ICGX0P5H7L)                                                                                                                         |        | 0.002       | 0.000      | 0.000      |             | 0.000  | 0.000r          |
| reg_mod.regs[31]_0__reg_p_CK_ICGX0P5H7L_ECK:ECK (ICGX0P5H7L)                                                                                                                        |        | 0.025       | 0.000      | 0.000      |             | 0.000  | 0.000r          |
| reg_mod.regs[31]_0__reg_p_CK (clock net)                                                                                                                                            | 32     |             |            |            | NA          |        |                 |
| reg_mod.regs[31]_28__reg_p:CK (DFFQX1H7L)                                                                                                                                           |        | 0.001       | 0.000      | 0.000      |             | 0.000  | 0.000r          |
| clock core_clock (rise edge)                                                                                                                                                        |        |             |            |            |             | 3.333  | 3.333           |
| clock network delay (ideal)                                                                                                                                                         |        |             |            |            |             | 0.000  | 3.333           |
| reg_mod.regs[31]_28__reg_p:CK (DFFQX1H7L)                                                                                                                                           |        |             |            |            |             |        | 3.333r          |
| library setup time                                                                                                                                                                  |        |             |            |            |             | -0.045 | 3.288           |
| clock reconvergence pessimism                                                                                                                                                       |        |             |            |            |             | 0.000  | 3.288           |
|                                                                                                                                                                                     |        |             |            |            |             |        |                 |
| path cell delay                                                                                                                                                                     |        |             |            |            |             |        | 1.767(100.000%) |
| path net delay                                                                                                                                                                      |        |             |            |            |             |        | 0.000(0.000%)   |
|                                                                                                                                                                                     |        |             |            |            |             |        |                 |
| data require time                                                                                                                                                                   |        |             |            |            |             |        | 3.288           |
| data arrival time                                                                                                                                                                   |        |             |            |            |             |        | 1.767           |
| slack (MET)                                                                                                                                                                         |        |             |            |            |             |        | 1.521           |
+-------------------------------------------------------------------------------------------------------------------------------------------------------------------------------------+--------+-------------+------------+------------+-------------+--------+-----------------+
+-------------------------------------------------------------------------------------------------------------------------------------------------------------------------------------+--------+-------------+------------+------------+-------------+--------+-----------------+
| Point                                                                                                                                                                               | Fanout | Capacitance | Resistance | Transition | Delta Delay | Incr   | Path            |
+-------------------------------------------------------------------------------------------------------------------------------------------------------------------------------------+--------+-------------+------------+------------+-------------+--------+-----------------+
| clock (port)                                                                                                                                                                        |        | 0.147       | 0.000      | 0.000      |             | 0.000  | 0.000r          |
| clock (clock net)                                                                                                                                                                   | 116    |             |            |            | NA          |        |                 |
| decode_mod.bus_in_opcode_0__reg_p:CK (DFFQX1H7L)                                                                                                                                    |        | 0.001       | 0.000      | 0.000      |             | 0.000  | 0.000r          |
| clock core_clock (rise edge)                                                                                                                                                        |        |             |            |            |             | 0      | 0               |
| clock network delay (ideal)                                                                                                                                                         |        |             |            |            |             | 0.000  | 0.000           |
| decode_mod.bus_in_opcode_0__reg_p:CK (DFFQX1H7L)                                                                                                                                    |        | 0.001       | 0.000      | 0.000      |             | 0.000  | 0.000r          |
| decode_mod.bus_in_opcode_0__reg_p:Q (DFFQX1H7L)                                                                                                                                     |        | 0.007       | 0.000      | 0.081      |             | 0.120  | 0.120r          |
| decode_mod.bus_in_opcode_0_ (net)                                                                                                                                                   | 7      |             |            |            | 0.000       |        |                 |
| decode_mod.bus_in_opcode_3__NOR4BBX4H7L_D:AN (NOR4BBX4H7L)                                                                                                                          |        | 0.001       | 0.000      | 0.081      |             | 0.000  | 0.120r          |
| decode_mod.bus_in_opcode_3__NOR4BBX4H7L_D:Y (NOR4BBX4H7L)                                                                                                                           |        | 0.002       | 0.000      | 0.072      |             | 0.090  | 0.210r          |
| decode_mod.bus_in_opcode_3__NOR4BBX4H7L_D_Y (net)                                                                                                                                   | 1      |             |            |            | 0.000       |        |                 |
| decode_mod.bus_in_opcode_3__NOR4BBX4H7L_D_Y_BUFX7H7L_A:A (BUFX7H7L)                                                                                                                 |        | 0.002       | 0.000      | 0.072      |             | 0.000  | 0.210r          |
| decode_mod.bus_in_opcode_3__NOR4BBX4H7L_D_Y_BUFX7H7L_A:Y (BUFX7H7L)                                                                                                                 |        | 0.015       | 0.000      | 0.046      |             | 0.056  | 0.266r          |
| reg_mod.regs[16]_1__NAND3X0P5H7L_A_B_NAND3X0P5H7L_Y_A (net)                                                                                                                         | 12     |             |            |            | 0.000       |        |                 |
| io_master_rvalid_NAND4BX1P4H7L_B_Y_NOR2X0P5H7L_B_Y_MUX2X1P4H7L_S0_B_NAND4X1P4H7L_Y_D_NAND2X8H7L_B:A (NAND2X8H7L)                                                                    |        | 0.004       | 0.000      | 0.046      |             | 0.000  | 0.266r          |
| io_master_rvalid_NAND4BX1P4H7L_B_Y_NOR2X0P5H7L_B_Y_MUX2X1P4H7L_S0_B_NAND4X1P4H7L_Y_D_NAND2X8H7L_B:Y (NAND2X8H7L)                                                                    |        | 0.014       | 0.000      | 0.062      |             | 0.036  | 0.303f          |
| io_master_wstrb_OAI31X0P5H7L_Y_A2_NOR2X0P5H7L_Y_A_AO211X1P4H7L_B0_A0_OAI21X0P5H7L_Y_A0 (net)                                                                                        | 13     |             |            |            | 0.000       |        |                 |
| io_master_wstrb_OAI31X0P5H7L_Y_A2_NOR2X0P5H7L_Y_A_AO211X1P4H7L_B0_A0_OAI21X0P5H7L_Y_B0_OAO211X3H7L_B0:A0 (OAO211X3H7L)                                                              |        | 0.001       | 0.000      | 0.062      |             | 0.000  | 0.303f          |
| io_master_wstrb_OAI31X0P5H7L_Y_A2_NOR2X0P5H7L_Y_A_AO211X1P4H7L_B0_A0_OAI21X0P5H7L_Y_B0_OAO211X3H7L_B0:Y (OAO211X3H7L)                                                               |        | 0.013       | 0.000      | 0.067      |             | 0.131  | 0.434f          |
| reg_mod.regs[4]_9__NAND3X0P5H7L_A_C_AOI21X1H7L_Y_A0 (net)                                                                                                                           | 9      |             |            |            | 0.000       |        |                 |
| reg_mod.regs[4]_9__NAND3X0P5H7L_A_C_AOI21X1H7L_Y_A0_AOI21X4H7L_A0:A0 (AOI21X4H7L)                                                                                                   |        | 0.002       | 0.000      | 0.067      |             | 0.000  | 0.434f          |
| reg_mod.regs[4]_9__NAND3X0P5H7L_A_C_AOI21X1H7L_Y_A0_AOI21X4H7L_A0:Y (AOI21X4H7L)                                                                                                    |        | 0.002       | 0.000      | 0.039      |             | 0.046  | 0.480r          |
| reg_mod.regs[4]_9__NAND3X0P5H7L_A_C_AOI21X1H7L_Y_A0_AOI21X4H7L_A0_Y (net)                                                                                                           | 1      |             |            |            | 0.000       |        |                 |
| reg_mod.regs[4]_9__NAND3X0P5H7L_A_C_AOI21X1H7L_Y_A0_AOI21X4H7L_A0_Y_BUFX7H7L_A:A (BUFX7H7L)                                                                                         |        | 0.002       | 0.000      | 0.039      |             | 0.000  | 0.480r          |
| reg_mod.regs[4]_9__NAND3X0P5H7L_A_C_AOI21X1H7L_Y_A0_AOI21X4H7L_A0_Y_BUFX7H7L_A:Y (BUFX7H7L)                                                                                         |        | 0.021       | 0.000      | 0.059      |             | 0.058  | 0.537r          |
| reg_mod.regs[6]_24__NAND3X0P5H7L_A_C (net)                                                                                                                                          | 24     |             |            |            | 0.000       |        |                 |
| reg_mod.regs[18]_0__OA221X0P5H7L_B1_A0_NAND2X3H7L_Y:B (NAND2X3H7L)                                                                                                                  |        | 0.002       | 0.000      | 0.059      |             | 0.000  | 0.537r          |
| reg_mod.regs[18]_0__OA221X0P5H7L_B1_A0_NAND2X3H7L_Y:Y (NAND2X3H7L)                                                                                                                  |        | 0.004       | 0.000      | 0.045      |             | 0.031  | 0.568f          |
| reg_mod.regs[18]_0__OA221X0P5H7L_B1_A0 (net)                                                                                                                                        | 3      |             |            |            | 0.000       |        |                 |
| reg_mod.regs[18]_0__OA221X0P5H7L_B1_A0_BUFX8H7L_A:A (BUFX8H7L)                                                                                                                      |        | 0.002       | 0.000      | 0.045      |             | 0.000  | 0.568f          |
| reg_mod.regs[18]_0__OA221X0P5H7L_B1_A0_BUFX8H7L_A:Y (BUFX8H7L)                                                                                                                      |        | 0.027       | 0.000      | 0.042      |             | 0.061  | 0.629f          |
| reg_mod.regs[6]_26__MUX4X1P4H7L_A_S0 (net)                                                                                                                                          | 24     |             |            |            | 0.000       |        |                 |
| reg_mod.regs[14]_24__MUXI2X0P5H7L_A:S0 (MUXI2X0P5H7L)                                                                                                                               |        | 0.002       | 0.000      | 0.042      |             | 0.000  | 0.629f          |
| reg_mod.regs[14]_24__MUXI2X0P5H7L_A:Y (MUXI2X0P5H7L)                                                                                                                                |        | 0.001       | 0.000      | 0.034      |             | 0.038  | 0.667f          |
| reg_mod.regs[14]_24__MUXI2X0P5H7L_A_Y (net)                                                                                                                                         | 1      |             |            |            | 0.000       |        |                 |
| reg_mod.regs[30]_24__MUXI2X0P5H7L_A_Y_MUX4X1P4H7L_B:D (MUX4X1P4H7L)                                                                                                                 |        | 0.001       | 0.000      | 0.034      |             | 0.000  | 0.667f          |
| reg_mod.regs[30]_24__MUXI2X0P5H7L_A_Y_MUX4X1P4H7L_B:Y (MUX4X1P4H7L)                                                                                                                 |        | 0.001       | 0.000      | 0.036      |             | 0.100  | 0.767f          |
| reg_mod.regs[30]_24__MUXI2X0P5H7L_A_Y_MUX4X1P4H7L_B_Y (net)                                                                                                                         | 1      |             |            |            | 0.000       |        |                 |
| reg_mod.regs[30]_24__MUXI2X0P5H7L_A_Y_MUX4X1P4H7L_B_Y_AO211X1P4H7L_A1:A1 (AO211X1P4H7L)                                                                                             |        | 0.001       | 0.000      | 0.036      |             | 0.000  | 0.767f          |
| reg_mod.regs[30]_24__MUXI2X0P5H7L_A_Y_MUX4X1P4H7L_B_Y_AO211X1P4H7L_A1:Y (AO211X1P4H7L)                                                                                              |        | 0.005       | 0.000      | 0.053      |             | 0.105  | 0.871f          |
| reg_mod.regs[30]_24__MUXI2X0P5H7L_A_Y_MUX4X1P4H7L_B_Y_AO211X1P4H7L_A1_Y (net)                                                                                                       | 5      |             |            |            | 0.000       |        |                 |
| reg_mod.regs[19]_24__MUX4X1P4H7L_A_Y_MUX2X0P5H7L_A_Y_OAI211X1P4H7L_A1_Y_AOI31X0P5H7L_A1_Y_AOI21X3H7L_B0:A0 (AOI21X3H7L)                                                             |        | 0.002       | 0.000      | 0.053      |             | 0.000  | 0.871f          |
| reg_mod.regs[19]_24__MUX4X1P4H7L_A_Y_MUX2X0P5H7L_A_Y_OAI211X1P4H7L_A1_Y_AOI31X0P5H7L_A1_Y_AOI21X3H7L_B0:Y (AOI21X3H7L)                                                              |        | 0.004       | 0.000      | 0.080      |             | 0.064  | 0.935r          |
| reg_mod.regs[19]_24__MUX4X1P4H7L_A_Y_MUX2X0P5H7L_A_Y_OAI211X1P4H7L_A1_Y_AOI31X0P5H7L_A1_Y_AOI21X3H7L_B0_Y (net)                                                                     | 5      |             |            |            | 0.000       |        |                 |
| csr_mod.regs[3]_26__AOI22X0P5H7L_A0_Y_OAI21X0P5H7L_A1_Y_OAI211X1P4H7L_B0_A0_AO31X0P5H7L_A0_Y_OAI31X2H7L_A2_A1_AOI211X1P4H7L_Y:A1 (AOI211X1P4H7L)                                    |        | 0.001       | 0.000      | 0.080      |             | 0.000  | 0.935r          |
| csr_mod.regs[3]_26__AOI22X0P5H7L_A0_Y_OAI21X0P5H7L_A1_Y_OAI211X1P4H7L_B0_A0_AO31X0P5H7L_A0_Y_OAI31X2H7L_A2_A1_AOI211X1P4H7L_Y:Y (AOI211X1P4H7L)                                     |        | 0.001       | 0.000      | 0.041      |             | 0.035  | 0.970f          |
| csr_mod.regs[3]_26__AOI22X0P5H7L_A0_Y_OAI21X0P5H7L_A1_Y_OAI211X1P4H7L_B0_A0_AO31X0P5H7L_A0_Y_OAI31X2H7L_A2_A1 (net)                                                                 | 1      |             |            |            | 0.000       |        |                 |
| csr_mod.regs[3]_26__AOI22X0P5H7L_A0_Y_OAI21X0P5H7L_A1_Y_OAI211X1P4H7L_B0_A0_AO31X0P5H7L_A0_Y_OAI31X2H7L_A2:A1 (OAI31X2H7L)                                                          |        | 0.001       | 0.000      | 0.041      |             | 0.000  | 0.970f          |
| csr_mod.regs[3]_26__AOI22X0P5H7L_A0_Y_OAI21X0P5H7L_A1_Y_OAI211X1P4H7L_B0_A0_AO31X0P5H7L_A0_Y_OAI31X2H7L_A2:Y (OAI31X2H7L)                                                           |        | 0.003       | 0.000      | 0.124      |             | 0.091  | 1.061r          |
| csr_mod.regs[3]_26__AOI22X0P5H7L_A0_Y_OAI21X0P5H7L_A1_Y_OAI211X1P4H7L_B0_A0_AO31X0P5H7L_A0_Y_OAI31X2H7L_A2_Y (net)                                                                  | 4      |             |            |            | 0.000       |        |                 |
| pc_mod.pc_29__reg_p_D_AOI31X0P5H7L_Y_A1_OAI211X0P7H7L_Y_B0_OAO211X0P5H7L_Y_A1_MUX2X0P5H7L_Y_B_AOI21X0P5H7L_Y_A0_NOR2BX1H7L_Z_B_AO31X3H7L_B0_A2_OAI21BX0P5H7L_Y:B0N (OAI21BX0P5H7L)  |        | 0.001       | 0.000      | 0.124      |             | 0.000  | 1.061r          |
| pc_mod.pc_29__reg_p_D_AOI31X0P5H7L_Y_A1_OAI211X0P7H7L_Y_B0_OAO211X0P5H7L_Y_A1_MUX2X0P5H7L_Y_B_AOI21X0P5H7L_Y_A0_NOR2BX1H7L_Z_B_AO31X3H7L_B0_A2_OAI21BX0P5H7L_Y:Y (OAI21BX0P5H7L)    |        | 0.001       | 0.000      | 0.066      |             | 0.045  | 1.107r          |
| pc_mod.pc_29__reg_p_D_AOI31X0P5H7L_Y_A1_OAI211X0P7H7L_Y_B0_OAO211X0P5H7L_Y_A1_MUX2X0P5H7L_Y_B_AOI21X0P5H7L_Y_A0_NOR2BX1H7L_Z_B_AO31X3H7L_B0_A2 (net)                                | 1      |             |            |            | 0.000       |        |                 |
| pc_mod.pc_29__reg_p_D_AOI31X0P5H7L_Y_A1_OAI211X0P7H7L_Y_B0_OAO211X0P5H7L_Y_A1_MUX2X0P5H7L_Y_B_AOI21X0P5H7L_Y_A0_NOR2BX1H7L_Z_B_AO31X3H7L_B0:A2 (AO31X3H7L)                          |        | 0.001       | 0.000      | 0.066      |             | 0.000  | 1.107r          |
| pc_mod.pc_29__reg_p_D_AOI31X0P5H7L_Y_A1_OAI211X0P7H7L_Y_B0_OAO211X0P5H7L_Y_A1_MUX2X0P5H7L_Y_B_AOI21X0P5H7L_Y_A0_NOR2BX1H7L_Z_B_AO31X3H7L_B0:Y (AO31X3H7L)                           |        | 0.006       | 0.000      | 0.051      |             | 0.086  | 1.193r          |
| pc_mod.pc_30__reg_p_D_OAI221X0P5H7L_Y_B1_NAND2X0P5H7L_Y_B_NAND3X0P5H7L_Y_C_OAI31X0P5H7L_Y_A1_AOI21X0P5H7L_Y_A1_AO211X1H7L_Y_B0 (net)                                                | 4      |             |            |            | 0.000       |        |                 |
| pc_mod.pc_30__reg_p_D_OAI221X0P5H7L_Y_B1_NAND2X0P5H7L_Y_B_NAND3X0P5H7L_Y_C_OAI31X0P5H7L_Y_A1_AOI21X0P5H7L_Y_A1_AO211X1H7L_Y_B0_AOI21X6H7L_B0:B0 (AOI21X6H7L)                        |        | 0.003       | 0.000      | 0.051      |             | 0.000  | 1.193r          |
| pc_mod.pc_30__reg_p_D_OAI221X0P5H7L_Y_B1_NAND2X0P5H7L_Y_B_NAND3X0P5H7L_Y_C_OAI31X0P5H7L_Y_A1_AOI21X0P5H7L_Y_A1_AO211X1H7L_Y_B0_AOI21X6H7L_B0:Y (AOI21X6H7L)                         |        | 0.005       | 0.000      | 0.036      |             | 0.018  | 1.211f          |
| csr_mod.regs[0]_0__reg_p_D_NOR2X0P5H7L_Y_A_INVX0P5H7L_Y_A_AOAI211X0P5H7L_Y_A0_NAND2X0P5H7L_Y_B_AOAI211X0P5H7L_Y_A0 (net)                                                            | 6      |             |            |            | 0.000       |        |                 |
| csr_mod.regs[0]_0__reg_p_D_NOR2X0P5H7L_Y_A_INVX0P5H7L_Y_A_AOAI211X0P5H7L_Y_A0_NAND2X0P5H7L_Y_A_AOAI211X1P4H7L_Y_A0_AND4X1P4H7L_C_Y_OAO211X3H7L_A0_A1_OAO211X3H7L_Y:A0 (OAO211X3H7L) |        | 0.001       | 0.000      | 0.036      |             | 0.000  | 1.211f          |
| csr_mod.regs[0]_0__reg_p_D_NOR2X0P5H7L_Y_A_INVX0P5H7L_Y_A_AOAI211X0P5H7L_Y_A0_NAND2X0P5H7L_Y_A_AOAI211X1P4H7L_Y_A0_AND4X1P4H7L_C_Y_OAO211X3H7L_A0_A1_OAO211X3H7L_Y:Y (OAO211X3H7L)  |        | 0.002       | 0.000      | 0.033      |             | 0.092  | 1.303f          |
| csr_mod.regs[0]_0__reg_p_D_NOR2X0P5H7L_Y_A_INVX0P5H7L_Y_A_AOAI211X0P5H7L_Y_A0_NAND2X0P5H7L_Y_A_AOAI211X1P4H7L_Y_A0_AND4X1P4H7L_C_Y_OAO211X3H7L_A0_A1 (net)                          | 2      |             |            |            | 0.000       |        |                 |
| csr_mod.regs[0]_0__reg_p_D_NOR2X0P5H7L_Y_A_INVX0P5H7L_Y_A_AOAI211X0P5H7L_Y_A0_NAND2X0P5H7L_Y_A_AOAI211X1P4H7L_Y_A0_AND4X1P4H7L_C_Y_OAO211X3H7L_A0:A1 (OAO211X3H7L)                  |        | 0.001       | 0.000      | 0.033      |             | 0.000  | 1.303f          |
| csr_mod.regs[0]_0__reg_p_D_NOR2X0P5H7L_Y_A_INVX0P5H7L_Y_A_AOAI211X0P5H7L_Y_A0_NAND2X0P5H7L_Y_A_AOAI211X1P4H7L_Y_A0_AND4X1P4H7L_C_Y_OAO211X3H7L_A0:Y (OAO211X3H7L)                   |        | 0.003       | 0.000      | 0.038      |             | 0.098  | 1.400f          |
| csr_mod.regs[0]_0__reg_p_D_NOR2X0P5H7L_Y_A_INVX0P5H7L_Y_A_AOAI211X0P5H7L_Y_A0_NAND2X0P5H7L_Y_A_AOAI211X1P4H7L_Y_A0_AND4X1P4H7L_C_Y_OAO211X3H7L_A0_Y (net)                           | 1      |             |            |            | 0.000       |        |                 |
| csr_mod.regs[0]_0__reg_p_D_NOR2X0P5H7L_Y_A_INVX0P5H7L_Y_A_AOAI211X0P5H7L_Y_A0_NAND2X0P5H7L_Y_A_AOAI211X1P4H7L_Y_A0_AND4X1P4H7L_C_Y_OAO211X3H7L_A0_Y_BUFX16H7L_A:A (BUFX16H7L)       |        | 0.003       | 0.000      | 0.038      |             | 0.000  | 1.400f          |
| csr_mod.regs[0]_0__reg_p_D_NOR2X0P5H7L_Y_A_INVX0P5H7L_Y_A_AOAI211X0P5H7L_Y_A0_NAND2X0P5H7L_Y_A_AOAI211X1P4H7L_Y_A0_AND4X1P4H7L_C_Y_OAO211X3H7L_A0_Y_BUFX16H7L_A:Y (BUFX16H7L)       |        | 0.031       | 0.000      | 0.029      |             | 0.051  | 1.451f          |
| pc_mod.pc_0__AOI222X1P4H7L_A0_B0 (net)                                                                                                                                              | 18     |             |            |            | 0.000       |        |                 |
| decode_mod.bus_in_opcode_15__reg_p_D_OAOI211X0P5H7L_Y_A0_NOR3X0P5H7L_A_Y_MUX2X0P5H7L_A_Y_AO21X1H7L_B0_Y_MUX2X8H7L_B:S0 (MUX2X8H7L)                                                  |        | 0.004       | 0.000      | 0.029      |             | 0.000  | 1.451f          |
| decode_mod.bus_in_opcode_15__reg_p_D_OAOI211X0P5H7L_Y_A0_NOR3X0P5H7L_A_Y_MUX2X0P5H7L_A_Y_AO21X1H7L_B0_Y_MUX2X8H7L_B:Y (MUX2X8H7L)                                                   |        | 0.004       | 0.000      | 0.027      |             | 0.053  | 1.505f          |
| decode_mod.bus_in_opcode_15__reg_p_D_OAOI211X0P5H7L_Y_A0_NOR3X0P5H7L_A_Y_MUX2X0P5H7L_A_Y_AO21X1H7L_B0_Y_MUX2X8H7L_B_Y (net)                                                         | 1      |             |            |            | 0.000       |        |                 |
| decode_mod.bus_in_opcode_15__reg_p_D_OAOI211X0P5H7L_Y_A0_NOR3X0P5H7L_A_Y_MUX2X0P5H7L_A_Y_AO21X1H7L_B0_Y_MUX2X8H7L_B_Y_BUFX20H7L_A:A (BUFX20H7L)                                     |        | 0.004       | 0.000      | 0.027      |             | 0.000  | 1.505f          |
| decode_mod.bus_in_opcode_15__reg_p_D_OAOI211X0P5H7L_Y_A0_NOR3X0P5H7L_A_Y_MUX2X0P5H7L_A_Y_AO21X1H7L_B0_Y_MUX2X8H7L_B_Y_BUFX20H7L_A:Y (BUFX20H7L)                                     |        | 0.028       | 0.000      | 0.023      |             | 0.042  | 1.547f          |
| pc_mod.pc_19__reg_p_D_OAI211X1H7L_Y_A0_AOAI211X0P5H7L_A1_Y_OAOI211X3H7L_C0_A0 (net)                                                                                                 | 16     |             |            |            | 0.000       |        |                 |
| pc_mod.pc_28__reg_p_D_AOAI211X0P5H7L_Y_A1_MUX2X0P5H7L_Y_B_AOA211X1P4H7L_Y_A0_AOAI211X0P5H7L_A0_Y_AO221X4H7L_B1:A1 (AO221X4H7L)                                                      |        | 0.001       | 0.000      | 0.023      |             | 0.000  | 1.547f          |
| pc_mod.pc_28__reg_p_D_AOAI211X0P5H7L_Y_A1_MUX2X0P5H7L_Y_B_AOA211X1P4H7L_Y_A0_AOAI211X0P5H7L_A0_Y_AO221X4H7L_B1:Y (AO221X4H7L)                                                       |        | 0.002       | 0.000      | 0.035      |             | 0.093  | 1.640f          |
| pc_mod.pc_28__reg_p_D_AOAI211X0P5H7L_Y_A1_MUX2X0P5H7L_Y_B_AOA211X1P4H7L_Y_A0_AOAI211X0P5H7L_A0_Y_AO221X4H7L_B1_Y (net)                                                              | 1      |             |            |            | 0.000       |        |                 |
| pc_mod.pc_28__reg_p_D_AOAI211X0P5H7L_Y_A1_MUX2X0P5H7L_Y_B_AOA211X1P4H7L_Y_A0_AOAI211X0P5H7L_A0_Y_AO221X4H7L_B1_Y_BUFX8H7L_A:A (BUFX8H7L)                                            |        | 0.002       | 0.000      | 0.035      |             | 0.000  | 1.640f          |
| pc_mod.pc_28__reg_p_D_AOAI211X0P5H7L_Y_A1_MUX2X0P5H7L_Y_B_AOA211X1P4H7L_Y_A0_AOAI211X0P5H7L_A0_Y_AO221X4H7L_B1_Y_BUFX8H7L_A:Y (BUFX8H7L)                                            |        | 0.011       | 0.000      | 0.023      |             | 0.045  | 1.685f          |
| reg_mod.regs[29]_28__reg_p_D_NOR2BX1P4H7L_Z_AN (net)                                                                                                                                | 8      |             |            |            | 0.000       |        |                 |
| reg_mod.regs[29]_28__reg_p_D_NOR2BX1P4H7L_Z_AN_BUFX20H7L_A:A (BUFX20H7L)                                                                                                            |        | 0.004       | 0.000      | 0.023      |             | 0.000  | 1.685f          |
| reg_mod.regs[29]_28__reg_p_D_NOR2BX1P4H7L_Z_AN_BUFX20H7L_A:Y (BUFX20H7L)                                                                                                            |        | 0.048       | 0.000      | 0.032      |             | 0.047  | 1.732f          |
| reg_mod.regs[9]_28__reg_p_D_NOR2BX8H7L_Z_AN (net)                                                                                                                                   | 24     |             |            |            | 0.000       |        |                 |
| reg_mod.regs[8]_28__reg_p_D_NOR2BX8H7L_Z:AN (NOR2BX8H7L)                                                                                                                            |        | 0.002       | 0.000      | 0.032      |             | 0.000  | 1.732f          |
| reg_mod.regs[8]_28__reg_p_D_NOR2BX8H7L_Z:Z (NOR2BX8H7L)                                                                                                                             |        | 0.001       | 0.000      | 0.029      |             | 0.035  | 1.767f          |
| reg_mod.regs[8]_28__reg_p_D (net)                                                                                                                                                   | 1      |             |            |            | 0.000       |        |                 |
| reg_mod.regs[8]_28__reg_p:D (DFFQX1H7L)                                                                                                                                             |        | 0.001       | 0.000      | 0.029      |             | 0.000  | 1.767f          |
|                                                                                                                                                                                     |        |             |            |            |             |        |                 |
| clock (port)                                                                                                                                                                        |        | 0.111       | 0.000      | 0.000      |             | 0.000  | 0.000r          |
| clock (clock net)                                                                                                                                                                   | 116    |             |            |            | NA          |        |                 |
| reg_mod.regs[8]_0__reg_p_CK_ICGX0P5H7L_ECK:CK (ICGX0P5H7L)                                                                                                                          |        | 0.002       | 0.000      | 0.000      |             | 0.000  | 0.000r          |
| reg_mod.regs[8]_0__reg_p_CK_ICGX0P5H7L_ECK:ECK (ICGX0P5H7L)                                                                                                                         |        | 0.025       | 0.000      | 0.000      |             | 0.000  | 0.000r          |
| reg_mod.regs[8]_0__reg_p_CK (clock net)                                                                                                                                             | 32     |             |            |            | NA          |        |                 |
| reg_mod.regs[8]_28__reg_p:CK (DFFQX1H7L)                                                                                                                                            |        | 0.001       | 0.000      | 0.000      |             | 0.000  | 0.000r          |
| clock core_clock (rise edge)                                                                                                                                                        |        |             |            |            |             | 3.333  | 3.333           |
| clock network delay (ideal)                                                                                                                                                         |        |             |            |            |             | 0.000  | 3.333           |
| reg_mod.regs[8]_28__reg_p:CK (DFFQX1H7L)                                                                                                                                            |        |             |            |            |             |        | 3.333r          |
| library setup time                                                                                                                                                                  |        |             |            |            |             | -0.045 | 3.288           |
| clock reconvergence pessimism                                                                                                                                                       |        |             |            |            |             | 0.000  | 3.288           |
|                                                                                                                                                                                     |        |             |            |            |             |        |                 |
| path cell delay                                                                                                                                                                     |        |             |            |            |             |        | 1.767(100.000%) |
| path net delay                                                                                                                                                                      |        |             |            |            |             |        | 0.000(0.000%)   |
|                                                                                                                                                                                     |        |             |            |            |             |        |                 |
| data require time                                                                                                                                                                   |        |             |            |            |             |        | 3.288           |
| data arrival time                                                                                                                                                                   |        |             |            |            |             |        | 1.767           |
| slack (MET)                                                                                                                                                                         |        |             |            |            |             |        | 1.521           |
+-------------------------------------------------------------------------------------------------------------------------------------------------------------------------------------+--------+-------------+------------+------------+-------------+--------+-----------------+
+-------------------------------------------------------------------------------------------------------------------------------------------------------------------------------------+--------+-------------+------------+------------+-------------+--------+-----------------+
| Point                                                                                                                                                                               | Fanout | Capacitance | Resistance | Transition | Delta Delay | Incr   | Path            |
+-------------------------------------------------------------------------------------------------------------------------------------------------------------------------------------+--------+-------------+------------+------------+-------------+--------+-----------------+
| clock (port)                                                                                                                                                                        |        | 0.147       | 0.000      | 0.000      |             | 0.000  | 0.000r          |
| clock (clock net)                                                                                                                                                                   | 116    |             |            |            | NA          |        |                 |
| decode_mod.bus_in_opcode_0__reg_p:CK (DFFQX1H7L)                                                                                                                                    |        | 0.001       | 0.000      | 0.000      |             | 0.000  | 0.000r          |
| clock core_clock (rise edge)                                                                                                                                                        |        |             |            |            |             | 0      | 0               |
| clock network delay (ideal)                                                                                                                                                         |        |             |            |            |             | 0.000  | 0.000           |
| decode_mod.bus_in_opcode_0__reg_p:CK (DFFQX1H7L)                                                                                                                                    |        | 0.001       | 0.000      | 0.000      |             | 0.000  | 0.000r          |
| decode_mod.bus_in_opcode_0__reg_p:Q (DFFQX1H7L)                                                                                                                                     |        | 0.007       | 0.000      | 0.081      |             | 0.120  | 0.120r          |
| decode_mod.bus_in_opcode_0_ (net)                                                                                                                                                   | 7      |             |            |            | 0.000       |        |                 |
| decode_mod.bus_in_opcode_3__NOR4BBX4H7L_D:AN (NOR4BBX4H7L)                                                                                                                          |        | 0.001       | 0.000      | 0.081      |             | 0.000  | 0.120r          |
| decode_mod.bus_in_opcode_3__NOR4BBX4H7L_D:Y (NOR4BBX4H7L)                                                                                                                           |        | 0.002       | 0.000      | 0.072      |             | 0.090  | 0.210r          |
| decode_mod.bus_in_opcode_3__NOR4BBX4H7L_D_Y (net)                                                                                                                                   | 1      |             |            |            | 0.000       |        |                 |
| decode_mod.bus_in_opcode_3__NOR4BBX4H7L_D_Y_BUFX7H7L_A:A (BUFX7H7L)                                                                                                                 |        | 0.002       | 0.000      | 0.072      |             | 0.000  | 0.210r          |
| decode_mod.bus_in_opcode_3__NOR4BBX4H7L_D_Y_BUFX7H7L_A:Y (BUFX7H7L)                                                                                                                 |        | 0.015       | 0.000      | 0.046      |             | 0.056  | 0.266r          |
| reg_mod.regs[16]_1__NAND3X0P5H7L_A_B_NAND3X0P5H7L_Y_A (net)                                                                                                                         | 12     |             |            |            | 0.000       |        |                 |
| io_master_rvalid_NAND4BX1P4H7L_B_Y_NOR2X0P5H7L_B_Y_MUX2X1P4H7L_S0_B_NAND4X1P4H7L_Y_D_NAND2X8H7L_B:A (NAND2X8H7L)                                                                    |        | 0.004       | 0.000      | 0.046      |             | 0.000  | 0.266r          |
| io_master_rvalid_NAND4BX1P4H7L_B_Y_NOR2X0P5H7L_B_Y_MUX2X1P4H7L_S0_B_NAND4X1P4H7L_Y_D_NAND2X8H7L_B:Y (NAND2X8H7L)                                                                    |        | 0.014       | 0.000      | 0.062      |             | 0.036  | 0.303f          |
| io_master_wstrb_OAI31X0P5H7L_Y_A2_NOR2X0P5H7L_Y_A_AO211X1P4H7L_B0_A0_OAI21X0P5H7L_Y_A0 (net)                                                                                        | 13     |             |            |            | 0.000       |        |                 |
| io_master_wstrb_OAI31X0P5H7L_Y_A2_NOR2X0P5H7L_Y_A_AO211X1P4H7L_B0_A0_OAI21X0P5H7L_Y_B0_OAO211X3H7L_B0:A0 (OAO211X3H7L)                                                              |        | 0.001       | 0.000      | 0.062      |             | 0.000  | 0.303f          |
| io_master_wstrb_OAI31X0P5H7L_Y_A2_NOR2X0P5H7L_Y_A_AO211X1P4H7L_B0_A0_OAI21X0P5H7L_Y_B0_OAO211X3H7L_B0:Y (OAO211X3H7L)                                                               |        | 0.013       | 0.000      | 0.067      |             | 0.131  | 0.434f          |
| reg_mod.regs[4]_9__NAND3X0P5H7L_A_C_AOI21X1H7L_Y_A0 (net)                                                                                                                           | 9      |             |            |            | 0.000       |        |                 |
| reg_mod.regs[4]_9__NAND3X0P5H7L_A_C_AOI21X1H7L_Y_A0_AOI21X4H7L_A0:A0 (AOI21X4H7L)                                                                                                   |        | 0.002       | 0.000      | 0.067      |             | 0.000  | 0.434f          |
| reg_mod.regs[4]_9__NAND3X0P5H7L_A_C_AOI21X1H7L_Y_A0_AOI21X4H7L_A0:Y (AOI21X4H7L)                                                                                                    |        | 0.002       | 0.000      | 0.039      |             | 0.046  | 0.480r          |
| reg_mod.regs[4]_9__NAND3X0P5H7L_A_C_AOI21X1H7L_Y_A0_AOI21X4H7L_A0_Y (net)                                                                                                           | 1      |             |            |            | 0.000       |        |                 |
| reg_mod.regs[4]_9__NAND3X0P5H7L_A_C_AOI21X1H7L_Y_A0_AOI21X4H7L_A0_Y_BUFX7H7L_A:A (BUFX7H7L)                                                                                         |        | 0.002       | 0.000      | 0.039      |             | 0.000  | 0.480r          |
| reg_mod.regs[4]_9__NAND3X0P5H7L_A_C_AOI21X1H7L_Y_A0_AOI21X4H7L_A0_Y_BUFX7H7L_A:Y (BUFX7H7L)                                                                                         |        | 0.021       | 0.000      | 0.059      |             | 0.058  | 0.537r          |
| reg_mod.regs[6]_24__NAND3X0P5H7L_A_C (net)                                                                                                                                          | 24     |             |            |            | 0.000       |        |                 |
| reg_mod.regs[18]_0__OA221X0P5H7L_B1_A0_NAND2X3H7L_Y:B (NAND2X3H7L)                                                                                                                  |        | 0.002       | 0.000      | 0.059      |             | 0.000  | 0.537r          |
| reg_mod.regs[18]_0__OA221X0P5H7L_B1_A0_NAND2X3H7L_Y:Y (NAND2X3H7L)                                                                                                                  |        | 0.004       | 0.000      | 0.045      |             | 0.031  | 0.568f          |
| reg_mod.regs[18]_0__OA221X0P5H7L_B1_A0 (net)                                                                                                                                        | 3      |             |            |            | 0.000       |        |                 |
| reg_mod.regs[18]_0__OA221X0P5H7L_B1_A0_BUFX8H7L_A:A (BUFX8H7L)                                                                                                                      |        | 0.002       | 0.000      | 0.045      |             | 0.000  | 0.568f          |
| reg_mod.regs[18]_0__OA221X0P5H7L_B1_A0_BUFX8H7L_A:Y (BUFX8H7L)                                                                                                                      |        | 0.027       | 0.000      | 0.042      |             | 0.061  | 0.629f          |
| reg_mod.regs[6]_26__MUX4X1P4H7L_A_S0 (net)                                                                                                                                          | 24     |             |            |            | 0.000       |        |                 |
| reg_mod.regs[14]_24__MUXI2X0P5H7L_A:S0 (MUXI2X0P5H7L)                                                                                                                               |        | 0.002       | 0.000      | 0.042      |             | 0.000  | 0.629f          |
| reg_mod.regs[14]_24__MUXI2X0P5H7L_A:Y (MUXI2X0P5H7L)                                                                                                                                |        | 0.001       | 0.000      | 0.034      |             | 0.038  | 0.667f          |
| reg_mod.regs[14]_24__MUXI2X0P5H7L_A_Y (net)                                                                                                                                         | 1      |             |            |            | 0.000       |        |                 |
| reg_mod.regs[30]_24__MUXI2X0P5H7L_A_Y_MUX4X1P4H7L_B:D (MUX4X1P4H7L)                                                                                                                 |        | 0.001       | 0.000      | 0.034      |             | 0.000  | 0.667f          |
| reg_mod.regs[30]_24__MUXI2X0P5H7L_A_Y_MUX4X1P4H7L_B:Y (MUX4X1P4H7L)                                                                                                                 |        | 0.001       | 0.000      | 0.036      |             | 0.100  | 0.767f          |
| reg_mod.regs[30]_24__MUXI2X0P5H7L_A_Y_MUX4X1P4H7L_B_Y (net)                                                                                                                         | 1      |             |            |            | 0.000       |        |                 |
| reg_mod.regs[30]_24__MUXI2X0P5H7L_A_Y_MUX4X1P4H7L_B_Y_AO211X1P4H7L_A1:A1 (AO211X1P4H7L)                                                                                             |        | 0.001       | 0.000      | 0.036      |             | 0.000  | 0.767f          |
| reg_mod.regs[30]_24__MUXI2X0P5H7L_A_Y_MUX4X1P4H7L_B_Y_AO211X1P4H7L_A1:Y (AO211X1P4H7L)                                                                                              |        | 0.005       | 0.000      | 0.053      |             | 0.105  | 0.871f          |
| reg_mod.regs[30]_24__MUXI2X0P5H7L_A_Y_MUX4X1P4H7L_B_Y_AO211X1P4H7L_A1_Y (net)                                                                                                       | 5      |             |            |            | 0.000       |        |                 |
| reg_mod.regs[19]_24__MUX4X1P4H7L_A_Y_MUX2X0P5H7L_A_Y_OAI211X1P4H7L_A1_Y_AOI31X0P5H7L_A1_Y_AOI21X3H7L_B0:A0 (AOI21X3H7L)                                                             |        | 0.002       | 0.000      | 0.053      |             | 0.000  | 0.871f          |
| reg_mod.regs[19]_24__MUX4X1P4H7L_A_Y_MUX2X0P5H7L_A_Y_OAI211X1P4H7L_A1_Y_AOI31X0P5H7L_A1_Y_AOI21X3H7L_B0:Y (AOI21X3H7L)                                                              |        | 0.004       | 0.000      | 0.080      |             | 0.064  | 0.935r          |
| reg_mod.regs[19]_24__MUX4X1P4H7L_A_Y_MUX2X0P5H7L_A_Y_OAI211X1P4H7L_A1_Y_AOI31X0P5H7L_A1_Y_AOI21X3H7L_B0_Y (net)                                                                     | 5      |             |            |            | 0.000       |        |                 |
| csr_mod.regs[3]_26__AOI22X0P5H7L_A0_Y_OAI21X0P5H7L_A1_Y_OAI211X1P4H7L_B0_A0_AO31X0P5H7L_A0_Y_OAI31X2H7L_A2_A1_AOI211X1P4H7L_Y:A1 (AOI211X1P4H7L)                                    |        | 0.001       | 0.000      | 0.080      |             | 0.000  | 0.935r          |
| csr_mod.regs[3]_26__AOI22X0P5H7L_A0_Y_OAI21X0P5H7L_A1_Y_OAI211X1P4H7L_B0_A0_AO31X0P5H7L_A0_Y_OAI31X2H7L_A2_A1_AOI211X1P4H7L_Y:Y (AOI211X1P4H7L)                                     |        | 0.001       | 0.000      | 0.041      |             | 0.035  | 0.970f          |
| csr_mod.regs[3]_26__AOI22X0P5H7L_A0_Y_OAI21X0P5H7L_A1_Y_OAI211X1P4H7L_B0_A0_AO31X0P5H7L_A0_Y_OAI31X2H7L_A2_A1 (net)                                                                 | 1      |             |            |            | 0.000       |        |                 |
| csr_mod.regs[3]_26__AOI22X0P5H7L_A0_Y_OAI21X0P5H7L_A1_Y_OAI211X1P4H7L_B0_A0_AO31X0P5H7L_A0_Y_OAI31X2H7L_A2:A1 (OAI31X2H7L)                                                          |        | 0.001       | 0.000      | 0.041      |             | 0.000  | 0.970f          |
| csr_mod.regs[3]_26__AOI22X0P5H7L_A0_Y_OAI21X0P5H7L_A1_Y_OAI211X1P4H7L_B0_A0_AO31X0P5H7L_A0_Y_OAI31X2H7L_A2:Y (OAI31X2H7L)                                                           |        | 0.003       | 0.000      | 0.124      |             | 0.091  | 1.061r          |
| csr_mod.regs[3]_26__AOI22X0P5H7L_A0_Y_OAI21X0P5H7L_A1_Y_OAI211X1P4H7L_B0_A0_AO31X0P5H7L_A0_Y_OAI31X2H7L_A2_Y (net)                                                                  | 4      |             |            |            | 0.000       |        |                 |
| pc_mod.pc_29__reg_p_D_AOI31X0P5H7L_Y_A1_OAI211X0P7H7L_Y_B0_OAO211X0P5H7L_Y_A1_MUX2X0P5H7L_Y_B_AOI21X0P5H7L_Y_A0_NOR2BX1H7L_Z_B_AO31X3H7L_B0_A2_OAI21BX0P5H7L_Y:B0N (OAI21BX0P5H7L)  |        | 0.001       | 0.000      | 0.124      |             | 0.000  | 1.061r          |
| pc_mod.pc_29__reg_p_D_AOI31X0P5H7L_Y_A1_OAI211X0P7H7L_Y_B0_OAO211X0P5H7L_Y_A1_MUX2X0P5H7L_Y_B_AOI21X0P5H7L_Y_A0_NOR2BX1H7L_Z_B_AO31X3H7L_B0_A2_OAI21BX0P5H7L_Y:Y (OAI21BX0P5H7L)    |        | 0.001       | 0.000      | 0.066      |             | 0.045  | 1.107r          |
| pc_mod.pc_29__reg_p_D_AOI31X0P5H7L_Y_A1_OAI211X0P7H7L_Y_B0_OAO211X0P5H7L_Y_A1_MUX2X0P5H7L_Y_B_AOI21X0P5H7L_Y_A0_NOR2BX1H7L_Z_B_AO31X3H7L_B0_A2 (net)                                | 1      |             |            |            | 0.000       |        |                 |
| pc_mod.pc_29__reg_p_D_AOI31X0P5H7L_Y_A1_OAI211X0P7H7L_Y_B0_OAO211X0P5H7L_Y_A1_MUX2X0P5H7L_Y_B_AOI21X0P5H7L_Y_A0_NOR2BX1H7L_Z_B_AO31X3H7L_B0:A2 (AO31X3H7L)                          |        | 0.001       | 0.000      | 0.066      |             | 0.000  | 1.107r          |
| pc_mod.pc_29__reg_p_D_AOI31X0P5H7L_Y_A1_OAI211X0P7H7L_Y_B0_OAO211X0P5H7L_Y_A1_MUX2X0P5H7L_Y_B_AOI21X0P5H7L_Y_A0_NOR2BX1H7L_Z_B_AO31X3H7L_B0:Y (AO31X3H7L)                           |        | 0.006       | 0.000      | 0.051      |             | 0.086  | 1.193r          |
| pc_mod.pc_30__reg_p_D_OAI221X0P5H7L_Y_B1_NAND2X0P5H7L_Y_B_NAND3X0P5H7L_Y_C_OAI31X0P5H7L_Y_A1_AOI21X0P5H7L_Y_A1_AO211X1H7L_Y_B0 (net)                                                | 4      |             |            |            | 0.000       |        |                 |
| pc_mod.pc_30__reg_p_D_OAI221X0P5H7L_Y_B1_NAND2X0P5H7L_Y_B_NAND3X0P5H7L_Y_C_OAI31X0P5H7L_Y_A1_AOI21X0P5H7L_Y_A1_AO211X1H7L_Y_B0_AOI21X6H7L_B0:B0 (AOI21X6H7L)                        |        | 0.003       | 0.000      | 0.051      |             | 0.000  | 1.193r          |
| pc_mod.pc_30__reg_p_D_OAI221X0P5H7L_Y_B1_NAND2X0P5H7L_Y_B_NAND3X0P5H7L_Y_C_OAI31X0P5H7L_Y_A1_AOI21X0P5H7L_Y_A1_AO211X1H7L_Y_B0_AOI21X6H7L_B0:Y (AOI21X6H7L)                         |        | 0.005       | 0.000      | 0.036      |             | 0.018  | 1.211f          |
| csr_mod.regs[0]_0__reg_p_D_NOR2X0P5H7L_Y_A_INVX0P5H7L_Y_A_AOAI211X0P5H7L_Y_A0_NAND2X0P5H7L_Y_B_AOAI211X0P5H7L_Y_A0 (net)                                                            | 6      |             |            |            | 0.000       |        |                 |
| csr_mod.regs[0]_0__reg_p_D_NOR2X0P5H7L_Y_A_INVX0P5H7L_Y_A_AOAI211X0P5H7L_Y_A0_NAND2X0P5H7L_Y_A_AOAI211X1P4H7L_Y_A0_AND4X1P4H7L_C_Y_OAO211X3H7L_A0_A1_OAO211X3H7L_Y:A0 (OAO211X3H7L) |        | 0.001       | 0.000      | 0.036      |             | 0.000  | 1.211f          |
| csr_mod.regs[0]_0__reg_p_D_NOR2X0P5H7L_Y_A_INVX0P5H7L_Y_A_AOAI211X0P5H7L_Y_A0_NAND2X0P5H7L_Y_A_AOAI211X1P4H7L_Y_A0_AND4X1P4H7L_C_Y_OAO211X3H7L_A0_A1_OAO211X3H7L_Y:Y (OAO211X3H7L)  |        | 0.002       | 0.000      | 0.033      |             | 0.092  | 1.303f          |
| csr_mod.regs[0]_0__reg_p_D_NOR2X0P5H7L_Y_A_INVX0P5H7L_Y_A_AOAI211X0P5H7L_Y_A0_NAND2X0P5H7L_Y_A_AOAI211X1P4H7L_Y_A0_AND4X1P4H7L_C_Y_OAO211X3H7L_A0_A1 (net)                          | 2      |             |            |            | 0.000       |        |                 |
| csr_mod.regs[0]_0__reg_p_D_NOR2X0P5H7L_Y_A_INVX0P5H7L_Y_A_AOAI211X0P5H7L_Y_A0_NAND2X0P5H7L_Y_A_AOAI211X1P4H7L_Y_A0_AND4X1P4H7L_C_Y_OAO211X3H7L_A0:A1 (OAO211X3H7L)                  |        | 0.001       | 0.000      | 0.033      |             | 0.000  | 1.303f          |
| csr_mod.regs[0]_0__reg_p_D_NOR2X0P5H7L_Y_A_INVX0P5H7L_Y_A_AOAI211X0P5H7L_Y_A0_NAND2X0P5H7L_Y_A_AOAI211X1P4H7L_Y_A0_AND4X1P4H7L_C_Y_OAO211X3H7L_A0:Y (OAO211X3H7L)                   |        | 0.003       | 0.000      | 0.038      |             | 0.098  | 1.400f          |
| csr_mod.regs[0]_0__reg_p_D_NOR2X0P5H7L_Y_A_INVX0P5H7L_Y_A_AOAI211X0P5H7L_Y_A0_NAND2X0P5H7L_Y_A_AOAI211X1P4H7L_Y_A0_AND4X1P4H7L_C_Y_OAO211X3H7L_A0_Y (net)                           | 1      |             |            |            | 0.000       |        |                 |
| csr_mod.regs[0]_0__reg_p_D_NOR2X0P5H7L_Y_A_INVX0P5H7L_Y_A_AOAI211X0P5H7L_Y_A0_NAND2X0P5H7L_Y_A_AOAI211X1P4H7L_Y_A0_AND4X1P4H7L_C_Y_OAO211X3H7L_A0_Y_BUFX16H7L_A:A (BUFX16H7L)       |        | 0.003       | 0.000      | 0.038      |             | 0.000  | 1.400f          |
| csr_mod.regs[0]_0__reg_p_D_NOR2X0P5H7L_Y_A_INVX0P5H7L_Y_A_AOAI211X0P5H7L_Y_A0_NAND2X0P5H7L_Y_A_AOAI211X1P4H7L_Y_A0_AND4X1P4H7L_C_Y_OAO211X3H7L_A0_Y_BUFX16H7L_A:Y (BUFX16H7L)       |        | 0.031       | 0.000      | 0.029      |             | 0.051  | 1.451f          |
| pc_mod.pc_0__AOI222X1P4H7L_A0_B0 (net)                                                                                                                                              | 18     |             |            |            | 0.000       |        |                 |
| decode_mod.bus_in_opcode_15__reg_p_D_OAOI211X0P5H7L_Y_A0_NOR3X0P5H7L_A_Y_MUX2X0P5H7L_A_Y_AO21X1H7L_B0_Y_MUX2X8H7L_B:S0 (MUX2X8H7L)                                                  |        | 0.004       | 0.000      | 0.029      |             | 0.000  | 1.451f          |
| decode_mod.bus_in_opcode_15__reg_p_D_OAOI211X0P5H7L_Y_A0_NOR3X0P5H7L_A_Y_MUX2X0P5H7L_A_Y_AO21X1H7L_B0_Y_MUX2X8H7L_B:Y (MUX2X8H7L)                                                   |        | 0.004       | 0.000      | 0.027      |             | 0.053  | 1.505f          |
| decode_mod.bus_in_opcode_15__reg_p_D_OAOI211X0P5H7L_Y_A0_NOR3X0P5H7L_A_Y_MUX2X0P5H7L_A_Y_AO21X1H7L_B0_Y_MUX2X8H7L_B_Y (net)                                                         | 1      |             |            |            | 0.000       |        |                 |
| decode_mod.bus_in_opcode_15__reg_p_D_OAOI211X0P5H7L_Y_A0_NOR3X0P5H7L_A_Y_MUX2X0P5H7L_A_Y_AO21X1H7L_B0_Y_MUX2X8H7L_B_Y_BUFX20H7L_A:A (BUFX20H7L)                                     |        | 0.004       | 0.000      | 0.027      |             | 0.000  | 1.505f          |
| decode_mod.bus_in_opcode_15__reg_p_D_OAOI211X0P5H7L_Y_A0_NOR3X0P5H7L_A_Y_MUX2X0P5H7L_A_Y_AO21X1H7L_B0_Y_MUX2X8H7L_B_Y_BUFX20H7L_A:Y (BUFX20H7L)                                     |        | 0.028       | 0.000      | 0.023      |             | 0.042  | 1.547f          |
| pc_mod.pc_19__reg_p_D_OAI211X1H7L_Y_A0_AOAI211X0P5H7L_A1_Y_OAOI211X3H7L_C0_A0 (net)                                                                                                 | 16     |             |            |            | 0.000       |        |                 |
| pc_mod.pc_28__reg_p_D_AOAI211X0P5H7L_Y_A1_MUX2X0P5H7L_Y_B_AOA211X1P4H7L_Y_A0_AOAI211X0P5H7L_A0_Y_AO221X4H7L_B1:A1 (AO221X4H7L)                                                      |        | 0.001       | 0.000      | 0.023      |             | 0.000  | 1.547f          |
| pc_mod.pc_28__reg_p_D_AOAI211X0P5H7L_Y_A1_MUX2X0P5H7L_Y_B_AOA211X1P4H7L_Y_A0_AOAI211X0P5H7L_A0_Y_AO221X4H7L_B1:Y (AO221X4H7L)                                                       |        | 0.002       | 0.000      | 0.035      |             | 0.093  | 1.640f          |
| pc_mod.pc_28__reg_p_D_AOAI211X0P5H7L_Y_A1_MUX2X0P5H7L_Y_B_AOA211X1P4H7L_Y_A0_AOAI211X0P5H7L_A0_Y_AO221X4H7L_B1_Y (net)                                                              | 1      |             |            |            | 0.000       |        |                 |
| pc_mod.pc_28__reg_p_D_AOAI211X0P5H7L_Y_A1_MUX2X0P5H7L_Y_B_AOA211X1P4H7L_Y_A0_AOAI211X0P5H7L_A0_Y_AO221X4H7L_B1_Y_BUFX8H7L_A:A (BUFX8H7L)                                            |        | 0.002       | 0.000      | 0.035      |             | 0.000  | 1.640f          |
| pc_mod.pc_28__reg_p_D_AOAI211X0P5H7L_Y_A1_MUX2X0P5H7L_Y_B_AOA211X1P4H7L_Y_A0_AOAI211X0P5H7L_A0_Y_AO221X4H7L_B1_Y_BUFX8H7L_A:Y (BUFX8H7L)                                            |        | 0.011       | 0.000      | 0.023      |             | 0.045  | 1.685f          |
| reg_mod.regs[29]_28__reg_p_D_NOR2BX1P4H7L_Z_AN (net)                                                                                                                                | 8      |             |            |            | 0.000       |        |                 |
| reg_mod.regs[29]_28__reg_p_D_NOR2BX1P4H7L_Z_AN_BUFX20H7L_A:A (BUFX20H7L)                                                                                                            |        | 0.004       | 0.000      | 0.023      |             | 0.000  | 1.685f          |
| reg_mod.regs[29]_28__reg_p_D_NOR2BX1P4H7L_Z_AN_BUFX20H7L_A:Y (BUFX20H7L)                                                                                                            |        | 0.048       | 0.000      | 0.032      |             | 0.047  | 1.732f          |
| reg_mod.regs[9]_28__reg_p_D_NOR2BX8H7L_Z_AN (net)                                                                                                                                   | 24     |             |            |            | 0.000       |        |                 |
| reg_mod.regs[21]_28__reg_p_D_NOR2BX8H7L_Z:AN (NOR2BX8H7L)                                                                                                                           |        | 0.002       | 0.000      | 0.032      |             | 0.000  | 1.732f          |
| reg_mod.regs[21]_28__reg_p_D_NOR2BX8H7L_Z:Z (NOR2BX8H7L)                                                                                                                            |        | 0.001       | 0.000      | 0.029      |             | 0.035  | 1.767f          |
| reg_mod.regs[21]_28__reg_p_D (net)                                                                                                                                                  | 1      |             |            |            | 0.000       |        |                 |
| reg_mod.regs[21]_28__reg_p:D (DFFQX1H7L)                                                                                                                                            |        | 0.001       | 0.000      | 0.029      |             | 0.000  | 1.767f          |
|                                                                                                                                                                                     |        |             |            |            |             |        |                 |
| clock (port)                                                                                                                                                                        |        | 0.111       | 0.000      | 0.000      |             | 0.000  | 0.000r          |
| clock (clock net)                                                                                                                                                                   | 116    |             |            |            | NA          |        |                 |
| reg_mod.regs[21]_0__reg_p_CK_ICGX0P5H7L_ECK:CK (ICGX0P5H7L)                                                                                                                         |        | 0.002       | 0.000      | 0.000      |             | 0.000  | 0.000r          |
| reg_mod.regs[21]_0__reg_p_CK_ICGX0P5H7L_ECK:ECK (ICGX0P5H7L)                                                                                                                        |        | 0.025       | 0.000      | 0.000      |             | 0.000  | 0.000r          |
| reg_mod.regs[21]_0__reg_p_CK (clock net)                                                                                                                                            | 32     |             |            |            | NA          |        |                 |
| reg_mod.regs[21]_28__reg_p:CK (DFFQX1H7L)                                                                                                                                           |        | 0.001       | 0.000      | 0.000      |             | 0.000  | 0.000r          |
| clock core_clock (rise edge)                                                                                                                                                        |        |             |            |            |             | 3.333  | 3.333           |
| clock network delay (ideal)                                                                                                                                                         |        |             |            |            |             | 0.000  | 3.333           |
| reg_mod.regs[21]_28__reg_p:CK (DFFQX1H7L)                                                                                                                                           |        |             |            |            |             |        | 3.333r          |
| library setup time                                                                                                                                                                  |        |             |            |            |             | -0.045 | 3.288           |
| clock reconvergence pessimism                                                                                                                                                       |        |             |            |            |             | 0.000  | 3.288           |
|                                                                                                                                                                                     |        |             |            |            |             |        |                 |
| path cell delay                                                                                                                                                                     |        |             |            |            |             |        | 1.767(100.000%) |
| path net delay                                                                                                                                                                      |        |             |            |            |             |        | 0.000(0.000%)   |
|                                                                                                                                                                                     |        |             |            |            |             |        |                 |
| data require time                                                                                                                                                                   |        |             |            |            |             |        | 3.288           |
| data arrival time                                                                                                                                                                   |        |             |            |            |             |        | 1.767           |
| slack (MET)                                                                                                                                                                         |        |             |            |            |             |        | 1.521           |
+-------------------------------------------------------------------------------------------------------------------------------------------------------------------------------------+--------+-------------+------------+------------+-------------+--------+-----------------+
+-------------------------------------------------------------------------------------------------------------------------------------------------------------------------------------+--------+-------------+------------+------------+-------------+--------+-----------------+
| Point                                                                                                                                                                               | Fanout | Capacitance | Resistance | Transition | Delta Delay | Incr   | Path            |
+-------------------------------------------------------------------------------------------------------------------------------------------------------------------------------------+--------+-------------+------------+------------+-------------+--------+-----------------+
| clock (port)                                                                                                                                                                        |        | 0.147       | 0.000      | 0.000      |             | 0.000  | 0.000r          |
| clock (clock net)                                                                                                                                                                   | 116    |             |            |            | NA          |        |                 |
| decode_mod.bus_in_opcode_0__reg_p:CK (DFFQX1H7L)                                                                                                                                    |        | 0.001       | 0.000      | 0.000      |             | 0.000  | 0.000r          |
| clock core_clock (rise edge)                                                                                                                                                        |        |             |            |            |             | 0      | 0               |
| clock network delay (ideal)                                                                                                                                                         |        |             |            |            |             | 0.000  | 0.000           |
| decode_mod.bus_in_opcode_0__reg_p:CK (DFFQX1H7L)                                                                                                                                    |        | 0.001       | 0.000      | 0.000      |             | 0.000  | 0.000r          |
| decode_mod.bus_in_opcode_0__reg_p:Q (DFFQX1H7L)                                                                                                                                     |        | 0.007       | 0.000      | 0.081      |             | 0.120  | 0.120r          |
| decode_mod.bus_in_opcode_0_ (net)                                                                                                                                                   | 7      |             |            |            | 0.000       |        |                 |
| decode_mod.bus_in_opcode_3__NOR4BBX4H7L_D:AN (NOR4BBX4H7L)                                                                                                                          |        | 0.001       | 0.000      | 0.081      |             | 0.000  | 0.120r          |
| decode_mod.bus_in_opcode_3__NOR4BBX4H7L_D:Y (NOR4BBX4H7L)                                                                                                                           |        | 0.002       | 0.000      | 0.072      |             | 0.090  | 0.210r          |
| decode_mod.bus_in_opcode_3__NOR4BBX4H7L_D_Y (net)                                                                                                                                   | 1      |             |            |            | 0.000       |        |                 |
| decode_mod.bus_in_opcode_3__NOR4BBX4H7L_D_Y_BUFX7H7L_A:A (BUFX7H7L)                                                                                                                 |        | 0.002       | 0.000      | 0.072      |             | 0.000  | 0.210r          |
| decode_mod.bus_in_opcode_3__NOR4BBX4H7L_D_Y_BUFX7H7L_A:Y (BUFX7H7L)                                                                                                                 |        | 0.015       | 0.000      | 0.046      |             | 0.056  | 0.266r          |
| reg_mod.regs[16]_1__NAND3X0P5H7L_A_B_NAND3X0P5H7L_Y_A (net)                                                                                                                         | 12     |             |            |            | 0.000       |        |                 |
| io_master_rvalid_NAND4BX1P4H7L_B_Y_NOR2X0P5H7L_B_Y_MUX2X1P4H7L_S0_B_NAND4X1P4H7L_Y_D_NAND2X8H7L_B:A (NAND2X8H7L)                                                                    |        | 0.004       | 0.000      | 0.046      |             | 0.000  | 0.266r          |
| io_master_rvalid_NAND4BX1P4H7L_B_Y_NOR2X0P5H7L_B_Y_MUX2X1P4H7L_S0_B_NAND4X1P4H7L_Y_D_NAND2X8H7L_B:Y (NAND2X8H7L)                                                                    |        | 0.014       | 0.000      | 0.062      |             | 0.036  | 0.303f          |
| io_master_wstrb_OAI31X0P5H7L_Y_A2_NOR2X0P5H7L_Y_A_AO211X1P4H7L_B0_A0_OAI21X0P5H7L_Y_A0 (net)                                                                                        | 13     |             |            |            | 0.000       |        |                 |
| io_master_wstrb_OAI31X0P5H7L_Y_A2_NOR2X0P5H7L_Y_A_AO211X1P4H7L_B0_A0_OAI21X0P5H7L_Y_B0_OAO211X3H7L_B0:A0 (OAO211X3H7L)                                                              |        | 0.001       | 0.000      | 0.062      |             | 0.000  | 0.303f          |
| io_master_wstrb_OAI31X0P5H7L_Y_A2_NOR2X0P5H7L_Y_A_AO211X1P4H7L_B0_A0_OAI21X0P5H7L_Y_B0_OAO211X3H7L_B0:Y (OAO211X3H7L)                                                               |        | 0.013       | 0.000      | 0.067      |             | 0.131  | 0.434f          |
| reg_mod.regs[4]_9__NAND3X0P5H7L_A_C_AOI21X1H7L_Y_A0 (net)                                                                                                                           | 9      |             |            |            | 0.000       |        |                 |
| reg_mod.regs[4]_9__NAND3X0P5H7L_A_C_AOI21X1H7L_Y_A0_AOI21X4H7L_A0:A0 (AOI21X4H7L)                                                                                                   |        | 0.002       | 0.000      | 0.067      |             | 0.000  | 0.434f          |
| reg_mod.regs[4]_9__NAND3X0P5H7L_A_C_AOI21X1H7L_Y_A0_AOI21X4H7L_A0:Y (AOI21X4H7L)                                                                                                    |        | 0.002       | 0.000      | 0.039      |             | 0.046  | 0.480r          |
| reg_mod.regs[4]_9__NAND3X0P5H7L_A_C_AOI21X1H7L_Y_A0_AOI21X4H7L_A0_Y (net)                                                                                                           | 1      |             |            |            | 0.000       |        |                 |
| reg_mod.regs[4]_9__NAND3X0P5H7L_A_C_AOI21X1H7L_Y_A0_AOI21X4H7L_A0_Y_BUFX7H7L_A:A (BUFX7H7L)                                                                                         |        | 0.002       | 0.000      | 0.039      |             | 0.000  | 0.480r          |
| reg_mod.regs[4]_9__NAND3X0P5H7L_A_C_AOI21X1H7L_Y_A0_AOI21X4H7L_A0_Y_BUFX7H7L_A:Y (BUFX7H7L)                                                                                         |        | 0.021       | 0.000      | 0.059      |             | 0.058  | 0.537r          |
| reg_mod.regs[6]_24__NAND3X0P5H7L_A_C (net)                                                                                                                                          | 24     |             |            |            | 0.000       |        |                 |
| reg_mod.regs[18]_0__OA221X0P5H7L_B1_A0_NAND2X3H7L_Y:B (NAND2X3H7L)                                                                                                                  |        | 0.002       | 0.000      | 0.059      |             | 0.000  | 0.537r          |
| reg_mod.regs[18]_0__OA221X0P5H7L_B1_A0_NAND2X3H7L_Y:Y (NAND2X3H7L)                                                                                                                  |        | 0.004       | 0.000      | 0.045      |             | 0.031  | 0.568f          |
| reg_mod.regs[18]_0__OA221X0P5H7L_B1_A0 (net)                                                                                                                                        | 3      |             |            |            | 0.000       |        |                 |
| reg_mod.regs[18]_0__OA221X0P5H7L_B1_A0_BUFX8H7L_A:A (BUFX8H7L)                                                                                                                      |        | 0.002       | 0.000      | 0.045      |             | 0.000  | 0.568f          |
| reg_mod.regs[18]_0__OA221X0P5H7L_B1_A0_BUFX8H7L_A:Y (BUFX8H7L)                                                                                                                      |        | 0.027       | 0.000      | 0.042      |             | 0.061  | 0.629f          |
| reg_mod.regs[6]_26__MUX4X1P4H7L_A_S0 (net)                                                                                                                                          | 24     |             |            |            | 0.000       |        |                 |
| reg_mod.regs[14]_24__MUXI2X0P5H7L_A:S0 (MUXI2X0P5H7L)                                                                                                                               |        | 0.002       | 0.000      | 0.042      |             | 0.000  | 0.629f          |
| reg_mod.regs[14]_24__MUXI2X0P5H7L_A:Y (MUXI2X0P5H7L)                                                                                                                                |        | 0.001       | 0.000      | 0.034      |             | 0.038  | 0.667f          |
| reg_mod.regs[14]_24__MUXI2X0P5H7L_A_Y (net)                                                                                                                                         | 1      |             |            |            | 0.000       |        |                 |
| reg_mod.regs[30]_24__MUXI2X0P5H7L_A_Y_MUX4X1P4H7L_B:D (MUX4X1P4H7L)                                                                                                                 |        | 0.001       | 0.000      | 0.034      |             | 0.000  | 0.667f          |
| reg_mod.regs[30]_24__MUXI2X0P5H7L_A_Y_MUX4X1P4H7L_B:Y (MUX4X1P4H7L)                                                                                                                 |        | 0.001       | 0.000      | 0.036      |             | 0.100  | 0.767f          |
| reg_mod.regs[30]_24__MUXI2X0P5H7L_A_Y_MUX4X1P4H7L_B_Y (net)                                                                                                                         | 1      |             |            |            | 0.000       |        |                 |
| reg_mod.regs[30]_24__MUXI2X0P5H7L_A_Y_MUX4X1P4H7L_B_Y_AO211X1P4H7L_A1:A1 (AO211X1P4H7L)                                                                                             |        | 0.001       | 0.000      | 0.036      |             | 0.000  | 0.767f          |
| reg_mod.regs[30]_24__MUXI2X0P5H7L_A_Y_MUX4X1P4H7L_B_Y_AO211X1P4H7L_A1:Y (AO211X1P4H7L)                                                                                              |        | 0.005       | 0.000      | 0.053      |             | 0.105  | 0.871f          |
| reg_mod.regs[30]_24__MUXI2X0P5H7L_A_Y_MUX4X1P4H7L_B_Y_AO211X1P4H7L_A1_Y (net)                                                                                                       | 5      |             |            |            | 0.000       |        |                 |
| reg_mod.regs[19]_24__MUX4X1P4H7L_A_Y_MUX2X0P5H7L_A_Y_OAI211X1P4H7L_A1_Y_AOI31X0P5H7L_A1_Y_AOI21X3H7L_B0:A0 (AOI21X3H7L)                                                             |        | 0.002       | 0.000      | 0.053      |             | 0.000  | 0.871f          |
| reg_mod.regs[19]_24__MUX4X1P4H7L_A_Y_MUX2X0P5H7L_A_Y_OAI211X1P4H7L_A1_Y_AOI31X0P5H7L_A1_Y_AOI21X3H7L_B0:Y (AOI21X3H7L)                                                              |        | 0.004       | 0.000      | 0.080      |             | 0.064  | 0.935r          |
| reg_mod.regs[19]_24__MUX4X1P4H7L_A_Y_MUX2X0P5H7L_A_Y_OAI211X1P4H7L_A1_Y_AOI31X0P5H7L_A1_Y_AOI21X3H7L_B0_Y (net)                                                                     | 5      |             |            |            | 0.000       |        |                 |
| csr_mod.regs[3]_26__AOI22X0P5H7L_A0_Y_OAI21X0P5H7L_A1_Y_OAI211X1P4H7L_B0_A0_AO31X0P5H7L_A0_Y_OAI31X2H7L_A2_A1_AOI211X1P4H7L_Y:A1 (AOI211X1P4H7L)                                    |        | 0.001       | 0.000      | 0.080      |             | 0.000  | 0.935r          |
| csr_mod.regs[3]_26__AOI22X0P5H7L_A0_Y_OAI21X0P5H7L_A1_Y_OAI211X1P4H7L_B0_A0_AO31X0P5H7L_A0_Y_OAI31X2H7L_A2_A1_AOI211X1P4H7L_Y:Y (AOI211X1P4H7L)                                     |        | 0.001       | 0.000      | 0.041      |             | 0.035  | 0.970f          |
| csr_mod.regs[3]_26__AOI22X0P5H7L_A0_Y_OAI21X0P5H7L_A1_Y_OAI211X1P4H7L_B0_A0_AO31X0P5H7L_A0_Y_OAI31X2H7L_A2_A1 (net)                                                                 | 1      |             |            |            | 0.000       |        |                 |
| csr_mod.regs[3]_26__AOI22X0P5H7L_A0_Y_OAI21X0P5H7L_A1_Y_OAI211X1P4H7L_B0_A0_AO31X0P5H7L_A0_Y_OAI31X2H7L_A2:A1 (OAI31X2H7L)                                                          |        | 0.001       | 0.000      | 0.041      |             | 0.000  | 0.970f          |
| csr_mod.regs[3]_26__AOI22X0P5H7L_A0_Y_OAI21X0P5H7L_A1_Y_OAI211X1P4H7L_B0_A0_AO31X0P5H7L_A0_Y_OAI31X2H7L_A2:Y (OAI31X2H7L)                                                           |        | 0.003       | 0.000      | 0.124      |             | 0.091  | 1.061r          |
| csr_mod.regs[3]_26__AOI22X0P5H7L_A0_Y_OAI21X0P5H7L_A1_Y_OAI211X1P4H7L_B0_A0_AO31X0P5H7L_A0_Y_OAI31X2H7L_A2_Y (net)                                                                  | 4      |             |            |            | 0.000       |        |                 |
| pc_mod.pc_29__reg_p_D_AOI31X0P5H7L_Y_A1_OAI211X0P7H7L_Y_B0_OAO211X0P5H7L_Y_A1_MUX2X0P5H7L_Y_B_AOI21X0P5H7L_Y_A0_NOR2BX1H7L_Z_B_AO31X3H7L_B0_A2_OAI21BX0P5H7L_Y:B0N (OAI21BX0P5H7L)  |        | 0.001       | 0.000      | 0.124      |             | 0.000  | 1.061r          |
| pc_mod.pc_29__reg_p_D_AOI31X0P5H7L_Y_A1_OAI211X0P7H7L_Y_B0_OAO211X0P5H7L_Y_A1_MUX2X0P5H7L_Y_B_AOI21X0P5H7L_Y_A0_NOR2BX1H7L_Z_B_AO31X3H7L_B0_A2_OAI21BX0P5H7L_Y:Y (OAI21BX0P5H7L)    |        | 0.001       | 0.000      | 0.066      |             | 0.045  | 1.107r          |
| pc_mod.pc_29__reg_p_D_AOI31X0P5H7L_Y_A1_OAI211X0P7H7L_Y_B0_OAO211X0P5H7L_Y_A1_MUX2X0P5H7L_Y_B_AOI21X0P5H7L_Y_A0_NOR2BX1H7L_Z_B_AO31X3H7L_B0_A2 (net)                                | 1      |             |            |            | 0.000       |        |                 |
| pc_mod.pc_29__reg_p_D_AOI31X0P5H7L_Y_A1_OAI211X0P7H7L_Y_B0_OAO211X0P5H7L_Y_A1_MUX2X0P5H7L_Y_B_AOI21X0P5H7L_Y_A0_NOR2BX1H7L_Z_B_AO31X3H7L_B0:A2 (AO31X3H7L)                          |        | 0.001       | 0.000      | 0.066      |             | 0.000  | 1.107r          |
| pc_mod.pc_29__reg_p_D_AOI31X0P5H7L_Y_A1_OAI211X0P7H7L_Y_B0_OAO211X0P5H7L_Y_A1_MUX2X0P5H7L_Y_B_AOI21X0P5H7L_Y_A0_NOR2BX1H7L_Z_B_AO31X3H7L_B0:Y (AO31X3H7L)                           |        | 0.006       | 0.000      | 0.051      |             | 0.086  | 1.193r          |
| pc_mod.pc_30__reg_p_D_OAI221X0P5H7L_Y_B1_NAND2X0P5H7L_Y_B_NAND3X0P5H7L_Y_C_OAI31X0P5H7L_Y_A1_AOI21X0P5H7L_Y_A1_AO211X1H7L_Y_B0 (net)                                                | 4      |             |            |            | 0.000       |        |                 |
| pc_mod.pc_30__reg_p_D_OAI221X0P5H7L_Y_B1_NAND2X0P5H7L_Y_B_NAND3X0P5H7L_Y_C_OAI31X0P5H7L_Y_A1_AOI21X0P5H7L_Y_A1_AO211X1H7L_Y_B0_AOI21X6H7L_B0:B0 (AOI21X6H7L)                        |        | 0.003       | 0.000      | 0.051      |             | 0.000  | 1.193r          |
| pc_mod.pc_30__reg_p_D_OAI221X0P5H7L_Y_B1_NAND2X0P5H7L_Y_B_NAND3X0P5H7L_Y_C_OAI31X0P5H7L_Y_A1_AOI21X0P5H7L_Y_A1_AO211X1H7L_Y_B0_AOI21X6H7L_B0:Y (AOI21X6H7L)                         |        | 0.005       | 0.000      | 0.036      |             | 0.018  | 1.211f          |
| csr_mod.regs[0]_0__reg_p_D_NOR2X0P5H7L_Y_A_INVX0P5H7L_Y_A_AOAI211X0P5H7L_Y_A0_NAND2X0P5H7L_Y_B_AOAI211X0P5H7L_Y_A0 (net)                                                            | 6      |             |            |            | 0.000       |        |                 |
| csr_mod.regs[0]_0__reg_p_D_NOR2X0P5H7L_Y_A_INVX0P5H7L_Y_A_AOAI211X0P5H7L_Y_A0_NAND2X0P5H7L_Y_A_AOAI211X1P4H7L_Y_A0_AND4X1P4H7L_C_Y_OAO211X3H7L_A0_A1_OAO211X3H7L_Y:A0 (OAO211X3H7L) |        | 0.001       | 0.000      | 0.036      |             | 0.000  | 1.211f          |
| csr_mod.regs[0]_0__reg_p_D_NOR2X0P5H7L_Y_A_INVX0P5H7L_Y_A_AOAI211X0P5H7L_Y_A0_NAND2X0P5H7L_Y_A_AOAI211X1P4H7L_Y_A0_AND4X1P4H7L_C_Y_OAO211X3H7L_A0_A1_OAO211X3H7L_Y:Y (OAO211X3H7L)  |        | 0.002       | 0.000      | 0.033      |             | 0.092  | 1.303f          |
| csr_mod.regs[0]_0__reg_p_D_NOR2X0P5H7L_Y_A_INVX0P5H7L_Y_A_AOAI211X0P5H7L_Y_A0_NAND2X0P5H7L_Y_A_AOAI211X1P4H7L_Y_A0_AND4X1P4H7L_C_Y_OAO211X3H7L_A0_A1 (net)                          | 2      |             |            |            | 0.000       |        |                 |
| csr_mod.regs[0]_0__reg_p_D_NOR2X0P5H7L_Y_A_INVX0P5H7L_Y_A_AOAI211X0P5H7L_Y_A0_NAND2X0P5H7L_Y_A_AOAI211X1P4H7L_Y_A0_AND4X1P4H7L_C_Y_OAO211X3H7L_A0:A1 (OAO211X3H7L)                  |        | 0.001       | 0.000      | 0.033      |             | 0.000  | 1.303f          |
| csr_mod.regs[0]_0__reg_p_D_NOR2X0P5H7L_Y_A_INVX0P5H7L_Y_A_AOAI211X0P5H7L_Y_A0_NAND2X0P5H7L_Y_A_AOAI211X1P4H7L_Y_A0_AND4X1P4H7L_C_Y_OAO211X3H7L_A0:Y (OAO211X3H7L)                   |        | 0.003       | 0.000      | 0.038      |             | 0.098  | 1.400f          |
| csr_mod.regs[0]_0__reg_p_D_NOR2X0P5H7L_Y_A_INVX0P5H7L_Y_A_AOAI211X0P5H7L_Y_A0_NAND2X0P5H7L_Y_A_AOAI211X1P4H7L_Y_A0_AND4X1P4H7L_C_Y_OAO211X3H7L_A0_Y (net)                           | 1      |             |            |            | 0.000       |        |                 |
| csr_mod.regs[0]_0__reg_p_D_NOR2X0P5H7L_Y_A_INVX0P5H7L_Y_A_AOAI211X0P5H7L_Y_A0_NAND2X0P5H7L_Y_A_AOAI211X1P4H7L_Y_A0_AND4X1P4H7L_C_Y_OAO211X3H7L_A0_Y_BUFX16H7L_A:A (BUFX16H7L)       |        | 0.003       | 0.000      | 0.038      |             | 0.000  | 1.400f          |
| csr_mod.regs[0]_0__reg_p_D_NOR2X0P5H7L_Y_A_INVX0P5H7L_Y_A_AOAI211X0P5H7L_Y_A0_NAND2X0P5H7L_Y_A_AOAI211X1P4H7L_Y_A0_AND4X1P4H7L_C_Y_OAO211X3H7L_A0_Y_BUFX16H7L_A:Y (BUFX16H7L)       |        | 0.031       | 0.000      | 0.029      |             | 0.051  | 1.451f          |
| pc_mod.pc_0__AOI222X1P4H7L_A0_B0 (net)                                                                                                                                              | 18     |             |            |            | 0.000       |        |                 |
| decode_mod.bus_in_opcode_15__reg_p_D_OAOI211X0P5H7L_Y_A0_NOR3X0P5H7L_A_Y_MUX2X0P5H7L_A_Y_AO21X1H7L_B0_Y_MUX2X8H7L_B:S0 (MUX2X8H7L)                                                  |        | 0.004       | 0.000      | 0.029      |             | 0.000  | 1.451f          |
| decode_mod.bus_in_opcode_15__reg_p_D_OAOI211X0P5H7L_Y_A0_NOR3X0P5H7L_A_Y_MUX2X0P5H7L_A_Y_AO21X1H7L_B0_Y_MUX2X8H7L_B:Y (MUX2X8H7L)                                                   |        | 0.004       | 0.000      | 0.027      |             | 0.053  | 1.505f          |
| decode_mod.bus_in_opcode_15__reg_p_D_OAOI211X0P5H7L_Y_A0_NOR3X0P5H7L_A_Y_MUX2X0P5H7L_A_Y_AO21X1H7L_B0_Y_MUX2X8H7L_B_Y (net)                                                         | 1      |             |            |            | 0.000       |        |                 |
| decode_mod.bus_in_opcode_15__reg_p_D_OAOI211X0P5H7L_Y_A0_NOR3X0P5H7L_A_Y_MUX2X0P5H7L_A_Y_AO21X1H7L_B0_Y_MUX2X8H7L_B_Y_BUFX20H7L_A:A (BUFX20H7L)                                     |        | 0.004       | 0.000      | 0.027      |             | 0.000  | 1.505f          |
| decode_mod.bus_in_opcode_15__reg_p_D_OAOI211X0P5H7L_Y_A0_NOR3X0P5H7L_A_Y_MUX2X0P5H7L_A_Y_AO21X1H7L_B0_Y_MUX2X8H7L_B_Y_BUFX20H7L_A:Y (BUFX20H7L)                                     |        | 0.028       | 0.000      | 0.023      |             | 0.042  | 1.547f          |
| pc_mod.pc_19__reg_p_D_OAI211X1H7L_Y_A0_AOAI211X0P5H7L_A1_Y_OAOI211X3H7L_C0_A0 (net)                                                                                                 | 16     |             |            |            | 0.000       |        |                 |
| pc_mod.pc_28__reg_p_D_AOAI211X0P5H7L_Y_A1_MUX2X0P5H7L_Y_B_AOA211X1P4H7L_Y_A0_AOAI211X0P5H7L_A0_Y_AO221X4H7L_B1:A1 (AO221X4H7L)                                                      |        | 0.001       | 0.000      | 0.023      |             | 0.000  | 1.547f          |
| pc_mod.pc_28__reg_p_D_AOAI211X0P5H7L_Y_A1_MUX2X0P5H7L_Y_B_AOA211X1P4H7L_Y_A0_AOAI211X0P5H7L_A0_Y_AO221X4H7L_B1:Y (AO221X4H7L)                                                       |        | 0.002       | 0.000      | 0.035      |             | 0.093  | 1.640f          |
| pc_mod.pc_28__reg_p_D_AOAI211X0P5H7L_Y_A1_MUX2X0P5H7L_Y_B_AOA211X1P4H7L_Y_A0_AOAI211X0P5H7L_A0_Y_AO221X4H7L_B1_Y (net)                                                              | 1      |             |            |            | 0.000       |        |                 |
| pc_mod.pc_28__reg_p_D_AOAI211X0P5H7L_Y_A1_MUX2X0P5H7L_Y_B_AOA211X1P4H7L_Y_A0_AOAI211X0P5H7L_A0_Y_AO221X4H7L_B1_Y_BUFX8H7L_A:A (BUFX8H7L)                                            |        | 0.002       | 0.000      | 0.035      |             | 0.000  | 1.640f          |
| pc_mod.pc_28__reg_p_D_AOAI211X0P5H7L_Y_A1_MUX2X0P5H7L_Y_B_AOA211X1P4H7L_Y_A0_AOAI211X0P5H7L_A0_Y_AO221X4H7L_B1_Y_BUFX8H7L_A:Y (BUFX8H7L)                                            |        | 0.011       | 0.000      | 0.023      |             | 0.045  | 1.685f          |
| reg_mod.regs[29]_28__reg_p_D_NOR2BX1P4H7L_Z_AN (net)                                                                                                                                | 8      |             |            |            | 0.000       |        |                 |
| reg_mod.regs[29]_28__reg_p_D_NOR2BX1P4H7L_Z_AN_BUFX20H7L_A:A (BUFX20H7L)                                                                                                            |        | 0.004       | 0.000      | 0.023      |             | 0.000  | 1.685f          |
| reg_mod.regs[29]_28__reg_p_D_NOR2BX1P4H7L_Z_AN_BUFX20H7L_A:Y (BUFX20H7L)                                                                                                            |        | 0.048       | 0.000      | 0.032      |             | 0.047  | 1.732f          |
| reg_mod.regs[9]_28__reg_p_D_NOR2BX8H7L_Z_AN (net)                                                                                                                                   | 24     |             |            |            | 0.000       |        |                 |
| reg_mod.regs[20]_28__reg_p_D_NOR2BX8H7L_Z:AN (NOR2BX8H7L)                                                                                                                           |        | 0.002       | 0.000      | 0.032      |             | 0.000  | 1.732f          |
| reg_mod.regs[20]_28__reg_p_D_NOR2BX8H7L_Z:Z (NOR2BX8H7L)                                                                                                                            |        | 0.001       | 0.000      | 0.029      |             | 0.035  | 1.767f          |
| reg_mod.regs[20]_28__reg_p_D (net)                                                                                                                                                  | 1      |             |            |            | 0.000       |        |                 |
| reg_mod.regs[20]_28__reg_p:D (DFFQX1H7L)                                                                                                                                            |        | 0.001       | 0.000      | 0.029      |             | 0.000  | 1.767f          |
|                                                                                                                                                                                     |        |             |            |            |             |        |                 |
| clock (port)                                                                                                                                                                        |        | 0.111       | 0.000      | 0.000      |             | 0.000  | 0.000r          |
| clock (clock net)                                                                                                                                                                   | 116    |             |            |            | NA          |        |                 |
| reg_mod.regs[20]_0__reg_p_CK_ICGX0P5H7L_ECK:CK (ICGX0P5H7L)                                                                                                                         |        | 0.002       | 0.000      | 0.000      |             | 0.000  | 0.000r          |
| reg_mod.regs[20]_0__reg_p_CK_ICGX0P5H7L_ECK:ECK (ICGX0P5H7L)                                                                                                                        |        | 0.025       | 0.000      | 0.000      |             | 0.000  | 0.000r          |
| reg_mod.regs[20]_0__reg_p_CK (clock net)                                                                                                                                            | 32     |             |            |            | NA          |        |                 |
| reg_mod.regs[20]_28__reg_p:CK (DFFQX1H7L)                                                                                                                                           |        | 0.001       | 0.000      | 0.000      |             | 0.000  | 0.000r          |
| clock core_clock (rise edge)                                                                                                                                                        |        |             |            |            |             | 3.333  | 3.333           |
| clock network delay (ideal)                                                                                                                                                         |        |             |            |            |             | 0.000  | 3.333           |
| reg_mod.regs[20]_28__reg_p:CK (DFFQX1H7L)                                                                                                                                           |        |             |            |            |             |        | 3.333r          |
| library setup time                                                                                                                                                                  |        |             |            |            |             | -0.045 | 3.288           |
| clock reconvergence pessimism                                                                                                                                                       |        |             |            |            |             | 0.000  | 3.288           |
|                                                                                                                                                                                     |        |             |            |            |             |        |                 |
| path cell delay                                                                                                                                                                     |        |             |            |            |             |        | 1.767(100.000%) |
| path net delay                                                                                                                                                                      |        |             |            |            |             |        | 0.000(0.000%)   |
|                                                                                                                                                                                     |        |             |            |            |             |        |                 |
| data require time                                                                                                                                                                   |        |             |            |            |             |        | 3.288           |
| data arrival time                                                                                                                                                                   |        |             |            |            |             |        | 1.767           |
| slack (MET)                                                                                                                                                                         |        |             |            |            |             |        | 1.521           |
+-------------------------------------------------------------------------------------------------------------------------------------------------------------------------------------+--------+-------------+------------+------------+-------------+--------+-----------------+
+-------------------------------------------------------------------------------------------------------------------------------------------+--------+-------------+------------+------------+-------------+--------+-----------------+
| Point                                                                                                                                     | Fanout | Capacitance | Resistance | Transition | Delta Delay | Incr   | Path            |
+-------------------------------------------------------------------------------------------------------------------------------------------+--------+-------------+------------+------------+-------------+--------+-----------------+
| clock (port)                                                                                                                              |        | 0.147       | 0.000      | 0.000      |             | 0.000  | 0.000r          |
| clock (clock net)                                                                                                                         | 116    |             |            |            | NA          |        |                 |
| decode_mod.bus_in_opcode_0__reg_p:CK (DFFQX1H7L)                                                                                          |        | 0.001       | 0.000      | 0.000      |             | 0.000  | 0.000r          |
| clock core_clock (rise edge)                                                                                                              |        |             |            |            |             | 0      | 0               |
| clock network delay (ideal)                                                                                                               |        |             |            |            |             | 0.000  | 0.000           |
| decode_mod.bus_in_opcode_0__reg_p:CK (DFFQX1H7L)                                                                                          |        | 0.001       | 0.000      | 0.000      |             | 0.000  | 0.000r          |
| decode_mod.bus_in_opcode_0__reg_p:Q (DFFQX1H7L)                                                                                           |        | 0.007       | 0.000      | 0.081      |             | 0.120  | 0.120r          |
| decode_mod.bus_in_opcode_0_ (net)                                                                                                         | 7      |             |            |            | 0.000       |        |                 |
| decode_mod.bus_in_opcode_3__NOR4BBX4H7L_D:AN (NOR4BBX4H7L)                                                                                |        | 0.001       | 0.000      | 0.081      |             | 0.000  | 0.120r          |
| decode_mod.bus_in_opcode_3__NOR4BBX4H7L_D:Y (NOR4BBX4H7L)                                                                                 |        | 0.002       | 0.000      | 0.072      |             | 0.090  | 0.210r          |
| decode_mod.bus_in_opcode_3__NOR4BBX4H7L_D_Y (net)                                                                                         | 1      |             |            |            | 0.000       |        |                 |
| decode_mod.bus_in_opcode_3__NOR4BBX4H7L_D_Y_BUFX7H7L_A:A (BUFX7H7L)                                                                       |        | 0.002       | 0.000      | 0.072      |             | 0.000  | 0.210r          |
| decode_mod.bus_in_opcode_3__NOR4BBX4H7L_D_Y_BUFX7H7L_A:Y (BUFX7H7L)                                                                       |        | 0.015       | 0.000      | 0.046      |             | 0.056  | 0.266r          |
| reg_mod.regs[16]_1__NAND3X0P5H7L_A_B_NAND3X0P5H7L_Y_A (net)                                                                               | 12     |             |            |            | 0.000       |        |                 |
| reg_mod.regs[25]_1__OA211X0P7H7L_A1_C0_NAND3BX0P5H7L_Y_B_AOI211X1P4H7L_Y_C0_OR3X1H7L_C_Y_NAND4X1P4H7L_D_C_NAND4X0P5H7L_Y:B (NAND4X0P5H7L) |        | 0.001       | 0.000      | 0.046      |             | 0.000  | 0.266r          |
| reg_mod.regs[25]_1__OA211X0P7H7L_A1_C0_NAND3BX0P5H7L_Y_B_AOI211X1P4H7L_Y_C0_OR3X1H7L_C_Y_NAND4X1P4H7L_D_C_NAND4X0P5H7L_Y:Y (NAND4X0P5H7L) |        | 0.003       | 0.000      | 0.135      |             | 0.094  | 0.360f          |
| reg_mod.regs[25]_1__OA211X0P7H7L_A1_C0_NAND3BX0P5H7L_Y_B_AOI211X1P4H7L_Y_C0_OR3X1H7L_C_Y_NAND4X1P4H7L_D_C (net)                           | 4      |             |            |            | 0.000       |        |                 |
| reg_mod.regs[25]_1__OA211X0P7H7L_A1_C0_NAND3BX0P5H7L_Y_B_AOI211X1P4H7L_Y_C0_OR3X1H7L_C_Y_NAND4X1P4H7L_D:C (NAND4X1P4H7L)                  |        | 0.001       | 0.000      | 0.135      |             | 0.000  | 0.360f          |
| reg_mod.regs[25]_1__OA211X0P7H7L_A1_C0_NAND3BX0P5H7L_Y_B_AOI211X1P4H7L_Y_C0_OR3X1H7L_C_Y_NAND4X1P4H7L_D:Y (NAND4X1P4H7L)                  |        | 0.010       | 0.000      | 0.128      |             | 0.109  | 0.469r          |
| csr_mod.regs[0]_25__NAND2X0P5H7L_A_B_AOAI211X0P5H7L_Y_B0_NOR3X0P5H7L_Y_A_NAND4BX0P5H7L_Y_D (net)                                          | 12     |             |            |            | 0.000       |        |                 |
| csr_mod.regs[0]_25__NAND2X0P5H7L_A_B_AOAI211X0P5H7L_Y_B0_NOR3X0P5H7L_Y_A_NAND4BX0P5H7L_Y:D (NAND4BX0P5H7L)                                |        | 0.001       | 0.000      | 0.128      |             | 0.000  | 0.469r          |
| csr_mod.regs[0]_25__NAND2X0P5H7L_A_B_AOAI211X0P5H7L_Y_B0_NOR3X0P5H7L_Y_A_NAND4BX0P5H7L_Y:Y (NAND4BX0P5H7L)                                |        | 0.003       | 0.000      | 0.128      |             | 0.097  | 0.566f          |
| csr_mod.regs[0]_25__NAND2X0P5H7L_A_B_AOAI211X0P5H7L_Y_B0_NOR3X0P5H7L_Y_A (net)                                                            | 4      |             |            |            | 0.000       |        |                 |
| csr_mod.regs[5]_0__reg_p_D_AND3X1P4H7L_Y_B_NOR2X0P5H7L_Y_A_OR4X1P4H7L_Y:A (OR4X1P4H7L)                                                    |        | 0.001       | 0.000      | 0.128      |             | 0.000  | 0.566f          |
| csr_mod.regs[5]_0__reg_p_D_AND3X1P4H7L_Y_B_NOR2X0P5H7L_Y_A_OR4X1P4H7L_Y:Y (OR4X1P4H7L)                                                    |        | 0.001       | 0.000      | 0.042      |             | 0.126  | 0.692f          |
| csr_mod.regs[5]_0__reg_p_D_AND3X1P4H7L_Y_B_NOR2X0P5H7L_Y_A (net)                                                                          | 2      |             |            |            | 0.000       |        |                 |
| csr_mod.regs[5]_0__reg_p_D_AND3X1P4H7L_Y_B_NOR2X0P5H7L_Y_A_AOAI211X0P5H7L_C0:C0 (AOAI211X0P5H7L)                                          |        | 0.001       | 0.000      | 0.042      |             | 0.000  | 0.692f          |
| csr_mod.regs[5]_0__reg_p_D_AND3X1P4H7L_Y_B_NOR2X0P5H7L_Y_A_AOAI211X0P5H7L_C0:Y (AOAI211X0P5H7L)                                           |        | 0.004       | 0.000      | 0.157      |             | 0.055  | 0.747r          |
| csr_mod.regs[0]_25__NAND2X0P5H7L_A_B_AOAI211X0P5H7L_Y_A1 (net)                                                                            | 5      |             |            |            | 0.000       |        |                 |
| csr_mod.regs[4]_25__MUX2X0P5H7L_A_Y_OAI211X0P7H7L_A1_C0_OAI2BB1X0P5H7L_Y_A1N_NAND3X0P5H7L_Y:C (NAND3X0P5H7L)                              |        | 0.001       | 0.000      | 0.157      |             | 0.000  | 0.747r          |
| csr_mod.regs[4]_25__MUX2X0P5H7L_A_Y_OAI211X0P7H7L_A1_C0_OAI2BB1X0P5H7L_Y_A1N_NAND3X0P5H7L_Y:Y (NAND3X0P5H7L)                              |        | 0.002       | 0.000      | 0.083      |             | 0.062  | 0.810f          |
| csr_mod.regs[4]_25__MUX2X0P5H7L_A_Y_OAI211X0P7H7L_A1_C0_OAI2BB1X0P5H7L_Y_A1N (net)                                                        | 2      |             |            |            | 0.000       |        |                 |
| csr_mod.regs[4]_25__MUX2X0P5H7L_A_Y_OAI211X0P7H7L_A1_C0_OAI2BB1X0P5H7L_Y:A1N (OAI2BB1X0P5H7L)                                             |        | 0.001       | 0.000      | 0.083      |             | 0.000  | 0.810f          |
| csr_mod.regs[4]_25__MUX2X0P5H7L_A_Y_OAI211X0P7H7L_A1_C0_OAI2BB1X0P5H7L_Y:Y (OAI2BB1X0P5H7L)                                               |        | 0.002       | 0.000      | 0.063      |             | 0.068  | 0.878f          |
| csr_mod.regs[4]_25__MUX2X0P5H7L_A_Y_OAI211X0P7H7L_A1_C0 (net)                                                                             | 2      |             |            |            | 0.000       |        |                 |
| csr_mod.regs[4]_25__MUX2X0P5H7L_A_Y_OAI211X0P7H7L_A1_C0_BUFX1P4H7L_A:A (BUFX1P4H7L)                                                       |        | 0.001       | 0.000      | 0.063      |             | 0.000  | 0.878f          |
| csr_mod.regs[4]_25__MUX2X0P5H7L_A_Y_OAI211X0P7H7L_A1_C0_BUFX1P4H7L_A:Y (BUFX1P4H7L)                                                       |        | 0.020       | 0.000      | 0.127      |             | 0.112  | 0.990f          |
| csr_mod.regs[3]_7__AO22X0P7H7L_A0_B1 (net)                                                                                                | 24     |             |            |            | 0.000       |        |                 |
| csr_mod.regs[4]_0__reg_p_D_NOR3BX0P5H7L_Y_C_NAND3X0P5H7L_Y:A (NAND3X0P5H7L)                                                               |        | 0.001       | 0.000      | 0.127      |             | 0.000  | 0.990f          |
| csr_mod.regs[4]_0__reg_p_D_NOR3BX0P5H7L_Y_C_NAND3X0P5H7L_Y:Y (NAND3X0P5H7L)                                                               |        | 0.003       | 0.000      | 0.078      |             | 0.071  | 1.061r          |
| csr_mod.regs[4]_0__reg_p_D_NOR3BX0P5H7L_Y_C (net)                                                                                         | 3      |             |            |            | 0.000       |        |                 |
| csr_mod.regs[4]_0__reg_p_D_NOR3BX0P5H7L_Y_C_OR2X1P4H7L_B:B (OR2X1P4H7L)                                                                   |        | 0.001       | 0.000      | 0.078      |             | 0.000  | 1.061r          |
| csr_mod.regs[4]_0__reg_p_D_NOR3BX0P5H7L_Y_C_OR2X1P4H7L_B:Y (OR2X1P4H7L)                                                                   |        | 0.007       | 0.000      | 0.081      |             | 0.075  | 1.136r          |
| csr_mod.regs[0]_9__reg_p_D_NOR2X0P5H7L_Y_A (net)                                                                                          | 10     |             |            |            | 0.000       |        |                 |
| csr_mod.regs[0]_9__reg_p_D_NOR2X0P5H7L_Y_A_BUFX1P4H7L_A:A (BUFX1P4H7L)                                                                    |        | 0.001       | 0.000      | 0.081      |             | 0.000  | 1.136r          |
| csr_mod.regs[0]_9__reg_p_D_NOR2X0P5H7L_Y_A_BUFX1P4H7L_A:Y (BUFX1P4H7L)                                                                    |        | 0.017       | 0.000      | 0.187      |             | 0.131  | 1.267r          |
| csr_mod.regs[0]_3__reg_p_D_NOR2BX1H7L_Z_B (net)                                                                                           | 24     |             |            |            | 0.000       |        |                 |
| reset_INVX1P4H7L_A_Y_NAND2X0P5H7L_A_13:B (NAND2X0P5H7L)                                                                                   |        | 0.001       | 0.000      | 0.187      |             | 0.000  | 1.267r          |
| reset_INVX1P4H7L_A_Y_NAND2X0P5H7L_A_13:Y (NAND2X0P5H7L)                                                                                   |        | 0.001       | 0.000      | 0.050      |             | 0.037  | 1.303f          |
| reset_INVX1P4H7L_A_Y_NAND2X0P5H7L_A_13_Y (net)                                                                                            | 1      |             |            |            | 0.000       |        |                 |
| csr_mod.regs[0]_0__reg_p_CK_ICGX0P5H7L_ECK:E (ICGX0P5H7L)                                                                                 |        | 0.001       | 0.000      | 0.050      |             | 0.000  | 1.303f          |
|                                                                                                                                           |        |             |            |            |             |        |                 |
| clock (port)                                                                                                                              |        | 0.111       | 0.000      | 0.000      |             | 0.000  | 0.000r          |
| clock (clock net)                                                                                                                         | 116    |             |            |            | NA          |        |                 |
| csr_mod.regs[0]_0__reg_p_CK_ICGX0P5H7L_ECK:CK (ICGX0P5H7L)                                                                                |        | 0.002       | 0.000      | 0.000      |             | 0.000  | 0.000r          |
| clock core_clock (rise edge)                                                                                                              |        |             |            |            |             | 3.333  | 3.333           |
| clock network delay (ideal)                                                                                                               |        |             |            |            |             | 0.000  | 3.333           |
| csr_mod.regs[0]_0__reg_p_CK_ICGX0P5H7L_ECK:CK (ICGX0P5H7L)                                                                                |        |             |            |            |             |        | 3.333r          |
| library setup time                                                                                                                        |        |             |            |            |             | -0.039 | 3.294           |
| clock reconvergence pessimism                                                                                                             |        |             |            |            |             | 0.000  | 3.294           |
|                                                                                                                                           |        |             |            |            |             |        |                 |
| path cell delay                                                                                                                           |        |             |            |            |             |        | 1.303(100.000%) |
| path net delay                                                                                                                            |        |             |            |            |             |        | 0.000(0.000%)   |
|                                                                                                                                           |        |             |            |            |             |        |                 |
| data require time                                                                                                                         |        |             |            |            |             |        | 3.294           |
| data arrival time                                                                                                                         |        |             |            |            |             |        | 1.303           |
| slack (MET)                                                                                                                               |        |             |            |            |             |        | 1.991           |
+-------------------------------------------------------------------------------------------------------------------------------------------+--------+-------------+------------+------------+-------------+--------+-----------------+
+-------------------------------------------------------------------------------------------------------------------------------------------+--------+-------------+------------+------------+-------------+--------+-----------------+
| Point                                                                                                                                     | Fanout | Capacitance | Resistance | Transition | Delta Delay | Incr   | Path            |
+-------------------------------------------------------------------------------------------------------------------------------------------+--------+-------------+------------+------------+-------------+--------+-----------------+
| clock (port)                                                                                                                              |        | 0.147       | 0.000      | 0.000      |             | 0.000  | 0.000r          |
| clock (clock net)                                                                                                                         | 116    |             |            |            | NA          |        |                 |
| decode_mod.bus_in_opcode_0__reg_p:CK (DFFQX1H7L)                                                                                          |        | 0.001       | 0.000      | 0.000      |             | 0.000  | 0.000r          |
| clock core_clock (rise edge)                                                                                                              |        |             |            |            |             | 0      | 0               |
| clock network delay (ideal)                                                                                                               |        |             |            |            |             | 0.000  | 0.000           |
| decode_mod.bus_in_opcode_0__reg_p:CK (DFFQX1H7L)                                                                                          |        | 0.001       | 0.000      | 0.000      |             | 0.000  | 0.000r          |
| decode_mod.bus_in_opcode_0__reg_p:Q (DFFQX1H7L)                                                                                           |        | 0.007       | 0.000      | 0.081      |             | 0.120  | 0.120r          |
| decode_mod.bus_in_opcode_0_ (net)                                                                                                         | 7      |             |            |            | 0.000       |        |                 |
| decode_mod.bus_in_opcode_3__NOR4BBX4H7L_D:AN (NOR4BBX4H7L)                                                                                |        | 0.001       | 0.000      | 0.081      |             | 0.000  | 0.120r          |
| decode_mod.bus_in_opcode_3__NOR4BBX4H7L_D:Y (NOR4BBX4H7L)                                                                                 |        | 0.002       | 0.000      | 0.072      |             | 0.090  | 0.210r          |
| decode_mod.bus_in_opcode_3__NOR4BBX4H7L_D_Y (net)                                                                                         | 1      |             |            |            | 0.000       |        |                 |
| decode_mod.bus_in_opcode_3__NOR4BBX4H7L_D_Y_BUFX7H7L_A:A (BUFX7H7L)                                                                       |        | 0.002       | 0.000      | 0.072      |             | 0.000  | 0.210r          |
| decode_mod.bus_in_opcode_3__NOR4BBX4H7L_D_Y_BUFX7H7L_A:Y (BUFX7H7L)                                                                       |        | 0.015       | 0.000      | 0.046      |             | 0.056  | 0.266r          |
| reg_mod.regs[16]_1__NAND3X0P5H7L_A_B_NAND3X0P5H7L_Y_A (net)                                                                               | 12     |             |            |            | 0.000       |        |                 |
| reg_mod.regs[25]_1__OA211X0P7H7L_A1_C0_NAND3BX0P5H7L_Y_B_AOI211X1P4H7L_Y_C0_OR3X1H7L_C_Y_NAND4X1P4H7L_D_C_NAND4X0P5H7L_Y:B (NAND4X0P5H7L) |        | 0.001       | 0.000      | 0.046      |             | 0.000  | 0.266r          |
| reg_mod.regs[25]_1__OA211X0P7H7L_A1_C0_NAND3BX0P5H7L_Y_B_AOI211X1P4H7L_Y_C0_OR3X1H7L_C_Y_NAND4X1P4H7L_D_C_NAND4X0P5H7L_Y:Y (NAND4X0P5H7L) |        | 0.003       | 0.000      | 0.135      |             | 0.094  | 0.360f          |
| reg_mod.regs[25]_1__OA211X0P7H7L_A1_C0_NAND3BX0P5H7L_Y_B_AOI211X1P4H7L_Y_C0_OR3X1H7L_C_Y_NAND4X1P4H7L_D_C (net)                           | 4      |             |            |            | 0.000       |        |                 |
| reg_mod.regs[25]_1__OA211X0P7H7L_A1_C0_NAND3BX0P5H7L_Y_B_AOI211X1P4H7L_Y_C0_OR3X1H7L_C_Y_NAND4X1P4H7L_D:C (NAND4X1P4H7L)                  |        | 0.001       | 0.000      | 0.135      |             | 0.000  | 0.360f          |
| reg_mod.regs[25]_1__OA211X0P7H7L_A1_C0_NAND3BX0P5H7L_Y_B_AOI211X1P4H7L_Y_C0_OR3X1H7L_C_Y_NAND4X1P4H7L_D:Y (NAND4X1P4H7L)                  |        | 0.010       | 0.000      | 0.128      |             | 0.109  | 0.469r          |
| csr_mod.regs[0]_25__NAND2X0P5H7L_A_B_AOAI211X0P5H7L_Y_B0_NOR3X0P5H7L_Y_A_NAND4BX0P5H7L_Y_D (net)                                          | 12     |             |            |            | 0.000       |        |                 |
| csr_mod.regs[0]_25__NAND2X0P5H7L_A_B_AOAI211X0P5H7L_Y_B0_NOR3X0P5H7L_Y_A_NAND4BX0P5H7L_Y:D (NAND4BX0P5H7L)                                |        | 0.001       | 0.000      | 0.128      |             | 0.000  | 0.469r          |
| csr_mod.regs[0]_25__NAND2X0P5H7L_A_B_AOAI211X0P5H7L_Y_B0_NOR3X0P5H7L_Y_A_NAND4BX0P5H7L_Y:Y (NAND4BX0P5H7L)                                |        | 0.003       | 0.000      | 0.128      |             | 0.097  | 0.566f          |
| csr_mod.regs[0]_25__NAND2X0P5H7L_A_B_AOAI211X0P5H7L_Y_B0_NOR3X0P5H7L_Y_A (net)                                                            | 4      |             |            |            | 0.000       |        |                 |
| csr_mod.regs[5]_0__reg_p_D_AND3X1P4H7L_Y_B_NOR2X0P5H7L_Y_A_OR4X1P4H7L_Y:A (OR4X1P4H7L)                                                    |        | 0.001       | 0.000      | 0.128      |             | 0.000  | 0.566f          |
| csr_mod.regs[5]_0__reg_p_D_AND3X1P4H7L_Y_B_NOR2X0P5H7L_Y_A_OR4X1P4H7L_Y:Y (OR4X1P4H7L)                                                    |        | 0.001       | 0.000      | 0.042      |             | 0.126  | 0.692f          |
| csr_mod.regs[5]_0__reg_p_D_AND3X1P4H7L_Y_B_NOR2X0P5H7L_Y_A (net)                                                                          | 2      |             |            |            | 0.000       |        |                 |
| csr_mod.regs[5]_0__reg_p_D_AND3X1P4H7L_Y_B_NOR2X0P5H7L_Y_A_AOAI211X0P5H7L_C0:C0 (AOAI211X0P5H7L)                                          |        | 0.001       | 0.000      | 0.042      |             | 0.000  | 0.692f          |
| csr_mod.regs[5]_0__reg_p_D_AND3X1P4H7L_Y_B_NOR2X0P5H7L_Y_A_AOAI211X0P5H7L_C0:Y (AOAI211X0P5H7L)                                           |        | 0.004       | 0.000      | 0.157      |             | 0.055  | 0.747r          |
| csr_mod.regs[0]_25__NAND2X0P5H7L_A_B_AOAI211X0P5H7L_Y_A1 (net)                                                                            | 5      |             |            |            | 0.000       |        |                 |
| csr_mod.regs[4]_25__MUX2X0P5H7L_A_Y_OAI211X0P7H7L_A1_C0_OAI2BB1X0P5H7L_Y_A1N_NAND3X0P5H7L_Y:C (NAND3X0P5H7L)                              |        | 0.001       | 0.000      | 0.157      |             | 0.000  | 0.747r          |
| csr_mod.regs[4]_25__MUX2X0P5H7L_A_Y_OAI211X0P7H7L_A1_C0_OAI2BB1X0P5H7L_Y_A1N_NAND3X0P5H7L_Y:Y (NAND3X0P5H7L)                              |        | 0.002       | 0.000      | 0.083      |             | 0.062  | 0.810f          |
| csr_mod.regs[4]_25__MUX2X0P5H7L_A_Y_OAI211X0P7H7L_A1_C0_OAI2BB1X0P5H7L_Y_A1N (net)                                                        | 2      |             |            |            | 0.000       |        |                 |
| csr_mod.regs[4]_25__MUX2X0P5H7L_A_Y_OAI211X0P7H7L_A1_C0_OAI2BB1X0P5H7L_Y:A1N (OAI2BB1X0P5H7L)                                             |        | 0.001       | 0.000      | 0.083      |             | 0.000  | 0.810f          |
| csr_mod.regs[4]_25__MUX2X0P5H7L_A_Y_OAI211X0P7H7L_A1_C0_OAI2BB1X0P5H7L_Y:Y (OAI2BB1X0P5H7L)                                               |        | 0.002       | 0.000      | 0.063      |             | 0.068  | 0.878f          |
| csr_mod.regs[4]_25__MUX2X0P5H7L_A_Y_OAI211X0P7H7L_A1_C0 (net)                                                                             | 2      |             |            |            | 0.000       |        |                 |
| csr_mod.regs[4]_25__MUX2X0P5H7L_A_Y_OAI211X0P7H7L_A1_C0_BUFX1P4H7L_A:A (BUFX1P4H7L)                                                       |        | 0.001       | 0.000      | 0.063      |             | 0.000  | 0.878f          |
| csr_mod.regs[4]_25__MUX2X0P5H7L_A_Y_OAI211X0P7H7L_A1_C0_BUFX1P4H7L_A:Y (BUFX1P4H7L)                                                       |        | 0.020       | 0.000      | 0.127      |             | 0.112  | 0.990f          |
| csr_mod.regs[3]_7__AO22X0P7H7L_A0_B1 (net)                                                                                                | 24     |             |            |            | 0.000       |        |                 |
| csr_mod.regs[4]_0__reg_p_D_NOR3BX0P5H7L_Y_C_NAND3X0P5H7L_Y:A (NAND3X0P5H7L)                                                               |        | 0.001       | 0.000      | 0.127      |             | 0.000  | 0.990f          |
| csr_mod.regs[4]_0__reg_p_D_NOR3BX0P5H7L_Y_C_NAND3X0P5H7L_Y:Y (NAND3X0P5H7L)                                                               |        | 0.003       | 0.000      | 0.078      |             | 0.071  | 1.061r          |
| csr_mod.regs[4]_0__reg_p_D_NOR3BX0P5H7L_Y_C (net)                                                                                         | 3      |             |            |            | 0.000       |        |                 |
| csr_mod.regs[4]_0__reg_p_D_NOR3BX0P5H7L_Y_C_OR2X1P4H7L_B_1:B (OR2X1P4H7L)                                                                 |        | 0.001       | 0.000      | 0.078      |             | 0.000  | 1.061r          |
| csr_mod.regs[4]_0__reg_p_D_NOR3BX0P5H7L_Y_C_OR2X1P4H7L_B_1:Y (OR2X1P4H7L)                                                                 |        | 0.006       | 0.000      | 0.074      |             | 0.071  | 1.132r          |
| csr_mod.regs[4]_8__reg_p_D_NOR2X0P5H7L_Y_A (net)                                                                                          | 9      |             |            |            | 0.000       |        |                 |
| csr_mod.regs[4]_8__reg_p_D_NOR2X0P5H7L_Y_A_BUFX1P4H7L_A:A (BUFX1P4H7L)                                                                    |        | 0.001       | 0.000      | 0.074      |             | 0.000  | 1.132r          |
| csr_mod.regs[4]_8__reg_p_D_NOR2X0P5H7L_Y_A_BUFX1P4H7L_A:Y (BUFX1P4H7L)                                                                    |        | 0.017       | 0.000      | 0.185      |             | 0.129  | 1.261r          |
| csr_mod.regs[4]_3__reg_p_D_NOR2BX1H7L_Z_B (net)                                                                                           | 24     |             |            |            | 0.000       |        |                 |
| csr_mod.regs[4]_3__reg_p_D_NOR2BX1H7L_Z_B_NAND2X0P5H7L_B:B (NAND2X0P5H7L)                                                                 |        | 0.001       | 0.000      | 0.185      |             | 0.000  | 1.261r          |
| csr_mod.regs[4]_3__reg_p_D_NOR2BX1H7L_Z_B_NAND2X0P5H7L_B:Y (NAND2X0P5H7L)                                                                 |        | 0.001       | 0.000      | 0.050      |             | 0.037  | 1.298f          |
| csr_mod.regs[4]_0__reg_p_CK_ICGX0P5H7L_ECK_E (net)                                                                                        | 1      |             |            |            | 0.000       |        |                 |
| csr_mod.regs[4]_0__reg_p_CK_ICGX0P5H7L_ECK:E (ICGX0P5H7L)                                                                                 |        | 0.001       | 0.000      | 0.050      |             | 0.000  | 1.298f          |
|                                                                                                                                           |        |             |            |            |             |        |                 |
| clock (port)                                                                                                                              |        | 0.111       | 0.000      | 0.000      |             | 0.000  | 0.000r          |
| clock (clock net)                                                                                                                         | 116    |             |            |            | NA          |        |                 |
| csr_mod.regs[4]_0__reg_p_CK_ICGX0P5H7L_ECK:CK (ICGX0P5H7L)                                                                                |        | 0.002       | 0.000      | 0.000      |             | 0.000  | 0.000r          |
| clock core_clock (rise edge)                                                                                                              |        |             |            |            |             | 3.333  | 3.333           |
| clock network delay (ideal)                                                                                                               |        |             |            |            |             | 0.000  | 3.333           |
| csr_mod.regs[4]_0__reg_p_CK_ICGX0P5H7L_ECK:CK (ICGX0P5H7L)                                                                                |        |             |            |            |             |        | 3.333r          |
| library setup time                                                                                                                        |        |             |            |            |             | -0.039 | 3.294           |
| clock reconvergence pessimism                                                                                                             |        |             |            |            |             | 0.000  | 3.294           |
|                                                                                                                                           |        |             |            |            |             |        |                 |
| path cell delay                                                                                                                           |        |             |            |            |             |        | 1.298(100.000%) |
| path net delay                                                                                                                            |        |             |            |            |             |        | 0.000(0.000%)   |
|                                                                                                                                           |        |             |            |            |             |        |                 |
| data require time                                                                                                                         |        |             |            |            |             |        | 3.294           |
| data arrival time                                                                                                                         |        |             |            |            |             |        | 1.298           |
| slack (MET)                                                                                                                               |        |             |            |            |             |        | 1.996           |
+-------------------------------------------------------------------------------------------------------------------------------------------+--------+-------------+------------+------------+-------------+--------+-----------------+
+--------------------------------------------------------------------------------------------------------------------------+--------+-------------+------------+------------+-------------+--------+-----------------+
| Point                                                                                                                    | Fanout | Capacitance | Resistance | Transition | Delta Delay | Incr   | Path            |
+--------------------------------------------------------------------------------------------------------------------------+--------+-------------+------------+------------+-------------+--------+-----------------+
| clock (port)                                                                                                             |        | 0.147       | 0.000      | 0.000      |             | 0.000  | 0.000r          |
| clock (clock net)                                                                                                        | 116    |             |            |            | NA          |        |                 |
| decode_mod.bus_in_opcode_0__reg_p:CK (DFFQX1H7L)                                                                         |        | 0.001       | 0.000      | 0.000      |             | 0.000  | 0.000r          |
| clock core_clock (rise edge)                                                                                             |        |             |            |            |             | 0      | 0               |
| clock network delay (ideal)                                                                                              |        |             |            |            |             | 0.000  | 0.000           |
| decode_mod.bus_in_opcode_0__reg_p:CK (DFFQX1H7L)                                                                         |        | 0.001       | 0.000      | 0.000      |             | 0.000  | 0.000r          |
| decode_mod.bus_in_opcode_0__reg_p:Q (DFFQX1H7L)                                                                          |        | 0.007       | 0.000      | 0.081      |             | 0.120  | 0.120r          |
| decode_mod.bus_in_opcode_0_ (net)                                                                                        | 7      |             |            |            | 0.000       |        |                 |
| decode_mod.bus_in_opcode_3__NOR4BBX4H7L_D:AN (NOR4BBX4H7L)                                                               |        | 0.001       | 0.000      | 0.081      |             | 0.000  | 0.120r          |
| decode_mod.bus_in_opcode_3__NOR4BBX4H7L_D:Y (NOR4BBX4H7L)                                                                |        | 0.002       | 0.000      | 0.072      |             | 0.090  | 0.210r          |
| decode_mod.bus_in_opcode_3__NOR4BBX4H7L_D_Y (net)                                                                        | 1      |             |            |            | 0.000       |        |                 |
| decode_mod.bus_in_opcode_3__NOR4BBX4H7L_D_Y_BUFX7H7L_A:A (BUFX7H7L)                                                      |        | 0.002       | 0.000      | 0.072      |             | 0.000  | 0.210r          |
| decode_mod.bus_in_opcode_3__NOR4BBX4H7L_D_Y_BUFX7H7L_A:Y (BUFX7H7L)                                                      |        | 0.015       | 0.000      | 0.046      |             | 0.056  | 0.266r          |
| reg_mod.regs[16]_1__NAND3X0P5H7L_A_B_NAND3X0P5H7L_Y_A (net)                                                              | 12     |             |            |            | 0.000       |        |                 |
| io_master_rvalid_NAND4BX1P4H7L_B_Y_NOR2X0P5H7L_B_Y_MUX2X1P4H7L_S0_B_NAND4X1P4H7L_Y_D_NAND2X8H7L_B:A (NAND2X8H7L)         |        | 0.004       | 0.000      | 0.046      |             | 0.000  | 0.266r          |
| io_master_rvalid_NAND4BX1P4H7L_B_Y_NOR2X0P5H7L_B_Y_MUX2X1P4H7L_S0_B_NAND4X1P4H7L_Y_D_NAND2X8H7L_B:Y (NAND2X8H7L)         |        | 0.014       | 0.000      | 0.062      |             | 0.036  | 0.303f          |
| io_master_wstrb_OAI31X0P5H7L_Y_A2_NOR2X0P5H7L_Y_A_AO211X1P4H7L_B0_A0_OAI21X0P5H7L_Y_A0 (net)                             | 13     |             |            |            | 0.000       |        |                 |
| io_master_wstrb_OAI31X0P5H7L_Y_A2_NOR2X0P5H7L_Y_A_AO211X1P4H7L_B0_A0_OAI21X0P5H7L_Y_B0_OAOI211X4H7L_B0:A0 (OAOI211X4H7L) |        | 0.002       | 0.000      | 0.062      |             | 0.000  | 0.303f          |
| io_master_wstrb_OAI31X0P5H7L_Y_A2_NOR2X0P5H7L_Y_A_AO211X1P4H7L_B0_A0_OAI21X0P5H7L_Y_B0_OAOI211X4H7L_B0:Y (OAOI211X4H7L)  |        | 0.013       | 0.000      | 0.203      |             | 0.144  | 0.446r          |
| decode_mod.bus_in_opcode_18__OAI211X4H7L_C0_A0 (net)                                                                     | 11     |             |            |            | 0.000       |        |                 |
| io_master_rvalid_NAND4BX1P4H7L_B_Y_NOR2X0P5H7L_B_Y_MUXI2X0P5H7L_S0_Y_OAI211X1P4H7L_A0:C0 (OAI211X1P4H7L)                 |        | 0.001       | 0.000      | 0.203      |             | 0.000  | 0.446r          |
| io_master_rvalid_NAND4BX1P4H7L_B_Y_NOR2X0P5H7L_B_Y_MUXI2X0P5H7L_S0_Y_OAI211X1P4H7L_A0:Y (OAI211X1P4H7L)                  |        | 0.001       | 0.000      | 0.063      |             | 0.039  | 0.485f          |
| io_master_rvalid_NAND4BX1P4H7L_B_Y_NOR2X0P5H7L_B_Y_MUXI2X0P5H7L_S0_Y_OAI211X1P4H7L_A0_Y (net)                            | 1      |             |            |            | 0.000       |        |                 |
| io_master_rvalid_NAND4BX1P4H7L_B_Y_NOR2X0P5H7L_B_Y_MUXI2X0P5H7L_S0_Y_OAI211X1P4H7L_A0_Y_BUFX3P5H7L_A:A (BUFX3P5H7L)      |        | 0.001       | 0.000      | 0.063      |             | 0.000  | 0.485f          |
| io_master_rvalid_NAND4BX1P4H7L_B_Y_NOR2X0P5H7L_B_Y_MUXI2X0P5H7L_S0_Y_OAI211X1P4H7L_A0_Y_BUFX3P5H7L_A:Y (BUFX3P5H7L)      |        | 0.014       | 0.000      | 0.048      |             | 0.071  | 0.556f          |
| reg_mod.regs[18]_4__AOI211X0P5H7L_C0_A0 (net)                                                                            | 16     |             |            |            | 0.000       |        |                 |
| csr_mod.regs[5]_0__reg_p_D_AND3X1P4H7L_Y_B_NOR2X0P5H7L_Y_A_AOAI211X0P5H7L_C0_A0_NAND4X0P5H7L_Y:D (NAND4X0P5H7L)          |        | 0.001       | 0.000      | 0.048      |             | 0.000  | 0.556f          |
| csr_mod.regs[5]_0__reg_p_D_AND3X1P4H7L_Y_B_NOR2X0P5H7L_Y_A_AOAI211X0P5H7L_C0_A0_NAND4X0P5H7L_Y:Y (NAND4X0P5H7L)          |        | 0.002       | 0.000      | 0.079      |             | 0.046  | 0.603r          |
| csr_mod.regs[5]_0__reg_p_D_AND3X1P4H7L_Y_B_NOR2X0P5H7L_Y_A_AOAI211X0P5H7L_C0_A0 (net)                                    | 3      |             |            |            | 0.000       |        |                 |
| csr_mod.regs[5]_0__reg_p_D_AND3X1P4H7L_Y_B_NOR2X0P5H7L_Y_A_AOAI211X0P5H7L_C0:A0 (AOAI211X0P5H7L)                         |        | 0.001       | 0.000      | 0.079      |             | 0.000  | 0.603r          |
| csr_mod.regs[5]_0__reg_p_D_AND3X1P4H7L_Y_B_NOR2X0P5H7L_Y_A_AOAI211X0P5H7L_C0:Y (AOAI211X0P5H7L)                          |        | 0.004       | 0.000      | 0.120      |             | 0.095  | 0.698f          |
| csr_mod.regs[0]_25__NAND2X0P5H7L_A_B_AOAI211X0P5H7L_Y_A1 (net)                                                           | 5      |             |            |            | 0.000       |        |                 |
| csr_mod.regs[4]_25__MUX2X0P5H7L_A_Y_OAI211X0P7H7L_A1_C0_OAI2BB1X0P5H7L_Y_A1N_NAND3X0P5H7L_Y:C (NAND3X0P5H7L)             |        | 0.001       | 0.000      | 0.120      |             | 0.000  | 0.698f          |
| csr_mod.regs[4]_25__MUX2X0P5H7L_A_Y_OAI211X0P7H7L_A1_C0_OAI2BB1X0P5H7L_Y_A1N_NAND3X0P5H7L_Y:Y (NAND3X0P5H7L)             |        | 0.002       | 0.000      | 0.061      |             | 0.055  | 0.753r          |
| csr_mod.regs[4]_25__MUX2X0P5H7L_A_Y_OAI211X0P7H7L_A1_C0_OAI2BB1X0P5H7L_Y_A1N (net)                                       | 2      |             |            |            | 0.000       |        |                 |
| csr_mod.regs[4]_25__MUX2X0P5H7L_A_Y_OAI211X0P7H7L_A1_C0_OAI2BB1X0P5H7L_Y:A1N (OAI2BB1X0P5H7L)                            |        | 0.001       | 0.000      | 0.061      |             | 0.000  | 0.753r          |
| csr_mod.regs[4]_25__MUX2X0P5H7L_A_Y_OAI211X0P7H7L_A1_C0_OAI2BB1X0P5H7L_Y:Y (OAI2BB1X0P5H7L)                              |        | 0.002       | 0.000      | 0.048      |             | 0.061  | 0.814r          |
| csr_mod.regs[4]_25__MUX2X0P5H7L_A_Y_OAI211X0P7H7L_A1_C0 (net)                                                            | 2      |             |            |            | 0.000       |        |                 |
| csr_mod.regs[4]_25__MUX2X0P5H7L_A_Y_OAI211X0P7H7L_A1_C0_BUFX1P4H7L_A:A (BUFX1P4H7L)                                      |        | 0.001       | 0.000      | 0.048      |             | 0.000  | 0.814r          |
| csr_mod.regs[4]_25__MUX2X0P5H7L_A_Y_OAI211X0P7H7L_A1_C0_BUFX1P4H7L_A:Y (BUFX1P4H7L)                                      |        | 0.020       | 0.000      | 0.218      |             | 0.143  | 0.956r          |
| csr_mod.regs[3]_7__AO22X0P7H7L_A0_B1 (net)                                                                               | 24     |             |            |            | 0.000       |        |                 |
| csr_mod.regs[4]_0__reg_p_D_NOR3BX0P5H7L_Y_C_NAND3X0P5H7L_Y:A (NAND3X0P5H7L)                                              |        | 0.001       | 0.000      | 0.218      |             | 0.000  | 0.956r          |
| csr_mod.regs[4]_0__reg_p_D_NOR3BX0P5H7L_Y_C_NAND3X0P5H7L_Y:Y (NAND3X0P5H7L)                                              |        | 0.003       | 0.000      | 0.106      |             | 0.078  | 1.034f          |
| csr_mod.regs[4]_0__reg_p_D_NOR3BX0P5H7L_Y_C (net)                                                                        | 3      |             |            |            | 0.000       |        |                 |
| csr_mod.regs[4]_0__reg_p_D_NOR3BX0P5H7L_Y_C_OR2X1P4H7L_B:B (OR2X1P4H7L)                                                  |        | 0.001       | 0.000      | 0.106      |             | 0.000  | 1.034f          |
| csr_mod.regs[4]_0__reg_p_D_NOR3BX0P5H7L_Y_C_OR2X1P4H7L_B:Y (OR2X1P4H7L)                                                  |        | 0.007       | 0.000      | 0.056      |             | 0.099  | 1.133f          |
| csr_mod.regs[0]_9__reg_p_D_NOR2X0P5H7L_Y_A (net)                                                                         | 10     |             |            |            | 0.000       |        |                 |
| csr_mod.regs[0]_9__reg_p_D_NOR2X0P5H7L_Y_A_BUFX1P4H7L_A:A (BUFX1P4H7L)                                                   |        | 0.001       | 0.000      | 0.056      |             | 0.000  | 1.133f          |
| csr_mod.regs[0]_9__reg_p_D_NOR2X0P5H7L_Y_A_BUFX1P4H7L_A:Y (BUFX1P4H7L)                                                   |        | 0.017       | 0.000      | 0.110      |             | 0.101  | 1.234f          |
| csr_mod.regs[0]_3__reg_p_D_NOR2BX1H7L_Z_B (net)                                                                          | 24     |             |            |            | 0.000       |        |                 |
| reset_INVX1P4H7L_A_Y_NAND2X0P5H7L_A_13:B (NAND2X0P5H7L)                                                                  |        | 0.001       | 0.000      | 0.110      |             | 0.000  | 1.234f          |
| reset_INVX1P4H7L_A_Y_NAND2X0P5H7L_A_13:Y (NAND2X0P5H7L)                                                                  |        | 0.001       | 0.000      | 0.047      |             | 0.043  | 1.277r          |
| reset_INVX1P4H7L_A_Y_NAND2X0P5H7L_A_13_Y (net)                                                                           | 1      |             |            |            | 0.000       |        |                 |
| csr_mod.regs[0]_0__reg_p_CK_ICGX0P5H7L_ECK:E (ICGX0P5H7L)                                                                |        | 0.001       | 0.000      | 0.047      |             | 0.000  | 1.277r          |
|                                                                                                                          |        |             |            |            |             |        |                 |
| clock (port)                                                                                                             |        | 0.111       | 0.000      | 0.000      |             | 0.000  | 0.000r          |
| clock (clock net)                                                                                                        | 116    |             |            |            | NA          |        |                 |
| csr_mod.regs[0]_0__reg_p_CK_ICGX0P5H7L_ECK:CK (ICGX0P5H7L)                                                               |        | 0.002       | 0.000      | 0.000      |             | 0.000  | 0.000r          |
| clock core_clock (rise edge)                                                                                             |        |             |            |            |             | 3.333  | 3.333           |
| clock network delay (ideal)                                                                                              |        |             |            |            |             | 0.000  | 3.333           |
| csr_mod.regs[0]_0__reg_p_CK_ICGX0P5H7L_ECK:CK (ICGX0P5H7L)                                                               |        |             |            |            |             |        | 3.333r          |
| library setup time                                                                                                       |        |             |            |            |             | -0.054 | 3.279           |
| clock reconvergence pessimism                                                                                            |        |             |            |            |             | 0.000  | 3.279           |
|                                                                                                                          |        |             |            |            |             |        |                 |
| path cell delay                                                                                                          |        |             |            |            |             |        | 1.277(100.000%) |
| path net delay                                                                                                           |        |             |            |            |             |        | 0.000(0.000%)   |
|                                                                                                                          |        |             |            |            |             |        |                 |
| data require time                                                                                                        |        |             |            |            |             |        | 3.279           |
| data arrival time                                                                                                        |        |             |            |            |             |        | 1.277           |
| slack (MET)                                                                                                              |        |             |            |            |             |        | 2.002           |
+--------------------------------------------------------------------------------------------------------------------------+--------+-------------+------------+------------+-------------+--------+-----------------+
+--------------------------------------------------------------------------------------------------------------------------+--------+-------------+------------+------------+-------------+--------+-----------------+
| Point                                                                                                                    | Fanout | Capacitance | Resistance | Transition | Delta Delay | Incr   | Path            |
+--------------------------------------------------------------------------------------------------------------------------+--------+-------------+------------+------------+-------------+--------+-----------------+
| clock (port)                                                                                                             |        | 0.147       | 0.000      | 0.000      |             | 0.000  | 0.000r          |
| clock (clock net)                                                                                                        | 116    |             |            |            | NA          |        |                 |
| decode_mod.bus_in_opcode_0__reg_p:CK (DFFQX1H7L)                                                                         |        | 0.001       | 0.000      | 0.000      |             | 0.000  | 0.000r          |
| clock core_clock (rise edge)                                                                                             |        |             |            |            |             | 0      | 0               |
| clock network delay (ideal)                                                                                              |        |             |            |            |             | 0.000  | 0.000           |
| decode_mod.bus_in_opcode_0__reg_p:CK (DFFQX1H7L)                                                                         |        | 0.001       | 0.000      | 0.000      |             | 0.000  | 0.000r          |
| decode_mod.bus_in_opcode_0__reg_p:Q (DFFQX1H7L)                                                                          |        | 0.007       | 0.000      | 0.081      |             | 0.120  | 0.120r          |
| decode_mod.bus_in_opcode_0_ (net)                                                                                        | 7      |             |            |            | 0.000       |        |                 |
| decode_mod.bus_in_opcode_3__NOR4BBX4H7L_D:AN (NOR4BBX4H7L)                                                               |        | 0.001       | 0.000      | 0.081      |             | 0.000  | 0.120r          |
| decode_mod.bus_in_opcode_3__NOR4BBX4H7L_D:Y (NOR4BBX4H7L)                                                                |        | 0.002       | 0.000      | 0.072      |             | 0.090  | 0.210r          |
| decode_mod.bus_in_opcode_3__NOR4BBX4H7L_D_Y (net)                                                                        | 1      |             |            |            | 0.000       |        |                 |
| decode_mod.bus_in_opcode_3__NOR4BBX4H7L_D_Y_BUFX7H7L_A:A (BUFX7H7L)                                                      |        | 0.002       | 0.000      | 0.072      |             | 0.000  | 0.210r          |
| decode_mod.bus_in_opcode_3__NOR4BBX4H7L_D_Y_BUFX7H7L_A:Y (BUFX7H7L)                                                      |        | 0.015       | 0.000      | 0.046      |             | 0.056  | 0.266r          |
| reg_mod.regs[16]_1__NAND3X0P5H7L_A_B_NAND3X0P5H7L_Y_A (net)                                                              | 12     |             |            |            | 0.000       |        |                 |
| io_master_rvalid_NAND4BX1P4H7L_B_Y_NOR2X0P5H7L_B_Y_MUX2X1P4H7L_S0_B_NAND4X1P4H7L_Y_D_NAND2X8H7L_B:A (NAND2X8H7L)         |        | 0.004       | 0.000      | 0.046      |             | 0.000  | 0.266r          |
| io_master_rvalid_NAND4BX1P4H7L_B_Y_NOR2X0P5H7L_B_Y_MUX2X1P4H7L_S0_B_NAND4X1P4H7L_Y_D_NAND2X8H7L_B:Y (NAND2X8H7L)         |        | 0.014       | 0.000      | 0.062      |             | 0.036  | 0.303f          |
| io_master_wstrb_OAI31X0P5H7L_Y_A2_NOR2X0P5H7L_Y_A_AO211X1P4H7L_B0_A0_OAI21X0P5H7L_Y_A0 (net)                             | 13     |             |            |            | 0.000       |        |                 |
| io_master_wstrb_OAI31X0P5H7L_Y_A2_NOR2X0P5H7L_Y_A_AO211X1P4H7L_B0_A0_OAI21X0P5H7L_Y_B0_OAOI211X4H7L_B0:A0 (OAOI211X4H7L) |        | 0.002       | 0.000      | 0.062      |             | 0.000  | 0.303f          |
| io_master_wstrb_OAI31X0P5H7L_Y_A2_NOR2X0P5H7L_Y_A_AO211X1P4H7L_B0_A0_OAI21X0P5H7L_Y_B0_OAOI211X4H7L_B0:Y (OAOI211X4H7L)  |        | 0.013       | 0.000      | 0.203      |             | 0.144  | 0.446r          |
| decode_mod.bus_in_opcode_18__OAI211X4H7L_C0_A0 (net)                                                                     | 11     |             |            |            | 0.000       |        |                 |
| io_master_rvalid_NAND4BX1P4H7L_B_Y_NOR2X0P5H7L_B_Y_MUXI2X0P5H7L_S0_Y_OAI211X1P4H7L_A0:C0 (OAI211X1P4H7L)                 |        | 0.001       | 0.000      | 0.203      |             | 0.000  | 0.446r          |
| io_master_rvalid_NAND4BX1P4H7L_B_Y_NOR2X0P5H7L_B_Y_MUXI2X0P5H7L_S0_Y_OAI211X1P4H7L_A0:Y (OAI211X1P4H7L)                  |        | 0.001       | 0.000      | 0.063      |             | 0.039  | 0.485f          |
| io_master_rvalid_NAND4BX1P4H7L_B_Y_NOR2X0P5H7L_B_Y_MUXI2X0P5H7L_S0_Y_OAI211X1P4H7L_A0_Y (net)                            | 1      |             |            |            | 0.000       |        |                 |
| io_master_rvalid_NAND4BX1P4H7L_B_Y_NOR2X0P5H7L_B_Y_MUXI2X0P5H7L_S0_Y_OAI211X1P4H7L_A0_Y_BUFX3P5H7L_A:A (BUFX3P5H7L)      |        | 0.001       | 0.000      | 0.063      |             | 0.000  | 0.485f          |
| io_master_rvalid_NAND4BX1P4H7L_B_Y_NOR2X0P5H7L_B_Y_MUXI2X0P5H7L_S0_Y_OAI211X1P4H7L_A0_Y_BUFX3P5H7L_A:Y (BUFX3P5H7L)      |        | 0.014       | 0.000      | 0.048      |             | 0.071  | 0.556f          |
| reg_mod.regs[18]_4__AOI211X0P5H7L_C0_A0 (net)                                                                            | 16     |             |            |            | 0.000       |        |                 |
| reg_mod.regs[24]_1__AOAI211X0P5H7L_C0_Y_AO221X1P4H7L_B1_A0_NAND3X0P5H7L_Y:C (NAND3X0P5H7L)                               |        | 0.001       | 0.000      | 0.048      |             | 0.000  | 0.556f          |
| reg_mod.regs[24]_1__AOAI211X0P5H7L_C0_Y_AO221X1P4H7L_B1_A0_NAND3X0P5H7L_Y:Y (NAND3X0P5H7L)                               |        | 0.002       | 0.000      | 0.077      |             | 0.045  | 0.601r          |
| reg_mod.regs[24]_1__AOAI211X0P5H7L_C0_Y_AO221X1P4H7L_B1_A0 (net)                                                         | 3      |             |            |            | 0.000       |        |                 |
| reg_mod.regs[24]_1__AOAI211X0P5H7L_C0_Y_AO221X1P4H7L_B1_A0_OAI2BB1X0P5H7L_A1N:A1N (OAI2BB1X0P5H7L)                       |        | 0.001       | 0.000      | 0.077      |             | 0.000  | 0.601r          |
| reg_mod.regs[24]_1__AOAI211X0P5H7L_C0_Y_AO221X1P4H7L_B1_A0_OAI2BB1X0P5H7L_A1N:Y (OAI2BB1X0P5H7L)                         |        | 0.003       | 0.000      | 0.073      |             | 0.077  | 0.678r          |
| reg_mod.regs[24]_1__AOAI211X0P5H7L_C0_Y_AO221X1P4H7L_B1_A0_OAI2BB1X0P5H7L_A1N_Y (net)                                    | 4      |             |            |            | 0.000       |        |                 |
| reg_mod.regs[24]_1__AOAI211X0P5H7L_C0_Y_AO221X1P4H7L_B1_A0_OAI2BB1X0P5H7L_A1N_Y_NOR2BX1P4H7L_AN:AN (NOR2BX1P4H7L)        |        | 0.001       | 0.000      | 0.073      |             | 0.000  | 0.678r          |
| reg_mod.regs[24]_1__AOAI211X0P5H7L_C0_Y_AO221X1P4H7L_B1_A0_OAI2BB1X0P5H7L_A1N_Y_NOR2BX1P4H7L_AN:Z (NOR2BX1P4H7L)         |        | 0.004       | 0.000      | 0.098      |             | 0.084  | 0.762r          |
| decode_mod.bus_in_opcode_8__AND3X1P4H7L_B_C (net)                                                                        | 5      |             |            |            | 0.000       |        |                 |
| decode_mod.bus_in_opcode_8__OAI21X0P5H7L_A1:B0 (OAI21X0P5H7L)                                                            |        | 0.001       | 0.000      | 0.098      |             | 0.000  | 0.762r          |
| decode_mod.bus_in_opcode_8__OAI21X0P5H7L_A1:Y (OAI21X0P5H7L)                                                             |        | 0.001       | 0.000      | 0.039      |             | 0.029  | 0.791f          |
| decode_mod.bus_in_opcode_8__OAI21X0P5H7L_A1_Y (net)                                                                      | 1      |             |            |            | 0.000       |        |                 |
| decode_mod.bus_in_opcode_8__OAI21X0P5H7L_A1_Y_BUFX1P4H7L_A:A (BUFX1P4H7L)                                                |        | 0.001       | 0.000      | 0.039      |             | 0.000  | 0.791f          |
| decode_mod.bus_in_opcode_8__OAI21X0P5H7L_A1_Y_BUFX1P4H7L_A:Y (BUFX1P4H7L)                                                |        | 0.008       | 0.000      | 0.054      |             | 0.065  | 0.856f          |
| decode_mod.bus_in_opcode_8__OAI21X0P5H7L_A1_Y_BUFX1P4H7L_A_Y (net)                                                       | 8      |             |            |            | 0.000       |        |                 |
| decode_mod.bus_in_opcode_9__OAI2BB1X0P5H7L_A0N_Y_NOR4X0P5H7L_C:D (NOR4X0P5H7L)                                           |        | 0.001       | 0.000      | 0.054      |             | 0.000  | 0.856f          |
| decode_mod.bus_in_opcode_9__OAI2BB1X0P5H7L_A0N_Y_NOR4X0P5H7L_C:Y (NOR4X0P5H7L)                                           |        | 0.003       | 0.000      | 0.234      |             | 0.150  | 1.006r          |
| decode_mod.bus_in_opcode_9__OAI2BB1X0P5H7L_A0N_Y_NOR4X0P5H7L_C_Y (net)                                                   | 3      |             |            |            | 0.000       |        |                 |
| decode_mod.bus_in_opcode_9__OAI2BB1X0P5H7L_A0N_Y_NOR4X0P5H7L_C_Y_NAND2X1P4H7L_B:B (NAND2X1P4H7L)                         |        | 0.001       | 0.000      | 0.234      |             | 0.000  | 1.006r          |
| decode_mod.bus_in_opcode_9__OAI2BB1X0P5H7L_A0N_Y_NOR4X0P5H7L_C_Y_NAND2X1P4H7L_B:Y (NAND2X1P4H7L)                         |        | 0.009       | 0.000      | 0.142      |             | 0.110  | 1.117f          |
| reg_mod.regs[1]_6__reg_p_D_AOI21X1P4H7L_Y_B0 (net)                                                                       | 10     |             |            |            | 0.000       |        |                 |
| reg_mod.regs[1]_6__reg_p_D_AOI21X1P4H7L_Y_B0_BUFX3H7L_A:A (BUFX3H7L)                                                     |        | 0.001       | 0.000      | 0.142      |             | 0.000  | 1.117f          |
| reg_mod.regs[1]_6__reg_p_D_AOI21X1P4H7L_Y_B0_BUFX3H7L_A:Y (BUFX3H7L)                                                     |        | 0.023       | 0.000      | 0.086      |             | 0.117  | 1.234f          |
| reg_mod.regs[1]_28__reg_p_D_NOR2BX8H7L_Z_B (net)                                                                         | 24     |             |            |            | 0.000       |        |                 |
| reset_INVX1P4H7L_A_Y_NAND2X0P5H7L_A_11:B (NAND2X0P5H7L)                                                                  |        | 0.001       | 0.000      | 0.086      |             | 0.000  | 1.234f          |
| reset_INVX1P4H7L_A_Y_NAND2X0P5H7L_A_11:Y (NAND2X0P5H7L)                                                                  |        | 0.001       | 0.000      | 0.042      |             | 0.039  | 1.273r          |
| reset_INVX1P4H7L_A_Y_NAND2X0P5H7L_A_11_Y (net)                                                                           | 1      |             |            |            | 0.000       |        |                 |
| reg_mod.regs[1]_0__reg_p_CK_ICGX0P5H7L_ECK:E (ICGX0P5H7L)                                                                |        | 0.001       | 0.000      | 0.042      |             | 0.000  | 1.273r          |
|                                                                                                                          |        |             |            |            |             |        |                 |
| clock (port)                                                                                                             |        | 0.111       | 0.000      | 0.000      |             | 0.000  | 0.000r          |
| clock (clock net)                                                                                                        | 116    |             |            |            | NA          |        |                 |
| reg_mod.regs[1]_0__reg_p_CK_ICGX0P5H7L_ECK:CK (ICGX0P5H7L)                                                               |        | 0.002       | 0.000      | 0.000      |             | 0.000  | 0.000r          |
| clock core_clock (rise edge)                                                                                             |        |             |            |            |             | 3.333  | 3.333           |
| clock network delay (ideal)                                                                                              |        |             |            |            |             | 0.000  | 3.333           |
| reg_mod.regs[1]_0__reg_p_CK_ICGX0P5H7L_ECK:CK (ICGX0P5H7L)                                                               |        |             |            |            |             |        | 3.333r          |
| library setup time                                                                                                       |        |             |            |            |             | -0.054 | 3.279           |
| clock reconvergence pessimism                                                                                            |        |             |            |            |             | 0.000  | 3.279           |
|                                                                                                                          |        |             |            |            |             |        |                 |
| path cell delay                                                                                                          |        |             |            |            |             |        | 1.273(100.000%) |
| path net delay                                                                                                           |        |             |            |            |             |        | 0.000(0.000%)   |
|                                                                                                                          |        |             |            |            |             |        |                 |
| data require time                                                                                                        |        |             |            |            |             |        | 3.279           |
| data arrival time                                                                                                        |        |             |            |            |             |        | 1.273           |
| slack (MET)                                                                                                              |        |             |            |            |             |        | 2.006           |
+--------------------------------------------------------------------------------------------------------------------------+--------+-------------+------------+------------+-------------+--------+-----------------+
+--------------------------------------------------------------------------------------------------------------------------+--------+-------------+------------+------------+-------------+--------+-----------------+
| Point                                                                                                                    | Fanout | Capacitance | Resistance | Transition | Delta Delay | Incr   | Path            |
+--------------------------------------------------------------------------------------------------------------------------+--------+-------------+------------+------------+-------------+--------+-----------------+
| clock (port)                                                                                                             |        | 0.147       | 0.000      | 0.000      |             | 0.000  | 0.000r          |
| clock (clock net)                                                                                                        | 116    |             |            |            | NA          |        |                 |
| decode_mod.bus_in_opcode_0__reg_p:CK (DFFQX1H7L)                                                                         |        | 0.001       | 0.000      | 0.000      |             | 0.000  | 0.000r          |
| clock core_clock (rise edge)                                                                                             |        |             |            |            |             | 0      | 0               |
| clock network delay (ideal)                                                                                              |        |             |            |            |             | 0.000  | 0.000           |
| decode_mod.bus_in_opcode_0__reg_p:CK (DFFQX1H7L)                                                                         |        | 0.001       | 0.000      | 0.000      |             | 0.000  | 0.000r          |
| decode_mod.bus_in_opcode_0__reg_p:Q (DFFQX1H7L)                                                                          |        | 0.007       | 0.000      | 0.081      |             | 0.120  | 0.120r          |
| decode_mod.bus_in_opcode_0_ (net)                                                                                        | 7      |             |            |            | 0.000       |        |                 |
| decode_mod.bus_in_opcode_3__NOR4BBX4H7L_D:AN (NOR4BBX4H7L)                                                               |        | 0.001       | 0.000      | 0.081      |             | 0.000  | 0.120r          |
| decode_mod.bus_in_opcode_3__NOR4BBX4H7L_D:Y (NOR4BBX4H7L)                                                                |        | 0.002       | 0.000      | 0.072      |             | 0.090  | 0.210r          |
| decode_mod.bus_in_opcode_3__NOR4BBX4H7L_D_Y (net)                                                                        | 1      |             |            |            | 0.000       |        |                 |
| decode_mod.bus_in_opcode_3__NOR4BBX4H7L_D_Y_BUFX7H7L_A:A (BUFX7H7L)                                                      |        | 0.002       | 0.000      | 0.072      |             | 0.000  | 0.210r          |
| decode_mod.bus_in_opcode_3__NOR4BBX4H7L_D_Y_BUFX7H7L_A:Y (BUFX7H7L)                                                      |        | 0.015       | 0.000      | 0.046      |             | 0.056  | 0.266r          |
| reg_mod.regs[16]_1__NAND3X0P5H7L_A_B_NAND3X0P5H7L_Y_A (net)                                                              | 12     |             |            |            | 0.000       |        |                 |
| io_master_rvalid_NAND4BX1P4H7L_B_Y_NOR2X0P5H7L_B_Y_MUX2X1P4H7L_S0_B_NAND4X1P4H7L_Y_D_NAND2X8H7L_B:A (NAND2X8H7L)         |        | 0.004       | 0.000      | 0.046      |             | 0.000  | 0.266r          |
| io_master_rvalid_NAND4BX1P4H7L_B_Y_NOR2X0P5H7L_B_Y_MUX2X1P4H7L_S0_B_NAND4X1P4H7L_Y_D_NAND2X8H7L_B:Y (NAND2X8H7L)         |        | 0.014       | 0.000      | 0.062      |             | 0.036  | 0.303f          |
| io_master_wstrb_OAI31X0P5H7L_Y_A2_NOR2X0P5H7L_Y_A_AO211X1P4H7L_B0_A0_OAI21X0P5H7L_Y_A0 (net)                             | 13     |             |            |            | 0.000       |        |                 |
| io_master_wstrb_OAI31X0P5H7L_Y_A2_NOR2X0P5H7L_Y_A_AO211X1P4H7L_B0_A0_OAI21X0P5H7L_Y_B0_OAOI211X4H7L_B0:A0 (OAOI211X4H7L) |        | 0.002       | 0.000      | 0.062      |             | 0.000  | 0.303f          |
| io_master_wstrb_OAI31X0P5H7L_Y_A2_NOR2X0P5H7L_Y_A_AO211X1P4H7L_B0_A0_OAI21X0P5H7L_Y_B0_OAOI211X4H7L_B0:Y (OAOI211X4H7L)  |        | 0.013       | 0.000      | 0.203      |             | 0.144  | 0.446r          |
| decode_mod.bus_in_opcode_18__OAI211X4H7L_C0_A0 (net)                                                                     | 11     |             |            |            | 0.000       |        |                 |
| io_master_rvalid_NAND4BX1P4H7L_B_Y_NOR2X0P5H7L_B_Y_MUXI2X0P5H7L_S0_Y_OAI211X1P4H7L_A0:C0 (OAI211X1P4H7L)                 |        | 0.001       | 0.000      | 0.203      |             | 0.000  | 0.446r          |
| io_master_rvalid_NAND4BX1P4H7L_B_Y_NOR2X0P5H7L_B_Y_MUXI2X0P5H7L_S0_Y_OAI211X1P4H7L_A0:Y (OAI211X1P4H7L)                  |        | 0.001       | 0.000      | 0.063      |             | 0.039  | 0.485f          |
| io_master_rvalid_NAND4BX1P4H7L_B_Y_NOR2X0P5H7L_B_Y_MUXI2X0P5H7L_S0_Y_OAI211X1P4H7L_A0_Y (net)                            | 1      |             |            |            | 0.000       |        |                 |
| io_master_rvalid_NAND4BX1P4H7L_B_Y_NOR2X0P5H7L_B_Y_MUXI2X0P5H7L_S0_Y_OAI211X1P4H7L_A0_Y_BUFX3P5H7L_A:A (BUFX3P5H7L)      |        | 0.001       | 0.000      | 0.063      |             | 0.000  | 0.485f          |
| io_master_rvalid_NAND4BX1P4H7L_B_Y_NOR2X0P5H7L_B_Y_MUXI2X0P5H7L_S0_Y_OAI211X1P4H7L_A0_Y_BUFX3P5H7L_A:Y (BUFX3P5H7L)      |        | 0.014       | 0.000      | 0.048      |             | 0.071  | 0.556f          |
| reg_mod.regs[18]_4__AOI211X0P5H7L_C0_A0 (net)                                                                            | 16     |             |            |            | 0.000       |        |                 |
| reg_mod.regs[24]_1__AOAI211X0P5H7L_C0_Y_AO221X1P4H7L_B1_A0_NAND3X0P5H7L_Y:C (NAND3X0P5H7L)                               |        | 0.001       | 0.000      | 0.048      |             | 0.000  | 0.556f          |
| reg_mod.regs[24]_1__AOAI211X0P5H7L_C0_Y_AO221X1P4H7L_B1_A0_NAND3X0P5H7L_Y:Y (NAND3X0P5H7L)                               |        | 0.002       | 0.000      | 0.077      |             | 0.045  | 0.601r          |
| reg_mod.regs[24]_1__AOAI211X0P5H7L_C0_Y_AO221X1P4H7L_B1_A0 (net)                                                         | 3      |             |            |            | 0.000       |        |                 |
| reg_mod.regs[24]_1__AOAI211X0P5H7L_C0_Y_AO221X1P4H7L_B1_A0_OAI2BB1X0P5H7L_A1N:A1N (OAI2BB1X0P5H7L)                       |        | 0.001       | 0.000      | 0.077      |             | 0.000  | 0.601r          |
| reg_mod.regs[24]_1__AOAI211X0P5H7L_C0_Y_AO221X1P4H7L_B1_A0_OAI2BB1X0P5H7L_A1N:Y (OAI2BB1X0P5H7L)                         |        | 0.003       | 0.000      | 0.073      |             | 0.077  | 0.678r          |
| reg_mod.regs[24]_1__AOAI211X0P5H7L_C0_Y_AO221X1P4H7L_B1_A0_OAI2BB1X0P5H7L_A1N_Y (net)                                    | 4      |             |            |            | 0.000       |        |                 |
| reg_mod.regs[24]_1__AOAI211X0P5H7L_C0_Y_AO221X1P4H7L_B1_A0_OAI2BB1X0P5H7L_A1N_Y_NOR2BX1P4H7L_AN:AN (NOR2BX1P4H7L)        |        | 0.001       | 0.000      | 0.073      |             | 0.000  | 0.678r          |
| reg_mod.regs[24]_1__AOAI211X0P5H7L_C0_Y_AO221X1P4H7L_B1_A0_OAI2BB1X0P5H7L_A1N_Y_NOR2BX1P4H7L_AN:Z (NOR2BX1P4H7L)         |        | 0.004       | 0.000      | 0.098      |             | 0.084  | 0.762r          |
| decode_mod.bus_in_opcode_8__AND3X1P4H7L_B_C (net)                                                                        | 5      |             |            |            | 0.000       |        |                 |
| decode_mod.bus_in_opcode_8__OAI21X0P5H7L_A1:B0 (OAI21X0P5H7L)                                                            |        | 0.001       | 0.000      | 0.098      |             | 0.000  | 0.762r          |
| decode_mod.bus_in_opcode_8__OAI21X0P5H7L_A1:Y (OAI21X0P5H7L)                                                             |        | 0.001       | 0.000      | 0.039      |             | 0.029  | 0.791f          |
| decode_mod.bus_in_opcode_8__OAI21X0P5H7L_A1_Y (net)                                                                      | 1      |             |            |            | 0.000       |        |                 |
| decode_mod.bus_in_opcode_8__OAI21X0P5H7L_A1_Y_BUFX1P4H7L_A:A (BUFX1P4H7L)                                                |        | 0.001       | 0.000      | 0.039      |             | 0.000  | 0.791f          |
| decode_mod.bus_in_opcode_8__OAI21X0P5H7L_A1_Y_BUFX1P4H7L_A:Y (BUFX1P4H7L)                                                |        | 0.008       | 0.000      | 0.054      |             | 0.065  | 0.856f          |
| decode_mod.bus_in_opcode_8__OAI21X0P5H7L_A1_Y_BUFX1P4H7L_A_Y (net)                                                       | 8      |             |            |            | 0.000       |        |                 |
| decode_mod.bus_in_opcode_9__OAI2BB1X0P5H7L_A0N_Y_NOR4X0P5H7L_C:D (NOR4X0P5H7L)                                           |        | 0.001       | 0.000      | 0.054      |             | 0.000  | 0.856f          |
| decode_mod.bus_in_opcode_9__OAI2BB1X0P5H7L_A0N_Y_NOR4X0P5H7L_C:Y (NOR4X0P5H7L)                                           |        | 0.003       | 0.000      | 0.234      |             | 0.150  | 1.006r          |
| decode_mod.bus_in_opcode_9__OAI2BB1X0P5H7L_A0N_Y_NOR4X0P5H7L_C_Y (net)                                                   | 3      |             |            |            | 0.000       |        |                 |
| decode_mod.bus_in_opcode_9__OAI2BB1X0P5H7L_A0N_Y_NOR4X0P5H7L_C_Y_NAND2X1P4H7L_B_2:B (NAND2X1P4H7L)                       |        | 0.001       | 0.000      | 0.234      |             | 0.000  | 1.006r          |
| decode_mod.bus_in_opcode_9__OAI2BB1X0P5H7L_A0N_Y_NOR4X0P5H7L_C_Y_NAND2X1P4H7L_B_2:Y (NAND2X1P4H7L)                       |        | 0.009       | 0.000      | 0.142      |             | 0.110  | 1.117f          |
| reg_mod.regs[3]_6__reg_p_D_AOI21X1P4H7L_Y_B0 (net)                                                                       | 10     |             |            |            | 0.000       |        |                 |
| reg_mod.regs[3]_6__reg_p_D_AOI21X1P4H7L_Y_B0_BUFX3H7L_A:A (BUFX3H7L)                                                     |        | 0.001       | 0.000      | 0.142      |             | 0.000  | 1.117f          |
| reg_mod.regs[3]_6__reg_p_D_AOI21X1P4H7L_Y_B0_BUFX3H7L_A:Y (BUFX3H7L)                                                     |        | 0.023       | 0.000      | 0.086      |             | 0.117  | 1.234f          |
| reg_mod.regs[3]_28__reg_p_D_NOR2BX8H7L_Z_B (net)                                                                         | 24     |             |            |            | 0.000       |        |                 |
| reg_mod.regs[3]_28__reg_p_D_NOR2BX8H7L_Z_B_NAND2X0P5H7L_B:B (NAND2X0P5H7L)                                               |        | 0.001       | 0.000      | 0.086      |             | 0.000  | 1.234f          |
| reg_mod.regs[3]_28__reg_p_D_NOR2BX8H7L_Z_B_NAND2X0P5H7L_B:Y (NAND2X0P5H7L)                                               |        | 0.001       | 0.000      | 0.042      |             | 0.039  | 1.273r          |
| reg_mod.regs[3]_0__reg_p_CK_ICGX0P5H7L_ECK_E (net)                                                                       | 1      |             |            |            | 0.000       |        |                 |
| reg_mod.regs[3]_0__reg_p_CK_ICGX0P5H7L_ECK:E (ICGX0P5H7L)                                                                |        | 0.001       | 0.000      | 0.042      |             | 0.000  | 1.273r          |
|                                                                                                                          |        |             |            |            |             |        |                 |
| clock (port)                                                                                                             |        | 0.111       | 0.000      | 0.000      |             | 0.000  | 0.000r          |
| clock (clock net)                                                                                                        | 116    |             |            |            | NA          |        |                 |
| reg_mod.regs[3]_0__reg_p_CK_ICGX0P5H7L_ECK:CK (ICGX0P5H7L)                                                               |        | 0.002       | 0.000      | 0.000      |             | 0.000  | 0.000r          |
| clock core_clock (rise edge)                                                                                             |        |             |            |            |             | 3.333  | 3.333           |
| clock network delay (ideal)                                                                                              |        |             |            |            |             | 0.000  | 3.333           |
| reg_mod.regs[3]_0__reg_p_CK_ICGX0P5H7L_ECK:CK (ICGX0P5H7L)                                                               |        |             |            |            |             |        | 3.333r          |
| library setup time                                                                                                       |        |             |            |            |             | -0.054 | 3.279           |
| clock reconvergence pessimism                                                                                            |        |             |            |            |             | 0.000  | 3.279           |
|                                                                                                                          |        |             |            |            |             |        |                 |
| path cell delay                                                                                                          |        |             |            |            |             |        | 1.273(100.000%) |
| path net delay                                                                                                           |        |             |            |            |             |        | 0.000(0.000%)   |
|                                                                                                                          |        |             |            |            |             |        |                 |
| data require time                                                                                                        |        |             |            |            |             |        | 3.279           |
| data arrival time                                                                                                        |        |             |            |            |             |        | 1.273           |
| slack (MET)                                                                                                              |        |             |            |            |             |        | 2.006           |
+--------------------------------------------------------------------------------------------------------------------------+--------+-------------+------------+------------+-------------+--------+-----------------+
+---------------------------------------------------------------------------------+--------+-------------+------------+------------+-------------+--------+-----------------+
| Point                                                                           | Fanout | Capacitance | Resistance | Transition | Delta Delay | Incr   | Path            |
+---------------------------------------------------------------------------------+--------+-------------+------------+------------+-------------+--------+-----------------+
| clock (port)                                                                    |        | 0.111       | 0.000      | 0.000      |             | 0.000  | 0.000r          |
| clock (clock net)                                                               | 116    |             |            |            | NA          |        |                 |
| lsu_mod.lsu_w_2__reg_p:CK (DFFQX1H7L)                                           |        | 0.001       | 0.000      | 0.000      |             | 0.000  | 0.000r          |
| clock core_clock (rise edge)                                                    |        |             |            |            |             | 0      | 0               |
| clock network delay (ideal)                                                     |        |             |            |            |             | 0.000  | 0.000           |
| lsu_mod.lsu_w_2__reg_p:CK (DFFQX1H7L)                                           |        | 0.001       | 0.000      | 0.000      |             | 0.000  | 0.000r          |
| lsu_mod.lsu_w_2__reg_p:Q (DFFQX1H7L)                                            |        | 0.002       | 0.000      | 0.029      |             | 0.067  | 0.067f          |
| lsu_mod.lsu_w_2_ (net)                                                          | 3      |             |            |            | 0.000       |        |                 |
| lsu_mod.lsu_w_2__reg_p_D_AOAI211X0P5H7L_Y_C0_OAI211X0P7H7L_Y:C0 (OAI211X0P7H7L) |        | 0.001       | 0.000      | 0.029      |             | 0.000  | 0.067f          |
| lsu_mod.lsu_w_2__reg_p_D_AOAI211X0P5H7L_Y_C0_OAI211X0P7H7L_Y:Y (OAI211X0P7H7L)  |        | 0.001       | 0.000      | 0.021      |             | 0.022  | 0.089r          |
| lsu_mod.lsu_w_2__reg_p_D_AOAI211X0P5H7L_Y_C0 (net)                              | 1      |             |            |            | 0.000       |        |                 |
| lsu_mod.lsu_w_2__reg_p_D_AOAI211X0P5H7L_Y:C0 (AOAI211X0P5H7L)                   |        | 0.001       | 0.000      | 0.021      |             | 0.000  | 0.089r          |
| lsu_mod.lsu_w_2__reg_p_D_AOAI211X0P5H7L_Y:Y (AOAI211X0P5H7L)                    |        | 0.001       | 0.000      | 0.019      |             | 0.018  | 0.107f          |
| lsu_mod.lsu_w_2__reg_p_D (net)                                                  | 1      |             |            |            | 0.000       |        |                 |
| lsu_mod.lsu_w_2__reg_p:D (DFFQX1H7L)                                            |        | 0.001       | 0.000      | 0.019      |             | 0.000  | 0.107f          |
|                                                                                 |        |             |            |            |             |        |                 |
| clock (port)                                                                    |        | 0.147       | 0.000      | 0.000      |             | 0.000  | 0.000r          |
| clock (clock net)                                                               | 116    |             |            |            | NA          |        |                 |
| lsu_mod.lsu_w_2__reg_p:CK (DFFQX1H7L)                                           |        | 0.001       | 0.000      | 0.000      |             | 0.000  | 0.000r          |
| clock core_clock (rise edge)                                                    |        |             |            |            |             | 0      | 0               |
| clock network delay (ideal)                                                     |        |             |            |            |             | 0.000  | 0.000           |
| lsu_mod.lsu_w_2__reg_p:CK (DFFQX1H7L)                                           |        |             |            |            |             |        | 0.000r          |
| library hold time                                                               |        |             |            |            |             | -0.008 | -0.008          |
| clock reconvergence pessimism                                                   |        |             |            |            |             | -0.000 | -0.008          |
|                                                                                 |        |             |            |            |             |        |                 |
| path cell delay                                                                 |        |             |            |            |             |        | 0.107(100.000%) |
| path net delay                                                                  |        |             |            |            |             |        | 0.000(0.000%)   |
|                                                                                 |        |             |            |            |             |        |                 |
| data require time                                                               |        |             |            |            |             |        | -0.008          |
| data arrival time                                                               |        |             |            |            |             |        | 0.107           |
| slack (MET)                                                                     |        |             |            |            |             |        | 0.115           |
+---------------------------------------------------------------------------------+--------+-------------+------------+------------+-------------+--------+-----------------+
+-------------------------------------------------------------+--------+-------------+------------+------------+-------------+--------+-----------------+
| Point                                                       | Fanout | Capacitance | Resistance | Transition | Delta Delay | Incr   | Path            |
+-------------------------------------------------------------+--------+-------------+------------+------------+-------------+--------+-----------------+
| clock (port)                                                |        | 0.111       | 0.000      | 0.000      |             | 0.000  | 0.000r          |
| clock (clock net)                                           | 116    |             |            |            | NA          |        |                 |
| ifu_mod.ifu_0__reg_p:CK (DFFQX1H7L)                         |        | 0.001       | 0.000      | 0.000      |             | 0.000  | 0.000r          |
| clock core_clock (rise edge)                                |        |             |            |            |             | 0      | 0               |
| clock network delay (ideal)                                 |        |             |            |            |             | 0.000  | 0.000           |
| ifu_mod.ifu_0__reg_p:CK (DFFQX1H7L)                         |        | 0.001       | 0.000      | 0.000      |             | 0.000  | 0.000r          |
| ifu_mod.ifu_0__reg_p:Q (DFFQX1H7L)                          |        | 0.001       | 0.000      | 0.025      |             | 0.062  | 0.062f          |
| ifu_mod.ifu_0_ (net)                                        | 2      |             |            |            | 0.000       |        |                 |
| ifu_mod.ifu_0__INVX0P5H7L_A:A (INVX0P5H7L)                  |        | 0.001       | 0.000      | 0.025      |             | 0.000  | 0.062f          |
| ifu_mod.ifu_0__INVX0P5H7L_A:Y (INVX0P5H7L)                  |        | 0.001       | 0.000      | 0.019      |             | 0.019  | 0.082r          |
| ifu_mod.ifu_0__INVX0P5H7L_A_Y (net)                         | 1      |             |            |            | 0.000       |        |                 |
| ifu_mod.ifu_0__reg_p_D_AOAI211X0P5H7L_Y:B0 (AOAI211X0P5H7L) |        | 0.001       | 0.000      | 0.019      |             | 0.000  | 0.082r          |
| ifu_mod.ifu_0__reg_p_D_AOAI211X0P5H7L_Y:Y (AOAI211X0P5H7L)  |        | 0.001       | 0.000      | 0.022      |             | 0.025  | 0.107f          |
| ifu_mod.ifu_0__reg_p_D (net)                                | 1      |             |            |            | 0.000       |        |                 |
| ifu_mod.ifu_0__reg_p:D (DFFQX1H7L)                          |        | 0.001       | 0.000      | 0.022      |             | 0.000  | 0.107f          |
|                                                             |        |             |            |            |             |        |                 |
| clock (port)                                                |        | 0.147       | 0.000      | 0.000      |             | 0.000  | 0.000r          |
| clock (clock net)                                           | 116    |             |            |            | NA          |        |                 |
| ifu_mod.ifu_0__reg_p:CK (DFFQX1H7L)                         |        | 0.001       | 0.000      | 0.000      |             | 0.000  | 0.000r          |
| clock core_clock (rise edge)                                |        |             |            |            |             | 0      | 0               |
| clock network delay (ideal)                                 |        |             |            |            |             | 0.000  | 0.000           |
| ifu_mod.ifu_0__reg_p:CK (DFFQX1H7L)                         |        |             |            |            |             |        | 0.000r          |
| library hold time                                           |        |             |            |            |             | -0.008 | -0.008          |
| clock reconvergence pessimism                               |        |             |            |            |             | -0.000 | -0.008          |
|                                                             |        |             |            |            |             |        |                 |
| path cell delay                                             |        |             |            |            |             |        | 0.107(100.000%) |
| path net delay                                              |        |             |            |            |             |        | 0.000(0.000%)   |
|                                                             |        |             |            |            |             |        |                 |
| data require time                                           |        |             |            |            |             |        | -0.008          |
| data arrival time                                           |        |             |            |            |             |        | 0.107           |
| slack (MET)                                                 |        |             |            |            |             |        | 0.115           |
+-------------------------------------------------------------+--------+-------------+------------+------------+-------------+--------+-----------------+
+-------------------------------------------------------------+--------+-------------+------------+------------+-------------+--------+-----------------+
| Point                                                       | Fanout | Capacitance | Resistance | Transition | Delta Delay | Incr   | Path            |
+-------------------------------------------------------------+--------+-------------+------------+------------+-------------+--------+-----------------+
| clock (port)                                                |        | 0.111       | 0.000      | 0.000      |             | 0.000  | 0.000r          |
| clock (clock net)                                           | 116    |             |            |            | NA          |        |                 |
| lsu_mod.lsu_r_2__reg_p:CK (DFFQX1H7L)                       |        | 0.001       | 0.000      | 0.000      |             | 0.000  | 0.000r          |
| clock core_clock (rise edge)                                |        |             |            |            |             | 0      | 0               |
| clock network delay (ideal)                                 |        |             |            |            |             | 0.000  | 0.000           |
| lsu_mod.lsu_r_2__reg_p:CK (DFFQX1H7L)                       |        | 0.001       | 0.000      | 0.000      |             | 0.000  | 0.000r          |
| lsu_mod.lsu_r_2__reg_p:Q (DFFQX1H7L)                        |        | 0.001       | 0.000      | 0.024      |             | 0.061  | 0.061f          |
| lsu_mod.lsu_r_2_ (net)                                      | 2      |             |            |            | 0.000       |        |                 |
| lsu_mod.lsu_r_2__AOI31X0P5H7L_B0:B0 (AOI31X0P5H7L)          |        | 0.001       | 0.000      | 0.024      |             | 0.000  | 0.061f          |
| lsu_mod.lsu_r_2__AOI31X0P5H7L_B0:Y (AOI31X0P5H7L)           |        | 0.001       | 0.000      | 0.033      |             | 0.028  | 0.090r          |
| lsu_mod.lsu_r_2__AOI31X0P5H7L_B0_Y (net)                    | 1      |             |            |            | 0.000       |        |                 |
| lsu_mod.lsu_r_2__reg_p_D_AOI211X0P5H7L_Y:B0 (AOI211X0P5H7L) |        | 0.001       | 0.000      | 0.033      |             | 0.000  | 0.090r          |
| lsu_mod.lsu_r_2__reg_p_D_AOI211X0P5H7L_Y:Y (AOI211X0P5H7L)  |        | 0.001       | 0.000      | 0.020      |             | 0.019  | 0.109f          |
| lsu_mod.lsu_r_2__reg_p_D (net)                              | 1      |             |            |            | 0.000       |        |                 |
| lsu_mod.lsu_r_2__reg_p:D (DFFQX1H7L)                        |        | 0.001       | 0.000      | 0.020      |             | 0.000  | 0.109f          |
|                                                             |        |             |            |            |             |        |                 |
| clock (port)                                                |        | 0.147       | 0.000      | 0.000      |             | 0.000  | 0.000r          |
| clock (clock net)                                           | 116    |             |            |            | NA          |        |                 |
| lsu_mod.lsu_r_2__reg_p:CK (DFFQX1H7L)                       |        | 0.001       | 0.000      | 0.000      |             | 0.000  | 0.000r          |
| clock core_clock (rise edge)                                |        |             |            |            |             | 0      | 0               |
| clock network delay (ideal)                                 |        |             |            |            |             | 0.000  | 0.000           |
| lsu_mod.lsu_r_2__reg_p:CK (DFFQX1H7L)                       |        |             |            |            |             |        | 0.000r          |
| library hold time                                           |        |             |            |            |             | -0.008 | -0.008          |
| clock reconvergence pessimism                               |        |             |            |            |             | -0.000 | -0.008          |
|                                                             |        |             |            |            |             |        |                 |
| path cell delay                                             |        |             |            |            |             |        | 0.109(100.000%) |
| path net delay                                              |        |             |            |            |             |        | 0.000(0.000%)   |
|                                                             |        |             |            |            |             |        |                 |
| data require time                                           |        |             |            |            |             |        | -0.008          |
| data arrival time                                           |        |             |            |            |             |        | 0.109           |
| slack (MET)                                                 |        |             |            |            |             |        | 0.117           |
+-------------------------------------------------------------+--------+-------------+------------+------------+-------------+--------+-----------------+
+------------------------------------------------------------+--------+-------------+------------+------------+-------------+--------+-----------------+
| Point                                                      | Fanout | Capacitance | Resistance | Transition | Delta Delay | Incr   | Path            |
+------------------------------------------------------------+--------+-------------+------------+------------+-------------+--------+-----------------+
| clock (port)                                               |        | 0.111       | 0.000      | 0.000      |             | 0.000  | 0.000r          |
| clock (clock net)                                          | 116    |             |            |            | NA          |        |                 |
| lsu_mod.done_aw_reg_p:CK (DFFQX1H7L)                       |        | 0.001       | 0.000      | 0.000      |             | 0.000  | 0.000r          |
| clock core_clock (rise edge)                               |        |             |            |            |             | 0      | 0               |
| clock network delay (ideal)                                |        |             |            |            |             | 0.000  | 0.000           |
| lsu_mod.done_aw_reg_p:CK (DFFQX1H7L)                       |        | 0.001       | 0.000      | 0.000      |             | 0.000  | 0.000r          |
| lsu_mod.done_aw_reg_p:Q (DFFQX1H7L)                        |        | 0.001       | 0.000      | 0.024      |             | 0.062  | 0.062f          |
| lsu_mod.done_aw (net)                                      | 2      |             |            |            | 0.000       |        |                 |
| lsu_mod.done_aw_AOI21X0P5H7L_B0:B0 (AOI21X0P5H7L)          |        | 0.001       | 0.000      | 0.024      |             | 0.000  | 0.062f          |
| lsu_mod.done_aw_AOI21X0P5H7L_B0:Y (AOI21X0P5H7L)           |        | 0.001       | 0.000      | 0.033      |             | 0.029  | 0.090r          |
| lsu_mod.done_aw_AOI21X0P5H7L_B0_Y (net)                    | 1      |             |            |            | 0.000       |        |                 |
| lsu_mod.done_aw_reg_p_D_AOI211X0P5H7L_Y:B0 (AOI211X0P5H7L) |        | 0.001       | 0.000      | 0.033      |             | 0.000  | 0.090r          |
| lsu_mod.done_aw_reg_p_D_AOI211X0P5H7L_Y:Y (AOI211X0P5H7L)  |        | 0.001       | 0.000      | 0.020      |             | 0.019  | 0.109f          |
| lsu_mod.done_aw_reg_p_D (net)                              | 1      |             |            |            | 0.000       |        |                 |
| lsu_mod.done_aw_reg_p:D (DFFQX1H7L)                        |        | 0.001       | 0.000      | 0.020      |             | 0.000  | 0.109f          |
|                                                            |        |             |            |            |             |        |                 |
| clock (port)                                               |        | 0.147       | 0.000      | 0.000      |             | 0.000  | 0.000r          |
| clock (clock net)                                          | 116    |             |            |            | NA          |        |                 |
| lsu_mod.done_aw_reg_p:CK (DFFQX1H7L)                       |        | 0.001       | 0.000      | 0.000      |             | 0.000  | 0.000r          |
| clock core_clock (rise edge)                               |        |             |            |            |             | 0      | 0               |
| clock network delay (ideal)                                |        |             |            |            |             | 0.000  | 0.000           |
| lsu_mod.done_aw_reg_p:CK (DFFQX1H7L)                       |        |             |            |            |             |        | 0.000r          |
| library hold time                                          |        |             |            |            |             | -0.008 | -0.008          |
| clock reconvergence pessimism                              |        |             |            |            |             | -0.000 | -0.008          |
|                                                            |        |             |            |            |             |        |                 |
| path cell delay                                            |        |             |            |            |             |        | 0.109(100.000%) |
| path net delay                                             |        |             |            |            |             |        | 0.000(0.000%)   |
|                                                            |        |             |            |            |             |        |                 |
| data require time                                          |        |             |            |            |             |        | -0.008          |
| data arrival time                                          |        |             |            |            |             |        | 0.109           |
| slack (MET)                                                |        |             |            |            |             |        | 0.117           |
+------------------------------------------------------------+--------+-------------+------------+------------+-------------+--------+-----------------+
+---------------------------------------------------------------+--------+-------------+------------+------------+-------------+--------+-----------------+
| Point                                                         | Fanout | Capacitance | Resistance | Transition | Delta Delay | Incr   | Path            |
+---------------------------------------------------------------+--------+-------------+------------+------------+-------------+--------+-----------------+
| clock (port)                                                  |        | 0.111       | 0.000      | 0.000      |             | 0.000  | 0.000r          |
| clock (clock net)                                             | 116    |             |            |            | NA          |        |                 |
| lsu_mod.done_wdata_reg_p:CK (DFFQX1H7L)                       |        | 0.001       | 0.000      | 0.000      |             | 0.000  | 0.000r          |
| clock core_clock (rise edge)                                  |        |             |            |            |             | 0      | 0               |
| clock network delay (ideal)                                   |        |             |            |            |             | 0.000  | 0.000           |
| lsu_mod.done_wdata_reg_p:CK (DFFQX1H7L)                       |        | 0.001       | 0.000      | 0.000      |             | 0.000  | 0.000r          |
| lsu_mod.done_wdata_reg_p:Q (DFFQX1H7L)                        |        | 0.001       | 0.000      | 0.024      |             | 0.062  | 0.062f          |
| lsu_mod.done_wdata (net)                                      | 2      |             |            |            | 0.000       |        |                 |
| lsu_mod.done_wdata_AOI21X0P5H7L_B0:B0 (AOI21X0P5H7L)          |        | 0.001       | 0.000      | 0.024      |             | 0.000  | 0.062f          |
| lsu_mod.done_wdata_AOI21X0P5H7L_B0:Y (AOI21X0P5H7L)           |        | 0.001       | 0.000      | 0.033      |             | 0.029  | 0.090r          |
| lsu_mod.done_wdata_AOI21X0P5H7L_B0_Y (net)                    | 1      |             |            |            | 0.000       |        |                 |
| lsu_mod.done_wdata_reg_p_D_AOI211X0P5H7L_Y:B0 (AOI211X0P5H7L) |        | 0.001       | 0.000      | 0.033      |             | 0.000  | 0.090r          |
| lsu_mod.done_wdata_reg_p_D_AOI211X0P5H7L_Y:Y (AOI211X0P5H7L)  |        | 0.001       | 0.000      | 0.020      |             | 0.019  | 0.109f          |
| lsu_mod.done_wdata_reg_p_D (net)                              | 1      |             |            |            | 0.000       |        |                 |
| lsu_mod.done_wdata_reg_p:D (DFFQX1H7L)                        |        | 0.001       | 0.000      | 0.020      |             | 0.000  | 0.109f          |
|                                                               |        |             |            |            |             |        |                 |
| clock (port)                                                  |        | 0.147       | 0.000      | 0.000      |             | 0.000  | 0.000r          |
| clock (clock net)                                             | 116    |             |            |            | NA          |        |                 |
| lsu_mod.done_wdata_reg_p:CK (DFFQX1H7L)                       |        | 0.001       | 0.000      | 0.000      |             | 0.000  | 0.000r          |
| clock core_clock (rise edge)                                  |        |             |            |            |             | 0      | 0               |
| clock network delay (ideal)                                   |        |             |            |            |             | 0.000  | 0.000           |
| lsu_mod.done_wdata_reg_p:CK (DFFQX1H7L)                       |        |             |            |            |             |        | 0.000r          |
| library hold time                                             |        |             |            |            |             | -0.008 | -0.008          |
| clock reconvergence pessimism                                 |        |             |            |            |             | -0.000 | -0.008          |
|                                                               |        |             |            |            |             |        |                 |
| path cell delay                                               |        |             |            |            |             |        | 0.109(100.000%) |
| path net delay                                                |        |             |            |            |             |        | 0.000(0.000%)   |
|                                                               |        |             |            |            |             |        |                 |
| data require time                                             |        |             |            |            |             |        | -0.008          |
| data arrival time                                             |        |             |            |            |             |        | 0.109           |
| slack (MET)                                                   |        |             |            |            |             |        | 0.117           |
+---------------------------------------------------------------+--------+-------------+------------+------------+-------------+--------+-----------------+
+-------------------------------------------------------------------------------------------------------------------+--------+-------------+------------+------------+-------------+--------+-----------------+
| Point                                                                                                             | Fanout | Capacitance | Resistance | Transition | Delta Delay | Incr   | Path            |
+-------------------------------------------------------------------------------------------------------------------+--------+-------------+------------+------------+-------------+--------+-----------------+
| clock (port)                                                                                                      |        | 0.111       | 0.000      | 0.000      |             | 0.000  | 0.000r          |
| clock (clock net)                                                                                                 | 116    |             |            |            | NA          |        |                 |
| decode_mod.bus_in_opcode_29__reg_p:CK (DFFQX1H7L)                                                                 |        | 0.001       | 0.000      | 0.000      |             | 0.000  | 0.000r          |
| clock core_clock (rise edge)                                                                                      |        |             |            |            |             | 0      | 0               |
| clock network delay (ideal)                                                                                       |        |             |            |            |             | 0.000  | 0.000           |
| decode_mod.bus_in_opcode_29__reg_p:CK (DFFQX1H7L)                                                                 |        | 0.001       | 0.000      | 0.000      |             | 0.000  | 0.000r          |
| decode_mod.bus_in_opcode_29__reg_p:Q (DFFQX1H7L)                                                                  |        | 0.003       | 0.000      | 0.039      |             | 0.076  | 0.076f          |
| decode_mod.bus_in_opcode_29_ (net)                                                                                | 6      |             |            |            | 0.000       |        |                 |
| csr_mod.regs[5]_0__reg_p_D_AND3X1P4H7L_Y_B_NOR2X0P5H7L_Y_A_AOAI211X0P5H7L_C0_A1_NAND4X0P5H7L_Y:C (NAND4X0P5H7L)   |        | 0.001       | 0.000      | 0.039      |             | 0.000  | 0.076f          |
| csr_mod.regs[5]_0__reg_p_D_AND3X1P4H7L_Y_B_NOR2X0P5H7L_Y_A_AOAI211X0P5H7L_C0_A1_NAND4X0P5H7L_Y:Y (NAND4X0P5H7L)   |        | 0.001       | 0.000      | 0.040      |             | 0.036  | 0.112r          |
| csr_mod.regs[5]_0__reg_p_D_AND3X1P4H7L_Y_B_NOR2X0P5H7L_Y_A_AOAI211X0P5H7L_C0_A1 (net)                             | 2      |             |            |            | 0.000       |        |                 |
| csr_mod.regs[5]_0__reg_p_D_AND3X1P4H7L_Y_B_NOR2X0P5H7L_Y_A_AOAI211X0P5H7L_C0_A1_AOI21X0P5H7L_A1:A1 (AOI21X0P5H7L) |        | 0.001       | 0.000      | 0.040      |             | 0.000  | 0.112r          |
| csr_mod.regs[5]_0__reg_p_D_AND3X1P4H7L_Y_B_NOR2X0P5H7L_Y_A_AOAI211X0P5H7L_C0_A1_AOI21X0P5H7L_A1:Y (AOI21X0P5H7L)  |        | 0.003       | 0.000      | 0.036      |             | 0.050  | 0.161f          |
| csr_mod.regs[3]_28__AOI221X0P5H7L_A0_B1_NAND2BX0P5H7L_Y_AN_AOI22X0P5H7L_Y_A1 (net)                                | 5      |             |            |            | 0.000       |        |                 |
| csr_mod.regs[2]_0__reg_p_D_AND3X1P4H7L_Y_B_NAND3X1P4H7L_C:B (NAND3X1P4H7L)                                        |        | 0.001       | 0.000      | 0.036      |             | 0.000  | 0.161f          |
| csr_mod.regs[2]_0__reg_p_D_AND3X1P4H7L_Y_B_NAND3X1P4H7L_C:Y (NAND3X1P4H7L)                                        |        | 0.006       | 0.000      | 0.071      |             | 0.053  | 0.215r          |
| csr_mod.regs[3]_6__reg_p_D_NOR2X0P5H7L_Y_A (net)                                                                  | 10     |             |            |            | 0.000       |        |                 |
| csr_mod.regs[3]_6__reg_p_D_NOR2X0P5H7L_Y_A_NAND3X0P5H7L_C:C (NAND3X0P5H7L)                                        |        | 0.001       | 0.000      | 0.071      |             | 0.000  | 0.215r          |
| csr_mod.regs[3]_6__reg_p_D_NOR2X0P5H7L_Y_A_NAND3X0P5H7L_C:Y (NAND3X0P5H7L)                                        |        | 0.001       | 0.000      | 0.046      |             | 0.037  | 0.252f          |
| csr_mod.regs[3]_6__reg_p_D_NOR2X0P5H7L_Y_A_NAND3X0P5H7L_C_Y (net)                                                 | 1      |             |            |            | 0.000       |        |                 |
| csr_mod.regs[3]_6__reg_p_D_NOR2X0P5H7L_Y_A_NAND3X0P5H7L_C_Y_ICGX0P5H7L_E:E (ICGX0P5H7L)                           |        | 0.001       | 0.000      | 0.046      |             | 0.000  | 0.252f          |
|                                                                                                                   |        |             |            |            |             |        |                 |
| clock (port)                                                                                                      |        | 0.147       | 0.000      | 0.000      |             | 0.000  | 0.000r          |
| clock (clock net)                                                                                                 | 116    |             |            |            | NA          |        |                 |
| csr_mod.regs[3]_6__reg_p_D_NOR2X0P5H7L_Y_A_NAND3X0P5H7L_C_Y_ICGX0P5H7L_E:CK (ICGX0P5H7L)                          |        | 0.002       | 0.000      | 0.000      |             | 0.000  | 0.000r          |
| clock core_clock (rise edge)                                                                                      |        |             |            |            |             | 0      | 0               |
| clock network delay (ideal)                                                                                       |        |             |            |            |             | 0.000  | 0.000           |
| csr_mod.regs[3]_6__reg_p_D_NOR2X0P5H7L_Y_A_NAND3X0P5H7L_C_Y_ICGX0P5H7L_E:CK (ICGX0P5H7L)                          |        |             |            |            |             |        | 0.000r          |
| library hold time                                                                                                 |        |             |            |            |             | -0.010 | -0.010          |
| clock reconvergence pessimism                                                                                     |        |             |            |            |             | -0.000 | -0.010          |
|                                                                                                                   |        |             |            |            |             |        |                 |
| path cell delay                                                                                                   |        |             |            |            |             |        | 0.252(100.000%) |
| path net delay                                                                                                    |        |             |            |            |             |        | 0.000(0.000%)   |
|                                                                                                                   |        |             |            |            |             |        |                 |
| data require time                                                                                                 |        |             |            |            |             |        | -0.010          |
| data arrival time                                                                                                 |        |             |            |            |             |        | 0.252           |
| slack (MET)                                                                                                       |        |             |            |            |             |        | 0.262           |
+-------------------------------------------------------------------------------------------------------------------+--------+-------------+------------+------------+-------------+--------+-----------------+
+-----------------------------------------------------------------------------------------------+--------+-------------+------------+------------+-------------+--------+-----------------+
| Point                                                                                         | Fanout | Capacitance | Resistance | Transition | Delta Delay | Incr   | Path            |
+-----------------------------------------------------------------------------------------------+--------+-------------+------------+------------+-------------+--------+-----------------+
| clock (port)                                                                                  |        | 0.111       | 0.000      | 0.000      |             | 0.000  | 0.000r          |
| clock (clock net)                                                                             | 116    |             |            |            | NA          |        |                 |
| decode_mod.bus_in_opcode_10__reg_p:CK (DFFQX1H7L)                                             |        | 0.001       | 0.000      | 0.000      |             | 0.000  | 0.000r          |
| clock core_clock (rise edge)                                                                  |        |             |            |            |             | 0      | 0               |
| clock network delay (ideal)                                                                   |        |             |            |            |             | 0.000  | 0.000           |
| decode_mod.bus_in_opcode_10__reg_p:CK (DFFQX1H7L)                                             |        | 0.001       | 0.000      | 0.000      |             | 0.000  | 0.000r          |
| decode_mod.bus_in_opcode_10__reg_p:Q (DFFQX1H7L)                                              |        | 0.004       | 0.000      | 0.054      |             | 0.104  | 0.104r          |
| decode_mod.bus_in_opcode_10_ (net)                                                            | 8      |             |            |            | 0.000       |        |                 |
| decode_mod.bus_in_opcode_9__NAND3X0P5H7L_A_Y_NOR4BX0P5H7L_B:D (NOR4BX0P5H7L)                  |        | 0.001       | 0.000      | 0.054      |             | 0.000  | 0.104r          |
| decode_mod.bus_in_opcode_9__NAND3X0P5H7L_A_Y_NOR4BX0P5H7L_B:Y (NOR4BX0P5H7L)                  |        | 0.003       | 0.000      | 0.042      |             | 0.038  | 0.142f          |
| decode_mod.bus_in_opcode_9__NAND3X0P5H7L_A_Y_NOR4BX0P5H7L_B_Y (net)                           | 4      |             |            |            | 0.000       |        |                 |
| decode_mod.bus_in_opcode_9__NAND3X0P5H7L_A_Y_NOR4BX0P5H7L_B_Y_NAND2X1P4H7L_A:A (NAND2X1P4H7L) |        | 0.001       | 0.000      | 0.042      |             | 0.000  | 0.142f          |
| decode_mod.bus_in_opcode_9__NAND3X0P5H7L_A_Y_NOR4BX0P5H7L_B_Y_NAND2X1P4H7L_A:Y (NAND2X1P4H7L) |        | 0.006       | 0.000      | 0.070      |             | 0.055  | 0.197r          |
| reg_mod.regs[22]_6__reg_p_D_AOI21X0P5H7L_Y_B0 (net)                                           | 10     |             |            |            | 0.000       |        |                 |
| reg_mod.regs[22]_6__reg_p_D_AOI21X0P5H7L_Y_B0_BUFX3P5H7L_A:A (BUFX3P5H7L)                     |        | 0.001       | 0.000      | 0.070      |             | 0.000  | 0.197r          |
| reg_mod.regs[22]_6__reg_p_D_AOI21X0P5H7L_Y_B0_BUFX3P5H7L_A:Y (BUFX3P5H7L)                     |        | 0.015       | 0.000      | 0.081      |             | 0.076  | 0.273r          |
| reg_mod.regs[22]_28__reg_p_D_NOR2BX1H7L_Z_B (net)                                             | 24     |             |            |            | 0.000       |        |                 |
| reset_INVX1P4H7L_A_Y_NAND2X0P5H7L_A_8:B (NAND2X0P5H7L)                                        |        | 0.001       | 0.000      | 0.081      |             | 0.000  | 0.273r          |
| reset_INVX1P4H7L_A_Y_NAND2X0P5H7L_A_8:Y (NAND2X0P5H7L)                                        |        | 0.001       | 0.000      | 0.032      |             | 0.029  | 0.302f          |
| reset_INVX1P4H7L_A_Y_NAND2X0P5H7L_A_8_Y (net)                                                 | 1      |             |            |            | 0.000       |        |                 |
| reg_mod.regs[22]_0__reg_p_CK_ICGX0P5H7L_ECK:E (ICGX0P5H7L)                                    |        | 0.001       | 0.000      | 0.032      |             | 0.000  | 0.302f          |
|                                                                                               |        |             |            |            |             |        |                 |
| clock (port)                                                                                  |        | 0.147       | 0.000      | 0.000      |             | 0.000  | 0.000r          |
| clock (clock net)                                                                             | 116    |             |            |            | NA          |        |                 |
| reg_mod.regs[22]_0__reg_p_CK_ICGX0P5H7L_ECK:CK (ICGX0P5H7L)                                   |        | 0.002       | 0.000      | 0.000      |             | 0.000  | 0.000r          |
| clock core_clock (rise edge)                                                                  |        |             |            |            |             | 0      | 0               |
| clock network delay (ideal)                                                                   |        |             |            |            |             | 0.000  | 0.000           |
| reg_mod.regs[22]_0__reg_p_CK_ICGX0P5H7L_ECK:CK (ICGX0P5H7L)                                   |        |             |            |            |             |        | 0.000r          |
| library hold time                                                                             |        |             |            |            |             | -0.009 | -0.009          |
| clock reconvergence pessimism                                                                 |        |             |            |            |             | -0.000 | -0.009          |
|                                                                                               |        |             |            |            |             |        |                 |
| path cell delay                                                                               |        |             |            |            |             |        | 0.302(100.000%) |
| path net delay                                                                                |        |             |            |            |             |        | 0.000(0.000%)   |
|                                                                                               |        |             |            |            |             |        |                 |
| data require time                                                                             |        |             |            |            |             |        | -0.009          |
| data arrival time                                                                             |        |             |            |            |             |        | 0.302           |
| slack (MET)                                                                                   |        |             |            |            |             |        | 0.312           |
+-----------------------------------------------------------------------------------------------+--------+-------------+------------+------------+-------------+--------+-----------------+
+----------------------------------------------------------------------------------------------------+--------+-------------+------------+------------+-------------+--------+-----------------+
| Point                                                                                              | Fanout | Capacitance | Resistance | Transition | Delta Delay | Incr   | Path            |
+----------------------------------------------------------------------------------------------------+--------+-------------+------------+------------+-------------+--------+-----------------+
| clock (port)                                                                                       |        | 0.111       | 0.000      | 0.000      |             | 0.000  | 0.000r          |
| clock (clock net)                                                                                  | 116    |             |            |            | NA          |        |                 |
| decode_mod.bus_in_opcode_10__reg_p:CK (DFFQX1H7L)                                                  |        | 0.001       | 0.000      | 0.000      |             | 0.000  | 0.000r          |
| clock core_clock (rise edge)                                                                       |        |             |            |            |             | 0      | 0               |
| clock network delay (ideal)                                                                        |        |             |            |            |             | 0.000  | 0.000           |
| decode_mod.bus_in_opcode_10__reg_p:CK (DFFQX1H7L)                                                  |        | 0.001       | 0.000      | 0.000      |             | 0.000  | 0.000r          |
| decode_mod.bus_in_opcode_10__reg_p:Q (DFFQX1H7L)                                                   |        | 0.004       | 0.000      | 0.045      |             | 0.081  | 0.081f          |
| decode_mod.bus_in_opcode_10_ (net)                                                                 | 8      |             |            |            | 0.000       |        |                 |
| decode_mod.bus_in_opcode_9__NAND3X0P5H7L_A_Y_NOR2X0P5H7L_A_B_NAND3X0P5H7L_Y:A (NAND3X0P5H7L)       |        | 0.001       | 0.000      | 0.045      |             | 0.000  | 0.081f          |
| decode_mod.bus_in_opcode_9__NAND3X0P5H7L_A_Y_NOR2X0P5H7L_A_B_NAND3X0P5H7L_Y:Y (NAND3X0P5H7L)       |        | 0.001       | 0.000      | 0.029      |             | 0.035  | 0.116r          |
| decode_mod.bus_in_opcode_9__NAND3X0P5H7L_A_Y_NOR2X0P5H7L_A_B (net)                                 | 2      |             |            |            | 0.000       |        |                 |
| decode_mod.bus_in_opcode_9__OAI2BB1X0P5H7L_A0N_Y_NOR2X0P5H7L_B:A (NOR2X0P5H7L)                     |        | 0.001       | 0.000      | 0.029      |             | 0.000  | 0.116r          |
| decode_mod.bus_in_opcode_9__OAI2BB1X0P5H7L_A0N_Y_NOR2X0P5H7L_B:Y (NOR2X0P5H7L)                     |        | 0.003       | 0.000      | 0.032      |             | 0.027  | 0.143f          |
| decode_mod.bus_in_opcode_9__OAI2BB1X0P5H7L_A0N_Y_NOR2X0P5H7L_B_Y (net)                             | 4      |             |            |            | 0.000       |        |                 |
| decode_mod.bus_in_opcode_9__OAI2BB1X0P5H7L_A0N_Y_NOR2X0P5H7L_B_Y_NAND2X1P4H7L_B_1:B (NAND2X1P4H7L) |        | 0.001       | 0.000      | 0.032      |             | 0.000  | 0.143f          |
| decode_mod.bus_in_opcode_9__OAI2BB1X0P5H7L_A0N_Y_NOR2X0P5H7L_B_Y_NAND2X1P4H7L_B_1:Y (NAND2X1P4H7L) |        | 0.006       | 0.000      | 0.068      |             | 0.049  | 0.192r          |
| reg_mod.regs[24]_6__reg_p_D_AOI21X0P5H7L_Y_B0 (net)                                                | 10     |             |            |            | 0.000       |        |                 |
| reg_mod.regs[24]_6__reg_p_D_AOI21X0P5H7L_Y_B0_BUFX3H7L_A:A (BUFX3H7L)                              |        | 0.001       | 0.000      | 0.068      |             | 0.000  | 0.192r          |
| reg_mod.regs[24]_6__reg_p_D_AOI21X0P5H7L_Y_B0_BUFX3H7L_A:Y (BUFX3H7L)                              |        | 0.014       | 0.000      | 0.086      |             | 0.084  | 0.276r          |
| reg_mod.regs[24]_9__reg_p_D_NOR2X0P5H7L_Y_A (net)                                                  | 24     |             |            |            | 0.000       |        |                 |
| reset_INVX1P4H7L_A_Y_NAND2X0P5H7L_A_10:B (NAND2X0P5H7L)                                            |        | 0.001       | 0.000      | 0.086      |             | 0.000  | 0.276r          |
| reset_INVX1P4H7L_A_Y_NAND2X0P5H7L_A_10:Y (NAND2X0P5H7L)                                            |        | 0.001       | 0.000      | 0.033      |             | 0.030  | 0.306f          |
| reset_INVX1P4H7L_A_Y_NAND2X0P5H7L_A_10_Y (net)                                                     | 1      |             |            |            | 0.000       |        |                 |
| reg_mod.regs[24]_0__reg_p_CK_ICGX0P5H7L_ECK:E (ICGX0P5H7L)                                         |        | 0.001       | 0.000      | 0.033      |             | 0.000  | 0.306f          |
|                                                                                                    |        |             |            |            |             |        |                 |
| clock (port)                                                                                       |        | 0.147       | 0.000      | 0.000      |             | 0.000  | 0.000r          |
| clock (clock net)                                                                                  | 116    |             |            |            | NA          |        |                 |
| reg_mod.regs[24]_0__reg_p_CK_ICGX0P5H7L_ECK:CK (ICGX0P5H7L)                                        |        | 0.002       | 0.000      | 0.000      |             | 0.000  | 0.000r          |
| clock core_clock (rise edge)                                                                       |        |             |            |            |             | 0      | 0               |
| clock network delay (ideal)                                                                        |        |             |            |            |             | 0.000  | 0.000           |
| reg_mod.regs[24]_0__reg_p_CK_ICGX0P5H7L_ECK:CK (ICGX0P5H7L)                                        |        |             |            |            |             |        | 0.000r          |
| library hold time                                                                                  |        |             |            |            |             | -0.009 | -0.009          |
| clock reconvergence pessimism                                                                      |        |             |            |            |             | -0.000 | -0.009          |
|                                                                                                    |        |             |            |            |             |        |                 |
| path cell delay                                                                                    |        |             |            |            |             |        | 0.306(100.000%) |
| path net delay                                                                                     |        |             |            |            |             |        | 0.000(0.000%)   |
|                                                                                                    |        |             |            |            |             |        |                 |
| data require time                                                                                  |        |             |            |            |             |        | -0.009          |
| data arrival time                                                                                  |        |             |            |            |             |        | 0.306           |
| slack (MET)                                                                                        |        |             |            |            |             |        | 0.315           |
+----------------------------------------------------------------------------------------------------+--------+-------------+------------+------------+-------------+--------+-----------------+
+----------------------------------------------------------------------------------------------------+--------+-------------+------------+------------+-------------+--------+-----------------+
| Point                                                                                              | Fanout | Capacitance | Resistance | Transition | Delta Delay | Incr   | Path            |
+----------------------------------------------------------------------------------------------------+--------+-------------+------------+------------+-------------+--------+-----------------+
| clock (port)                                                                                       |        | 0.111       | 0.000      | 0.000      |             | 0.000  | 0.000r          |
| clock (clock net)                                                                                  | 116    |             |            |            | NA          |        |                 |
| decode_mod.bus_in_opcode_10__reg_p:CK (DFFQX1H7L)                                                  |        | 0.001       | 0.000      | 0.000      |             | 0.000  | 0.000r          |
| clock core_clock (rise edge)                                                                       |        |             |            |            |             | 0      | 0               |
| clock network delay (ideal)                                                                        |        |             |            |            |             | 0.000  | 0.000           |
| decode_mod.bus_in_opcode_10__reg_p:CK (DFFQX1H7L)                                                  |        | 0.001       | 0.000      | 0.000      |             | 0.000  | 0.000r          |
| decode_mod.bus_in_opcode_10__reg_p:Q (DFFQX1H7L)                                                   |        | 0.004       | 0.000      | 0.045      |             | 0.081  | 0.081f          |
| decode_mod.bus_in_opcode_10_ (net)                                                                 | 8      |             |            |            | 0.000       |        |                 |
| decode_mod.bus_in_opcode_9__NAND3X0P5H7L_A_Y_NOR2X0P5H7L_A_B_NAND3X0P5H7L_Y:A (NAND3X0P5H7L)       |        | 0.001       | 0.000      | 0.045      |             | 0.000  | 0.081f          |
| decode_mod.bus_in_opcode_9__NAND3X0P5H7L_A_Y_NOR2X0P5H7L_A_B_NAND3X0P5H7L_Y:Y (NAND3X0P5H7L)       |        | 0.001       | 0.000      | 0.029      |             | 0.035  | 0.116r          |
| decode_mod.bus_in_opcode_9__NAND3X0P5H7L_A_Y_NOR2X0P5H7L_A_B (net)                                 | 2      |             |            |            | 0.000       |        |                 |
| decode_mod.bus_in_opcode_9__OAI2BB1X0P5H7L_A0N_Y_NOR2X0P5H7L_B:A (NOR2X0P5H7L)                     |        | 0.001       | 0.000      | 0.029      |             | 0.000  | 0.116r          |
| decode_mod.bus_in_opcode_9__OAI2BB1X0P5H7L_A0N_Y_NOR2X0P5H7L_B:Y (NOR2X0P5H7L)                     |        | 0.003       | 0.000      | 0.032      |             | 0.027  | 0.143f          |
| decode_mod.bus_in_opcode_9__OAI2BB1X0P5H7L_A0N_Y_NOR2X0P5H7L_B_Y (net)                             | 4      |             |            |            | 0.000       |        |                 |
| decode_mod.bus_in_opcode_9__OAI2BB1X0P5H7L_A0N_Y_NOR2X0P5H7L_B_Y_NAND2X1P4H7L_B_2:B (NAND2X1P4H7L) |        | 0.001       | 0.000      | 0.032      |             | 0.000  | 0.143f          |
| decode_mod.bus_in_opcode_9__OAI2BB1X0P5H7L_A0N_Y_NOR2X0P5H7L_B_Y_NAND2X1P4H7L_B_2:Y (NAND2X1P4H7L) |        | 0.006       | 0.000      | 0.068      |             | 0.049  | 0.192r          |
| reg_mod.regs[26]_6__reg_p_D_AOI21X0P5H7L_Y_B0 (net)                                                | 10     |             |            |            | 0.000       |        |                 |
| reg_mod.regs[26]_6__reg_p_D_AOI21X0P5H7L_Y_B0_BUFX3H7L_A:A (BUFX3H7L)                              |        | 0.001       | 0.000      | 0.068      |             | 0.000  | 0.192r          |
| reg_mod.regs[26]_6__reg_p_D_AOI21X0P5H7L_Y_B0_BUFX3H7L_A:Y (BUFX3H7L)                              |        | 0.014       | 0.000      | 0.086      |             | 0.084  | 0.276r          |
| reg_mod.regs[26]_9__reg_p_D_NOR2X0P5H7L_Y_A (net)                                                  | 24     |             |            |            | 0.000       |        |                 |
| reg_mod.regs[26]_9__reg_p_D_NOR2X0P5H7L_Y_A_NAND2X0P5H7L_B:B (NAND2X0P5H7L)                        |        | 0.001       | 0.000      | 0.086      |             | 0.000  | 0.276r          |
| reg_mod.regs[26]_9__reg_p_D_NOR2X0P5H7L_Y_A_NAND2X0P5H7L_B:Y (NAND2X0P5H7L)                        |        | 0.001       | 0.000      | 0.033      |             | 0.030  | 0.306f          |
| reg_mod.regs[26]_0__reg_p_CK_ICGX0P5H7L_ECK_E (net)                                                | 1      |             |            |            | 0.000       |        |                 |
| reg_mod.regs[26]_0__reg_p_CK_ICGX0P5H7L_ECK:E (ICGX0P5H7L)                                         |        | 0.001       | 0.000      | 0.033      |             | 0.000  | 0.306f          |
|                                                                                                    |        |             |            |            |             |        |                 |
| clock (port)                                                                                       |        | 0.147       | 0.000      | 0.000      |             | 0.000  | 0.000r          |
| clock (clock net)                                                                                  | 116    |             |            |            | NA          |        |                 |
| reg_mod.regs[26]_0__reg_p_CK_ICGX0P5H7L_ECK:CK (ICGX0P5H7L)                                        |        | 0.002       | 0.000      | 0.000      |             | 0.000  | 0.000r          |
| clock core_clock (rise edge)                                                                       |        |             |            |            |             | 0      | 0               |
| clock network delay (ideal)                                                                        |        |             |            |            |             | 0.000  | 0.000           |
| reg_mod.regs[26]_0__reg_p_CK_ICGX0P5H7L_ECK:CK (ICGX0P5H7L)                                        |        |             |            |            |             |        | 0.000r          |
| library hold time                                                                                  |        |             |            |            |             | -0.009 | -0.009          |
| clock reconvergence pessimism                                                                      |        |             |            |            |             | -0.000 | -0.009          |
|                                                                                                    |        |             |            |            |             |        |                 |
| path cell delay                                                                                    |        |             |            |            |             |        | 0.306(100.000%) |
| path net delay                                                                                     |        |             |            |            |             |        | 0.000(0.000%)   |
|                                                                                                    |        |             |            |            |             |        |                 |
| data require time                                                                                  |        |             |            |            |             |        | -0.009          |
| data arrival time                                                                                  |        |             |            |            |             |        | 0.306           |
| slack (MET)                                                                                        |        |             |            |            |             |        | 0.315           |
+----------------------------------------------------------------------------------------------------+--------+-------------+------------+------------+-------------+--------+-----------------+
+--------------------------------------------------------------------------------------------------+--------+-------------+------------+------------+-------------+--------+-----------------+
| Point                                                                                            | Fanout | Capacitance | Resistance | Transition | Delta Delay | Incr   | Path            |
+--------------------------------------------------------------------------------------------------+--------+-------------+------------+------------+-------------+--------+-----------------+
| clock (port)                                                                                     |        | 0.111       | 0.000      | 0.000      |             | 0.000  | 0.000r          |
| clock (clock net)                                                                                | 116    |             |            |            | NA          |        |                 |
| decode_mod.bus_in_opcode_10__reg_p:CK (DFFQX1H7L)                                                |        | 0.001       | 0.000      | 0.000      |             | 0.000  | 0.000r          |
| clock core_clock (rise edge)                                                                     |        |             |            |            |             | 0      | 0               |
| clock network delay (ideal)                                                                      |        |             |            |            |             | 0.000  | 0.000           |
| decode_mod.bus_in_opcode_10__reg_p:CK (DFFQX1H7L)                                                |        | 0.001       | 0.000      | 0.000      |             | 0.000  | 0.000r          |
| decode_mod.bus_in_opcode_10__reg_p:Q (DFFQX1H7L)                                                 |        | 0.004       | 0.000      | 0.045      |             | 0.081  | 0.081f          |
| decode_mod.bus_in_opcode_10_ (net)                                                               | 8      |             |            |            | 0.000       |        |                 |
| decode_mod.bus_in_opcode_9__NAND3X0P5H7L_A_Y_NOR2X0P5H7L_A_B_NAND3X0P5H7L_Y:A (NAND3X0P5H7L)     |        | 0.001       | 0.000      | 0.045      |             | 0.000  | 0.081f          |
| decode_mod.bus_in_opcode_9__NAND3X0P5H7L_A_Y_NOR2X0P5H7L_A_B_NAND3X0P5H7L_Y:Y (NAND3X0P5H7L)     |        | 0.001       | 0.000      | 0.029      |             | 0.035  | 0.116r          |
| decode_mod.bus_in_opcode_9__NAND3X0P5H7L_A_Y_NOR2X0P5H7L_A_B (net)                               | 2      |             |            |            | 0.000       |        |                 |
| decode_mod.bus_in_opcode_9__OAI2BB1X0P5H7L_A0N_Y_NOR2X0P5H7L_B:A (NOR2X0P5H7L)                   |        | 0.001       | 0.000      | 0.029      |             | 0.000  | 0.116r          |
| decode_mod.bus_in_opcode_9__OAI2BB1X0P5H7L_A0N_Y_NOR2X0P5H7L_B:Y (NOR2X0P5H7L)                   |        | 0.003       | 0.000      | 0.032      |             | 0.027  | 0.143f          |
| decode_mod.bus_in_opcode_9__OAI2BB1X0P5H7L_A0N_Y_NOR2X0P5H7L_B_Y (net)                           | 4      |             |            |            | 0.000       |        |                 |
| decode_mod.bus_in_opcode_9__OAI2BB1X0P5H7L_A0N_Y_NOR2X0P5H7L_B_Y_NAND2X1P4H7L_B:B (NAND2X1P4H7L) |        | 0.001       | 0.000      | 0.032      |             | 0.000  | 0.143f          |
| decode_mod.bus_in_opcode_9__OAI2BB1X0P5H7L_A0N_Y_NOR2X0P5H7L_B_Y_NAND2X1P4H7L_B:Y (NAND2X1P4H7L) |        | 0.006       | 0.000      | 0.068      |             | 0.049  | 0.192r          |
| reg_mod.regs[25]_6__reg_p_D_AOI21X0P5H7L_Y_B0 (net)                                              | 10     |             |            |            | 0.000       |        |                 |
| reg_mod.regs[25]_6__reg_p_D_AOI21X0P5H7L_Y_B0_BUFX3H7L_A:A (BUFX3H7L)                            |        | 0.001       | 0.000      | 0.068      |             | 0.000  | 0.192r          |
| reg_mod.regs[25]_6__reg_p_D_AOI21X0P5H7L_Y_B0_BUFX3H7L_A:Y (BUFX3H7L)                            |        | 0.014       | 0.000      | 0.086      |             | 0.084  | 0.276r          |
| reg_mod.regs[25]_9__reg_p_D_NOR2X0P5H7L_Y_A (net)                                                | 24     |             |            |            | 0.000       |        |                 |
| reset_INVX1P4H7L_A_Y_NAND2X0P5H7L_A_4:B (NAND2X0P5H7L)                                           |        | 0.001       | 0.000      | 0.086      |             | 0.000  | 0.276r          |
| reset_INVX1P4H7L_A_Y_NAND2X0P5H7L_A_4:Y (NAND2X0P5H7L)                                           |        | 0.001       | 0.000      | 0.033      |             | 0.030  | 0.306f          |
| reset_INVX1P4H7L_A_Y_NAND2X0P5H7L_A_4_Y (net)                                                    | 1      |             |            |            | 0.000       |        |                 |
| reg_mod.regs[25]_0__reg_p_CK_ICGX0P5H7L_ECK:E (ICGX0P5H7L)                                       |        | 0.001       | 0.000      | 0.033      |             | 0.000  | 0.306f          |
|                                                                                                  |        |             |            |            |             |        |                 |
| clock (port)                                                                                     |        | 0.147       | 0.000      | 0.000      |             | 0.000  | 0.000r          |
| clock (clock net)                                                                                | 116    |             |            |            | NA          |        |                 |
| reg_mod.regs[25]_0__reg_p_CK_ICGX0P5H7L_ECK:CK (ICGX0P5H7L)                                      |        | 0.002       | 0.000      | 0.000      |             | 0.000  | 0.000r          |
| clock core_clock (rise edge)                                                                     |        |             |            |            |             | 0      | 0               |
| clock network delay (ideal)                                                                      |        |             |            |            |             | 0.000  | 0.000           |
| reg_mod.regs[25]_0__reg_p_CK_ICGX0P5H7L_ECK:CK (ICGX0P5H7L)                                      |        |             |            |            |             |        | 0.000r          |
| library hold time                                                                                |        |             |            |            |             | -0.009 | -0.009          |
| clock reconvergence pessimism                                                                    |        |             |            |            |             | -0.000 | -0.009          |
|                                                                                                  |        |             |            |            |             |        |                 |
| path cell delay                                                                                  |        |             |            |            |             |        | 0.306(100.000%) |
| path net delay                                                                                   |        |             |            |            |             |        | 0.000(0.000%)   |
|                                                                                                  |        |             |            |            |             |        |                 |
| data require time                                                                                |        |             |            |            |             |        | -0.009          |
| data arrival time                                                                                |        |             |            |            |             |        | 0.306           |
| slack (MET)                                                                                      |        |             |            |            |             |        | 0.315           |
+--------------------------------------------------------------------------------------------------+--------+-------------+------------+------------+-------------+--------+-----------------+
