Generate the report at 2026-07-16T13:37:23, GitVersion: aa25008b3778a76ae1975c839d4cc459f7f7b3b7.
+-------------------------------------------------------------------------------------------+--------------------------+------------+------------+---------------+-------+-------+-----------+
| Endpoint                                                                                  | Clock Group              | Delay Type | Path Delay | Path Required | CPPR  | Slack | Freq(MHz) |
+-------------------------------------------------------------------------------------------+--------------------------+------------+------------+---------------+-------+-------+-----------+
| pc_mod.pc_27__reg_p:D                                                                     | core_clock               | max        | 1.019f     | 1.718         | 0.000 | 0.699 | 934.821   |
| ex_ls_bus_alu_out_ls_0__reg_p:D                                                           | core_clock               | max        | 1.024f     | 1.723         | 0.000 | 0.699 | 934.994   |
| alu_mod.bus_in_alu_op_3__reg_p:D                                                          | core_clock               | max        | 1.036r     | 1.739         | 0.000 | 0.703 | 937.896   |
| de_ex_pipeline_mod.opcode_in_15__reg_p:D                                                  | core_clock               | max        | 1.015f     | 1.718         | 0.000 | 0.703 | 938.468   |
| alu_mod.bus_in_imm_9__reg_p:D                                                             | core_clock               | max        | 1.035r     | 1.739         | 0.000 | 0.704 | 938.797   |
| icache_mod.block_valid[1]_reg_p_CK_ICGX0P5H7L_ECK:E                                       | **clock_gating_default** | max        | 0.989r     | 1.712         | 0.000 | 0.724 | NA        |
| icache_mod.block_valid[1]_reg_p_D_NOR2X0P5H7L_Y_A_NOR2X0P5H7L_B_Y_ICGX0P5H7L_E:E          | **clock_gating_default** | max        | 0.985r     | 1.714         | 0.000 | 0.729 | NA        |
| icache_mod.block_valid[2]_reg_p_D_NOR2X0P5H7L_Y_B_NOR2X0P5H7L_B_Y_ICGX0P5H7L_E:E          | **clock_gating_default** | max        | 0.985r     | 1.714         | 0.000 | 0.729 | NA        |
| icache_mod.fill_count_1__XOR2X0P5H7L_B_Y_NAND2X0P5H7L_B_Y_NOR2X0P5H7L_B_Y_ICGX0P5H7L_E:E  | **clock_gating_default** | max        | 0.985r     | 1.715         | 0.000 | 0.730 | NA        |
| icache_mod.fill_count_1__OR2X0P5H7L_B_Y_MUX2X0P5H7L_A_Y_NOR2X0P5H7L_B_Y_ICGX0P5H7L_E:E    | **clock_gating_default** | max        | 0.985r     | 1.715         | 0.000 | 0.730 | NA        |
| icache_mod.miss_addr_2__reg_p:D                                                           | core_clock               | min        | 0.064f     | -0.008        | 0.000 | 0.072 | NA        |
| icache_mod.miss_addr_16__reg_p:D                                                          | core_clock               | min        | 0.064f     | -0.008        | 0.000 | 0.072 | NA        |
| icache_mod.miss_addr_6__reg_p:D                                                           | core_clock               | min        | 0.074f     | -0.010        | 0.000 | 0.084 | NA        |
| icache_mod.miss_addr_15__reg_p:D                                                          | core_clock               | min        | 0.082f     | -0.012        | 0.000 | 0.094 | NA        |
| icache_mod.miss_addr_7__reg_p:D                                                           | core_clock               | min        | 0.082f     | -0.013        | 0.000 | 0.095 | NA        |
| arbiter_mod.read_busy_reg_p_D_AOI211X0P5H7L_Y_A0_NOR2X0P5H7L_B_Y_ICGX0P5H7L_E:E           | **clock_gating_default** | min        | 0.123f     | -0.004        | 0.000 | 0.127 | NA        |
| lsu_mod.trans_r_reg_p_CK_ICGX0P5H7L_ECK:E                                                 | **clock_gating_default** | min        | 0.132f     | 0.001         | 0.000 | 0.131 | NA        |
| icache_mod.fill_count_1__XOR2X0P5H7L_B_Y_NAND2BX0P5H7L_B_Y_NOR2X0P5H7L_B_Y_ICGX0P5H7L_E:E | **clock_gating_default** | min        | 0.136f     | -0.005        | 0.000 | 0.141 | NA        |
| icache_mod.fill_count_1__OR2X0P5H7L_B_Y_MUX2X0P5H7L_B_Y_NOR2X0P5H7L_B_Y_ICGX0P5H7L_E:E    | **clock_gating_default** | min        | 0.136f     | -0.005        | 0.000 | 0.142 | NA        |
| icache_mod.fill_count_1__OR2X0P5H7L_B_Y_MUX2X0P5H7L_A_Y_NOR2X0P5H7L_B_Y_ICGX0P5H7L_E:E    | **clock_gating_default** | min        | 0.136f     | -0.005        | 0.000 | 0.142 | NA        |
+-------------------------------------------------------------------------------------------+--------------------------+------------+------------+---------------+-------+-------+-----------+
+------------+------------+-------+
| Clock      | Delay Type | TNS   |
+------------+------------+-------+
| core_clock | max        | 0.000 |
| core_clock | min        | 0.000 |
+------------+------------+-------+
+-------------------------------------------------------------------------------------------------------------------------------------------------------------------------------------+--------+-------------+------------+------------+-------------+--------+-----------------+
| Point                                                                                                                                                                               | Fanout | Capacitance | Resistance | Transition | Delta Delay | Incr   | Path            |
+-------------------------------------------------------------------------------------------------------------------------------------------------------------------------------------+--------+-------------+------------+------------+-------------+--------+-----------------+
| clock (port)                                                                                                                                                                        |        | 0.875       | 0.000      | 0.000      |             | 0.000  | 0.000r          |
| clock (clock net)                                                                                                                                                                   | 832    |             |            |            | NA          |        |                 |
| de_ex_pipeline_mod.opcode_in_5__reg_p:CK (DFFQX1H7L)                                                                                                                                |        | 0.001       | 0.000      | 0.000      |             | 0.000  | 0.000r          |
| clock core_clock (rise edge)                                                                                                                                                        |        |             |            |            |             | 0      | 0               |
| clock network delay (ideal)                                                                                                                                                         |        |             |            |            |             | 0.000  | 0.000           |
| de_ex_pipeline_mod.opcode_in_5__reg_p:CK (DFFQX1H7L)                                                                                                                                |        | 0.001       | 0.000      | 0.000      |             | 0.000  | 0.000r          |
| de_ex_pipeline_mod.opcode_in_5__reg_p:Q (DFFQX1H7L)                                                                                                                                 |        | 0.001       | 0.000      | 0.022      |             | 0.082  | 0.082r          |
| de_ex_pipeline_mod.opcode_in_5_ (net)                                                                                                                                               | 1      |             |            |            | 0.000       |        |                 |
| de_ex_pipeline_mod.opcode_in_5__BUFX3H7L_A:A (BUFX3H7L)                                                                                                                             |        | 0.001       | 0.000      | 0.022      |             | 0.000  | 0.082r          |
| de_ex_pipeline_mod.opcode_in_5__BUFX3H7L_A:Y (BUFX3H7L)                                                                                                                             |        | 0.017       | 0.000      | 0.107      |             | 0.085  | 0.167r          |
| de_ex_pipeline_mod.opcode_in_5__BUFX3H7L_A_Y (net)                                                                                                                                  | 19     |             |            |            | 0.000       |        |                 |
| de_ex_pipeline_mod.opcode_in_2__NAND4BX4H7L_D:B (NAND4BX4H7L)                                                                                                                       |        | 0.002       | 0.000      | 0.107      |             | 0.000  | 0.167r          |
| de_ex_pipeline_mod.opcode_in_2__NAND4BX4H7L_D:Y (NAND4BX4H7L)                                                                                                                       |        | 0.011       | 0.000      | 0.116      |             | 0.094  | 0.261f          |
| de_ex_pipeline_mod.opcode_in_2__NAND4BX4H7L_D_Y (net)                                                                                                                               | 13     |             |            |            | 0.000       |        |                 |
| csr_mod.waddr_9__NOR4X0P5H7L_A_Y_NAND3X0P5H7L_A_Y_OR4X1P4H7L_C_Y_AOI21X1P4H7L_B0_A0_OAI32X1P4H7L_Y_B0_OAI211X1P4H7L_Y_A0_AOI21X0P5H7L_Y_A0_OR3X1H7L_Y:C (OR3X1H7L)                  |        | 0.001       | 0.000      | 0.116      |             | 0.000  | 0.261f          |
| csr_mod.waddr_9__NOR4X0P5H7L_A_Y_NAND3X0P5H7L_A_Y_OR4X1P4H7L_C_Y_AOI21X1P4H7L_B0_A0_OAI32X1P4H7L_Y_B0_OAI211X1P4H7L_Y_A0_AOI21X0P5H7L_Y_A0_OR3X1H7L_Y:Y (OR3X1H7L)                  |        | 0.002       | 0.000      | 0.039      |             | 0.098  | 0.359f          |
| csr_mod.waddr_9__NOR4X0P5H7L_A_Y_NAND3X0P5H7L_A_Y_OR4X1P4H7L_C_Y_AOI21X1P4H7L_B0_A0_OAI32X1P4H7L_Y_B0_OAI211X1P4H7L_Y_A0_AOI21X0P5H7L_Y_A0 (net)                                    | 3      |             |            |            | 0.000       |        |                 |
| csr_mod.waddr_9__NOR4X0P5H7L_A_Y_NAND3X0P5H7L_A_Y_OR4X1P4H7L_C_Y_AOI21X1P4H7L_B0_A0_OAI32X1P4H7L_Y_B0_OAI211X1P4H7L_Y_A0_AOI21X0P5H7L_Y_A0_NAND2X0P5H7L_A:A (NAND2X0P5H7L)          |        | 0.001       | 0.000      | 0.039      |             | 0.000  | 0.359f          |
| csr_mod.waddr_9__NOR4X0P5H7L_A_Y_NAND3X0P5H7L_A_Y_OR4X1P4H7L_C_Y_AOI21X1P4H7L_B0_A0_OAI32X1P4H7L_Y_B0_OAI211X1P4H7L_Y_A0_AOI21X0P5H7L_Y_A0_NAND2X0P5H7L_A:Y (NAND2X0P5H7L)          |        | 0.001       | 0.000      | 0.049      |             | 0.028  | 0.387r          |
| csr_mod.waddr_9__NOR4X0P5H7L_A_Y_NAND3X0P5H7L_A_Y_OR4X1P4H7L_C_Y_AOI21X1P4H7L_B0_A0_OAI32X1P4H7L_Y_B0_OAI211X1P4H7L_Y_A0_AOI21X0P5H7L_Y_A0_NAND2X0P5H7L_A_Y (net)                   | 1      |             |            |            | 0.000       |        |                 |
| csr_mod.waddr_9__NOR4X0P5H7L_A_Y_NAND3X0P5H7L_A_Y_OR4X1P4H7L_C_Y_AOI21X1P4H7L_B0_A0_OAI32X1P4H7L_Y_B0_OAI211X1P4H7L_Y_A0_AOI21X0P5H7L_Y_A0_NAND2X0P5H7L_A_Y_BUFX3H7L_A:A (BUFX3H7L) |        | 0.001       | 0.000      | 0.049      |             | 0.000  | 0.387r          |
| csr_mod.waddr_9__NOR4X0P5H7L_A_Y_NAND3X0P5H7L_A_Y_OR4X1P4H7L_C_Y_AOI21X1P4H7L_B0_A0_OAI32X1P4H7L_Y_B0_OAI211X1P4H7L_Y_A0_AOI21X0P5H7L_Y_A0_NAND2X0P5H7L_A_Y_BUFX3H7L_A:Y (BUFX3H7L) |        | 0.017       | 0.000      | 0.105      |             | 0.091  | 0.478r          |
| decode_mod.ls_rd_3__NOR2X0P5H7L_A_B (net)                                                                                                                                           | 19     |             |            |            | 0.000       |        |                 |
| decode_mod.ls_rd_3__NOR2X0P5H7L_A:B (NOR2X0P5H7L)                                                                                                                                   |        | 0.001       | 0.000      | 0.105      |             | 0.000  | 0.478r          |
| decode_mod.ls_rd_3__NOR2X0P5H7L_A:Y (NOR2X0P5H7L)                                                                                                                                   |        | 0.001       | 0.000      | 0.036      |             | 0.025  | 0.502f          |
| decode_mod.ls_rd_3__NOR2X0P5H7L_A_Y (net)                                                                                                                                           | 1      |             |            |            | 0.000       |        |                 |
| decode_mod.ls_rd_3__NOR2X0P5H7L_A_Y_OAI211X1P4H7L_A1:A1 (OAI211X1P4H7L)                                                                                                             |        | 0.001       | 0.000      | 0.036      |             | 0.000  | 0.502f          |
| decode_mod.ls_rd_3__NOR2X0P5H7L_A_Y_OAI211X1P4H7L_A1:Y (OAI211X1P4H7L)                                                                                                              |        | 0.001       | 0.000      | 0.054      |             | 0.044  | 0.547r          |
| decode_mod.ls_rd_3__NOR2X0P5H7L_A_Y_OAI211X1P4H7L_A1_Y (net)                                                                                                                        | 1      |             |            |            | 0.000       |        |                 |
| decode_mod.ls_rd_1__OR4X1P4H7L_B_Y_NOR2X0P5H7L_B_Y_OAOI211X1P4H7L_C0:A0 (OAOI211X1P4H7L)                                                                                            |        | 0.001       | 0.000      | 0.054      |             | 0.000  | 0.547r          |
| decode_mod.ls_rd_1__OR4X1P4H7L_B_Y_NOR2X0P5H7L_B_Y_OAOI211X1P4H7L_C0:Y (OAOI211X1P4H7L)                                                                                             |        | 0.001       | 0.000      | 0.029      |             | 0.032  | 0.578f          |
| decode_mod.ls_rd_1__OR4X1P4H7L_B_Y_NOR2X0P5H7L_B_Y_OAOI211X1P4H7L_C0_Y (net)                                                                                                        | 1      |             |            |            | 0.000       |        |                 |
| decode_mod.ls_rd_1__OR4X1P4H7L_B_Y_NOR2X0P5H7L_B_Y_OAOI211X1P4H7L_C0_Y_NAND3BBX6H7L_BN:BN (NAND3BBX6H7L)                                                                            |        | 0.001       | 0.000      | 0.029      |             | 0.000  | 0.578f          |
| decode_mod.ls_rd_1__OR4X1P4H7L_B_Y_NOR2X0P5H7L_B_Y_OAOI211X1P4H7L_C0_Y_NAND3BBX6H7L_BN:Y (NAND3BBX6H7L)                                                                             |        | 0.008       | 0.000      | 0.111      |             | 0.090  | 0.668f          |
| decode_mod.valid_left_NAND2X0P5H7L_A_B (net)                                                                                                                                        | 5      |             |            |            | 0.000       |        |                 |
| icache_mod.hit_1_NOR4X0P5H7L_Y_B_OR4X1P4H7L_Y_A_NOR3X0P5H7L_B_Y_NAND3X1H7L_A_Y_AO211X1P4H7L_A0:B0 (AO211X1P4H7L)                                                                    |        | 0.001       | 0.000      | 0.111      |             | 0.000  | 0.668f          |
| icache_mod.hit_1_NOR4X0P5H7L_Y_B_OR4X1P4H7L_Y_A_NOR3X0P5H7L_B_Y_NAND3X1H7L_A_Y_AO211X1P4H7L_A0:Y (AO211X1P4H7L)                                                                     |        | 0.001       | 0.000      | 0.030      |             | 0.092  | 0.760f          |
| icache_mod.hit_1_NOR4X0P5H7L_Y_B_OR4X1P4H7L_Y_A_NOR3X0P5H7L_B_Y_NAND3X1H7L_A_Y_AO211X1P4H7L_A0_Y (net)                                                                              | 1      |             |            |            | 0.000       |        |                 |
| icache_mod.hit_1_NOR4X0P5H7L_Y_B_OR4X1P4H7L_Y_A_NOR3X0P5H7L_B_Y_NAND3X1H7L_A_Y_AO211X1P4H7L_A0_Y_BUFX5H7L_A:A (BUFX5H7L)                                                            |        | 0.001       | 0.000      | 0.030      |             | 0.000  | 0.760f          |
| icache_mod.hit_1_NOR4X0P5H7L_Y_B_OR4X1P4H7L_Y_A_NOR3X0P5H7L_B_Y_NAND3X1H7L_A_Y_AO211X1P4H7L_A0_Y_BUFX5H7L_A:Y (BUFX5H7L)                                                            |        | 0.007       | 0.000      | 0.024      |             | 0.046  | 0.807f          |
| icache_mod.hit_1_NOR2BX1H7L_B_AN_AO21X4H7L_A0_Y_NOR3X8H7L_C_A_OR2X8H7L_A_B (net)                                                                                                    | 4      |             |            |            | 0.000       |        |                 |
| icache_mod.hit_1_NOR2BX1H7L_B_AN_AO21X4H7L_A0_Y_NOR3X8H7L_C_A_OR2X8H7L_A:B (OR2X8H7L)                                                                                               |        | 0.002       | 0.000      | 0.024      |             | 0.000  | 0.807f          |
| icache_mod.hit_1_NOR2BX1H7L_B_AN_AO21X4H7L_A0_Y_NOR3X8H7L_C_A_OR2X8H7L_A:Y (OR2X8H7L)                                                                                               |        | 0.002       | 0.000      | 0.020      |             | 0.048  | 0.855f          |
| icache_mod.hit_1_NOR2BX1H7L_B_AN_AO21X4H7L_A0_Y_NOR3X8H7L_C_A_OR2X8H7L_A_Y (net)                                                                                                    | 1      |             |            |            | 0.000       |        |                 |
| icache_mod.hit_1_NOR2BX1H7L_B_AN_AO21X4H7L_A0_Y_NOR3X8H7L_C_A_OR2X8H7L_A_Y_BUFX10H7L_A:A (BUFX10H7L)                                                                                |        | 0.002       | 0.000      | 0.020      |             | 0.000  | 0.855f          |
| icache_mod.hit_1_NOR2BX1H7L_B_AN_AO21X4H7L_A0_Y_NOR3X8H7L_C_A_OR2X8H7L_A_Y_BUFX10H7L_A:Y (BUFX10H7L)                                                                                |        | 0.019       | 0.000      | 0.029      |             | 0.045  | 0.900f          |
| pc_mod.pc_27__reg_p_D_AOI211X1P4H7L_Y_A1_XNOR2X3H7L_Y_B_NOR3X6H7L_Y_A (net)                                                                                                         | 18     |             |            |            | 0.000       |        |                 |
| pc_mod.pc_27__reg_p_D_AOI211X1P4H7L_Y_A1_XNOR2X3H7L_Y_B_NOR3X6H7L_Y:A (NOR3X6H7L)                                                                                                   |        | 0.003       | 0.000      | 0.029      |             | 0.000  | 0.900f          |
| pc_mod.pc_27__reg_p_D_AOI211X1P4H7L_Y_A1_XNOR2X3H7L_Y_B_NOR3X6H7L_Y:Y (NOR3X6H7L)                                                                                                   |        | 0.001       | 0.000      | 0.050      |             | 0.038  | 0.938r          |
| pc_mod.pc_27__reg_p_D_AOI211X1P4H7L_Y_A1_XNOR2X3H7L_Y_B (net)                                                                                                                       | 1      |             |            |            | 0.000       |        |                 |
| pc_mod.pc_27__reg_p_D_AOI211X1P4H7L_Y_A1_XNOR2X3H7L_Y:B (XNOR2X3H7L)                                                                                                                |        | 0.001       | 0.000      | 0.050      |             | 0.000  | 0.938r          |
| pc_mod.pc_27__reg_p_D_AOI211X1P4H7L_Y_A1_XNOR2X3H7L_Y:Y (XNOR2X3H7L)                                                                                                                |        | 0.001       | 0.000      | 0.024      |             | 0.057  | 0.995r          |
| pc_mod.pc_27__reg_p_D_AOI211X1P4H7L_Y_A1 (net)                                                                                                                                      | 1      |             |            |            | 0.000       |        |                 |
| pc_mod.pc_27__reg_p_D_AOI211X1P4H7L_Y:A1 (AOI211X1P4H7L)                                                                                                                            |        | 0.001       | 0.000      | 0.024      |             | 0.000  | 0.995r          |
| pc_mod.pc_27__reg_p_D_AOI211X1P4H7L_Y:Y (AOI211X1P4H7L)                                                                                                                             |        | 0.001       | 0.000      | 0.076      |             | 0.023  | 1.019f          |
| pc_mod.pc_27__reg_p_D (net)                                                                                                                                                         | 1      |             |            |            | 0.000       |        |                 |
| pc_mod.pc_27__reg_p:D (DFFQX1H7L)                                                                                                                                                   |        | 0.001       | 0.000      | 0.076      |             | 0.000  | 1.019f          |
|                                                                                                                                                                                     |        |             |            |            |             |        |                 |
| clock (port)                                                                                                                                                                        |        | 0.686       | 0.000      | 0.000      |             | 0.000  | 0.000r          |
| clock (clock net)                                                                                                                                                                   | 832    |             |            |            | NA          |        |                 |
| pc_mod.pc_27__reg_p:CK (DFFQX1H7L)                                                                                                                                                  |        | 0.001       | 0.000      | 0.000      |             | 0.000  | 0.000r          |
| clock core_clock (rise edge)                                                                                                                                                        |        |             |            |            |             | 1.769  | 1.769           |
| clock network delay (ideal)                                                                                                                                                         |        |             |            |            |             | 0.000  | 1.769           |
| pc_mod.pc_27__reg_p:CK (DFFQX1H7L)                                                                                                                                                  |        |             |            |            |             |        | 1.769r          |
| library setup time                                                                                                                                                                  |        |             |            |            |             | -0.051 | 1.718           |
| clock reconvergence pessimism                                                                                                                                                       |        |             |            |            |             | 0.000  | 1.718           |
|                                                                                                                                                                                     |        |             |            |            |             |        |                 |
| path cell delay                                                                                                                                                                     |        |             |            |            |             |        | 1.019(100.000%) |
| path net delay                                                                                                                                                                      |        |             |            |            |             |        | 0.000(0.000%)   |
|                                                                                                                                                                                     |        |             |            |            |             |        |                 |
| data require time                                                                                                                                                                   |        |             |            |            |             |        | 1.718           |
| data arrival time                                                                                                                                                                   |        |             |            |            |             |        | 1.019           |
| slack (MET)                                                                                                                                                                         |        |             |            |            |             |        | 0.699           |
+-------------------------------------------------------------------------------------------------------------------------------------------------------------------------------------+--------+-------------+------------+------------+-------------+--------+-----------------+
+---------------------------------------------------------------------------------------------------------------------------------------------------------------------------------------------------------------------+--------+-------------+------------+------------+-------------+--------+-----------------+
| Point                                                                                                                                                                                                               | Fanout | Capacitance | Resistance | Transition | Delta Delay | Incr   | Path            |
+---------------------------------------------------------------------------------------------------------------------------------------------------------------------------------------------------------------------+--------+-------------+------------+------------+-------------+--------+-----------------+
| clock (port)                                                                                                                                                                                                        |        | 0.875       | 0.000      | 0.000      |             | 0.000  | 0.000r          |
| clock (clock net)                                                                                                                                                                                                   | 832    |             |            |            | NA          |        |                 |
| alu_mod.bus_in_alu_op_5__reg_p:CK (DFFQX1H7L)                                                                                                                                                                       |        | 0.001       | 0.000      | 0.000      |             | 0.000  | 0.000r          |
| clock core_clock (rise edge)                                                                                                                                                                                        |        |             |            |            |             | 0      | 0               |
| clock network delay (ideal)                                                                                                                                                                                         |        |             |            |            |             | 0.000  | 0.000           |
| alu_mod.bus_in_alu_op_5__reg_p:CK (DFFQX1H7L)                                                                                                                                                                       |        | 0.001       | 0.000      | 0.000      |             | 0.000  | 0.000r          |
| alu_mod.bus_in_alu_op_5__reg_p:Q (DFFQX1H7L)                                                                                                                                                                        |        | 0.001       | 0.000      | 0.023      |             | 0.082  | 0.082r          |
| alu_mod.bus_in_alu_op_5_ (net)                                                                                                                                                                                      | 1      |             |            |            | 0.000       |        |                 |
| alu_mod.bus_in_alu_op_5__BUFX3P5H7L_A:A (BUFX3P5H7L)                                                                                                                                                                |        | 0.001       | 0.000      | 0.023      |             | 0.000  | 0.082r          |
| alu_mod.bus_in_alu_op_5__BUFX3P5H7L_A:Y (BUFX3P5H7L)                                                                                                                                                                |        | 0.011       | 0.000      | 0.060      |             | 0.056  | 0.139r          |
| alu_mod.bus_in_alu_op_5__BUFX3P5H7L_A_Y (net)                                                                                                                                                                       | 12     |             |            |            | 0.000       |        |                 |
| alu_mod.bus_in_alu_op_5__BUFX3P5H7L_A_Y_INVX2P5H7L_A:A (INVX2P5H7L)                                                                                                                                                 |        | 0.002       | 0.000      | 0.060      |             | 0.000  | 0.139r          |
| alu_mod.bus_in_alu_op_5__BUFX3P5H7L_A_Y_INVX2P5H7L_A:Y (INVX2P5H7L)                                                                                                                                                 |        | 0.019       | 0.000      | 0.080      |             | 0.062  | 0.201f          |
| alu_mod.bus_in_rs1_3__MUX2X0P5H7L_B_Y_NOR2X0P5H7L_B_A (net)                                                                                                                                                         | 23     |             |            |            | 0.000       |        |                 |
| ex_ls_bus_alu_out_ls_17__reg_p_D_AOI2BB1X0P5H7L_Y_A1N_OAI211X1P4H7L_Y_A1_XNOR2X0P5H7L_Y_A_AOAI211X0P5H7L_Y_C0_OAI21BX0P5H7L_A1_B0N_AOI21X0P5H7L_Y_A1_OAI211X1H7L_Y_A1_OAI21X0P5H7L_A1:B0 (OAI21X0P5H7L)             |        | 0.001       | 0.000      | 0.080      |             | 0.000  | 0.201f          |
| ex_ls_bus_alu_out_ls_17__reg_p_D_AOI2BB1X0P5H7L_Y_A1N_OAI211X1P4H7L_Y_A1_XNOR2X0P5H7L_Y_A_AOAI211X0P5H7L_Y_C0_OAI21BX0P5H7L_A1_B0N_AOI21X0P5H7L_Y_A1_OAI211X1H7L_Y_A1_OAI21X0P5H7L_A1:Y (OAI21X0P5H7L)              |        | 0.001       | 0.000      | 0.063      |             | 0.038  | 0.238r          |
| ex_ls_bus_alu_out_ls_17__reg_p_D_AOI2BB1X0P5H7L_Y_A1N_OAI211X1P4H7L_Y_A1_XNOR2X0P5H7L_Y_A_AOAI211X0P5H7L_Y_C0_OAI21BX0P5H7L_A1_B0N_AOI21X0P5H7L_Y_A1_OAI211X1H7L_Y_A1_OAI21X0P5H7L_A1_Y (net)                       | 1      |             |            |            | 0.000       |        |                 |
| ex_ls_bus_alu_out_ls_17__reg_p_D_AOI2BB1X0P5H7L_Y_A1N_OAI211X1P4H7L_Y_A1_XNOR2X0P5H7L_Y_A_AOAI211X0P5H7L_Y_C0_OAI21BX0P5H7L_A1_B0N_AOI21X0P5H7L_Y_A1_OAI211X1H7L_Y_A1_OAI21X0P5H7L_A1_Y_BUFX3P5H7L_A:A (BUFX3P5H7L) |        | 0.001       | 0.000      | 0.063      |             | 0.000  | 0.238r          |
| ex_ls_bus_alu_out_ls_17__reg_p_D_AOI2BB1X0P5H7L_Y_A1N_OAI211X1P4H7L_Y_A1_XNOR2X0P5H7L_Y_A_AOAI211X0P5H7L_Y_C0_OAI21BX0P5H7L_A1_B0N_AOI21X0P5H7L_Y_A1_OAI211X1H7L_Y_A1_OAI21X0P5H7L_A1_Y_BUFX3P5H7L_A:Y (BUFX3P5H7L) |        | 0.015       | 0.000      | 0.080      |             | 0.075  | 0.313r          |
| alu_mod.bus_in_imm_25__MUX2X0P5H7L_B_Y_XNOR2X0P5H7L_B_A (net)                                                                                                                                                       | 12     |             |            |            | 0.000       |        |                 |
| alu_mod.bus_in_imm_25__MUX2X0P5H7L_B_Y_XNOR2X0P5H7L_B_A_BUFX7H7L_A:A (BUFX7H7L)                                                                                                                                     |        | 0.002       | 0.000      | 0.080      |             | 0.000  | 0.313r          |
| alu_mod.bus_in_imm_25__MUX2X0P5H7L_B_Y_XNOR2X0P5H7L_B_A_BUFX7H7L_A:Y (BUFX7H7L)                                                                                                                                     |        | 0.023       | 0.000      | 0.065      |             | 0.068  | 0.381r          |
| alu_mod.bus_in_imm_25__MUX2X0P5H7L_B_Y_XNOR2X0P5H7L_B_A_BUFX7H7L_A_Y (net)                                                                                                                                          | 24     |             |            |            | 0.000       |        |                 |
| alu_mod.bus_in_imm_19__MUX2X0P5H7L_B_Y_NOR2X0P5H7L_B_Y_OAI221X0P5H7L_B0_A1_NAND2X0P5H7L_Y:A (NAND2X0P5H7L)                                                                                                          |        | 0.001       | 0.000      | 0.065      |             | 0.000  | 0.381r          |
| alu_mod.bus_in_imm_19__MUX2X0P5H7L_B_Y_NOR2X0P5H7L_B_Y_OAI221X0P5H7L_B0_A1_NAND2X0P5H7L_Y:Y (NAND2X0P5H7L)                                                                                                          |        | 0.002       | 0.000      | 0.053      |             | 0.044  | 0.425f          |
| alu_mod.bus_in_imm_19__MUX2X0P5H7L_B_Y_NOR2X0P5H7L_B_Y_OAI221X0P5H7L_B0_A1 (net)                                                                                                                                    | 3      |             |            |            | 0.000       |        |                 |
| alu_mod.bus_in_imm_19__MUX2X0P5H7L_B_Y_NOR2X0P5H7L_B_Y_OAI221X0P5H7L_B0:A1 (OAI221X0P5H7L)                                                                                                                          |        | 0.001       | 0.000      | 0.053      |             | 0.000  | 0.425f          |
| alu_mod.bus_in_imm_19__MUX2X0P5H7L_B_Y_NOR2X0P5H7L_B_Y_OAI221X0P5H7L_B0:Y (OAI221X0P5H7L)                                                                                                                           |        | 0.001       | 0.000      | 0.071      |             | 0.061  | 0.486r          |
| alu_mod.bus_in_imm_19__MUX2X0P5H7L_B_Y_NOR2X0P5H7L_B_Y_OAI221X0P5H7L_B0_Y (net)                                                                                                                                     | 1      |             |            |            | 0.000       |        |                 |
| alu_mod.bus_in_imm_19__MUX2X0P5H7L_B_Y_NOR2X0P5H7L_B_Y_OAI221X0P5H7L_B0_Y_AND4X0P5H7L_B:B (AND4X0P5H7L)                                                                                                             |        | 0.001       | 0.000      | 0.071      |             | 0.000  | 0.486r          |
| alu_mod.bus_in_imm_19__MUX2X0P5H7L_B_Y_NOR2X0P5H7L_B_Y_OAI221X0P5H7L_B0_Y_AND4X0P5H7L_B:Y (AND4X0P5H7L)                                                                                                             |        | 0.002       | 0.000      | 0.051      |             | 0.090  | 0.576r          |
| alu_mod.bus_in_imm_19__MUX2X0P5H7L_B_Y_NOR2X0P5H7L_B_Y_OAI221X0P5H7L_B0_Y_AND4X0P5H7L_B_Y (net)                                                                                                                     | 2      |             |            |            | 0.000       |        |                 |
| ex_ls_bus_alu_out_ls_17__reg_p_D_AOI2BB1X0P5H7L_Y_A1N_OAI211X1P4H7L_Y_A1_XNOR2X0P5H7L_Y_A_AOAI211X0P5H7L_Y_B0_OAI211X0P7H7L_B0_Y_NAND2X1P4H7L_A:B (NAND2X1P4H7L)                                                    |        | 0.001       | 0.000      | 0.051      |             | 0.000  | 0.576r          |
| ex_ls_bus_alu_out_ls_17__reg_p_D_AOI2BB1X0P5H7L_Y_A1N_OAI211X1P4H7L_Y_A1_XNOR2X0P5H7L_Y_A_AOAI211X0P5H7L_Y_B0_OAI211X0P7H7L_B0_Y_NAND2X1P4H7L_A:Y (NAND2X1P4H7L)                                                    |        | 0.003       | 0.000      | 0.045      |             | 0.035  | 0.610f          |
| ex_ls_bus_alu_out_ls_17__reg_p_D_AOI2BB1X0P5H7L_Y_A1N_OAI211X1P4H7L_Y_A1_XNOR2X0P5H7L_Y_A_AOAI211X0P5H7L_Y_B0_OAI211X0P7H7L_B0_Y_NAND2X1P4H7L_A_Y (net)                                                             | 3      |             |            |            | 0.000       |        |                 |
| ex_ls_bus_alu_out_ls_27__reg_p_D_OAOI211X1P4H7L_Y_A1_XNOR2X0P5H7L_Y_A_NAND2X0P5H7L_Y_B_OAI211X0P7H7L_B0_Y_AOI32X0P5H7L_B1_Y_NAND4BX0P5H7L_D_Y_AOI221X0P5H7L_C0:A1 (AOI221X0P5H7L)                                   |        | 0.001       | 0.000      | 0.045      |             | 0.000  | 0.610f          |
| ex_ls_bus_alu_out_ls_27__reg_p_D_OAOI211X1P4H7L_Y_A1_XNOR2X0P5H7L_Y_A_NAND2X0P5H7L_Y_B_OAI211X0P7H7L_B0_Y_AOI32X0P5H7L_B1_Y_NAND4BX0P5H7L_D_Y_AOI221X0P5H7L_C0:Y (AOI221X0P5H7L)                                    |        | 0.002       | 0.000      | 0.157      |             | 0.118  | 0.728r          |
| ex_ls_bus_alu_out_ls_0__reg_p_D_NAND3X1P4H7L_Y_C_AOI32X1P4H7L_Y_B0_OAI221X0P5H7L_Y_B0_NOR3X0P5H7L_Y_B_AOI221X0P5H7L_Y_B0 (net)                                                                                      | 3      |             |            |            | 0.000       |        |                 |
| ex_ls_bus_alu_out_ls_0__reg_p_D_NAND3X1P4H7L_Y_C_AOI32X1P4H7L_Y_B0_OAI221X0P5H7L_Y_B0_NOR3X0P5H7L_Y_B_AOI221X0P5H7L_Y:B0 (AOI221X0P5H7L)                                                                            |        | 0.001       | 0.000      | 0.157      |             | 0.000  | 0.728r          |
| ex_ls_bus_alu_out_ls_0__reg_p_D_NAND3X1P4H7L_Y_C_AOI32X1P4H7L_Y_B0_OAI221X0P5H7L_Y_B0_NOR3X0P5H7L_Y_B_AOI221X0P5H7L_Y:Y (AOI221X0P5H7L)                                                                             |        | 0.002       | 0.000      | 0.069      |             | 0.060  | 0.788f          |
| ex_ls_bus_alu_out_ls_0__reg_p_D_NAND3X1P4H7L_Y_C_AOI32X1P4H7L_Y_B0_OAI221X0P5H7L_Y_B0_NOR3X0P5H7L_Y_B (net)                                                                                                         | 2      |             |            |            | 0.000       |        |                 |
| ex_ls_bus_alu_out_ls_0__reg_p_D_NAND3X1P4H7L_Y_C_AOI32X1P4H7L_Y_B0_OAI221X0P5H7L_Y_B0_NOR3X0P5H7L_Y_A_NOR4X2H7L_A:B (NOR4X2H7L)                                                                                     |        | 0.001       | 0.000      | 0.069      |             | 0.000  | 0.788f          |
| ex_ls_bus_alu_out_ls_0__reg_p_D_NAND3X1P4H7L_Y_C_AOI32X1P4H7L_Y_B0_OAI221X0P5H7L_Y_B0_NOR3X0P5H7L_Y_A_NOR4X2H7L_A:Y (NOR4X2H7L)                                                                                     |        | 0.002       | 0.000      | 0.103      |             | 0.081  | 0.869r          |
| ex_ls_bus_alu_out_ls_0__reg_p_D_NAND3X1P4H7L_Y_C_AOI32X1P4H7L_Y_B0_OAI221X0P5H7L_Y_B0_NOR3X0P5H7L_Y_A_NOR4X2H7L_A_Y (net)                                                                                           | 2      |             |            |            | 0.000       |        |                 |
| ex_ls_bus_alu_out_ls_0__reg_p_D_NAND3X1P4H7L_Y_C_AOI32X1P4H7L_Y_B0_OAI221X0P5H7L_Y_B0_NOR3X0P5H7L_Y_A_NOR4X2H7L_A_Y_OAI211X0P7H7L_A0:A0 (OAI211X0P7H7L)                                                             |        | 0.001       | 0.000      | 0.103      |             | 0.000  | 0.869r          |
| ex_ls_bus_alu_out_ls_0__reg_p_D_NAND3X1P4H7L_Y_C_AOI32X1P4H7L_Y_B0_OAI221X0P5H7L_Y_B0_NOR3X0P5H7L_Y_A_NOR4X2H7L_A_Y_OAI211X0P7H7L_A0:Y (OAI211X0P7H7L)                                                              |        | 0.002       | 0.000      | 0.075      |             | 0.068  | 0.937f          |
| ex_ls_bus_alu_out_ls_0__reg_p_D_NAND3X1P4H7L_Y_B_NAND3X0P5H7L_Y_A (net)                                                                                                                                             | 3      |             |            |            | 0.000       |        |                 |
| ex_ls_bus_alu_out_ls_0__reg_p_D_NAND3X1P4H7L_Y_C_AOI32X1P4H7L_Y:A0 (AOI32X1P4H7L)                                                                                                                                   |        | 0.001       | 0.000      | 0.075      |             | 0.000  | 0.937f          |
| ex_ls_bus_alu_out_ls_0__reg_p_D_NAND3X1P4H7L_Y_C_AOI32X1P4H7L_Y:Y (AOI32X1P4H7L)                                                                                                                                    |        | 0.001       | 0.000      | 0.051      |             | 0.059  | 0.996r          |
| ex_ls_bus_alu_out_ls_0__reg_p_D_NAND3X1P4H7L_Y_C (net)                                                                                                                                                              | 1      |             |            |            | 0.000       |        |                 |
| ex_ls_bus_alu_out_ls_0__reg_p_D_NAND3X1P4H7L_Y:C (NAND3X1P4H7L)                                                                                                                                                     |        | 0.001       | 0.000      | 0.051      |             | 0.000  | 0.996r          |
| ex_ls_bus_alu_out_ls_0__reg_p_D_NAND3X1P4H7L_Y:Y (NAND3X1P4H7L)                                                                                                                                                     |        | 0.001       | 0.000      | 0.032      |             | 0.028  | 1.024f          |
| ex_ls_bus_alu_out_ls_0__reg_p_D (net)                                                                                                                                                                               | 1      |             |            |            | 0.000       |        |                 |
| ex_ls_bus_alu_out_ls_0__reg_p:D (DFFQX1H7L)                                                                                                                                                                         |        | 0.001       | 0.000      | 0.032      |             | 0.000  | 1.024f          |
|                                                                                                                                                                                                                     |        |             |            |            |             |        |                 |
| clock (port)                                                                                                                                                                                                        |        | 0.686       | 0.000      | 0.000      |             | 0.000  | 0.000r          |
| clock (clock net)                                                                                                                                                                                                   | 832    |             |            |            | NA          |        |                 |
| ex_ls_bus_alu_out_ls_0__reg_p:CK (DFFQX1H7L)                                                                                                                                                                        |        | 0.001       | 0.000      | 0.000      |             | 0.000  | 0.000r          |
| clock core_clock (rise edge)                                                                                                                                                                                        |        |             |            |            |             | 1.769  | 1.769           |
| clock network delay (ideal)                                                                                                                                                                                         |        |             |            |            |             | 0.000  | 1.769           |
| ex_ls_bus_alu_out_ls_0__reg_p:CK (DFFQX1H7L)                                                                                                                                                                        |        |             |            |            |             |        | 1.769r          |
| library setup time                                                                                                                                                                                                  |        |             |            |            |             | -0.046 | 1.723           |
| clock reconvergence pessimism                                                                                                                                                                                       |        |             |            |            |             | 0.000  | 1.723           |
|                                                                                                                                                                                                                     |        |             |            |            |             |        |                 |
| path cell delay                                                                                                                                                                                                     |        |             |            |            |             |        | 1.024(100.000%) |
| path net delay                                                                                                                                                                                                      |        |             |            |            |             |        | 0.000(0.000%)   |
|                                                                                                                                                                                                                     |        |             |            |            |             |        |                 |
| data require time                                                                                                                                                                                                   |        |             |            |            |             |        | 1.723           |
| data arrival time                                                                                                                                                                                                   |        |             |            |            |             |        | 1.024           |
| slack (MET)                                                                                                                                                                                                         |        |             |            |            |             |        | 0.699           |
+---------------------------------------------------------------------------------------------------------------------------------------------------------------------------------------------------------------------+--------+-------------+------------+------------+-------------+--------+-----------------+
+------------------------------------------------------------------------------------------------------------------------------------------------------------------------+--------+-------------+------------+------------+-------------+--------+-----------------+
| Point                                                                                                                                                                  | Fanout | Capacitance | Resistance | Transition | Delta Delay | Incr   | Path            |
+------------------------------------------------------------------------------------------------------------------------------------------------------------------------+--------+-------------+------------+------------+-------------+--------+-----------------+
| clock (port)                                                                                                                                                           |        | 0.875       | 0.000      | 0.000      |             | 0.000  | 0.000r          |
| clock (clock net)                                                                                                                                                      | 832    |             |            |            | NA          |        |                 |
| de_ex_pipeline_mod.opcode_in_5__reg_p:CK (DFFQX1H7L)                                                                                                                   |        | 0.001       | 0.000      | 0.000      |             | 0.000  | 0.000r          |
| clock core_clock (rise edge)                                                                                                                                           |        |             |            |            |             | 0      | 0               |
| clock network delay (ideal)                                                                                                                                            |        |             |            |            |             | 0.000  | 0.000           |
| de_ex_pipeline_mod.opcode_in_5__reg_p:CK (DFFQX1H7L)                                                                                                                   |        | 0.001       | 0.000      | 0.000      |             | 0.000  | 0.000r          |
| de_ex_pipeline_mod.opcode_in_5__reg_p:Q (DFFQX1H7L)                                                                                                                    |        | 0.001       | 0.000      | 0.022      |             | 0.082  | 0.082r          |
| de_ex_pipeline_mod.opcode_in_5_ (net)                                                                                                                                  | 1      |             |            |            | 0.000       |        |                 |
| de_ex_pipeline_mod.opcode_in_5__BUFX3H7L_A:A (BUFX3H7L)                                                                                                                |        | 0.001       | 0.000      | 0.022      |             | 0.000  | 0.082r          |
| de_ex_pipeline_mod.opcode_in_5__BUFX3H7L_A:Y (BUFX3H7L)                                                                                                                |        | 0.017       | 0.000      | 0.107      |             | 0.085  | 0.167r          |
| de_ex_pipeline_mod.opcode_in_5__BUFX3H7L_A_Y (net)                                                                                                                     | 19     |             |            |            | 0.000       |        |                 |
| de_ex_pipeline_mod.opcode_in_2__NAND4BX4H7L_D:B (NAND4BX4H7L)                                                                                                          |        | 0.002       | 0.000      | 0.107      |             | 0.000  | 0.167r          |
| de_ex_pipeline_mod.opcode_in_2__NAND4BX4H7L_D:Y (NAND4BX4H7L)                                                                                                          |        | 0.011       | 0.000      | 0.116      |             | 0.094  | 0.261f          |
| de_ex_pipeline_mod.opcode_in_2__NAND4BX4H7L_D_Y (net)                                                                                                                  | 13     |             |            |            | 0.000       |        |                 |
| csr_mod.waddr_9__NOR4X0P5H7L_A_Y_NAND3X0P5H7L_A_Y_OR4X1P4H7L_C_Y_AOI21X1P4H7L_B0_A0_OAI32X1P4H7L_Y_B0_OAI211X1P4H7L_Y_A1_NOR3X0P5H7L_Y_B_NOR3X0P5H7L_Y:C (NOR3X0P5H7L) |        | 0.001       | 0.000      | 0.116      |             | 0.000  | 0.261f          |
| csr_mod.waddr_9__NOR4X0P5H7L_A_Y_NAND3X0P5H7L_A_Y_OR4X1P4H7L_C_Y_AOI21X1P4H7L_B0_A0_OAI32X1P4H7L_Y_B0_OAI211X1P4H7L_Y_A1_NOR3X0P5H7L_Y_B_NOR3X0P5H7L_Y:Y (NOR3X0P5H7L) |        | 0.002       | 0.000      | 0.143      |             | 0.113  | 0.374r          |
| csr_mod.waddr_9__NOR4X0P5H7L_A_Y_NAND3X0P5H7L_A_Y_OR4X1P4H7L_C_Y_AOI21X1P4H7L_B0_A0_OAI32X1P4H7L_Y_B0_OAI211X1P4H7L_Y_A1_NOR3X0P5H7L_Y_B (net)                         | 3      |             |            |            | 0.000       |        |                 |
| csr_mod.regs[5]_31__AO222X0P5H7L_B1_C0_AND2X1H7L_Y_B_AOI21X1P4H7L_Y_B0_AOAI211X0P5H7L_Y_C0_NAND3X0P5H7L_C_B_NOR4X1H7L_B_Y_NOR2X1P4H7L_B:A (NOR2X1P4H7L)                |        | 0.001       | 0.000      | 0.143      |             | 0.000  | 0.374r          |
| csr_mod.regs[5]_31__AO222X0P5H7L_B1_C0_AND2X1H7L_Y_B_AOI21X1P4H7L_Y_B0_AOAI211X0P5H7L_Y_C0_NAND3X0P5H7L_C_B_NOR4X1H7L_B_Y_NOR2X1P4H7L_B:Y (NOR2X1P4H7L)                |        | 0.014       | 0.000      | 0.112      |             | 0.089  | 0.463f          |
| reg_mod.regs[6]_24__NAND2X0P5H7L_A_Y_NAND3X0P5H7L_B_A (net)                                                                                                            | 16     |             |            |            | 0.000       |        |                 |
| decode_mod.ls_rd_3__NOR2X0P5H7L_A_Y_OAI211X1P4H7L_A1_A0_NOR2X0P5H7L_Y:B (NOR2X0P5H7L)                                                                                  |        | 0.001       | 0.000      | 0.112      |             | 0.000  | 0.463f          |
| decode_mod.ls_rd_3__NOR2X0P5H7L_A_Y_OAI211X1P4H7L_A1_A0_NOR2X0P5H7L_Y:Y (NOR2X0P5H7L)                                                                                  |        | 0.001       | 0.000      | 0.062      |             | 0.056  | 0.519r          |
| decode_mod.ls_rd_3__NOR2X0P5H7L_A_Y_OAI211X1P4H7L_A1_A0 (net)                                                                                                          | 1      |             |            |            | 0.000       |        |                 |
| decode_mod.ls_rd_3__NOR2X0P5H7L_A_Y_OAI211X1P4H7L_A1:A0 (OAI211X1P4H7L)                                                                                                |        | 0.001       | 0.000      | 0.062      |             | 0.000  | 0.519r          |
| decode_mod.ls_rd_3__NOR2X0P5H7L_A_Y_OAI211X1P4H7L_A1:Y (OAI211X1P4H7L)                                                                                                 |        | 0.001       | 0.000      | 0.036      |             | 0.038  | 0.558f          |
| decode_mod.ls_rd_3__NOR2X0P5H7L_A_Y_OAI211X1P4H7L_A1_Y (net)                                                                                                           | 1      |             |            |            | 0.000       |        |                 |
| decode_mod.ls_rd_1__OR4X1P4H7L_B_Y_NOR2X0P5H7L_B_Y_OAOI211X1P4H7L_C0:A0 (OAOI211X1P4H7L)                                                                               |        | 0.001       | 0.000      | 0.036      |             | 0.000  | 0.558f          |
| decode_mod.ls_rd_1__OR4X1P4H7L_B_Y_NOR2X0P5H7L_B_Y_OAOI211X1P4H7L_C0:Y (OAOI211X1P4H7L)                                                                                |        | 0.001       | 0.000      | 0.073      |             | 0.065  | 0.623r          |
| decode_mod.ls_rd_1__OR4X1P4H7L_B_Y_NOR2X0P5H7L_B_Y_OAOI211X1P4H7L_C0_Y (net)                                                                                           | 1      |             |            |            | 0.000       |        |                 |
| decode_mod.ls_rd_1__OR4X1P4H7L_B_Y_NOR2X0P5H7L_B_Y_OAOI211X1P4H7L_C0_Y_NAND3BBX6H7L_BN:BN (NAND3BBX6H7L)                                                               |        | 0.001       | 0.000      | 0.073      |             | 0.000  | 0.623r          |
| decode_mod.ls_rd_1__OR4X1P4H7L_B_Y_NOR2X0P5H7L_B_Y_OAOI211X1P4H7L_C0_Y_NAND3BBX6H7L_BN:Y (NAND3BBX6H7L)                                                                |        | 0.008       | 0.000      | 0.083      |             | 0.066  | 0.689r          |
| decode_mod.valid_left_NAND2X0P5H7L_A_B (net)                                                                                                                           | 5      |             |            |            | 0.000       |        |                 |
| decode_mod.valid_left_NAND2X1P4H7L_A_B_INVX0P5H7L_Y:A (INVX0P5H7L)                                                                                                     |        | 0.001       | 0.000      | 0.083      |             | 0.000  | 0.689r          |
| decode_mod.valid_left_NAND2X1P4H7L_A_B_INVX0P5H7L_Y:Y (INVX0P5H7L)                                                                                                     |        | 0.001       | 0.000      | 0.031      |             | 0.022  | 0.711f          |
| decode_mod.valid_left_NAND2X1P4H7L_A_B (net)                                                                                                                           | 1      |             |            |            | 0.000       |        |                 |
| decode_mod.valid_left_NAND2X1P4H7L_A:B (NAND2X1P4H7L)                                                                                                                  |        | 0.001       | 0.000      | 0.031      |             | 0.000  | 0.711f          |
| decode_mod.valid_left_NAND2X1P4H7L_A:Y (NAND2X1P4H7L)                                                                                                                  |        | 0.001       | 0.000      | 0.025      |             | 0.021  | 0.733r          |
| decode_mod.valid_left_NAND2X1P4H7L_A_Y (net)                                                                                                                           | 1      |             |            |            | 0.000       |        |                 |
| decode_mod.valid_left_NAND2X1P4H7L_A_Y_BUFX3P5H7L_A:A (BUFX3P5H7L)                                                                                                     |        | 0.001       | 0.000      | 0.025      |             | 0.000  | 0.733r          |
| decode_mod.valid_left_NAND2X1P4H7L_A_Y_BUFX3P5H7L_A:Y (BUFX3P5H7L)                                                                                                     |        | 0.016       | 0.000      | 0.089      |             | 0.072  | 0.805r          |
| csr_mod.regs[8]_9__AOI221X1P4H7L_A0_C0 (net)                                                                                                                           | 17     |             |            |            | 0.000       |        |                 |
| csr_mod.regs[8]_9__AOI221X1P4H7L_A0_C0_BUFX7H7L_A:A (BUFX7H7L)                                                                                                         |        | 0.002       | 0.000      | 0.089      |             | 0.000  | 0.805r          |
| csr_mod.regs[8]_9__AOI221X1P4H7L_A0_C0_BUFX7H7L_A:Y (BUFX7H7L)                                                                                                         |        | 0.021       | 0.000      | 0.060      |             | 0.066  | 0.871r          |
| csr_mod.regs[8]_23__AOI21X0P5H7L_A0_B0 (net)                                                                                                                           | 24     |             |            |            | 0.000       |        |                 |
| csr_mod.regs[8]_23__AOI21X0P5H7L_A0_B0_BUFX3P5H7L_A_3:A (BUFX3P5H7L)                                                                                                   |        | 0.001       | 0.000      | 0.060      |             | 0.000  | 0.871r          |
| csr_mod.regs[8]_23__AOI21X0P5H7L_A0_B0_BUFX3P5H7L_A_3:Y (BUFX3P5H7L)                                                                                                   |        | 0.019       | 0.000      | 0.103      |             | 0.087  | 0.957r          |
| alu_mod.bus_in_imm_9__NAND2X0P5H7L_A_B (net)                                                                                                                           | 24     |             |            |            | 0.000       |        |                 |
| alu_mod.bus_in_alu_op_3__reg_p_D_AOI21X0P5H7L_Y_A0_NAND2X0P5H7L_Y:B (NAND2X0P5H7L)                                                                                     |        | 0.001       | 0.000      | 0.103      |             | 0.000  | 0.957r          |
| alu_mod.bus_in_alu_op_3__reg_p_D_AOI21X0P5H7L_Y_A0_NAND2X0P5H7L_Y:Y (NAND2X0P5H7L)                                                                                     |        | 0.001       | 0.000      | 0.039      |             | 0.031  | 0.988f          |
| alu_mod.bus_in_alu_op_3__reg_p_D_AOI21X0P5H7L_Y_A0 (net)                                                                                                               | 1      |             |            |            | 0.000       |        |                 |
| alu_mod.bus_in_alu_op_3__reg_p_D_AOI21X0P5H7L_Y:A0 (AOI21X0P5H7L)                                                                                                      |        | 0.001       | 0.000      | 0.039      |             | 0.000  | 0.988f          |
| alu_mod.bus_in_alu_op_3__reg_p_D_AOI21X0P5H7L_Y:Y (AOI21X0P5H7L)                                                                                                       |        | 0.001       | 0.000      | 0.076      |             | 0.048  | 1.036r          |
| alu_mod.bus_in_alu_op_3__reg_p_D (net)                                                                                                                                 | 1      |             |            |            | 0.000       |        |                 |
| alu_mod.bus_in_alu_op_3__reg_p:D (DFFQX1H7L)                                                                                                                           |        | 0.001       | 0.000      | 0.076      |             | 0.000  | 1.036r          |
|                                                                                                                                                                        |        |             |            |            |             |        |                 |
| clock (port)                                                                                                                                                           |        | 0.686       | 0.000      | 0.000      |             | 0.000  | 0.000r          |
| clock (clock net)                                                                                                                                                      | 832    |             |            |            | NA          |        |                 |
| alu_mod.bus_in_alu_op_3__reg_p:CK (DFFQX1H7L)                                                                                                                          |        | 0.001       | 0.000      | 0.000      |             | 0.000  | 0.000r          |
| clock core_clock (rise edge)                                                                                                                                           |        |             |            |            |             | 1.769  | 1.769           |
| clock network delay (ideal)                                                                                                                                            |        |             |            |            |             | 0.000  | 1.769           |
| alu_mod.bus_in_alu_op_3__reg_p:CK (DFFQX1H7L)                                                                                                                          |        |             |            |            |             |        | 1.769r          |
| library setup time                                                                                                                                                     |        |             |            |            |             | -0.030 | 1.739           |
| clock reconvergence pessimism                                                                                                                                          |        |             |            |            |             | 0.000  | 1.739           |
|                                                                                                                                                                        |        |             |            |            |             |        |                 |
| path cell delay                                                                                                                                                        |        |             |            |            |             |        | 1.036(100.000%) |
| path net delay                                                                                                                                                         |        |             |            |            |             |        | 0.000(0.000%)   |
|                                                                                                                                                                        |        |             |            |            |             |        |                 |
| data require time                                                                                                                                                      |        |             |            |            |             |        | 1.739           |
| data arrival time                                                                                                                                                      |        |             |            |            |             |        | 1.036           |
| slack (MET)                                                                                                                                                            |        |             |            |            |             |        | 0.703           |
+------------------------------------------------------------------------------------------------------------------------------------------------------------------------+--------+-------------+------------+------------+-------------+--------+-----------------+
+-------------------------------------------------------------------------------------------------------------------------------------------------------------------------------------+--------+-------------+------------+------------+-------------+--------+-----------------+
| Point                                                                                                                                                                               | Fanout | Capacitance | Resistance | Transition | Delta Delay | Incr   | Path            |
+-------------------------------------------------------------------------------------------------------------------------------------------------------------------------------------+--------+-------------+------------+------------+-------------+--------+-----------------+
| clock (port)                                                                                                                                                                        |        | 0.875       | 0.000      | 0.000      |             | 0.000  | 0.000r          |
| clock (clock net)                                                                                                                                                                   | 832    |             |            |            | NA          |        |                 |
| de_ex_pipeline_mod.opcode_in_5__reg_p:CK (DFFQX1H7L)                                                                                                                                |        | 0.001       | 0.000      | 0.000      |             | 0.000  | 0.000r          |
| clock core_clock (rise edge)                                                                                                                                                        |        |             |            |            |             | 0      | 0               |
| clock network delay (ideal)                                                                                                                                                         |        |             |            |            |             | 0.000  | 0.000           |
| de_ex_pipeline_mod.opcode_in_5__reg_p:CK (DFFQX1H7L)                                                                                                                                |        | 0.001       | 0.000      | 0.000      |             | 0.000  | 0.000r          |
| de_ex_pipeline_mod.opcode_in_5__reg_p:Q (DFFQX1H7L)                                                                                                                                 |        | 0.001       | 0.000      | 0.022      |             | 0.082  | 0.082r          |
| de_ex_pipeline_mod.opcode_in_5_ (net)                                                                                                                                               | 1      |             |            |            | 0.000       |        |                 |
| de_ex_pipeline_mod.opcode_in_5__BUFX3H7L_A:A (BUFX3H7L)                                                                                                                             |        | 0.001       | 0.000      | 0.022      |             | 0.000  | 0.082r          |
| de_ex_pipeline_mod.opcode_in_5__BUFX3H7L_A:Y (BUFX3H7L)                                                                                                                             |        | 0.017       | 0.000      | 0.107      |             | 0.085  | 0.167r          |
| de_ex_pipeline_mod.opcode_in_5__BUFX3H7L_A_Y (net)                                                                                                                                  | 19     |             |            |            | 0.000       |        |                 |
| de_ex_pipeline_mod.opcode_in_2__NAND4BX4H7L_D:B (NAND4BX4H7L)                                                                                                                       |        | 0.002       | 0.000      | 0.107      |             | 0.000  | 0.167r          |
| de_ex_pipeline_mod.opcode_in_2__NAND4BX4H7L_D:Y (NAND4BX4H7L)                                                                                                                       |        | 0.011       | 0.000      | 0.116      |             | 0.094  | 0.261f          |
| de_ex_pipeline_mod.opcode_in_2__NAND4BX4H7L_D_Y (net)                                                                                                                               | 13     |             |            |            | 0.000       |        |                 |
| csr_mod.waddr_9__NOR4X0P5H7L_A_Y_NAND3X0P5H7L_A_Y_OR4X1P4H7L_C_Y_AOI21X1P4H7L_B0_A0_OAI32X1P4H7L_Y_B0_OAI211X1P4H7L_Y_A0_AOI21X0P5H7L_Y_A0_OR3X1H7L_Y:C (OR3X1H7L)                  |        | 0.001       | 0.000      | 0.116      |             | 0.000  | 0.261f          |
| csr_mod.waddr_9__NOR4X0P5H7L_A_Y_NAND3X0P5H7L_A_Y_OR4X1P4H7L_C_Y_AOI21X1P4H7L_B0_A0_OAI32X1P4H7L_Y_B0_OAI211X1P4H7L_Y_A0_AOI21X0P5H7L_Y_A0_OR3X1H7L_Y:Y (OR3X1H7L)                  |        | 0.002       | 0.000      | 0.039      |             | 0.098  | 0.359f          |
| csr_mod.waddr_9__NOR4X0P5H7L_A_Y_NAND3X0P5H7L_A_Y_OR4X1P4H7L_C_Y_AOI21X1P4H7L_B0_A0_OAI32X1P4H7L_Y_B0_OAI211X1P4H7L_Y_A0_AOI21X0P5H7L_Y_A0 (net)                                    | 3      |             |            |            | 0.000       |        |                 |
| csr_mod.waddr_9__NOR4X0P5H7L_A_Y_NAND3X0P5H7L_A_Y_OR4X1P4H7L_C_Y_AOI21X1P4H7L_B0_A0_OAI32X1P4H7L_Y_B0_OAI211X1P4H7L_Y_A0_AOI21X0P5H7L_Y_A0_NAND2X0P5H7L_A:A (NAND2X0P5H7L)          |        | 0.001       | 0.000      | 0.039      |             | 0.000  | 0.359f          |
| csr_mod.waddr_9__NOR4X0P5H7L_A_Y_NAND3X0P5H7L_A_Y_OR4X1P4H7L_C_Y_AOI21X1P4H7L_B0_A0_OAI32X1P4H7L_Y_B0_OAI211X1P4H7L_Y_A0_AOI21X0P5H7L_Y_A0_NAND2X0P5H7L_A:Y (NAND2X0P5H7L)          |        | 0.001       | 0.000      | 0.049      |             | 0.028  | 0.387r          |
| csr_mod.waddr_9__NOR4X0P5H7L_A_Y_NAND3X0P5H7L_A_Y_OR4X1P4H7L_C_Y_AOI21X1P4H7L_B0_A0_OAI32X1P4H7L_Y_B0_OAI211X1P4H7L_Y_A0_AOI21X0P5H7L_Y_A0_NAND2X0P5H7L_A_Y (net)                   | 1      |             |            |            | 0.000       |        |                 |
| csr_mod.waddr_9__NOR4X0P5H7L_A_Y_NAND3X0P5H7L_A_Y_OR4X1P4H7L_C_Y_AOI21X1P4H7L_B0_A0_OAI32X1P4H7L_Y_B0_OAI211X1P4H7L_Y_A0_AOI21X0P5H7L_Y_A0_NAND2X0P5H7L_A_Y_BUFX3H7L_A:A (BUFX3H7L) |        | 0.001       | 0.000      | 0.049      |             | 0.000  | 0.387r          |
| csr_mod.waddr_9__NOR4X0P5H7L_A_Y_NAND3X0P5H7L_A_Y_OR4X1P4H7L_C_Y_AOI21X1P4H7L_B0_A0_OAI32X1P4H7L_Y_B0_OAI211X1P4H7L_Y_A0_AOI21X0P5H7L_Y_A0_NAND2X0P5H7L_A_Y_BUFX3H7L_A:Y (BUFX3H7L) |        | 0.017       | 0.000      | 0.105      |             | 0.091  | 0.478r          |
| decode_mod.ls_rd_3__NOR2X0P5H7L_A_B (net)                                                                                                                                           | 19     |             |            |            | 0.000       |        |                 |
| decode_mod.ls_rd_3__NOR2X0P5H7L_A:B (NOR2X0P5H7L)                                                                                                                                   |        | 0.001       | 0.000      | 0.105      |             | 0.000  | 0.478r          |
| decode_mod.ls_rd_3__NOR2X0P5H7L_A:Y (NOR2X0P5H7L)                                                                                                                                   |        | 0.001       | 0.000      | 0.036      |             | 0.025  | 0.502f          |
| decode_mod.ls_rd_3__NOR2X0P5H7L_A_Y (net)                                                                                                                                           | 1      |             |            |            | 0.000       |        |                 |
| decode_mod.ls_rd_3__NOR2X0P5H7L_A_Y_OAI211X1P4H7L_A1:A1 (OAI211X1P4H7L)                                                                                                             |        | 0.001       | 0.000      | 0.036      |             | 0.000  | 0.502f          |
| decode_mod.ls_rd_3__NOR2X0P5H7L_A_Y_OAI211X1P4H7L_A1:Y (OAI211X1P4H7L)                                                                                                              |        | 0.001       | 0.000      | 0.054      |             | 0.044  | 0.547r          |
| decode_mod.ls_rd_3__NOR2X0P5H7L_A_Y_OAI211X1P4H7L_A1_Y (net)                                                                                                                        | 1      |             |            |            | 0.000       |        |                 |
| decode_mod.ls_rd_1__OR4X1P4H7L_B_Y_NOR2X0P5H7L_B_Y_OAOI211X1P4H7L_C0:A0 (OAOI211X1P4H7L)                                                                                            |        | 0.001       | 0.000      | 0.054      |             | 0.000  | 0.547r          |
| decode_mod.ls_rd_1__OR4X1P4H7L_B_Y_NOR2X0P5H7L_B_Y_OAOI211X1P4H7L_C0:Y (OAOI211X1P4H7L)                                                                                             |        | 0.001       | 0.000      | 0.029      |             | 0.032  | 0.578f          |
| decode_mod.ls_rd_1__OR4X1P4H7L_B_Y_NOR2X0P5H7L_B_Y_OAOI211X1P4H7L_C0_Y (net)                                                                                                        | 1      |             |            |            | 0.000       |        |                 |
| decode_mod.ls_rd_1__OR4X1P4H7L_B_Y_NOR2X0P5H7L_B_Y_OAOI211X1P4H7L_C0_Y_NAND3BBX6H7L_BN:BN (NAND3BBX6H7L)                                                                            |        | 0.001       | 0.000      | 0.029      |             | 0.000  | 0.578f          |
| decode_mod.ls_rd_1__OR4X1P4H7L_B_Y_NOR2X0P5H7L_B_Y_OAOI211X1P4H7L_C0_Y_NAND3BBX6H7L_BN:Y (NAND3BBX6H7L)                                                                             |        | 0.008       | 0.000      | 0.111      |             | 0.090  | 0.668f          |
| decode_mod.valid_left_NAND2X0P5H7L_A_B (net)                                                                                                                                        | 5      |             |            |            | 0.000       |        |                 |
| icache_mod.hit_1_NOR4X0P5H7L_Y_B_OR4X1P4H7L_Y_A_NOR3X0P5H7L_B_Y_NAND3X1H7L_A_Y_AO211X1P4H7L_A0:B0 (AO211X1P4H7L)                                                                    |        | 0.001       | 0.000      | 0.111      |             | 0.000  | 0.668f          |
| icache_mod.hit_1_NOR4X0P5H7L_Y_B_OR4X1P4H7L_Y_A_NOR3X0P5H7L_B_Y_NAND3X1H7L_A_Y_AO211X1P4H7L_A0:Y (AO211X1P4H7L)                                                                     |        | 0.001       | 0.000      | 0.030      |             | 0.092  | 0.760f          |
| icache_mod.hit_1_NOR4X0P5H7L_Y_B_OR4X1P4H7L_Y_A_NOR3X0P5H7L_B_Y_NAND3X1H7L_A_Y_AO211X1P4H7L_A0_Y (net)                                                                              | 1      |             |            |            | 0.000       |        |                 |
| icache_mod.hit_1_NOR4X0P5H7L_Y_B_OR4X1P4H7L_Y_A_NOR3X0P5H7L_B_Y_NAND3X1H7L_A_Y_AO211X1P4H7L_A0_Y_BUFX5H7L_A:A (BUFX5H7L)                                                            |        | 0.001       | 0.000      | 0.030      |             | 0.000  | 0.760f          |
| icache_mod.hit_1_NOR4X0P5H7L_Y_B_OR4X1P4H7L_Y_A_NOR3X0P5H7L_B_Y_NAND3X1H7L_A_Y_AO211X1P4H7L_A0_Y_BUFX5H7L_A:Y (BUFX5H7L)                                                            |        | 0.007       | 0.000      | 0.024      |             | 0.046  | 0.807f          |
| icache_mod.hit_1_NOR2BX1H7L_B_AN_AO21X4H7L_A0_Y_NOR3X8H7L_C_A_OR2X8H7L_A_B (net)                                                                                                    | 4      |             |            |            | 0.000       |        |                 |
| icache_mod.hit_1_NOR2BX1H7L_B_AN_AO21X4H7L_A0_Y_NOR3X8H7L_C_A_OR2X8H7L_A_B_BUFX7H7L_A:A (BUFX7H7L)                                                                                  |        | 0.002       | 0.000      | 0.024      |             | 0.000  | 0.807f          |
| icache_mod.hit_1_NOR2BX1H7L_B_AN_AO21X4H7L_A0_Y_NOR3X8H7L_C_A_OR2X8H7L_A_B_BUFX7H7L_A:Y (BUFX7H7L)                                                                                  |        | 0.032       | 0.000      | 0.053      |             | 0.061  | 0.868f          |
| de_ex_bus_pc_de_31__MUX2X0P5H7L_B_S0 (net)                                                                                                                                          | 23     |             |            |            | 0.000       |        |                 |
| de_ex_bus_pc_de_31__MUX2X0P5H7L_B_S0_BUFX3H7L_A:A (BUFX3H7L)                                                                                                                        |        | 0.001       | 0.000      | 0.053      |             | 0.000  | 0.868f          |
| de_ex_bus_pc_de_31__MUX2X0P5H7L_B_S0_BUFX3H7L_A:Y (BUFX3H7L)                                                                                                                        |        | 0.019       | 0.000      | 0.072      |             | 0.088  | 0.956f          |
| de_ex_bus_next_pc_de_30__NAND2X0P5H7L_A_B (net)                                                                                                                                     | 24     |             |            |            | 0.000       |        |                 |
| de_ex_pipeline_mod.opcode_in_15__reg_p_D_OAOI211X0P5H7L_Y_B0_NAND2X0P5H7L_Y:B (NAND2X0P5H7L)                                                                                        |        | 0.001       | 0.000      | 0.072      |             | 0.000  | 0.956f          |
| de_ex_pipeline_mod.opcode_in_15__reg_p_D_OAOI211X0P5H7L_Y_B0_NAND2X0P5H7L_Y:Y (NAND2X0P5H7L)                                                                                        |        | 0.001       | 0.000      | 0.045      |             | 0.035  | 0.990r          |
| de_ex_pipeline_mod.opcode_in_15__reg_p_D_OAOI211X0P5H7L_Y_B0 (net)                                                                                                                  | 1      |             |            |            | 0.000       |        |                 |
| de_ex_pipeline_mod.opcode_in_15__reg_p_D_OAOI211X0P5H7L_Y:B0 (OAOI211X0P5H7L)                                                                                                       |        | 0.001       | 0.000      | 0.045      |             | 0.000  | 0.990r          |
| de_ex_pipeline_mod.opcode_in_15__reg_p_D_OAOI211X0P5H7L_Y:Y (OAOI211X0P5H7L)                                                                                                        |        | 0.001       | 0.000      | 0.072      |             | 0.025  | 1.015f          |
| de_ex_pipeline_mod.opcode_in_15__reg_p_D (net)                                                                                                                                      | 1      |             |            |            | 0.000       |        |                 |
| de_ex_pipeline_mod.opcode_in_15__reg_p:D (DFFQX1H7L)                                                                                                                                |        | 0.001       | 0.000      | 0.072      |             | 0.000  | 1.015f          |
|                                                                                                                                                                                     |        |             |            |            |             |        |                 |
| clock (port)                                                                                                                                                                        |        | 0.686       | 0.000      | 0.000      |             | 0.000  | 0.000r          |
| clock (clock net)                                                                                                                                                                   | 832    |             |            |            | NA          |        |                 |
| de_ex_pipeline_mod.opcode_in_15__reg_p:CK (DFFQX1H7L)                                                                                                                               |        | 0.001       | 0.000      | 0.000      |             | 0.000  | 0.000r          |
| clock core_clock (rise edge)                                                                                                                                                        |        |             |            |            |             | 1.769  | 1.769           |
| clock network delay (ideal)                                                                                                                                                         |        |             |            |            |             | 0.000  | 1.769           |
| de_ex_pipeline_mod.opcode_in_15__reg_p:CK (DFFQX1H7L)                                                                                                                               |        |             |            |            |             |        | 1.769r          |
| library setup time                                                                                                                                                                  |        |             |            |            |             | -0.051 | 1.718           |
| clock reconvergence pessimism                                                                                                                                                       |        |             |            |            |             | 0.000  | 1.718           |
|                                                                                                                                                                                     |        |             |            |            |             |        |                 |
| path cell delay                                                                                                                                                                     |        |             |            |            |             |        | 1.015(100.000%) |
| path net delay                                                                                                                                                                      |        |             |            |            |             |        | 0.000(0.000%)   |
|                                                                                                                                                                                     |        |             |            |            |             |        |                 |
| data require time                                                                                                                                                                   |        |             |            |            |             |        | 1.718           |
| data arrival time                                                                                                                                                                   |        |             |            |            |             |        | 1.015           |
| slack (MET)                                                                                                                                                                         |        |             |            |            |             |        | 0.703           |
+-------------------------------------------------------------------------------------------------------------------------------------------------------------------------------------+--------+-------------+------------+------------+-------------+--------+-----------------+
+------------------------------------------------------------------------------------------------------------------------------------------------------------------------+--------+-------------+------------+------------+-------------+--------+-----------------+
| Point                                                                                                                                                                  | Fanout | Capacitance | Resistance | Transition | Delta Delay | Incr   | Path            |
+------------------------------------------------------------------------------------------------------------------------------------------------------------------------+--------+-------------+------------+------------+-------------+--------+-----------------+
| clock (port)                                                                                                                                                           |        | 0.875       | 0.000      | 0.000      |             | 0.000  | 0.000r          |
| clock (clock net)                                                                                                                                                      | 832    |             |            |            | NA          |        |                 |
| de_ex_pipeline_mod.opcode_in_5__reg_p:CK (DFFQX1H7L)                                                                                                                   |        | 0.001       | 0.000      | 0.000      |             | 0.000  | 0.000r          |
| clock core_clock (rise edge)                                                                                                                                           |        |             |            |            |             | 0      | 0               |
| clock network delay (ideal)                                                                                                                                            |        |             |            |            |             | 0.000  | 0.000           |
| de_ex_pipeline_mod.opcode_in_5__reg_p:CK (DFFQX1H7L)                                                                                                                   |        | 0.001       | 0.000      | 0.000      |             | 0.000  | 0.000r          |
| de_ex_pipeline_mod.opcode_in_5__reg_p:Q (DFFQX1H7L)                                                                                                                    |        | 0.001       | 0.000      | 0.022      |             | 0.082  | 0.082r          |
| de_ex_pipeline_mod.opcode_in_5_ (net)                                                                                                                                  | 1      |             |            |            | 0.000       |        |                 |
| de_ex_pipeline_mod.opcode_in_5__BUFX3H7L_A:A (BUFX3H7L)                                                                                                                |        | 0.001       | 0.000      | 0.022      |             | 0.000  | 0.082r          |
| de_ex_pipeline_mod.opcode_in_5__BUFX3H7L_A:Y (BUFX3H7L)                                                                                                                |        | 0.017       | 0.000      | 0.107      |             | 0.085  | 0.167r          |
| de_ex_pipeline_mod.opcode_in_5__BUFX3H7L_A_Y (net)                                                                                                                     | 19     |             |            |            | 0.000       |        |                 |
| de_ex_pipeline_mod.opcode_in_2__NAND4BX4H7L_D:B (NAND4BX4H7L)                                                                                                          |        | 0.002       | 0.000      | 0.107      |             | 0.000  | 0.167r          |
| de_ex_pipeline_mod.opcode_in_2__NAND4BX4H7L_D:Y (NAND4BX4H7L)                                                                                                          |        | 0.011       | 0.000      | 0.116      |             | 0.094  | 0.261f          |
| de_ex_pipeline_mod.opcode_in_2__NAND4BX4H7L_D_Y (net)                                                                                                                  | 13     |             |            |            | 0.000       |        |                 |
| csr_mod.waddr_9__NOR4X0P5H7L_A_Y_NAND3X0P5H7L_A_Y_OR4X1P4H7L_C_Y_AOI21X1P4H7L_B0_A0_OAI32X1P4H7L_Y_B0_OAI211X1P4H7L_Y_A1_NOR3X0P5H7L_Y_B_NOR3X0P5H7L_Y:C (NOR3X0P5H7L) |        | 0.001       | 0.000      | 0.116      |             | 0.000  | 0.261f          |
| csr_mod.waddr_9__NOR4X0P5H7L_A_Y_NAND3X0P5H7L_A_Y_OR4X1P4H7L_C_Y_AOI21X1P4H7L_B0_A0_OAI32X1P4H7L_Y_B0_OAI211X1P4H7L_Y_A1_NOR3X0P5H7L_Y_B_NOR3X0P5H7L_Y:Y (NOR3X0P5H7L) |        | 0.002       | 0.000      | 0.143      |             | 0.113  | 0.374r          |
| csr_mod.waddr_9__NOR4X0P5H7L_A_Y_NAND3X0P5H7L_A_Y_OR4X1P4H7L_C_Y_AOI21X1P4H7L_B0_A0_OAI32X1P4H7L_Y_B0_OAI211X1P4H7L_Y_A1_NOR3X0P5H7L_Y_B (net)                         | 3      |             |            |            | 0.000       |        |                 |
| csr_mod.regs[5]_31__AO222X0P5H7L_B1_C0_AND2X1H7L_Y_B_AOI21X1P4H7L_Y_B0_AOAI211X0P5H7L_Y_C0_NAND3X0P5H7L_C_B_NOR4X1H7L_B_Y_NOR2X1P4H7L_B:A (NOR2X1P4H7L)                |        | 0.001       | 0.000      | 0.143      |             | 0.000  | 0.374r          |
| csr_mod.regs[5]_31__AO222X0P5H7L_B1_C0_AND2X1H7L_Y_B_AOI21X1P4H7L_Y_B0_AOAI211X0P5H7L_Y_C0_NAND3X0P5H7L_C_B_NOR4X1H7L_B_Y_NOR2X1P4H7L_B:Y (NOR2X1P4H7L)                |        | 0.014       | 0.000      | 0.112      |             | 0.089  | 0.463f          |
| reg_mod.regs[6]_24__NAND2X0P5H7L_A_Y_NAND3X0P5H7L_B_A (net)                                                                                                            | 16     |             |            |            | 0.000       |        |                 |
| decode_mod.ls_rd_3__NOR2X0P5H7L_A_Y_OAI211X1P4H7L_A1_A0_NOR2X0P5H7L_Y:B (NOR2X0P5H7L)                                                                                  |        | 0.001       | 0.000      | 0.112      |             | 0.000  | 0.463f          |
| decode_mod.ls_rd_3__NOR2X0P5H7L_A_Y_OAI211X1P4H7L_A1_A0_NOR2X0P5H7L_Y:Y (NOR2X0P5H7L)                                                                                  |        | 0.001       | 0.000      | 0.062      |             | 0.056  | 0.519r          |
| decode_mod.ls_rd_3__NOR2X0P5H7L_A_Y_OAI211X1P4H7L_A1_A0 (net)                                                                                                          | 1      |             |            |            | 0.000       |        |                 |
| decode_mod.ls_rd_3__NOR2X0P5H7L_A_Y_OAI211X1P4H7L_A1:A0 (OAI211X1P4H7L)                                                                                                |        | 0.001       | 0.000      | 0.062      |             | 0.000  | 0.519r          |
| decode_mod.ls_rd_3__NOR2X0P5H7L_A_Y_OAI211X1P4H7L_A1:Y (OAI211X1P4H7L)                                                                                                 |        | 0.001       | 0.000      | 0.036      |             | 0.038  | 0.558f          |
| decode_mod.ls_rd_3__NOR2X0P5H7L_A_Y_OAI211X1P4H7L_A1_Y (net)                                                                                                           | 1      |             |            |            | 0.000       |        |                 |
| decode_mod.ls_rd_1__OR4X1P4H7L_B_Y_NOR2X0P5H7L_B_Y_OAOI211X1P4H7L_C0:A0 (OAOI211X1P4H7L)                                                                               |        | 0.001       | 0.000      | 0.036      |             | 0.000  | 0.558f          |
| decode_mod.ls_rd_1__OR4X1P4H7L_B_Y_NOR2X0P5H7L_B_Y_OAOI211X1P4H7L_C0:Y (OAOI211X1P4H7L)                                                                                |        | 0.001       | 0.000      | 0.073      |             | 0.065  | 0.623r          |
| decode_mod.ls_rd_1__OR4X1P4H7L_B_Y_NOR2X0P5H7L_B_Y_OAOI211X1P4H7L_C0_Y (net)                                                                                           | 1      |             |            |            | 0.000       |        |                 |
| decode_mod.ls_rd_1__OR4X1P4H7L_B_Y_NOR2X0P5H7L_B_Y_OAOI211X1P4H7L_C0_Y_NAND3BBX6H7L_BN:BN (NAND3BBX6H7L)                                                               |        | 0.001       | 0.000      | 0.073      |             | 0.000  | 0.623r          |
| decode_mod.ls_rd_1__OR4X1P4H7L_B_Y_NOR2X0P5H7L_B_Y_OAOI211X1P4H7L_C0_Y_NAND3BBX6H7L_BN:Y (NAND3BBX6H7L)                                                                |        | 0.008       | 0.000      | 0.083      |             | 0.066  | 0.689r          |
| decode_mod.valid_left_NAND2X0P5H7L_A_B (net)                                                                                                                           | 5      |             |            |            | 0.000       |        |                 |
| decode_mod.valid_left_NAND2X1P4H7L_A_B_INVX0P5H7L_Y:A (INVX0P5H7L)                                                                                                     |        | 0.001       | 0.000      | 0.083      |             | 0.000  | 0.689r          |
| decode_mod.valid_left_NAND2X1P4H7L_A_B_INVX0P5H7L_Y:Y (INVX0P5H7L)                                                                                                     |        | 0.001       | 0.000      | 0.031      |             | 0.022  | 0.711f          |
| decode_mod.valid_left_NAND2X1P4H7L_A_B (net)                                                                                                                           | 1      |             |            |            | 0.000       |        |                 |
| decode_mod.valid_left_NAND2X1P4H7L_A:B (NAND2X1P4H7L)                                                                                                                  |        | 0.001       | 0.000      | 0.031      |             | 0.000  | 0.711f          |
| decode_mod.valid_left_NAND2X1P4H7L_A:Y (NAND2X1P4H7L)                                                                                                                  |        | 0.001       | 0.000      | 0.025      |             | 0.021  | 0.733r          |
| decode_mod.valid_left_NAND2X1P4H7L_A_Y (net)                                                                                                                           | 1      |             |            |            | 0.000       |        |                 |
| decode_mod.valid_left_NAND2X1P4H7L_A_Y_BUFX3P5H7L_A:A (BUFX3P5H7L)                                                                                                     |        | 0.001       | 0.000      | 0.025      |             | 0.000  | 0.733r          |
| decode_mod.valid_left_NAND2X1P4H7L_A_Y_BUFX3P5H7L_A:Y (BUFX3P5H7L)                                                                                                     |        | 0.016       | 0.000      | 0.089      |             | 0.072  | 0.805r          |
| csr_mod.regs[8]_9__AOI221X1P4H7L_A0_C0 (net)                                                                                                                           | 17     |             |            |            | 0.000       |        |                 |
| csr_mod.regs[8]_9__AOI221X1P4H7L_A0_C0_BUFX7H7L_A:A (BUFX7H7L)                                                                                                         |        | 0.002       | 0.000      | 0.089      |             | 0.000  | 0.805r          |
| csr_mod.regs[8]_9__AOI221X1P4H7L_A0_C0_BUFX7H7L_A:Y (BUFX7H7L)                                                                                                         |        | 0.021       | 0.000      | 0.060      |             | 0.066  | 0.871r          |
| csr_mod.regs[8]_23__AOI21X0P5H7L_A0_B0 (net)                                                                                                                           | 24     |             |            |            | 0.000       |        |                 |
| csr_mod.regs[8]_23__AOI21X0P5H7L_A0_B0_BUFX3P5H7L_A_3:A (BUFX3P5H7L)                                                                                                   |        | 0.001       | 0.000      | 0.060      |             | 0.000  | 0.871r          |
| csr_mod.regs[8]_23__AOI21X0P5H7L_A0_B0_BUFX3P5H7L_A_3:Y (BUFX3P5H7L)                                                                                                   |        | 0.019       | 0.000      | 0.103      |             | 0.087  | 0.957r          |
| alu_mod.bus_in_imm_9__NAND2X0P5H7L_A_B (net)                                                                                                                           | 24     |             |            |            | 0.000       |        |                 |
| alu_mod.bus_in_imm_9__NAND2X0P5H7L_A:B (NAND2X0P5H7L)                                                                                                                  |        | 0.001       | 0.000      | 0.103      |             | 0.000  | 0.957r          |
| alu_mod.bus_in_imm_9__NAND2X0P5H7L_A:Y (NAND2X0P5H7L)                                                                                                                  |        | 0.001       | 0.000      | 0.035      |             | 0.031  | 0.988f          |
| alu_mod.bus_in_imm_9__NAND2X0P5H7L_A_Y (net)                                                                                                                           | 1      |             |            |            | 0.000       |        |                 |
| alu_mod.bus_in_imm_9__reg_p_D_AOI21X0P5H7L_Y:A0 (AOI21X0P5H7L)                                                                                                         |        | 0.001       | 0.000      | 0.035      |             | 0.000  | 0.988f          |
| alu_mod.bus_in_imm_9__reg_p_D_AOI21X0P5H7L_Y:Y (AOI21X0P5H7L)                                                                                                          |        | 0.001       | 0.000      | 0.076      |             | 0.047  | 1.035r          |
| alu_mod.bus_in_imm_9__reg_p_D (net)                                                                                                                                    | 1      |             |            |            | 0.000       |        |                 |
| alu_mod.bus_in_imm_9__reg_p:D (DFFQX1H7L)                                                                                                                              |        | 0.001       | 0.000      | 0.076      |             | 0.000  | 1.035r          |
|                                                                                                                                                                        |        |             |            |            |             |        |                 |
| clock (port)                                                                                                                                                           |        | 0.686       | 0.000      | 0.000      |             | 0.000  | 0.000r          |
| clock (clock net)                                                                                                                                                      | 832    |             |            |            | NA          |        |                 |
| alu_mod.bus_in_imm_9__reg_p:CK (DFFQX1H7L)                                                                                                                             |        | 0.001       | 0.000      | 0.000      |             | 0.000  | 0.000r          |
| clock core_clock (rise edge)                                                                                                                                           |        |             |            |            |             | 1.769  | 1.769           |
| clock network delay (ideal)                                                                                                                                            |        |             |            |            |             | 0.000  | 1.769           |
| alu_mod.bus_in_imm_9__reg_p:CK (DFFQX1H7L)                                                                                                                             |        |             |            |            |             |        | 1.769r          |
| library setup time                                                                                                                                                     |        |             |            |            |             | -0.030 | 1.739           |
| clock reconvergence pessimism                                                                                                                                          |        |             |            |            |             | 0.000  | 1.739           |
|                                                                                                                                                                        |        |             |            |            |             |        |                 |
| path cell delay                                                                                                                                                        |        |             |            |            |             |        | 1.035(100.000%) |
| path net delay                                                                                                                                                         |        |             |            |            |             |        | 0.000(0.000%)   |
|                                                                                                                                                                        |        |             |            |            |             |        |                 |
| data require time                                                                                                                                                      |        |             |            |            |             |        | 1.739           |
| data arrival time                                                                                                                                                      |        |             |            |            |             |        | 1.035           |
| slack (MET)                                                                                                                                                            |        |             |            |            |             |        | 0.704           |
+------------------------------------------------------------------------------------------------------------------------------------------------------------------------+--------+-------------+------------+------------+-------------+--------+-----------------+
+--------------------------------------------------------------------------------------+--------+-------------+------------+------------+-------------+--------+-----------------+
| Point                                                                                | Fanout | Capacitance | Resistance | Transition | Delta Delay | Incr   | Path            |
+--------------------------------------------------------------------------------------+--------+-------------+------------+------------+-------------+--------+-----------------+
| clock (port)                                                                         |        | 0.875       | 0.000      | 0.000      |             | 0.000  | 0.000r          |
| clock (clock net)                                                                    | 832    |             |            |            | NA          |        |                 |
| icache_mod.trans_reg_p_CK_ICGX0P5H7L_ECK:CK (ICGX0P5H7L)                             |        | 0.002       | 0.000      | 0.000      |             | 0.000  | 0.000r          |
| icache_mod.trans_reg_p_CK_ICGX0P5H7L_ECK:ECK (ICGX0P5H7L)                            |        | 0.001       | 0.000      | 0.000      |             | 0.000  | 0.000r          |
| icache_mod.trans_reg_p_CK (clock net)                                                | 1      |             |            |            | NA          |        |                 |
| icache_mod.trans_reg_p:CK (DFFQX1H7L)                                                |        | 0.001       | 0.000      | 0.000      |             | 0.000  | 0.000r          |
| clock core_clock (rise edge)                                                         |        |             |            |            |             | 0      | 0               |
| clock network delay (ideal)                                                          |        |             |            |            |             | 0.000  | 0.000           |
| icache_mod.trans_reg_p:CK (DFFQX1H7L)                                                |        | 0.001       | 0.000      | 0.000      |             | 0.000  | 0.000r          |
| icache_mod.trans_reg_p:Q (DFFQX1H7L)                                                 |        | 0.003       | 0.000      | 0.039      |             | 0.075  | 0.075f          |
| icache_mod.trans (net)                                                               | 1      |             |            |            | 0.000       |        |                 |
| icache_mod.trans_BUFX16H7L_A:A (BUFX16H7L)                                           |        | 0.003       | 0.000      | 0.039      |             | 0.000  | 0.075f          |
| icache_mod.trans_BUFX16H7L_A:Y (BUFX16H7L)                                           |        | 0.037       | 0.000      | 0.033      |             | 0.054  | 0.129f          |
| icache_mod.trans_BUFX16H7L_A_Y (net)                                                 | 21     |             |            |            | 0.000       |        |                 |
| icache_mod.miss_addr_4__MUX2X8H7L_B:S0 (MUX2X8H7L)                                   |        | 0.004       | 0.000      | 0.033      |             | 0.000  | 0.129f          |
| icache_mod.miss_addr_4__MUX2X8H7L_B:Y (MUX2X8H7L)                                    |        | 0.003       | 0.000      | 0.026      |             | 0.053  | 0.182f          |
| icache_mod.miss_addr_4__MUX2X8H7L_B_Y (net)                                          | 1      |             |            |            | 0.000       |        |                 |
| icache_mod.miss_addr_4__MUX2X8H7L_B_Y_BUFX16H7L_A:A (BUFX16H7L)                      |        | 0.003       | 0.000      | 0.026      |             | 0.000  | 0.182f          |
| icache_mod.miss_addr_4__MUX2X8H7L_B_Y_BUFX16H7L_A:Y (BUFX16H7L)                      |        | 0.035       | 0.000      | 0.031      |             | 0.048  | 0.230f          |
| icache_mod.block_tag[1]_4__MUX2X0P5H7L_A_S0 (net)                                    | 17     |             |            |            | 0.000       |        |                 |
| icache_mod.block_tag[1]_4__MUX2X0P5H7L_A_S0_BUFX16H7L_A:A (BUFX16H7L)                |        | 0.003       | 0.000      | 0.031      |             | 0.000  | 0.230f          |
| icache_mod.block_tag[1]_4__MUX2X0P5H7L_A_S0_BUFX16H7L_A:Y (BUFX16H7L)                |        | 0.043       | 0.000      | 0.036      |             | 0.054  | 0.283f          |
| icache_mod.block_tag[0]_6__MUX2X1P4H7L_A_S0 (net)                                    | 21     |             |            |            | 0.000       |        |                 |
| icache_mod.block_tag[0]_11__MUX2X3H7L_A_S0_BUFX20H7L_Y:A (BUFX20H7L)                 |        | 0.004       | 0.000      | 0.036      |             | 0.000  | 0.283f          |
| icache_mod.block_tag[0]_11__MUX2X3H7L_A_S0_BUFX20H7L_Y:Y (BUFX20H7L)                 |        | 0.039       | 0.000      | 0.028      |             | 0.049  | 0.332f          |
| icache_mod.block_tag[0]_11__MUX2X3H7L_A_S0 (net)                                     | 21     |             |            |            | 0.000       |        |                 |
| icache_mod.block_tag[1]_8__MUX2X1P4H7L_A:S0 (MUX2X1P4H7L)                            |        | 0.002       | 0.000      | 0.028      |             | 0.000  | 0.332f          |
| icache_mod.block_tag[1]_8__MUX2X1P4H7L_A:Y (MUX2X1P4H7L)                             |        | 0.001       | 0.000      | 0.021      |             | 0.046  | 0.379f          |
| icache_mod.block_tag[1]_8__MUX2X1P4H7L_A_Y (net)                                     | 1      |             |            |            | 0.000       |        |                 |
| icache_mod.block_tag[1]_8__MUX2X1P4H7L_A_Y_XNOR2X0P7H7L_B:B (XNOR2X0P7H7L)           |        | 0.001       | 0.000      | 0.021      |             | 0.000  | 0.379f          |
| icache_mod.block_tag[1]_8__MUX2X1P4H7L_A_Y_XNOR2X0P7H7L_B:Y (XNOR2X0P7H7L)           |        | 0.002       | 0.000      | 0.033      |             | 0.068  | 0.447f          |
| icache_mod.hit_1_NOR4X0P5H7L_Y_C_NAND3X0P5H7L_Y_B (net)                              | 2      |             |            |            | 0.000       |        |                 |
| icache_mod.hit_1_NOR4X0P5H7L_Y_C_NAND3X0P5H7L_Y:B (NAND3X0P5H7L)                     |        | 0.001       | 0.000      | 0.033      |             | 0.000  | 0.447f          |
| icache_mod.hit_1_NOR4X0P5H7L_Y_C_NAND3X0P5H7L_Y:Y (NAND3X0P5H7L)                     |        | 0.002       | 0.000      | 0.043      |             | 0.034  | 0.481r          |
| icache_mod.hit_1_NOR4X0P5H7L_Y_C (net)                                               | 2      |             |            |            | 0.000       |        |                 |
| icache_mod.hit_1_NOR4X0P5H7L_Y_A_OR4X1P4H7L_A:C (OR4X1P4H7L)                         |        | 0.001       | 0.000      | 0.043      |             | 0.000  | 0.481r          |
| icache_mod.hit_1_NOR4X0P5H7L_Y_A_OR4X1P4H7L_A:Y (OR4X1P4H7L)                         |        | 0.002       | 0.000      | 0.027      |             | 0.045  | 0.526r          |
| icache_mod.hit_1_NOR4X0P5H7L_Y_A_OR4X1P4H7L_A_Y (net)                                | 1      |             |            |            | 0.000       |        |                 |
| icache_mod.hit_1_NOR4X0P5H7L_Y_A_OR4X1P4H7L_A_Y_BUFX7H7L_A:A (BUFX7H7L)              |        | 0.002       | 0.000      | 0.027      |             | 0.000  | 0.526r          |
| icache_mod.hit_1_NOR4X0P5H7L_Y_A_OR4X1P4H7L_A_Y_BUFX7H7L_A:Y (BUFX7H7L)              |        | 0.016       | 0.000      | 0.048      |             | 0.049  | 0.575r          |
| icache_mod.hit_1_NOR2BX1H7L_B_AN_AO21X4H7L_A0_A1 (net)                               | 20     |             |            |            | 0.000       |        |                 |
| icache_mod.hit_1_NOR2BX1H7L_B_AN_AO31X0P5H7L_A1:A2 (AO31X0P5H7L)                     |        | 0.001       | 0.000      | 0.048      |             | 0.000  | 0.575r          |
| icache_mod.hit_1_NOR2BX1H7L_B_AN_AO31X0P5H7L_A1:Y (AO31X0P5H7L)                      |        | 0.003       | 0.000      | 0.055      |             | 0.078  | 0.654r          |
| io_master_rready_OAI31X0P5H7L_Y_B0_NAND4X1P4H7L_Y_D (net)                            | 3      |             |            |            | 0.000       |        |                 |
| io_master_rready_OAI31X0P5H7L_Y_B0_NAND4X1P4H7L_Y:D (NAND4X1P4H7L)                   |        | 0.001       | 0.000      | 0.055      |             | 0.000  | 0.654r          |
| io_master_rready_OAI31X0P5H7L_Y_B0_NAND4X1P4H7L_Y:Y (NAND4X1P4H7L)                   |        | 0.003       | 0.000      | 0.079      |             | 0.058  | 0.712f          |
| io_master_rready_OAI31X0P5H7L_Y_B0 (net)                                             | 2      |             |            |            | 0.000       |        |                 |
| io_master_rready_OAI31X0P5H7L_Y_B0_NOR2BX3H7L_B:B (NOR2BX3H7L)                       |        | 0.002       | 0.000      | 0.079      |             | 0.000  | 0.712f          |
| io_master_rready_OAI31X0P5H7L_Y_B0_NOR2BX3H7L_B:Z (NOR2BX3H7L)                       |        | 0.008       | 0.000      | 0.108      |             | 0.085  | 0.796r          |
| icache_mod.state_1__OAI2BB1X0P5H7L_B0_A0N (net)                                      | 10     |             |            |            | 0.000       |        |                 |
| icache_mod.latest_row_NAND3X1P4H7L_B_C_NOR2BX1P4H7L_Z:AN (NOR2BX1P4H7L)              |        | 0.001       | 0.000      | 0.108      |             | 0.000  | 0.796r          |
| icache_mod.latest_row_NAND3X1P4H7L_B_C_NOR2BX1P4H7L_Z:Z (NOR2BX1P4H7L)               |        | 0.002       | 0.000      | 0.059      |             | 0.068  | 0.864r          |
| icache_mod.latest_row_NAND3X1P4H7L_B_C (net)                                         | 2      |             |            |            | 0.000       |        |                 |
| icache_mod.latest_row_NAND3BX2H7L_AN:B (NAND3BX2H7L)                                 |        | 0.001       | 0.000      | 0.059      |             | 0.000  | 0.864r          |
| icache_mod.latest_row_NAND3BX2H7L_AN:Y (NAND3BX2H7L)                                 |        | 0.005       | 0.000      | 0.093      |             | 0.064  | 0.928f          |
| icache_mod.block_valid[1]_reg_p_D_NOR2X0P5H7L_Y_B (net)                              | 7      |             |            |            | 0.000       |        |                 |
| icache_mod.block_valid[1]_reg_p_CK_ICGX0P5H7L_ECK_E_OAI21X0P5H7L_Y:A1 (OAI21X0P5H7L) |        | 0.001       | 0.000      | 0.093      |             | 0.000  | 0.928f          |
| icache_mod.block_valid[1]_reg_p_CK_ICGX0P5H7L_ECK_E_OAI21X0P5H7L_Y:Y (OAI21X0P5H7L)  |        | 0.001       | 0.000      | 0.064      |             | 0.061  | 0.989r          |
| icache_mod.block_valid[1]_reg_p_CK_ICGX0P5H7L_ECK_E (net)                            | 1      |             |            |            | 0.000       |        |                 |
| icache_mod.block_valid[1]_reg_p_CK_ICGX0P5H7L_ECK:E (ICGX0P5H7L)                     |        | 0.001       | 0.000      | 0.064      |             | 0.000  | 0.989r          |
|                                                                                      |        |             |            |            |             |        |                 |
| clock (port)                                                                         |        | 0.686       | 0.000      | 0.000      |             | 0.000  | 0.000r          |
| clock (clock net)                                                                    | 832    |             |            |            | NA          |        |                 |
| icache_mod.block_valid[1]_reg_p_CK_ICGX0P5H7L_ECK:CK (ICGX0P5H7L)                    |        | 0.002       | 0.000      | 0.000      |             | 0.000  | 0.000r          |
| clock core_clock (rise edge)                                                         |        |             |            |            |             | 1.769  | 1.769           |
| clock network delay (ideal)                                                          |        |             |            |            |             | 0.000  | 1.769           |
| icache_mod.block_valid[1]_reg_p_CK_ICGX0P5H7L_ECK:CK (ICGX0P5H7L)                    |        |             |            |            |             |        | 1.769r          |
| library setup time                                                                   |        |             |            |            |             | -0.057 | 1.712           |
| clock reconvergence pessimism                                                        |        |             |            |            |             | 0.000  | 1.712           |
|                                                                                      |        |             |            |            |             |        |                 |
| path cell delay                                                                      |        |             |            |            |             |        | 0.989(100.000%) |
| path net delay                                                                       |        |             |            |            |             |        | 0.000(0.000%)   |
|                                                                                      |        |             |            |            |             |        |                 |
| data require time                                                                    |        |             |            |            |             |        | 1.712           |
| data arrival time                                                                    |        |             |            |            |             |        | 0.989           |
| slack (MET)                                                                          |        |             |            |            |             |        | 0.724           |
+--------------------------------------------------------------------------------------+--------+-------------+------------+------------+-------------+--------+-----------------+
+------------------------------------------------------------------------------------------------+--------+-------------+------------+------------+-------------+--------+-----------------+
| Point                                                                                          | Fanout | Capacitance | Resistance | Transition | Delta Delay | Incr   | Path            |
+------------------------------------------------------------------------------------------------+--------+-------------+------------+------------+-------------+--------+-----------------+
| clock (port)                                                                                   |        | 0.875       | 0.000      | 0.000      |             | 0.000  | 0.000r          |
| clock (clock net)                                                                              | 832    |             |            |            | NA          |        |                 |
| icache_mod.trans_reg_p_CK_ICGX0P5H7L_ECK:CK (ICGX0P5H7L)                                       |        | 0.002       | 0.000      | 0.000      |             | 0.000  | 0.000r          |
| icache_mod.trans_reg_p_CK_ICGX0P5H7L_ECK:ECK (ICGX0P5H7L)                                      |        | 0.001       | 0.000      | 0.000      |             | 0.000  | 0.000r          |
| icache_mod.trans_reg_p_CK (clock net)                                                          | 1      |             |            |            | NA          |        |                 |
| icache_mod.trans_reg_p:CK (DFFQX1H7L)                                                          |        | 0.001       | 0.000      | 0.000      |             | 0.000  | 0.000r          |
| clock core_clock (rise edge)                                                                   |        |             |            |            |             | 0      | 0               |
| clock network delay (ideal)                                                                    |        |             |            |            |             | 0.000  | 0.000           |
| icache_mod.trans_reg_p:CK (DFFQX1H7L)                                                          |        | 0.001       | 0.000      | 0.000      |             | 0.000  | 0.000r          |
| icache_mod.trans_reg_p:Q (DFFQX1H7L)                                                           |        | 0.003       | 0.000      | 0.039      |             | 0.075  | 0.075f          |
| icache_mod.trans (net)                                                                         | 1      |             |            |            | 0.000       |        |                 |
| icache_mod.trans_BUFX16H7L_A:A (BUFX16H7L)                                                     |        | 0.003       | 0.000      | 0.039      |             | 0.000  | 0.075f          |
| icache_mod.trans_BUFX16H7L_A:Y (BUFX16H7L)                                                     |        | 0.037       | 0.000      | 0.033      |             | 0.054  | 0.129f          |
| icache_mod.trans_BUFX16H7L_A_Y (net)                                                           | 21     |             |            |            | 0.000       |        |                 |
| icache_mod.miss_addr_4__MUX2X8H7L_B:S0 (MUX2X8H7L)                                             |        | 0.004       | 0.000      | 0.033      |             | 0.000  | 0.129f          |
| icache_mod.miss_addr_4__MUX2X8H7L_B:Y (MUX2X8H7L)                                              |        | 0.003       | 0.000      | 0.026      |             | 0.053  | 0.182f          |
| icache_mod.miss_addr_4__MUX2X8H7L_B_Y (net)                                                    | 1      |             |            |            | 0.000       |        |                 |
| icache_mod.miss_addr_4__MUX2X8H7L_B_Y_BUFX16H7L_A:A (BUFX16H7L)                                |        | 0.003       | 0.000      | 0.026      |             | 0.000  | 0.182f          |
| icache_mod.miss_addr_4__MUX2X8H7L_B_Y_BUFX16H7L_A:Y (BUFX16H7L)                                |        | 0.035       | 0.000      | 0.031      |             | 0.048  | 0.230f          |
| icache_mod.block_tag[1]_4__MUX2X0P5H7L_A_S0 (net)                                              | 17     |             |            |            | 0.000       |        |                 |
| icache_mod.block_tag[1]_4__MUX2X0P5H7L_A_S0_BUFX16H7L_A:A (BUFX16H7L)                          |        | 0.003       | 0.000      | 0.031      |             | 0.000  | 0.230f          |
| icache_mod.block_tag[1]_4__MUX2X0P5H7L_A_S0_BUFX16H7L_A:Y (BUFX16H7L)                          |        | 0.043       | 0.000      | 0.036      |             | 0.054  | 0.283f          |
| icache_mod.block_tag[0]_6__MUX2X1P4H7L_A_S0 (net)                                              | 21     |             |            |            | 0.000       |        |                 |
| icache_mod.block_tag[0]_11__MUX2X3H7L_A_S0_BUFX20H7L_Y:A (BUFX20H7L)                           |        | 0.004       | 0.000      | 0.036      |             | 0.000  | 0.283f          |
| icache_mod.block_tag[0]_11__MUX2X3H7L_A_S0_BUFX20H7L_Y:Y (BUFX20H7L)                           |        | 0.039       | 0.000      | 0.028      |             | 0.049  | 0.332f          |
| icache_mod.block_tag[0]_11__MUX2X3H7L_A_S0 (net)                                               | 21     |             |            |            | 0.000       |        |                 |
| icache_mod.block_tag[1]_8__MUX2X1P4H7L_A:S0 (MUX2X1P4H7L)                                      |        | 0.002       | 0.000      | 0.028      |             | 0.000  | 0.332f          |
| icache_mod.block_tag[1]_8__MUX2X1P4H7L_A:Y (MUX2X1P4H7L)                                       |        | 0.001       | 0.000      | 0.021      |             | 0.046  | 0.379f          |
| icache_mod.block_tag[1]_8__MUX2X1P4H7L_A_Y (net)                                               | 1      |             |            |            | 0.000       |        |                 |
| icache_mod.block_tag[1]_8__MUX2X1P4H7L_A_Y_XNOR2X0P7H7L_B:B (XNOR2X0P7H7L)                     |        | 0.001       | 0.000      | 0.021      |             | 0.000  | 0.379f          |
| icache_mod.block_tag[1]_8__MUX2X1P4H7L_A_Y_XNOR2X0P7H7L_B:Y (XNOR2X0P7H7L)                     |        | 0.002       | 0.000      | 0.033      |             | 0.068  | 0.447f          |
| icache_mod.hit_1_NOR4X0P5H7L_Y_C_NAND3X0P5H7L_Y_B (net)                                        | 2      |             |            |            | 0.000       |        |                 |
| icache_mod.hit_1_NOR4X0P5H7L_Y_C_NAND3X0P5H7L_Y:B (NAND3X0P5H7L)                               |        | 0.001       | 0.000      | 0.033      |             | 0.000  | 0.447f          |
| icache_mod.hit_1_NOR4X0P5H7L_Y_C_NAND3X0P5H7L_Y:Y (NAND3X0P5H7L)                               |        | 0.002       | 0.000      | 0.043      |             | 0.034  | 0.481r          |
| icache_mod.hit_1_NOR4X0P5H7L_Y_C (net)                                                         | 2      |             |            |            | 0.000       |        |                 |
| icache_mod.hit_1_NOR4X0P5H7L_Y_A_OR4X1P4H7L_A:C (OR4X1P4H7L)                                   |        | 0.001       | 0.000      | 0.043      |             | 0.000  | 0.481r          |
| icache_mod.hit_1_NOR4X0P5H7L_Y_A_OR4X1P4H7L_A:Y (OR4X1P4H7L)                                   |        | 0.002       | 0.000      | 0.027      |             | 0.045  | 0.526r          |
| icache_mod.hit_1_NOR4X0P5H7L_Y_A_OR4X1P4H7L_A_Y (net)                                          | 1      |             |            |            | 0.000       |        |                 |
| icache_mod.hit_1_NOR4X0P5H7L_Y_A_OR4X1P4H7L_A_Y_BUFX7H7L_A:A (BUFX7H7L)                        |        | 0.002       | 0.000      | 0.027      |             | 0.000  | 0.526r          |
| icache_mod.hit_1_NOR4X0P5H7L_Y_A_OR4X1P4H7L_A_Y_BUFX7H7L_A:Y (BUFX7H7L)                        |        | 0.016       | 0.000      | 0.048      |             | 0.049  | 0.575r          |
| icache_mod.hit_1_NOR2BX1H7L_B_AN_AO21X4H7L_A0_A1 (net)                                         | 20     |             |            |            | 0.000       |        |                 |
| icache_mod.hit_1_NOR2BX1H7L_B_AN_AO31X0P5H7L_A1:A2 (AO31X0P5H7L)                               |        | 0.001       | 0.000      | 0.048      |             | 0.000  | 0.575r          |
| icache_mod.hit_1_NOR2BX1H7L_B_AN_AO31X0P5H7L_A1:Y (AO31X0P5H7L)                                |        | 0.003       | 0.000      | 0.055      |             | 0.078  | 0.654r          |
| io_master_rready_OAI31X0P5H7L_Y_B0_NAND4X1P4H7L_Y_D (net)                                      | 3      |             |            |            | 0.000       |        |                 |
| io_master_rready_OAI31X0P5H7L_Y_B0_NAND4X1P4H7L_Y:D (NAND4X1P4H7L)                             |        | 0.001       | 0.000      | 0.055      |             | 0.000  | 0.654r          |
| io_master_rready_OAI31X0P5H7L_Y_B0_NAND4X1P4H7L_Y:Y (NAND4X1P4H7L)                             |        | 0.003       | 0.000      | 0.079      |             | 0.058  | 0.712f          |
| io_master_rready_OAI31X0P5H7L_Y_B0 (net)                                                       | 2      |             |            |            | 0.000       |        |                 |
| io_master_rready_OAI31X0P5H7L_Y_B0_NOR2BX3H7L_B:B (NOR2BX3H7L)                                 |        | 0.002       | 0.000      | 0.079      |             | 0.000  | 0.712f          |
| io_master_rready_OAI31X0P5H7L_Y_B0_NOR2BX3H7L_B:Z (NOR2BX3H7L)                                 |        | 0.008       | 0.000      | 0.108      |             | 0.085  | 0.796r          |
| icache_mod.state_1__OAI2BB1X0P5H7L_B0_A0N (net)                                                | 10     |             |            |            | 0.000       |        |                 |
| icache_mod.latest_row_NAND3X1P4H7L_B_C_NOR2BX1P4H7L_Z:AN (NOR2BX1P4H7L)                        |        | 0.001       | 0.000      | 0.108      |             | 0.000  | 0.796r          |
| icache_mod.latest_row_NAND3X1P4H7L_B_C_NOR2BX1P4H7L_Z:Z (NOR2BX1P4H7L)                         |        | 0.002       | 0.000      | 0.059      |             | 0.068  | 0.864r          |
| icache_mod.latest_row_NAND3X1P4H7L_B_C (net)                                                   | 2      |             |            |            | 0.000       |        |                 |
| icache_mod.latest_row_NAND3X1P4H7L_B:C (NAND3X1P4H7L)                                          |        | 0.001       | 0.000      | 0.059      |             | 0.000  | 0.864r          |
| icache_mod.latest_row_NAND3X1P4H7L_B:Y (NAND3X1P4H7L)                                          |        | 0.005       | 0.000      | 0.100      |             | 0.071  | 0.935f          |
| icache_mod.latest_row_NAND3X1P4H7L_B_Y (net)                                                   | 8      |             |            |            | 0.000       |        |                 |
| icache_mod.block_valid[1]_reg_p_D_NOR2X0P5H7L_Y_A_NOR2X0P5H7L_B:A (NOR2X0P5H7L)                |        | 0.001       | 0.000      | 0.100      |             | 0.000  | 0.935f          |
| icache_mod.block_valid[1]_reg_p_D_NOR2X0P5H7L_Y_A_NOR2X0P5H7L_B:Y (NOR2X0P5H7L)                |        | 0.001       | 0.000      | 0.055      |             | 0.051  | 0.985r          |
| icache_mod.block_valid[1]_reg_p_D_NOR2X0P5H7L_Y_A_NOR2X0P5H7L_B_Y (net)                        | 1      |             |            |            | 0.000       |        |                 |
| icache_mod.block_valid[1]_reg_p_D_NOR2X0P5H7L_Y_A_NOR2X0P5H7L_B_Y_ICGX0P5H7L_E:E (ICGX0P5H7L)  |        | 0.001       | 0.000      | 0.055      |             | 0.000  | 0.985r          |
|                                                                                                |        |             |            |            |             |        |                 |
| clock (port)                                                                                   |        | 0.686       | 0.000      | 0.000      |             | 0.000  | 0.000r          |
| clock (clock net)                                                                              | 832    |             |            |            | NA          |        |                 |
| icache_mod.block_valid[1]_reg_p_D_NOR2X0P5H7L_Y_A_NOR2X0P5H7L_B_Y_ICGX0P5H7L_E:CK (ICGX0P5H7L) |        | 0.002       | 0.000      | 0.000      |             | 0.000  | 0.000r          |
| clock core_clock (rise edge)                                                                   |        |             |            |            |             | 1.769  | 1.769           |
| clock network delay (ideal)                                                                    |        |             |            |            |             | 0.000  | 1.769           |
| icache_mod.block_valid[1]_reg_p_D_NOR2X0P5H7L_Y_A_NOR2X0P5H7L_B_Y_ICGX0P5H7L_E:CK (ICGX0P5H7L) |        |             |            |            |             |        | 1.769r          |
| library setup time                                                                             |        |             |            |            |             | -0.055 | 1.714           |
| clock reconvergence pessimism                                                                  |        |             |            |            |             | 0.000  | 1.714           |
|                                                                                                |        |             |            |            |             |        |                 |
| path cell delay                                                                                |        |             |            |            |             |        | 0.985(100.000%) |
| path net delay                                                                                 |        |             |            |            |             |        | 0.000(0.000%)   |
|                                                                                                |        |             |            |            |             |        |                 |
| data require time                                                                              |        |             |            |            |             |        | 1.714           |
| data arrival time                                                                              |        |             |            |            |             |        | 0.985           |
| slack (MET)                                                                                    |        |             |            |            |             |        | 0.729           |
+------------------------------------------------------------------------------------------------+--------+-------------+------------+------------+-------------+--------+-----------------+
+------------------------------------------------------------------------------------------------+--------+-------------+------------+------------+-------------+--------+-----------------+
| Point                                                                                          | Fanout | Capacitance | Resistance | Transition | Delta Delay | Incr   | Path            |
+------------------------------------------------------------------------------------------------+--------+-------------+------------+------------+-------------+--------+-----------------+
| clock (port)                                                                                   |        | 0.875       | 0.000      | 0.000      |             | 0.000  | 0.000r          |
| clock (clock net)                                                                              | 832    |             |            |            | NA          |        |                 |
| icache_mod.trans_reg_p_CK_ICGX0P5H7L_ECK:CK (ICGX0P5H7L)                                       |        | 0.002       | 0.000      | 0.000      |             | 0.000  | 0.000r          |
| icache_mod.trans_reg_p_CK_ICGX0P5H7L_ECK:ECK (ICGX0P5H7L)                                      |        | 0.001       | 0.000      | 0.000      |             | 0.000  | 0.000r          |
| icache_mod.trans_reg_p_CK (clock net)                                                          | 1      |             |            |            | NA          |        |                 |
| icache_mod.trans_reg_p:CK (DFFQX1H7L)                                                          |        | 0.001       | 0.000      | 0.000      |             | 0.000  | 0.000r          |
| clock core_clock (rise edge)                                                                   |        |             |            |            |             | 0      | 0               |
| clock network delay (ideal)                                                                    |        |             |            |            |             | 0.000  | 0.000           |
| icache_mod.trans_reg_p:CK (DFFQX1H7L)                                                          |        | 0.001       | 0.000      | 0.000      |             | 0.000  | 0.000r          |
| icache_mod.trans_reg_p:Q (DFFQX1H7L)                                                           |        | 0.003       | 0.000      | 0.039      |             | 0.075  | 0.075f          |
| icache_mod.trans (net)                                                                         | 1      |             |            |            | 0.000       |        |                 |
| icache_mod.trans_BUFX16H7L_A:A (BUFX16H7L)                                                     |        | 0.003       | 0.000      | 0.039      |             | 0.000  | 0.075f          |
| icache_mod.trans_BUFX16H7L_A:Y (BUFX16H7L)                                                     |        | 0.037       | 0.000      | 0.033      |             | 0.054  | 0.129f          |
| icache_mod.trans_BUFX16H7L_A_Y (net)                                                           | 21     |             |            |            | 0.000       |        |                 |
| icache_mod.miss_addr_4__MUX2X8H7L_B:S0 (MUX2X8H7L)                                             |        | 0.004       | 0.000      | 0.033      |             | 0.000  | 0.129f          |
| icache_mod.miss_addr_4__MUX2X8H7L_B:Y (MUX2X8H7L)                                              |        | 0.003       | 0.000      | 0.026      |             | 0.053  | 0.182f          |
| icache_mod.miss_addr_4__MUX2X8H7L_B_Y (net)                                                    | 1      |             |            |            | 0.000       |        |                 |
| icache_mod.miss_addr_4__MUX2X8H7L_B_Y_BUFX16H7L_A:A (BUFX16H7L)                                |        | 0.003       | 0.000      | 0.026      |             | 0.000  | 0.182f          |
| icache_mod.miss_addr_4__MUX2X8H7L_B_Y_BUFX16H7L_A:Y (BUFX16H7L)                                |        | 0.035       | 0.000      | 0.031      |             | 0.048  | 0.230f          |
| icache_mod.block_tag[1]_4__MUX2X0P5H7L_A_S0 (net)                                              | 17     |             |            |            | 0.000       |        |                 |
| icache_mod.block_tag[1]_4__MUX2X0P5H7L_A_S0_BUFX16H7L_A:A (BUFX16H7L)                          |        | 0.003       | 0.000      | 0.031      |             | 0.000  | 0.230f          |
| icache_mod.block_tag[1]_4__MUX2X0P5H7L_A_S0_BUFX16H7L_A:Y (BUFX16H7L)                          |        | 0.043       | 0.000      | 0.036      |             | 0.054  | 0.283f          |
| icache_mod.block_tag[0]_6__MUX2X1P4H7L_A_S0 (net)                                              | 21     |             |            |            | 0.000       |        |                 |
| icache_mod.block_tag[0]_11__MUX2X3H7L_A_S0_BUFX20H7L_Y:A (BUFX20H7L)                           |        | 0.004       | 0.000      | 0.036      |             | 0.000  | 0.283f          |
| icache_mod.block_tag[0]_11__MUX2X3H7L_A_S0_BUFX20H7L_Y:Y (BUFX20H7L)                           |        | 0.039       | 0.000      | 0.028      |             | 0.049  | 0.332f          |
| icache_mod.block_tag[0]_11__MUX2X3H7L_A_S0 (net)                                               | 21     |             |            |            | 0.000       |        |                 |
| icache_mod.block_tag[1]_8__MUX2X1P4H7L_A:S0 (MUX2X1P4H7L)                                      |        | 0.002       | 0.000      | 0.028      |             | 0.000  | 0.332f          |
| icache_mod.block_tag[1]_8__MUX2X1P4H7L_A:Y (MUX2X1P4H7L)                                       |        | 0.001       | 0.000      | 0.021      |             | 0.046  | 0.379f          |
| icache_mod.block_tag[1]_8__MUX2X1P4H7L_A_Y (net)                                               | 1      |             |            |            | 0.000       |        |                 |
| icache_mod.block_tag[1]_8__MUX2X1P4H7L_A_Y_XNOR2X0P7H7L_B:B (XNOR2X0P7H7L)                     |        | 0.001       | 0.000      | 0.021      |             | 0.000  | 0.379f          |
| icache_mod.block_tag[1]_8__MUX2X1P4H7L_A_Y_XNOR2X0P7H7L_B:Y (XNOR2X0P7H7L)                     |        | 0.002       | 0.000      | 0.033      |             | 0.068  | 0.447f          |
| icache_mod.hit_1_NOR4X0P5H7L_Y_C_NAND3X0P5H7L_Y_B (net)                                        | 2      |             |            |            | 0.000       |        |                 |
| icache_mod.hit_1_NOR4X0P5H7L_Y_C_NAND3X0P5H7L_Y:B (NAND3X0P5H7L)                               |        | 0.001       | 0.000      | 0.033      |             | 0.000  | 0.447f          |
| icache_mod.hit_1_NOR4X0P5H7L_Y_C_NAND3X0P5H7L_Y:Y (NAND3X0P5H7L)                               |        | 0.002       | 0.000      | 0.043      |             | 0.034  | 0.481r          |
| icache_mod.hit_1_NOR4X0P5H7L_Y_C (net)                                                         | 2      |             |            |            | 0.000       |        |                 |
| icache_mod.hit_1_NOR4X0P5H7L_Y_A_OR4X1P4H7L_A:C (OR4X1P4H7L)                                   |        | 0.001       | 0.000      | 0.043      |             | 0.000  | 0.481r          |
| icache_mod.hit_1_NOR4X0P5H7L_Y_A_OR4X1P4H7L_A:Y (OR4X1P4H7L)                                   |        | 0.002       | 0.000      | 0.027      |             | 0.045  | 0.526r          |
| icache_mod.hit_1_NOR4X0P5H7L_Y_A_OR4X1P4H7L_A_Y (net)                                          | 1      |             |            |            | 0.000       |        |                 |
| icache_mod.hit_1_NOR4X0P5H7L_Y_A_OR4X1P4H7L_A_Y_BUFX7H7L_A:A (BUFX7H7L)                        |        | 0.002       | 0.000      | 0.027      |             | 0.000  | 0.526r          |
| icache_mod.hit_1_NOR4X0P5H7L_Y_A_OR4X1P4H7L_A_Y_BUFX7H7L_A:Y (BUFX7H7L)                        |        | 0.016       | 0.000      | 0.048      |             | 0.049  | 0.575r          |
| icache_mod.hit_1_NOR2BX1H7L_B_AN_AO21X4H7L_A0_A1 (net)                                         | 20     |             |            |            | 0.000       |        |                 |
| icache_mod.hit_1_NOR2BX1H7L_B_AN_AO31X0P5H7L_A1:A2 (AO31X0P5H7L)                               |        | 0.001       | 0.000      | 0.048      |             | 0.000  | 0.575r          |
| icache_mod.hit_1_NOR2BX1H7L_B_AN_AO31X0P5H7L_A1:Y (AO31X0P5H7L)                                |        | 0.003       | 0.000      | 0.055      |             | 0.078  | 0.654r          |
| io_master_rready_OAI31X0P5H7L_Y_B0_NAND4X1P4H7L_Y_D (net)                                      | 3      |             |            |            | 0.000       |        |                 |
| io_master_rready_OAI31X0P5H7L_Y_B0_NAND4X1P4H7L_Y:D (NAND4X1P4H7L)                             |        | 0.001       | 0.000      | 0.055      |             | 0.000  | 0.654r          |
| io_master_rready_OAI31X0P5H7L_Y_B0_NAND4X1P4H7L_Y:Y (NAND4X1P4H7L)                             |        | 0.003       | 0.000      | 0.079      |             | 0.058  | 0.712f          |
| io_master_rready_OAI31X0P5H7L_Y_B0 (net)                                                       | 2      |             |            |            | 0.000       |        |                 |
| io_master_rready_OAI31X0P5H7L_Y_B0_NOR2BX3H7L_B:B (NOR2BX3H7L)                                 |        | 0.002       | 0.000      | 0.079      |             | 0.000  | 0.712f          |
| io_master_rready_OAI31X0P5H7L_Y_B0_NOR2BX3H7L_B:Z (NOR2BX3H7L)                                 |        | 0.008       | 0.000      | 0.108      |             | 0.085  | 0.796r          |
| icache_mod.state_1__OAI2BB1X0P5H7L_B0_A0N (net)                                                | 10     |             |            |            | 0.000       |        |                 |
| icache_mod.latest_row_NAND3X1P4H7L_B_C_NOR2BX1P4H7L_Z:AN (NOR2BX1P4H7L)                        |        | 0.001       | 0.000      | 0.108      |             | 0.000  | 0.796r          |
| icache_mod.latest_row_NAND3X1P4H7L_B_C_NOR2BX1P4H7L_Z:Z (NOR2BX1P4H7L)                         |        | 0.002       | 0.000      | 0.059      |             | 0.068  | 0.864r          |
| icache_mod.latest_row_NAND3X1P4H7L_B_C (net)                                                   | 2      |             |            |            | 0.000       |        |                 |
| icache_mod.latest_row_NAND3X1P4H7L_B:C (NAND3X1P4H7L)                                          |        | 0.001       | 0.000      | 0.059      |             | 0.000  | 0.864r          |
| icache_mod.latest_row_NAND3X1P4H7L_B:Y (NAND3X1P4H7L)                                          |        | 0.005       | 0.000      | 0.100      |             | 0.071  | 0.935f          |
| icache_mod.latest_row_NAND3X1P4H7L_B_Y (net)                                                   | 8      |             |            |            | 0.000       |        |                 |
| icache_mod.block_valid[2]_reg_p_D_NOR2X0P5H7L_Y_B_NOR2X0P5H7L_B:A (NOR2X0P5H7L)                |        | 0.001       | 0.000      | 0.100      |             | 0.000  | 0.935f          |
| icache_mod.block_valid[2]_reg_p_D_NOR2X0P5H7L_Y_B_NOR2X0P5H7L_B:Y (NOR2X0P5H7L)                |        | 0.001       | 0.000      | 0.054      |             | 0.051  | 0.985r          |
| icache_mod.block_valid[2]_reg_p_D_NOR2X0P5H7L_Y_B_NOR2X0P5H7L_B_Y (net)                        | 1      |             |            |            | 0.000       |        |                 |
| icache_mod.block_valid[2]_reg_p_D_NOR2X0P5H7L_Y_B_NOR2X0P5H7L_B_Y_ICGX0P5H7L_E:E (ICGX0P5H7L)  |        | 0.001       | 0.000      | 0.054      |             | 0.000  | 0.985r          |
|                                                                                                |        |             |            |            |             |        |                 |
| clock (port)                                                                                   |        | 0.686       | 0.000      | 0.000      |             | 0.000  | 0.000r          |
| clock (clock net)                                                                              | 832    |             |            |            | NA          |        |                 |
| icache_mod.block_valid[2]_reg_p_D_NOR2X0P5H7L_Y_B_NOR2X0P5H7L_B_Y_ICGX0P5H7L_E:CK (ICGX0P5H7L) |        | 0.002       | 0.000      | 0.000      |             | 0.000  | 0.000r          |
| clock core_clock (rise edge)                                                                   |        |             |            |            |             | 1.769  | 1.769           |
| clock network delay (ideal)                                                                    |        |             |            |            |             | 0.000  | 1.769           |
| icache_mod.block_valid[2]_reg_p_D_NOR2X0P5H7L_Y_B_NOR2X0P5H7L_B_Y_ICGX0P5H7L_E:CK (ICGX0P5H7L) |        |             |            |            |             |        | 1.769r          |
| library setup time                                                                             |        |             |            |            |             | -0.055 | 1.714           |
| clock reconvergence pessimism                                                                  |        |             |            |            |             | 0.000  | 1.714           |
|                                                                                                |        |             |            |            |             |        |                 |
| path cell delay                                                                                |        |             |            |            |             |        | 0.985(100.000%) |
| path net delay                                                                                 |        |             |            |            |             |        | 0.000(0.000%)   |
|                                                                                                |        |             |            |            |             |        |                 |
| data require time                                                                              |        |             |            |            |             |        | 1.714           |
| data arrival time                                                                              |        |             |            |            |             |        | 0.985           |
| slack (MET)                                                                                    |        |             |            |            |             |        | 0.729           |
+------------------------------------------------------------------------------------------------+--------+-------------+------------+------------+-------------+--------+-----------------+
+--------------------------------------------------------------------------------------------------------+--------+-------------+------------+------------+-------------+--------+-----------------+
| Point                                                                                                  | Fanout | Capacitance | Resistance | Transition | Delta Delay | Incr   | Path            |
+--------------------------------------------------------------------------------------------------------+--------+-------------+------------+------------+-------------+--------+-----------------+
| clock (port)                                                                                           |        | 0.875       | 0.000      | 0.000      |             | 0.000  | 0.000r          |
| clock (clock net)                                                                                      | 832    |             |            |            | NA          |        |                 |
| icache_mod.trans_reg_p_CK_ICGX0P5H7L_ECK:CK (ICGX0P5H7L)                                               |        | 0.002       | 0.000      | 0.000      |             | 0.000  | 0.000r          |
| icache_mod.trans_reg_p_CK_ICGX0P5H7L_ECK:ECK (ICGX0P5H7L)                                              |        | 0.001       | 0.000      | 0.000      |             | 0.000  | 0.000r          |
| icache_mod.trans_reg_p_CK (clock net)                                                                  | 1      |             |            |            | NA          |        |                 |
| icache_mod.trans_reg_p:CK (DFFQX1H7L)                                                                  |        | 0.001       | 0.000      | 0.000      |             | 0.000  | 0.000r          |
| clock core_clock (rise edge)                                                                           |        |             |            |            |             | 0      | 0               |
| clock network delay (ideal)                                                                            |        |             |            |            |             | 0.000  | 0.000           |
| icache_mod.trans_reg_p:CK (DFFQX1H7L)                                                                  |        | 0.001       | 0.000      | 0.000      |             | 0.000  | 0.000r          |
| icache_mod.trans_reg_p:Q (DFFQX1H7L)                                                                   |        | 0.003       | 0.000      | 0.039      |             | 0.075  | 0.075f          |
| icache_mod.trans (net)                                                                                 | 1      |             |            |            | 0.000       |        |                 |
| icache_mod.trans_BUFX16H7L_A:A (BUFX16H7L)                                                             |        | 0.003       | 0.000      | 0.039      |             | 0.000  | 0.075f          |
| icache_mod.trans_BUFX16H7L_A:Y (BUFX16H7L)                                                             |        | 0.037       | 0.000      | 0.033      |             | 0.054  | 0.129f          |
| icache_mod.trans_BUFX16H7L_A_Y (net)                                                                   | 21     |             |            |            | 0.000       |        |                 |
| icache_mod.miss_addr_4__MUX2X8H7L_B:S0 (MUX2X8H7L)                                                     |        | 0.004       | 0.000      | 0.033      |             | 0.000  | 0.129f          |
| icache_mod.miss_addr_4__MUX2X8H7L_B:Y (MUX2X8H7L)                                                      |        | 0.003       | 0.000      | 0.026      |             | 0.053  | 0.182f          |
| icache_mod.miss_addr_4__MUX2X8H7L_B_Y (net)                                                            | 1      |             |            |            | 0.000       |        |                 |
| icache_mod.miss_addr_4__MUX2X8H7L_B_Y_BUFX16H7L_A:A (BUFX16H7L)                                        |        | 0.003       | 0.000      | 0.026      |             | 0.000  | 0.182f          |
| icache_mod.miss_addr_4__MUX2X8H7L_B_Y_BUFX16H7L_A:Y (BUFX16H7L)                                        |        | 0.035       | 0.000      | 0.031      |             | 0.048  | 0.230f          |
| icache_mod.block_tag[1]_4__MUX2X0P5H7L_A_S0 (net)                                                      | 17     |             |            |            | 0.000       |        |                 |
| icache_mod.block_tag[1]_4__MUX2X0P5H7L_A_S0_BUFX16H7L_A:A (BUFX16H7L)                                  |        | 0.003       | 0.000      | 0.031      |             | 0.000  | 0.230f          |
| icache_mod.block_tag[1]_4__MUX2X0P5H7L_A_S0_BUFX16H7L_A:Y (BUFX16H7L)                                  |        | 0.043       | 0.000      | 0.036      |             | 0.054  | 0.283f          |
| icache_mod.block_tag[0]_6__MUX2X1P4H7L_A_S0 (net)                                                      | 21     |             |            |            | 0.000       |        |                 |
| icache_mod.block_tag[0]_11__MUX2X3H7L_A_S0_BUFX20H7L_Y:A (BUFX20H7L)                                   |        | 0.004       | 0.000      | 0.036      |             | 0.000  | 0.283f          |
| icache_mod.block_tag[0]_11__MUX2X3H7L_A_S0_BUFX20H7L_Y:Y (BUFX20H7L)                                   |        | 0.039       | 0.000      | 0.028      |             | 0.049  | 0.332f          |
| icache_mod.block_tag[0]_11__MUX2X3H7L_A_S0 (net)                                                       | 21     |             |            |            | 0.000       |        |                 |
| icache_mod.block_tag[1]_8__MUX2X1P4H7L_A:S0 (MUX2X1P4H7L)                                              |        | 0.002       | 0.000      | 0.028      |             | 0.000  | 0.332f          |
| icache_mod.block_tag[1]_8__MUX2X1P4H7L_A:Y (MUX2X1P4H7L)                                               |        | 0.001       | 0.000      | 0.021      |             | 0.046  | 0.379f          |
| icache_mod.block_tag[1]_8__MUX2X1P4H7L_A_Y (net)                                                       | 1      |             |            |            | 0.000       |        |                 |
| icache_mod.block_tag[1]_8__MUX2X1P4H7L_A_Y_XNOR2X0P7H7L_B:B (XNOR2X0P7H7L)                             |        | 0.001       | 0.000      | 0.021      |             | 0.000  | 0.379f          |
| icache_mod.block_tag[1]_8__MUX2X1P4H7L_A_Y_XNOR2X0P7H7L_B:Y (XNOR2X0P7H7L)                             |        | 0.002       | 0.000      | 0.033      |             | 0.068  | 0.447f          |
| icache_mod.hit_1_NOR4X0P5H7L_Y_C_NAND3X0P5H7L_Y_B (net)                                                | 2      |             |            |            | 0.000       |        |                 |
| icache_mod.hit_1_NOR4X0P5H7L_Y_C_NAND3X0P5H7L_Y:B (NAND3X0P5H7L)                                       |        | 0.001       | 0.000      | 0.033      |             | 0.000  | 0.447f          |
| icache_mod.hit_1_NOR4X0P5H7L_Y_C_NAND3X0P5H7L_Y:Y (NAND3X0P5H7L)                                       |        | 0.002       | 0.000      | 0.043      |             | 0.034  | 0.481r          |
| icache_mod.hit_1_NOR4X0P5H7L_Y_C (net)                                                                 | 2      |             |            |            | 0.000       |        |                 |
| icache_mod.hit_1_NOR4X0P5H7L_Y_A_OR4X1P4H7L_A:C (OR4X1P4H7L)                                           |        | 0.001       | 0.000      | 0.043      |             | 0.000  | 0.481r          |
| icache_mod.hit_1_NOR4X0P5H7L_Y_A_OR4X1P4H7L_A:Y (OR4X1P4H7L)                                           |        | 0.002       | 0.000      | 0.027      |             | 0.045  | 0.526r          |
| icache_mod.hit_1_NOR4X0P5H7L_Y_A_OR4X1P4H7L_A_Y (net)                                                  | 1      |             |            |            | 0.000       |        |                 |
| icache_mod.hit_1_NOR4X0P5H7L_Y_A_OR4X1P4H7L_A_Y_BUFX7H7L_A:A (BUFX7H7L)                                |        | 0.002       | 0.000      | 0.027      |             | 0.000  | 0.526r          |
| icache_mod.hit_1_NOR4X0P5H7L_Y_A_OR4X1P4H7L_A_Y_BUFX7H7L_A:Y (BUFX7H7L)                                |        | 0.016       | 0.000      | 0.048      |             | 0.049  | 0.575r          |
| icache_mod.hit_1_NOR2BX1H7L_B_AN_AO21X4H7L_A0_A1 (net)                                                 | 20     |             |            |            | 0.000       |        |                 |
| icache_mod.hit_1_NOR2BX1H7L_B_AN_AO31X0P5H7L_A1:A2 (AO31X0P5H7L)                                       |        | 0.001       | 0.000      | 0.048      |             | 0.000  | 0.575r          |
| icache_mod.hit_1_NOR2BX1H7L_B_AN_AO31X0P5H7L_A1:Y (AO31X0P5H7L)                                        |        | 0.003       | 0.000      | 0.055      |             | 0.078  | 0.654r          |
| io_master_rready_OAI31X0P5H7L_Y_B0_NAND4X1P4H7L_Y_D (net)                                              | 3      |             |            |            | 0.000       |        |                 |
| io_master_rready_OAI31X0P5H7L_Y_B0_NAND4X1P4H7L_Y:D (NAND4X1P4H7L)                                     |        | 0.001       | 0.000      | 0.055      |             | 0.000  | 0.654r          |
| io_master_rready_OAI31X0P5H7L_Y_B0_NAND4X1P4H7L_Y:Y (NAND4X1P4H7L)                                     |        | 0.003       | 0.000      | 0.079      |             | 0.058  | 0.712f          |
| io_master_rready_OAI31X0P5H7L_Y_B0 (net)                                                               | 2      |             |            |            | 0.000       |        |                 |
| io_master_rready_OAI31X0P5H7L_Y_B0_NOR2BX3H7L_B:B (NOR2BX3H7L)                                         |        | 0.002       | 0.000      | 0.079      |             | 0.000  | 0.712f          |
| io_master_rready_OAI31X0P5H7L_Y_B0_NOR2BX3H7L_B:Z (NOR2BX3H7L)                                         |        | 0.008       | 0.000      | 0.108      |             | 0.085  | 0.796r          |
| icache_mod.state_1__OAI2BB1X0P5H7L_B0_A0N (net)                                                        | 10     |             |            |            | 0.000       |        |                 |
| icache_mod.latest_row_NAND3X1P4H7L_B_C_NOR2BX1P4H7L_Z:AN (NOR2BX1P4H7L)                                |        | 0.001       | 0.000      | 0.108      |             | 0.000  | 0.796r          |
| icache_mod.latest_row_NAND3X1P4H7L_B_C_NOR2BX1P4H7L_Z:Z (NOR2BX1P4H7L)                                 |        | 0.002       | 0.000      | 0.059      |             | 0.068  | 0.864r          |
| icache_mod.latest_row_NAND3X1P4H7L_B_C (net)                                                           | 2      |             |            |            | 0.000       |        |                 |
| icache_mod.latest_row_NAND3X1P4H7L_B:C (NAND3X1P4H7L)                                                  |        | 0.001       | 0.000      | 0.059      |             | 0.000  | 0.864r          |
| icache_mod.latest_row_NAND3X1P4H7L_B:Y (NAND3X1P4H7L)                                                  |        | 0.005       | 0.000      | 0.100      |             | 0.071  | 0.935f          |
| icache_mod.latest_row_NAND3X1P4H7L_B_Y (net)                                                           | 8      |             |            |            | 0.000       |        |                 |
| icache_mod.fill_count_1__XOR2X0P5H7L_B_Y_NAND2X0P5H7L_B_Y_NOR2X0P5H7L_B:A (NOR2X0P5H7L)                |        | 0.001       | 0.000      | 0.100      |             | 0.000  | 0.935f          |
| icache_mod.fill_count_1__XOR2X0P5H7L_B_Y_NAND2X0P5H7L_B_Y_NOR2X0P5H7L_B:Y (NOR2X0P5H7L)                |        | 0.001       | 0.000      | 0.051      |             | 0.051  | 0.985r          |
| icache_mod.fill_count_1__XOR2X0P5H7L_B_Y_NAND2X0P5H7L_B_Y_NOR2X0P5H7L_B_Y (net)                        | 1      |             |            |            | 0.000       |        |                 |
| icache_mod.fill_count_1__XOR2X0P5H7L_B_Y_NAND2X0P5H7L_B_Y_NOR2X0P5H7L_B_Y_ICGX0P5H7L_E:E (ICGX0P5H7L)  |        | 0.001       | 0.000      | 0.051      |             | 0.000  | 0.985r          |
|                                                                                                        |        |             |            |            |             |        |                 |
| clock (port)                                                                                           |        | 0.686       | 0.000      | 0.000      |             | 0.000  | 0.000r          |
| clock (clock net)                                                                                      | 832    |             |            |            | NA          |        |                 |
| icache_mod.fill_count_1__XOR2X0P5H7L_B_Y_NAND2X0P5H7L_B_Y_NOR2X0P5H7L_B_Y_ICGX0P5H7L_E:CK (ICGX0P5H7L) |        | 0.002       | 0.000      | 0.000      |             | 0.000  | 0.000r          |
| clock core_clock (rise edge)                                                                           |        |             |            |            |             | 1.769  | 1.769           |
| clock network delay (ideal)                                                                            |        |             |            |            |             | 0.000  | 1.769           |
| icache_mod.fill_count_1__XOR2X0P5H7L_B_Y_NAND2X0P5H7L_B_Y_NOR2X0P5H7L_B_Y_ICGX0P5H7L_E:CK (ICGX0P5H7L) |        |             |            |            |             |        | 1.769r          |
| library setup time                                                                                     |        |             |            |            |             | -0.054 | 1.715           |
| clock reconvergence pessimism                                                                          |        |             |            |            |             | 0.000  | 1.715           |
|                                                                                                        |        |             |            |            |             |        |                 |
| path cell delay                                                                                        |        |             |            |            |             |        | 0.985(100.000%) |
| path net delay                                                                                         |        |             |            |            |             |        | 0.000(0.000%)   |
|                                                                                                        |        |             |            |            |             |        |                 |
| data require time                                                                                      |        |             |            |            |             |        | 1.715           |
| data arrival time                                                                                      |        |             |            |            |             |        | 0.985           |
| slack (MET)                                                                                            |        |             |            |            |             |        | 0.730           |
+--------------------------------------------------------------------------------------------------------+--------+-------------+------------+------------+-------------+--------+-----------------+
+------------------------------------------------------------------------------------------------------+--------+-------------+------------+------------+-------------+--------+-----------------+
| Point                                                                                                | Fanout | Capacitance | Resistance | Transition | Delta Delay | Incr   | Path            |
+------------------------------------------------------------------------------------------------------+--------+-------------+------------+------------+-------------+--------+-----------------+
| clock (port)                                                                                         |        | 0.875       | 0.000      | 0.000      |             | 0.000  | 0.000r          |
| clock (clock net)                                                                                    | 832    |             |            |            | NA          |        |                 |
| icache_mod.trans_reg_p_CK_ICGX0P5H7L_ECK:CK (ICGX0P5H7L)                                             |        | 0.002       | 0.000      | 0.000      |             | 0.000  | 0.000r          |
| icache_mod.trans_reg_p_CK_ICGX0P5H7L_ECK:ECK (ICGX0P5H7L)                                            |        | 0.001       | 0.000      | 0.000      |             | 0.000  | 0.000r          |
| icache_mod.trans_reg_p_CK (clock net)                                                                | 1      |             |            |            | NA          |        |                 |
| icache_mod.trans_reg_p:CK (DFFQX1H7L)                                                                |        | 0.001       | 0.000      | 0.000      |             | 0.000  | 0.000r          |
| clock core_clock (rise edge)                                                                         |        |             |            |            |             | 0      | 0               |
| clock network delay (ideal)                                                                          |        |             |            |            |             | 0.000  | 0.000           |
| icache_mod.trans_reg_p:CK (DFFQX1H7L)                                                                |        | 0.001       | 0.000      | 0.000      |             | 0.000  | 0.000r          |
| icache_mod.trans_reg_p:Q (DFFQX1H7L)                                                                 |        | 0.003       | 0.000      | 0.039      |             | 0.075  | 0.075f          |
| icache_mod.trans (net)                                                                               | 1      |             |            |            | 0.000       |        |                 |
| icache_mod.trans_BUFX16H7L_A:A (BUFX16H7L)                                                           |        | 0.003       | 0.000      | 0.039      |             | 0.000  | 0.075f          |
| icache_mod.trans_BUFX16H7L_A:Y (BUFX16H7L)                                                           |        | 0.037       | 0.000      | 0.033      |             | 0.054  | 0.129f          |
| icache_mod.trans_BUFX16H7L_A_Y (net)                                                                 | 21     |             |            |            | 0.000       |        |                 |
| icache_mod.miss_addr_4__MUX2X8H7L_B:S0 (MUX2X8H7L)                                                   |        | 0.004       | 0.000      | 0.033      |             | 0.000  | 0.129f          |
| icache_mod.miss_addr_4__MUX2X8H7L_B:Y (MUX2X8H7L)                                                    |        | 0.003       | 0.000      | 0.026      |             | 0.053  | 0.182f          |
| icache_mod.miss_addr_4__MUX2X8H7L_B_Y (net)                                                          | 1      |             |            |            | 0.000       |        |                 |
| icache_mod.miss_addr_4__MUX2X8H7L_B_Y_BUFX16H7L_A:A (BUFX16H7L)                                      |        | 0.003       | 0.000      | 0.026      |             | 0.000  | 0.182f          |
| icache_mod.miss_addr_4__MUX2X8H7L_B_Y_BUFX16H7L_A:Y (BUFX16H7L)                                      |        | 0.035       | 0.000      | 0.031      |             | 0.048  | 0.230f          |
| icache_mod.block_tag[1]_4__MUX2X0P5H7L_A_S0 (net)                                                    | 17     |             |            |            | 0.000       |        |                 |
| icache_mod.block_tag[1]_4__MUX2X0P5H7L_A_S0_BUFX16H7L_A:A (BUFX16H7L)                                |        | 0.003       | 0.000      | 0.031      |             | 0.000  | 0.230f          |
| icache_mod.block_tag[1]_4__MUX2X0P5H7L_A_S0_BUFX16H7L_A:Y (BUFX16H7L)                                |        | 0.043       | 0.000      | 0.036      |             | 0.054  | 0.283f          |
| icache_mod.block_tag[0]_6__MUX2X1P4H7L_A_S0 (net)                                                    | 21     |             |            |            | 0.000       |        |                 |
| icache_mod.block_tag[0]_11__MUX2X3H7L_A_S0_BUFX20H7L_Y:A (BUFX20H7L)                                 |        | 0.004       | 0.000      | 0.036      |             | 0.000  | 0.283f          |
| icache_mod.block_tag[0]_11__MUX2X3H7L_A_S0_BUFX20H7L_Y:Y (BUFX20H7L)                                 |        | 0.039       | 0.000      | 0.028      |             | 0.049  | 0.332f          |
| icache_mod.block_tag[0]_11__MUX2X3H7L_A_S0 (net)                                                     | 21     |             |            |            | 0.000       |        |                 |
| icache_mod.block_tag[1]_8__MUX2X1P4H7L_A:S0 (MUX2X1P4H7L)                                            |        | 0.002       | 0.000      | 0.028      |             | 0.000  | 0.332f          |
| icache_mod.block_tag[1]_8__MUX2X1P4H7L_A:Y (MUX2X1P4H7L)                                             |        | 0.001       | 0.000      | 0.021      |             | 0.046  | 0.379f          |
| icache_mod.block_tag[1]_8__MUX2X1P4H7L_A_Y (net)                                                     | 1      |             |            |            | 0.000       |        |                 |
| icache_mod.block_tag[1]_8__MUX2X1P4H7L_A_Y_XNOR2X0P7H7L_B:B (XNOR2X0P7H7L)                           |        | 0.001       | 0.000      | 0.021      |             | 0.000  | 0.379f          |
| icache_mod.block_tag[1]_8__MUX2X1P4H7L_A_Y_XNOR2X0P7H7L_B:Y (XNOR2X0P7H7L)                           |        | 0.002       | 0.000      | 0.033      |             | 0.068  | 0.447f          |
| icache_mod.hit_1_NOR4X0P5H7L_Y_C_NAND3X0P5H7L_Y_B (net)                                              | 2      |             |            |            | 0.000       |        |                 |
| icache_mod.hit_1_NOR4X0P5H7L_Y_C_NAND3X0P5H7L_Y:B (NAND3X0P5H7L)                                     |        | 0.001       | 0.000      | 0.033      |             | 0.000  | 0.447f          |
| icache_mod.hit_1_NOR4X0P5H7L_Y_C_NAND3X0P5H7L_Y:Y (NAND3X0P5H7L)                                     |        | 0.002       | 0.000      | 0.043      |             | 0.034  | 0.481r          |
| icache_mod.hit_1_NOR4X0P5H7L_Y_C (net)                                                               | 2      |             |            |            | 0.000       |        |                 |
| icache_mod.hit_1_NOR4X0P5H7L_Y_A_OR4X1P4H7L_A:C (OR4X1P4H7L)                                         |        | 0.001       | 0.000      | 0.043      |             | 0.000  | 0.481r          |
| icache_mod.hit_1_NOR4X0P5H7L_Y_A_OR4X1P4H7L_A:Y (OR4X1P4H7L)                                         |        | 0.002       | 0.000      | 0.027      |             | 0.045  | 0.526r          |
| icache_mod.hit_1_NOR4X0P5H7L_Y_A_OR4X1P4H7L_A_Y (net)                                                | 1      |             |            |            | 0.000       |        |                 |
| icache_mod.hit_1_NOR4X0P5H7L_Y_A_OR4X1P4H7L_A_Y_BUFX7H7L_A:A (BUFX7H7L)                              |        | 0.002       | 0.000      | 0.027      |             | 0.000  | 0.526r          |
| icache_mod.hit_1_NOR4X0P5H7L_Y_A_OR4X1P4H7L_A_Y_BUFX7H7L_A:Y (BUFX7H7L)                              |        | 0.016       | 0.000      | 0.048      |             | 0.049  | 0.575r          |
| icache_mod.hit_1_NOR2BX1H7L_B_AN_AO21X4H7L_A0_A1 (net)                                               | 20     |             |            |            | 0.000       |        |                 |
| icache_mod.hit_1_NOR2BX1H7L_B_AN_AO31X0P5H7L_A1:A2 (AO31X0P5H7L)                                     |        | 0.001       | 0.000      | 0.048      |             | 0.000  | 0.575r          |
| icache_mod.hit_1_NOR2BX1H7L_B_AN_AO31X0P5H7L_A1:Y (AO31X0P5H7L)                                      |        | 0.003       | 0.000      | 0.055      |             | 0.078  | 0.654r          |
| io_master_rready_OAI31X0P5H7L_Y_B0_NAND4X1P4H7L_Y_D (net)                                            | 3      |             |            |            | 0.000       |        |                 |
| io_master_rready_OAI31X0P5H7L_Y_B0_NAND4X1P4H7L_Y:D (NAND4X1P4H7L)                                   |        | 0.001       | 0.000      | 0.055      |             | 0.000  | 0.654r          |
| io_master_rready_OAI31X0P5H7L_Y_B0_NAND4X1P4H7L_Y:Y (NAND4X1P4H7L)                                   |        | 0.003       | 0.000      | 0.079      |             | 0.058  | 0.712f          |
| io_master_rready_OAI31X0P5H7L_Y_B0 (net)                                                             | 2      |             |            |            | 0.000       |        |                 |
| io_master_rready_OAI31X0P5H7L_Y_B0_NOR2BX3H7L_B:B (NOR2BX3H7L)                                       |        | 0.002       | 0.000      | 0.079      |             | 0.000  | 0.712f          |
| io_master_rready_OAI31X0P5H7L_Y_B0_NOR2BX3H7L_B:Z (NOR2BX3H7L)                                       |        | 0.008       | 0.000      | 0.108      |             | 0.085  | 0.796r          |
| icache_mod.state_1__OAI2BB1X0P5H7L_B0_A0N (net)                                                      | 10     |             |            |            | 0.000       |        |                 |
| icache_mod.latest_row_NAND3X1P4H7L_B_C_NOR2BX1P4H7L_Z:AN (NOR2BX1P4H7L)                              |        | 0.001       | 0.000      | 0.108      |             | 0.000  | 0.796r          |
| icache_mod.latest_row_NAND3X1P4H7L_B_C_NOR2BX1P4H7L_Z:Z (NOR2BX1P4H7L)                               |        | 0.002       | 0.000      | 0.059      |             | 0.068  | 0.864r          |
| icache_mod.latest_row_NAND3X1P4H7L_B_C (net)                                                         | 2      |             |            |            | 0.000       |        |                 |
| icache_mod.latest_row_NAND3X1P4H7L_B:C (NAND3X1P4H7L)                                                |        | 0.001       | 0.000      | 0.059      |             | 0.000  | 0.864r          |
| icache_mod.latest_row_NAND3X1P4H7L_B:Y (NAND3X1P4H7L)                                                |        | 0.005       | 0.000      | 0.100      |             | 0.071  | 0.935f          |
| icache_mod.latest_row_NAND3X1P4H7L_B_Y (net)                                                         | 8      |             |            |            | 0.000       |        |                 |
| icache_mod.fill_count_1__OR2X0P5H7L_B_Y_MUX2X0P5H7L_A_Y_NOR2X0P5H7L_B:A (NOR2X0P5H7L)                |        | 0.001       | 0.000      | 0.100      |             | 0.000  | 0.935f          |
| icache_mod.fill_count_1__OR2X0P5H7L_B_Y_MUX2X0P5H7L_A_Y_NOR2X0P5H7L_B:Y (NOR2X0P5H7L)                |        | 0.001       | 0.000      | 0.051      |             | 0.051  | 0.985r          |
| icache_mod.fill_count_1__OR2X0P5H7L_B_Y_MUX2X0P5H7L_A_Y_NOR2X0P5H7L_B_Y (net)                        | 1      |             |            |            | 0.000       |        |                 |
| icache_mod.fill_count_1__OR2X0P5H7L_B_Y_MUX2X0P5H7L_A_Y_NOR2X0P5H7L_B_Y_ICGX0P5H7L_E:E (ICGX0P5H7L)  |        | 0.001       | 0.000      | 0.051      |             | 0.000  | 0.985r          |
|                                                                                                      |        |             |            |            |             |        |                 |
| clock (port)                                                                                         |        | 0.686       | 0.000      | 0.000      |             | 0.000  | 0.000r          |
| clock (clock net)                                                                                    | 832    |             |            |            | NA          |        |                 |
| icache_mod.fill_count_1__OR2X0P5H7L_B_Y_MUX2X0P5H7L_A_Y_NOR2X0P5H7L_B_Y_ICGX0P5H7L_E:CK (ICGX0P5H7L) |        | 0.002       | 0.000      | 0.000      |             | 0.000  | 0.000r          |
| clock core_clock (rise edge)                                                                         |        |             |            |            |             | 1.769  | 1.769           |
| clock network delay (ideal)                                                                          |        |             |            |            |             | 0.000  | 1.769           |
| icache_mod.fill_count_1__OR2X0P5H7L_B_Y_MUX2X0P5H7L_A_Y_NOR2X0P5H7L_B_Y_ICGX0P5H7L_E:CK (ICGX0P5H7L) |        |             |            |            |             |        | 1.769r          |
| library setup time                                                                                   |        |             |            |            |             | -0.054 | 1.715           |
| clock reconvergence pessimism                                                                        |        |             |            |            |             | 0.000  | 1.715           |
|                                                                                                      |        |             |            |            |             |        |                 |
| path cell delay                                                                                      |        |             |            |            |             |        | 0.985(100.000%) |
| path net delay                                                                                       |        |             |            |            |             |        | 0.000(0.000%)   |
|                                                                                                      |        |             |            |            |             |        |                 |
| data require time                                                                                    |        |             |            |            |             |        | 1.715           |
| data arrival time                                                                                    |        |             |            |            |             |        | 0.985           |
| slack (MET)                                                                                          |        |             |            |            |             |        | 0.730           |
+------------------------------------------------------------------------------------------------------+--------+-------------+------------+------------+-------------+--------+-----------------+
+------------------------------------------------------------------------------------------------+--------+-------------+------------+------------+-------------+--------+-----------------+
| Point                                                                                          | Fanout | Capacitance | Resistance | Transition | Delta Delay | Incr   | Path            |
+------------------------------------------------------------------------------------------------+--------+-------------+------------+------------+-------------+--------+-----------------+
| clock (port)                                                                                   |        | 0.686       | 0.000      | 0.000      |             | 0.000  | 0.000r          |
| clock (clock net)                                                                              | 832    |             |            |            | NA          |        |                 |
| pc_mod.pc_2__reg_p:CK (DFFQX1H7L)                                                              |        | 0.001       | 0.000      | 0.000      |             | 0.000  | 0.000r          |
| clock core_clock (rise edge)                                                                   |        |             |            |            |             | 0      | 0               |
| clock network delay (ideal)                                                                    |        |             |            |            |             | 0.000  | 0.000           |
| pc_mod.pc_2__reg_p:CK (DFFQX1H7L)                                                              |        | 0.001       | 0.000      | 0.000      |             | 0.000  | 0.000r          |
| pc_mod.pc_2__reg_p:Q (DFFQX1H7L)                                                               |        | 0.001       | 0.000      | 0.027      |             | 0.064  | 0.064f          |
| pc_mod.pc_2_ (net)                                                                             | 2      |             |            |            | 0.000       |        |                 |
| icache_mod.miss_addr_2__reg_p:D (DFFQX1H7L)                                                    |        | 0.001       | 0.000      | 0.027      |             | 0.000  | 0.064f          |
|                                                                                                |        |             |            |            |             |        |                 |
| clock (port)                                                                                   |        | 0.875       | 0.000      | 0.000      |             | 0.000  | 0.000r          |
| clock (clock net)                                                                              | 832    |             |            |            | NA          |        |                 |
| arbiter_mod.read_busy_reg_p_D_AOI211X0P5H7L_Y_A0_NOR2X0P5H7L_B_Y_ICGX0P5H7L_E:CK (ICGX0P5H7L)  |        | 0.002       | 0.000      | 0.000      |             | 0.000  | 0.000r          |
| arbiter_mod.read_busy_reg_p_D_AOI211X0P5H7L_Y_A0_NOR2X0P5H7L_B_Y_ICGX0P5H7L_E:ECK (ICGX0P5H7L) |        | 0.031       | 0.000      | 0.000      |             | 0.000  | 0.000r          |
| icache_mod.burst_reg_reg_p_CK (clock net)                                                      | 31     |             |            |            | NA          |        |                 |
| icache_mod.miss_addr_2__reg_p:CK (DFFQX1H7L)                                                   |        | 0.001       | 0.000      | 0.000      |             | 0.000  | 0.000r          |
| clock core_clock (rise edge)                                                                   |        |             |            |            |             | 0      | 0               |
| clock network delay (ideal)                                                                    |        |             |            |            |             | 0.000  | 0.000           |
| icache_mod.miss_addr_2__reg_p:CK (DFFQX1H7L)                                                   |        |             |            |            |             |        | 0.000r          |
| library hold time                                                                              |        |             |            |            |             | -0.008 | -0.008          |
| clock reconvergence pessimism                                                                  |        |             |            |            |             | -0.000 | -0.008          |
|                                                                                                |        |             |            |            |             |        |                 |
| path cell delay                                                                                |        |             |            |            |             |        | 0.064(100.000%) |
| path net delay                                                                                 |        |             |            |            |             |        | 0.000(0.000%)   |
|                                                                                                |        |             |            |            |             |        |                 |
| data require time                                                                              |        |             |            |            |             |        | -0.008          |
| data arrival time                                                                              |        |             |            |            |             |        | 0.064           |
| slack (MET)                                                                                    |        |             |            |            |             |        | 0.072           |
+------------------------------------------------------------------------------------------------+--------+-------------+------------+------------+-------------+--------+-----------------+
+------------------------------------------------------------------------------------------------+--------+-------------+------------+------------+-------------+--------+-----------------+
| Point                                                                                          | Fanout | Capacitance | Resistance | Transition | Delta Delay | Incr   | Path            |
+------------------------------------------------------------------------------------------------+--------+-------------+------------+------------+-------------+--------+-----------------+
| clock (port)                                                                                   |        | 0.686       | 0.000      | 0.000      |             | 0.000  | 0.000r          |
| clock (clock net)                                                                              | 832    |             |            |            | NA          |        |                 |
| pc_mod.pc_16__reg_p:CK (DFFQX1H7L)                                                             |        | 0.001       | 0.000      | 0.000      |             | 0.000  | 0.000r          |
| clock core_clock (rise edge)                                                                   |        |             |            |            |             | 0      | 0               |
| clock network delay (ideal)                                                                    |        |             |            |            |             | 0.000  | 0.000           |
| pc_mod.pc_16__reg_p:CK (DFFQX1H7L)                                                             |        | 0.001       | 0.000      | 0.000      |             | 0.000  | 0.000r          |
| pc_mod.pc_16__reg_p:Q (DFFQX1H7L)                                                              |        | 0.001       | 0.000      | 0.027      |             | 0.064  | 0.064f          |
| pc_mod.pc_16_ (net)                                                                            | 2      |             |            |            | 0.000       |        |                 |
| icache_mod.miss_addr_16__reg_p:D (DFFQX1H7L)                                                   |        | 0.001       | 0.000      | 0.027      |             | 0.000  | 0.064f          |
|                                                                                                |        |             |            |            |             |        |                 |
| clock (port)                                                                                   |        | 0.875       | 0.000      | 0.000      |             | 0.000  | 0.000r          |
| clock (clock net)                                                                              | 832    |             |            |            | NA          |        |                 |
| arbiter_mod.read_busy_reg_p_D_AOI211X0P5H7L_Y_A0_NOR2X0P5H7L_B_Y_ICGX0P5H7L_E:CK (ICGX0P5H7L)  |        | 0.002       | 0.000      | 0.000      |             | 0.000  | 0.000r          |
| arbiter_mod.read_busy_reg_p_D_AOI211X0P5H7L_Y_A0_NOR2X0P5H7L_B_Y_ICGX0P5H7L_E:ECK (ICGX0P5H7L) |        | 0.031       | 0.000      | 0.000      |             | 0.000  | 0.000r          |
| icache_mod.burst_reg_reg_p_CK (clock net)                                                      | 31     |             |            |            | NA          |        |                 |
| icache_mod.miss_addr_16__reg_p:CK (DFFQX1H7L)                                                  |        | 0.001       | 0.000      | 0.000      |             | 0.000  | 0.000r          |
| clock core_clock (rise edge)                                                                   |        |             |            |            |             | 0      | 0               |
| clock network delay (ideal)                                                                    |        |             |            |            |             | 0.000  | 0.000           |
| icache_mod.miss_addr_16__reg_p:CK (DFFQX1H7L)                                                  |        |             |            |            |             |        | 0.000r          |
| library hold time                                                                              |        |             |            |            |             | -0.008 | -0.008          |
| clock reconvergence pessimism                                                                  |        |             |            |            |             | -0.000 | -0.008          |
|                                                                                                |        |             |            |            |             |        |                 |
| path cell delay                                                                                |        |             |            |            |             |        | 0.064(100.000%) |
| path net delay                                                                                 |        |             |            |            |             |        | 0.000(0.000%)   |
|                                                                                                |        |             |            |            |             |        |                 |
| data require time                                                                              |        |             |            |            |             |        | -0.008          |
| data arrival time                                                                              |        |             |            |            |             |        | 0.064           |
| slack (MET)                                                                                    |        |             |            |            |             |        | 0.072           |
+------------------------------------------------------------------------------------------------+--------+-------------+------------+------------+-------------+--------+-----------------+
+------------------------------------------------------------------------------------------------+--------+-------------+------------+------------+-------------+--------+-----------------+
| Point                                                                                          | Fanout | Capacitance | Resistance | Transition | Delta Delay | Incr   | Path            |
+------------------------------------------------------------------------------------------------+--------+-------------+------------+------------+-------------+--------+-----------------+
| clock (port)                                                                                   |        | 0.686       | 0.000      | 0.000      |             | 0.000  | 0.000r          |
| clock (clock net)                                                                              | 832    |             |            |            | NA          |        |                 |
| pc_mod.pc_6__reg_p:CK (DFFQX1H7L)                                                              |        | 0.001       | 0.000      | 0.000      |             | 0.000  | 0.000r          |
| clock core_clock (rise edge)                                                                   |        |             |            |            |             | 0      | 0               |
| clock network delay (ideal)                                                                    |        |             |            |            |             | 0.000  | 0.000           |
| pc_mod.pc_6__reg_p:CK (DFFQX1H7L)                                                              |        | 0.001       | 0.000      | 0.000      |             | 0.000  | 0.000r          |
| pc_mod.pc_6__reg_p:Q (DFFQX1H7L)                                                               |        | 0.003       | 0.000      | 0.037      |             | 0.074  | 0.074f          |
| pc_mod.pc_6_ (net)                                                                             | 4      |             |            |            | 0.000       |        |                 |
| icache_mod.miss_addr_6__reg_p:D (DFFQX1H7L)                                                    |        | 0.001       | 0.000      | 0.037      |             | 0.000  | 0.074f          |
|                                                                                                |        |             |            |            |             |        |                 |
| clock (port)                                                                                   |        | 0.875       | 0.000      | 0.000      |             | 0.000  | 0.000r          |
| clock (clock net)                                                                              | 832    |             |            |            | NA          |        |                 |
| arbiter_mod.read_busy_reg_p_D_AOI211X0P5H7L_Y_A0_NOR2X0P5H7L_B_Y_ICGX0P5H7L_E:CK (ICGX0P5H7L)  |        | 0.002       | 0.000      | 0.000      |             | 0.000  | 0.000r          |
| arbiter_mod.read_busy_reg_p_D_AOI211X0P5H7L_Y_A0_NOR2X0P5H7L_B_Y_ICGX0P5H7L_E:ECK (ICGX0P5H7L) |        | 0.031       | 0.000      | 0.000      |             | 0.000  | 0.000r          |
| icache_mod.burst_reg_reg_p_CK (clock net)                                                      | 31     |             |            |            | NA          |        |                 |
| icache_mod.miss_addr_6__reg_p:CK (DFFQX1H7L)                                                   |        | 0.001       | 0.000      | 0.000      |             | 0.000  | 0.000r          |
| clock core_clock (rise edge)                                                                   |        |             |            |            |             | 0      | 0               |
| clock network delay (ideal)                                                                    |        |             |            |            |             | 0.000  | 0.000           |
| icache_mod.miss_addr_6__reg_p:CK (DFFQX1H7L)                                                   |        |             |            |            |             |        | 0.000r          |
| library hold time                                                                              |        |             |            |            |             | -0.010 | -0.010          |
| clock reconvergence pessimism                                                                  |        |             |            |            |             | -0.000 | -0.010          |
|                                                                                                |        |             |            |            |             |        |                 |
| path cell delay                                                                                |        |             |            |            |             |        | 0.074(100.000%) |
| path net delay                                                                                 |        |             |            |            |             |        | 0.000(0.000%)   |
|                                                                                                |        |             |            |            |             |        |                 |
| data require time                                                                              |        |             |            |            |             |        | -0.010          |
| data arrival time                                                                              |        |             |            |            |             |        | 0.074           |
| slack (MET)                                                                                    |        |             |            |            |             |        | 0.084           |
+------------------------------------------------------------------------------------------------+--------+-------------+------------+------------+-------------+--------+-----------------+
+------------------------------------------------------------------------------------------------+--------+-------------+------------+------------+-------------+--------+-----------------+
| Point                                                                                          | Fanout | Capacitance | Resistance | Transition | Delta Delay | Incr   | Path            |
+------------------------------------------------------------------------------------------------+--------+-------------+------------+------------+-------------+--------+-----------------+
| clock (port)                                                                                   |        | 0.686       | 0.000      | 0.000      |             | 0.000  | 0.000r          |
| clock (clock net)                                                                              | 832    |             |            |            | NA          |        |                 |
| pc_mod.pc_15__reg_p:CK (DFFQX1H7L)                                                             |        | 0.001       | 0.000      | 0.000      |             | 0.000  | 0.000r          |
| clock core_clock (rise edge)                                                                   |        |             |            |            |             | 0      | 0               |
| clock network delay (ideal)                                                                    |        |             |            |            |             | 0.000  | 0.000           |
| pc_mod.pc_15__reg_p:CK (DFFQX1H7L)                                                             |        | 0.001       | 0.000      | 0.000      |             | 0.000  | 0.000r          |
| pc_mod.pc_15__reg_p:Q (DFFQX1H7L)                                                              |        | 0.005       | 0.000      | 0.046      |             | 0.082  | 0.082f          |
| pc_mod.pc_15_ (net)                                                                            | 6      |             |            |            | 0.000       |        |                 |
| icache_mod.miss_addr_15__reg_p:D (DFFQX1H7L)                                                   |        | 0.001       | 0.000      | 0.046      |             | 0.000  | 0.082f          |
|                                                                                                |        |             |            |            |             |        |                 |
| clock (port)                                                                                   |        | 0.875       | 0.000      | 0.000      |             | 0.000  | 0.000r          |
| clock (clock net)                                                                              | 832    |             |            |            | NA          |        |                 |
| arbiter_mod.read_busy_reg_p_D_AOI211X0P5H7L_Y_A0_NOR2X0P5H7L_B_Y_ICGX0P5H7L_E:CK (ICGX0P5H7L)  |        | 0.002       | 0.000      | 0.000      |             | 0.000  | 0.000r          |
| arbiter_mod.read_busy_reg_p_D_AOI211X0P5H7L_Y_A0_NOR2X0P5H7L_B_Y_ICGX0P5H7L_E:ECK (ICGX0P5H7L) |        | 0.031       | 0.000      | 0.000      |             | 0.000  | 0.000r          |
| icache_mod.burst_reg_reg_p_CK (clock net)                                                      | 31     |             |            |            | NA          |        |                 |
| icache_mod.miss_addr_15__reg_p:CK (DFFQX1H7L)                                                  |        | 0.001       | 0.000      | 0.000      |             | 0.000  | 0.000r          |
| clock core_clock (rise edge)                                                                   |        |             |            |            |             | 0      | 0               |
| clock network delay (ideal)                                                                    |        |             |            |            |             | 0.000  | 0.000           |
| icache_mod.miss_addr_15__reg_p:CK (DFFQX1H7L)                                                  |        |             |            |            |             |        | 0.000r          |
| library hold time                                                                              |        |             |            |            |             | -0.012 | -0.012          |
| clock reconvergence pessimism                                                                  |        |             |            |            |             | -0.000 | -0.012          |
|                                                                                                |        |             |            |            |             |        |                 |
| path cell delay                                                                                |        |             |            |            |             |        | 0.082(100.000%) |
| path net delay                                                                                 |        |             |            |            |             |        | 0.000(0.000%)   |
|                                                                                                |        |             |            |            |             |        |                 |
| data require time                                                                              |        |             |            |            |             |        | -0.012          |
| data arrival time                                                                              |        |             |            |            |             |        | 0.082           |
| slack (MET)                                                                                    |        |             |            |            |             |        | 0.094           |
+------------------------------------------------------------------------------------------------+--------+-------------+------------+------------+-------------+--------+-----------------+
+------------------------------------------------------------------------------------------------+--------+-------------+------------+------------+-------------+--------+-----------------+
| Point                                                                                          | Fanout | Capacitance | Resistance | Transition | Delta Delay | Incr   | Path            |
+------------------------------------------------------------------------------------------------+--------+-------------+------------+------------+-------------+--------+-----------------+
| clock (port)                                                                                   |        | 0.686       | 0.000      | 0.000      |             | 0.000  | 0.000r          |
| clock (clock net)                                                                              | 832    |             |            |            | NA          |        |                 |
| pc_mod.pc_7__reg_p:CK (DFFQX1H7L)                                                              |        | 0.001       | 0.000      | 0.000      |             | 0.000  | 0.000r          |
| clock core_clock (rise edge)                                                                   |        |             |            |            |             | 0      | 0               |
| clock network delay (ideal)                                                                    |        |             |            |            |             | 0.000  | 0.000           |
| pc_mod.pc_7__reg_p:CK (DFFQX1H7L)                                                              |        | 0.001       | 0.000      | 0.000      |             | 0.000  | 0.000r          |
| pc_mod.pc_7__reg_p:Q (DFFQX1H7L)                                                               |        | 0.005       | 0.000      | 0.046      |             | 0.082  | 0.082f          |
| pc_mod.pc_7_ (net)                                                                             | 6      |             |            |            | 0.000       |        |                 |
| icache_mod.miss_addr_7__reg_p:D (DFFQX1H7L)                                                    |        | 0.001       | 0.000      | 0.046      |             | 0.000  | 0.082f          |
|                                                                                                |        |             |            |            |             |        |                 |
| clock (port)                                                                                   |        | 0.875       | 0.000      | 0.000      |             | 0.000  | 0.000r          |
| clock (clock net)                                                                              | 832    |             |            |            | NA          |        |                 |
| arbiter_mod.read_busy_reg_p_D_AOI211X0P5H7L_Y_A0_NOR2X0P5H7L_B_Y_ICGX0P5H7L_E:CK (ICGX0P5H7L)  |        | 0.002       | 0.000      | 0.000      |             | 0.000  | 0.000r          |
| arbiter_mod.read_busy_reg_p_D_AOI211X0P5H7L_Y_A0_NOR2X0P5H7L_B_Y_ICGX0P5H7L_E:ECK (ICGX0P5H7L) |        | 0.031       | 0.000      | 0.000      |             | 0.000  | 0.000r          |
| icache_mod.burst_reg_reg_p_CK (clock net)                                                      | 31     |             |            |            | NA          |        |                 |
| icache_mod.miss_addr_7__reg_p:CK (DFFQX1H7L)                                                   |        | 0.001       | 0.000      | 0.000      |             | 0.000  | 0.000r          |
| clock core_clock (rise edge)                                                                   |        |             |            |            |             | 0      | 0               |
| clock network delay (ideal)                                                                    |        |             |            |            |             | 0.000  | 0.000           |
| icache_mod.miss_addr_7__reg_p:CK (DFFQX1H7L)                                                   |        |             |            |            |             |        | 0.000r          |
| library hold time                                                                              |        |             |            |            |             | -0.013 | -0.013          |
| clock reconvergence pessimism                                                                  |        |             |            |            |             | -0.000 | -0.013          |
|                                                                                                |        |             |            |            |             |        |                 |
| path cell delay                                                                                |        |             |            |            |             |        | 0.082(100.000%) |
| path net delay                                                                                 |        |             |            |            |             |        | 0.000(0.000%)   |
|                                                                                                |        |             |            |            |             |        |                 |
| data require time                                                                              |        |             |            |            |             |        | -0.013          |
| data arrival time                                                                              |        |             |            |            |             |        | 0.082           |
| slack (MET)                                                                                    |        |             |            |            |             |        | 0.095           |
+------------------------------------------------------------------------------------------------+--------+-------------+------------+------------+-------------+--------+-----------------+
+-----------------------------------------------------------------------------------------------+--------+-------------+------------+------------+-------------+--------+-----------------+
| Point                                                                                         | Fanout | Capacitance | Resistance | Transition | Delta Delay | Incr   | Path            |
+-----------------------------------------------------------------------------------------------+--------+-------------+------------+------------+-------------+--------+-----------------+
| clock (port)                                                                                  |        | 0.686       | 0.000      | 0.000      |             | 0.000  | 0.000r          |
| clock (clock net)                                                                             | 832    |             |            |            | NA          |        |                 |
| icache_mod.state_0__reg_p:CK (DFFQX1H7L)                                                      |        | 0.001       | 0.000      | 0.000      |             | 0.000  | 0.000r          |
| clock core_clock (rise edge)                                                                  |        |             |            |            |             | 0      | 0               |
| clock network delay (ideal)                                                                   |        |             |            |            |             | 0.000  | 0.000           |
| icache_mod.state_0__reg_p:CK (DFFQX1H7L)                                                      |        | 0.001       | 0.000      | 0.000      |             | 0.000  | 0.000r          |
| icache_mod.state_0__reg_p:Q (DFFQX1H7L)                                                       |        | 0.003       | 0.000      | 0.035      |             | 0.072  | 0.072f          |
| icache_mod.state_0_ (net)                                                                     | 5      |             |            |            | 0.000       |        |                 |
| arbiter_mod.read_busy_reg_p_D_AOI211X0P5H7L_Y_A0_NAND2X0P5H7L_Y:A (NAND2X0P5H7L)              |        | 0.001       | 0.000      | 0.035      |             | 0.000  | 0.072f          |
| arbiter_mod.read_busy_reg_p_D_AOI211X0P5H7L_Y_A0_NAND2X0P5H7L_Y:Y (NAND2X0P5H7L)              |        | 0.002       | 0.000      | 0.038      |             | 0.034  | 0.106r          |
| arbiter_mod.read_busy_reg_p_D_AOI211X0P5H7L_Y_A0 (net)                                        | 3      |             |            |            | 0.000       |        |                 |
| arbiter_mod.read_busy_reg_p_D_AOI211X0P5H7L_Y_A0_NOR2X0P5H7L_B:B (NOR2X0P5H7L)                |        | 0.001       | 0.000      | 0.038      |             | 0.000  | 0.106r          |
| arbiter_mod.read_busy_reg_p_D_AOI211X0P5H7L_Y_A0_NOR2X0P5H7L_B:Y (NOR2X0P5H7L)                |        | 0.001       | 0.000      | 0.019      |             | 0.017  | 0.123f          |
| arbiter_mod.read_busy_reg_p_D_AOI211X0P5H7L_Y_A0_NOR2X0P5H7L_B_Y (net)                        | 1      |             |            |            | 0.000       |        |                 |
| arbiter_mod.read_busy_reg_p_D_AOI211X0P5H7L_Y_A0_NOR2X0P5H7L_B_Y_ICGX0P5H7L_E:E (ICGX0P5H7L)  |        | 0.001       | 0.000      | 0.019      |             | 0.000  | 0.123f          |
|                                                                                               |        |             |            |            |             |        |                 |
| clock (port)                                                                                  |        | 0.875       | 0.000      | 0.000      |             | 0.000  | 0.000r          |
| clock (clock net)                                                                             | 832    |             |            |            | NA          |        |                 |
| arbiter_mod.read_busy_reg_p_D_AOI211X0P5H7L_Y_A0_NOR2X0P5H7L_B_Y_ICGX0P5H7L_E:CK (ICGX0P5H7L) |        | 0.002       | 0.000      | 0.000      |             | 0.000  | 0.000r          |
| clock core_clock (rise edge)                                                                  |        |             |            |            |             | 0      | 0               |
| clock network delay (ideal)                                                                   |        |             |            |            |             | 0.000  | 0.000           |
| arbiter_mod.read_busy_reg_p_D_AOI211X0P5H7L_Y_A0_NOR2X0P5H7L_B_Y_ICGX0P5H7L_E:CK (ICGX0P5H7L) |        |             |            |            |             |        | 0.000r          |
| library hold time                                                                             |        |             |            |            |             | -0.004 | -0.004          |
| clock reconvergence pessimism                                                                 |        |             |            |            |             | -0.000 | -0.004          |
|                                                                                               |        |             |            |            |             |        |                 |
| path cell delay                                                                               |        |             |            |            |             |        | 0.123(100.000%) |
| path net delay                                                                                |        |             |            |            |             |        | 0.000(0.000%)   |
|                                                                                               |        |             |            |            |             |        |                 |
| data require time                                                                             |        |             |            |            |             |        | -0.004          |
| data arrival time                                                                             |        |             |            |            |             |        | 0.123           |
| slack (MET)                                                                                   |        |             |            |            |             |        | 0.127           |
+-----------------------------------------------------------------------------------------------+--------+-------------+------------+------------+-------------+--------+-----------------+
+-------------------------------------------------------------+--------+-------------+------------+------------+-------------+--------+-----------------+
| Point                                                       | Fanout | Capacitance | Resistance | Transition | Delta Delay | Incr   | Path            |
+-------------------------------------------------------------+--------+-------------+------------+------------+-------------+--------+-----------------+
| clock (port)                                                |        | 0.686       | 0.000      | 0.000      |             | 0.000  | 0.000r          |
| clock (clock net)                                           | 832    |             |            |            | NA          |        |                 |
| lsu_mod.lsu_r_0__reg_p:CK (DFFQX1H7L)                       |        | 0.001       | 0.000      | 0.000      |             | 0.000  | 0.000r          |
| clock core_clock (rise edge)                                |        |             |            |            |             | 0      | 0               |
| clock network delay (ideal)                                 |        |             |            |            |             | 0.000  | 0.000           |
| lsu_mod.lsu_r_0__reg_p:CK (DFFQX1H7L)                       |        | 0.001       | 0.000      | 0.000      |             | 0.000  | 0.000r          |
| lsu_mod.lsu_r_0__reg_p:Q (DFFQX1H7L)                        |        | 0.002       | 0.000      | 0.030      |             | 0.067  | 0.067f          |
| lsu_mod.lsu_r_0_ (net)                                      | 3      |             |            |            | 0.000       |        |                 |
| lsu_mod.trans_r_reg_p_D_AOA211X1P4H7L_A1:A0 (AOA211X1P4H7L) |        | 0.001       | 0.000      | 0.030      |             | 0.000  | 0.067f          |
| lsu_mod.trans_r_reg_p_D_AOA211X1P4H7L_A1:Y (AOA211X1P4H7L)  |        | 0.001       | 0.000      | 0.013      |             | 0.065  | 0.132f          |
| lsu_mod.trans_r_reg_p_CK_ICGX0P5H7L_ECK_E (net)             | 1      |             |            |            | 0.000       |        |                 |
| lsu_mod.trans_r_reg_p_CK_ICGX0P5H7L_ECK:E (ICGX0P5H7L)      |        | 0.001       | 0.000      | 0.013      |             | 0.000  | 0.132f          |
|                                                             |        |             |            |            |             |        |                 |
| clock (port)                                                |        | 0.875       | 0.000      | 0.000      |             | 0.000  | 0.000r          |
| clock (clock net)                                           | 832    |             |            |            | NA          |        |                 |
| lsu_mod.trans_r_reg_p_CK_ICGX0P5H7L_ECK:CK (ICGX0P5H7L)     |        | 0.002       | 0.000      | 0.000      |             | 0.000  | 0.000r          |
| clock core_clock (rise edge)                                |        |             |            |            |             | 0      | 0               |
| clock network delay (ideal)                                 |        |             |            |            |             | 0.000  | 0.000           |
| lsu_mod.trans_r_reg_p_CK_ICGX0P5H7L_ECK:CK (ICGX0P5H7L)     |        |             |            |            |             |        | 0.000r          |
| library hold time                                           |        |             |            |            |             | 0.001  | 0.001           |
| clock reconvergence pessimism                               |        |             |            |            |             | -0.000 | 0.001           |
|                                                             |        |             |            |            |             |        |                 |
| path cell delay                                             |        |             |            |            |             |        | 0.132(100.000%) |
| path net delay                                              |        |             |            |            |             |        | 0.000(0.000%)   |
|                                                             |        |             |            |            |             |        |                 |
| data require time                                           |        |             |            |            |             |        | 0.001           |
| data arrival time                                           |        |             |            |            |             |        | 0.132           |
| slack (MET)                                                 |        |             |            |            |             |        | 0.131           |
+-------------------------------------------------------------+--------+-------------+------------+------------+-------------+--------+-----------------+
+---------------------------------------------------------------------------------------------------------+--------+-------------+------------+------------+-------------+--------+-----------------+
| Point                                                                                                   | Fanout | Capacitance | Resistance | Transition | Delta Delay | Incr   | Path            |
+---------------------------------------------------------------------------------------------------------+--------+-------------+------------+------------+-------------+--------+-----------------+
| clock (port)                                                                                            |        | 0.686       | 0.000      | 0.000      |             | 0.000  | 0.000r          |
| clock (clock net)                                                                                       | 832    |             |            |            | NA          |        |                 |
| icache_mod.latest_row_reg_p_CK_ICGX0P5H7L_ECK:CK (ICGX0P5H7L)                                           |        | 0.002       | 0.000      | 0.000      |             | 0.000  | 0.000r          |
| icache_mod.latest_row_reg_p_CK_ICGX0P5H7L_ECK:ECK (ICGX0P5H7L)                                          |        | 0.001       | 0.000      | 0.000      |             | 0.000  | 0.000r          |
| icache_mod.latest_row_reg_p_CK (clock net)                                                              | 1      |             |            |            | NA          |        |                 |
| icache_mod.latest_row_reg_p:CK (DFFQX1H7L)                                                              |        | 0.001       | 0.000      | 0.000      |             | 0.000  | 0.000r          |
| clock core_clock (rise edge)                                                                            |        |             |            |            |             | 0      | 0               |
| clock network delay (ideal)                                                                             |        |             |            |            |             | 0.000  | 0.000           |
| icache_mod.latest_row_reg_p:CK (DFFQX1H7L)                                                              |        | 0.001       | 0.000      | 0.000      |             | 0.000  | 0.000r          |
| icache_mod.latest_row_reg_p:Q (DFFQX1H7L)                                                               |        | 0.003       | 0.000      | 0.035      |             | 0.072  | 0.072f          |
| icache_mod.latest_row (net)                                                                             | 4      |             |            |            | 0.000       |        |                 |
| icache_mod.latest_row_NAND3X1P4H7L_B:B (NAND3X1P4H7L)                                                   |        | 0.001       | 0.000      | 0.035      |             | 0.000  | 0.072f          |
| icache_mod.latest_row_NAND3X1P4H7L_B:Y (NAND3X1P4H7L)                                                   |        | 0.004       | 0.000      | 0.055      |             | 0.045  | 0.116r          |
| icache_mod.latest_row_NAND3X1P4H7L_B_Y (net)                                                            | 8      |             |            |            | 0.000       |        |                 |
| icache_mod.fill_count_1__XOR2X0P5H7L_B_Y_NAND2BX0P5H7L_B_Y_NOR2X0P5H7L_B:A (NOR2X0P5H7L)                |        | 0.001       | 0.000      | 0.055      |             | 0.000  | 0.116r          |
| icache_mod.fill_count_1__XOR2X0P5H7L_B_Y_NAND2BX0P5H7L_B_Y_NOR2X0P5H7L_B:Y (NOR2X0P5H7L)                |        | 0.001       | 0.000      | 0.020      |             | 0.020  | 0.136f          |
| icache_mod.fill_count_1__XOR2X0P5H7L_B_Y_NAND2BX0P5H7L_B_Y_NOR2X0P5H7L_B_Y (net)                        | 1      |             |            |            | 0.000       |        |                 |
| icache_mod.fill_count_1__XOR2X0P5H7L_B_Y_NAND2BX0P5H7L_B_Y_NOR2X0P5H7L_B_Y_ICGX0P5H7L_E:E (ICGX0P5H7L)  |        | 0.001       | 0.000      | 0.020      |             | 0.000  | 0.136f          |
|                                                                                                         |        |             |            |            |             |        |                 |
| clock (port)                                                                                            |        | 0.875       | 0.000      | 0.000      |             | 0.000  | 0.000r          |
| clock (clock net)                                                                                       | 832    |             |            |            | NA          |        |                 |
| icache_mod.fill_count_1__XOR2X0P5H7L_B_Y_NAND2BX0P5H7L_B_Y_NOR2X0P5H7L_B_Y_ICGX0P5H7L_E:CK (ICGX0P5H7L) |        | 0.002       | 0.000      | 0.000      |             | 0.000  | 0.000r          |
| clock core_clock (rise edge)                                                                            |        |             |            |            |             | 0      | 0               |
| clock network delay (ideal)                                                                             |        |             |            |            |             | 0.000  | 0.000           |
| icache_mod.fill_count_1__XOR2X0P5H7L_B_Y_NAND2BX0P5H7L_B_Y_NOR2X0P5H7L_B_Y_ICGX0P5H7L_E:CK (ICGX0P5H7L) |        |             |            |            |             |        | 0.000r          |
| library hold time                                                                                       |        |             |            |            |             | -0.005 | -0.005          |
| clock reconvergence pessimism                                                                           |        |             |            |            |             | -0.000 | -0.005          |
|                                                                                                         |        |             |            |            |             |        |                 |
| path cell delay                                                                                         |        |             |            |            |             |        | 0.136(100.000%) |
| path net delay                                                                                          |        |             |            |            |             |        | 0.000(0.000%)   |
|                                                                                                         |        |             |            |            |             |        |                 |
| data require time                                                                                       |        |             |            |            |             |        | -0.005          |
| data arrival time                                                                                       |        |             |            |            |             |        | 0.136           |
| slack (MET)                                                                                             |        |             |            |            |             |        | 0.141           |
+---------------------------------------------------------------------------------------------------------+--------+-------------+------------+------------+-------------+--------+-----------------+
+------------------------------------------------------------------------------------------------------+--------+-------------+------------+------------+-------------+--------+-----------------+
| Point                                                                                                | Fanout | Capacitance | Resistance | Transition | Delta Delay | Incr   | Path            |
+------------------------------------------------------------------------------------------------------+--------+-------------+------------+------------+-------------+--------+-----------------+
| clock (port)                                                                                         |        | 0.686       | 0.000      | 0.000      |             | 0.000  | 0.000r          |
| clock (clock net)                                                                                    | 832    |             |            |            | NA          |        |                 |
| icache_mod.latest_row_reg_p_CK_ICGX0P5H7L_ECK:CK (ICGX0P5H7L)                                        |        | 0.002       | 0.000      | 0.000      |             | 0.000  | 0.000r          |
| icache_mod.latest_row_reg_p_CK_ICGX0P5H7L_ECK:ECK (ICGX0P5H7L)                                       |        | 0.001       | 0.000      | 0.000      |             | 0.000  | 0.000r          |
| icache_mod.latest_row_reg_p_CK (clock net)                                                           | 1      |             |            |            | NA          |        |                 |
| icache_mod.latest_row_reg_p:CK (DFFQX1H7L)                                                           |        | 0.001       | 0.000      | 0.000      |             | 0.000  | 0.000r          |
| clock core_clock (rise edge)                                                                         |        |             |            |            |             | 0      | 0               |
| clock network delay (ideal)                                                                          |        |             |            |            |             | 0.000  | 0.000           |
| icache_mod.latest_row_reg_p:CK (DFFQX1H7L)                                                           |        | 0.001       | 0.000      | 0.000      |             | 0.000  | 0.000r          |
| icache_mod.latest_row_reg_p:Q (DFFQX1H7L)                                                            |        | 0.003       | 0.000      | 0.035      |             | 0.072  | 0.072f          |
| icache_mod.latest_row (net)                                                                          | 4      |             |            |            | 0.000       |        |                 |
| icache_mod.latest_row_NAND3X1P4H7L_B:B (NAND3X1P4H7L)                                                |        | 0.001       | 0.000      | 0.035      |             | 0.000  | 0.072f          |
| icache_mod.latest_row_NAND3X1P4H7L_B:Y (NAND3X1P4H7L)                                                |        | 0.004       | 0.000      | 0.055      |             | 0.045  | 0.116r          |
| icache_mod.latest_row_NAND3X1P4H7L_B_Y (net)                                                         | 8      |             |            |            | 0.000       |        |                 |
| icache_mod.fill_count_1__OR2X0P5H7L_B_Y_MUX2X0P5H7L_B_Y_NOR2X0P5H7L_B:A (NOR2X0P5H7L)                |        | 0.001       | 0.000      | 0.055      |             | 0.000  | 0.116r          |
| icache_mod.fill_count_1__OR2X0P5H7L_B_Y_MUX2X0P5H7L_B_Y_NOR2X0P5H7L_B:Y (NOR2X0P5H7L)                |        | 0.001       | 0.000      | 0.020      |             | 0.020  | 0.136f          |
| icache_mod.fill_count_1__OR2X0P5H7L_B_Y_MUX2X0P5H7L_B_Y_NOR2X0P5H7L_B_Y (net)                        | 1      |             |            |            | 0.000       |        |                 |
| icache_mod.fill_count_1__OR2X0P5H7L_B_Y_MUX2X0P5H7L_B_Y_NOR2X0P5H7L_B_Y_ICGX0P5H7L_E:E (ICGX0P5H7L)  |        | 0.001       | 0.000      | 0.020      |             | 0.000  | 0.136f          |
|                                                                                                      |        |             |            |            |             |        |                 |
| clock (port)                                                                                         |        | 0.875       | 0.000      | 0.000      |             | 0.000  | 0.000r          |
| clock (clock net)                                                                                    | 832    |             |            |            | NA          |        |                 |
| icache_mod.fill_count_1__OR2X0P5H7L_B_Y_MUX2X0P5H7L_B_Y_NOR2X0P5H7L_B_Y_ICGX0P5H7L_E:CK (ICGX0P5H7L) |        | 0.002       | 0.000      | 0.000      |             | 0.000  | 0.000r          |
| clock core_clock (rise edge)                                                                         |        |             |            |            |             | 0      | 0               |
| clock network delay (ideal)                                                                          |        |             |            |            |             | 0.000  | 0.000           |
| icache_mod.fill_count_1__OR2X0P5H7L_B_Y_MUX2X0P5H7L_B_Y_NOR2X0P5H7L_B_Y_ICGX0P5H7L_E:CK (ICGX0P5H7L) |        |             |            |            |             |        | 0.000r          |
| library hold time                                                                                    |        |             |            |            |             | -0.005 | -0.005          |
| clock reconvergence pessimism                                                                        |        |             |            |            |             | -0.000 | -0.005          |
|                                                                                                      |        |             |            |            |             |        |                 |
| path cell delay                                                                                      |        |             |            |            |             |        | 0.136(100.000%) |
| path net delay                                                                                       |        |             |            |            |             |        | 0.000(0.000%)   |
|                                                                                                      |        |             |            |            |             |        |                 |
| data require time                                                                                    |        |             |            |            |             |        | -0.005          |
| data arrival time                                                                                    |        |             |            |            |             |        | 0.136           |
| slack (MET)                                                                                          |        |             |            |            |             |        | 0.142           |
+------------------------------------------------------------------------------------------------------+--------+-------------+------------+------------+-------------+--------+-----------------+
+------------------------------------------------------------------------------------------------------+--------+-------------+------------+------------+-------------+--------+-----------------+
| Point                                                                                                | Fanout | Capacitance | Resistance | Transition | Delta Delay | Incr   | Path            |
+------------------------------------------------------------------------------------------------------+--------+-------------+------------+------------+-------------+--------+-----------------+
| clock (port)                                                                                         |        | 0.686       | 0.000      | 0.000      |             | 0.000  | 0.000r          |
| clock (clock net)                                                                                    | 832    |             |            |            | NA          |        |                 |
| icache_mod.latest_row_reg_p_CK_ICGX0P5H7L_ECK:CK (ICGX0P5H7L)                                        |        | 0.002       | 0.000      | 0.000      |             | 0.000  | 0.000r          |
| icache_mod.latest_row_reg_p_CK_ICGX0P5H7L_ECK:ECK (ICGX0P5H7L)                                       |        | 0.001       | 0.000      | 0.000      |             | 0.000  | 0.000r          |
| icache_mod.latest_row_reg_p_CK (clock net)                                                           | 1      |             |            |            | NA          |        |                 |
| icache_mod.latest_row_reg_p:CK (DFFQX1H7L)                                                           |        | 0.001       | 0.000      | 0.000      |             | 0.000  | 0.000r          |
| clock core_clock (rise edge)                                                                         |        |             |            |            |             | 0      | 0               |
| clock network delay (ideal)                                                                          |        |             |            |            |             | 0.000  | 0.000           |
| icache_mod.latest_row_reg_p:CK (DFFQX1H7L)                                                           |        | 0.001       | 0.000      | 0.000      |             | 0.000  | 0.000r          |
| icache_mod.latest_row_reg_p:Q (DFFQX1H7L)                                                            |        | 0.003       | 0.000      | 0.035      |             | 0.072  | 0.072f          |
| icache_mod.latest_row (net)                                                                          | 4      |             |            |            | 0.000       |        |                 |
| icache_mod.latest_row_NAND3X1P4H7L_B:B (NAND3X1P4H7L)                                                |        | 0.001       | 0.000      | 0.035      |             | 0.000  | 0.072f          |
| icache_mod.latest_row_NAND3X1P4H7L_B:Y (NAND3X1P4H7L)                                                |        | 0.004       | 0.000      | 0.055      |             | 0.045  | 0.116r          |
| icache_mod.latest_row_NAND3X1P4H7L_B_Y (net)                                                         | 8      |             |            |            | 0.000       |        |                 |
| icache_mod.fill_count_1__OR2X0P5H7L_B_Y_MUX2X0P5H7L_A_Y_NOR2X0P5H7L_B:A (NOR2X0P5H7L)                |        | 0.001       | 0.000      | 0.055      |             | 0.000  | 0.116r          |
| icache_mod.fill_count_1__OR2X0P5H7L_B_Y_MUX2X0P5H7L_A_Y_NOR2X0P5H7L_B:Y (NOR2X0P5H7L)                |        | 0.001       | 0.000      | 0.021      |             | 0.020  | 0.136f          |
| icache_mod.fill_count_1__OR2X0P5H7L_B_Y_MUX2X0P5H7L_A_Y_NOR2X0P5H7L_B_Y (net)                        | 1      |             |            |            | 0.000       |        |                 |
| icache_mod.fill_count_1__OR2X0P5H7L_B_Y_MUX2X0P5H7L_A_Y_NOR2X0P5H7L_B_Y_ICGX0P5H7L_E:E (ICGX0P5H7L)  |        | 0.001       | 0.000      | 0.021      |             | 0.000  | 0.136f          |
|                                                                                                      |        |             |            |            |             |        |                 |
| clock (port)                                                                                         |        | 0.875       | 0.000      | 0.000      |             | 0.000  | 0.000r          |
| clock (clock net)                                                                                    | 832    |             |            |            | NA          |        |                 |
| icache_mod.fill_count_1__OR2X0P5H7L_B_Y_MUX2X0P5H7L_A_Y_NOR2X0P5H7L_B_Y_ICGX0P5H7L_E:CK (ICGX0P5H7L) |        | 0.002       | 0.000      | 0.000      |             | 0.000  | 0.000r          |
| clock core_clock (rise edge)                                                                         |        |             |            |            |             | 0      | 0               |
| clock network delay (ideal)                                                                          |        |             |            |            |             | 0.000  | 0.000           |
| icache_mod.fill_count_1__OR2X0P5H7L_B_Y_MUX2X0P5H7L_A_Y_NOR2X0P5H7L_B_Y_ICGX0P5H7L_E:CK (ICGX0P5H7L) |        |             |            |            |             |        | 0.000r          |
| library hold time                                                                                    |        |             |            |            |             | -0.005 | -0.005          |
| clock reconvergence pessimism                                                                        |        |             |            |            |             | -0.000 | -0.005          |
|                                                                                                      |        |             |            |            |             |        |                 |
| path cell delay                                                                                      |        |             |            |            |             |        | 0.136(100.000%) |
| path net delay                                                                                       |        |             |            |            |             |        | 0.000(0.000%)   |
|                                                                                                      |        |             |            |            |             |        |                 |
| data require time                                                                                    |        |             |            |            |             |        | -0.005          |
| data arrival time                                                                                    |        |             |            |            |             |        | 0.136           |
| slack (MET)                                                                                          |        |             |            |            |             |        | 0.142           |
+------------------------------------------------------------------------------------------------------+--------+-------------+------------+------------+-------------+--------+-----------------+
