Generate the report at 2026-07-14T21:25:00, GitVersion: aa25008b3778a76ae1975c839d4cc459f7f7b3b7.
+---------------------------------------------------------------------------------------------------------+--------------------------+------------+------------+---------------+-------+-------+-----------+
| Endpoint                                                                                                | Clock Group              | Delay Type | Path Delay | Path Required | CPPR  | Slack | Freq(MHz) |
+---------------------------------------------------------------------------------------------------------+--------------------------+------------+------------+---------------+-------+-------+-----------+
| ex_ls_bus_branch_ls_reg_p:D                                                                             | core_clock               | max        | 1.069f     | 1.727         | 0.000 | 0.658 | 899.821   |
| alu_mod.bus_in_pc_23__reg_p:D                                                                           | core_clock               | max        | 1.059f     | 1.718         | 0.000 | 0.659 | 901.300   |
| alu_mod.bus_in_pc_28__reg_p:D                                                                           | core_clock               | max        | 1.059f     | 1.718         | 0.000 | 0.659 | 901.300   |
| alu_mod.bus_in_pc_27__reg_p:D                                                                           | core_clock               | max        | 1.059f     | 1.718         | 0.000 | 0.659 | 901.300   |
| alu_mod.bus_in_pc_29__reg_p:D                                                                           | core_clock               | max        | 1.059f     | 1.718         | 0.000 | 0.659 | 901.300   |
| icache_mod.trans_reg_p_CK_ICGX0P5H7L_ECK:E                                                              | **clock_gating_default** | max        | 1.040r     | 1.707         | 0.000 | 0.667 | NA        |
| pc_mod.pc_1__reg_p_D_AOI21X0P5H7L_Y_B0_NAND2BX0P5H7L_AN_14_Y_ICGX0P5H7L_E:E                             | **clock_gating_default** | max        | 1.044r     | 1.715         | 0.000 | 0.671 | NA        |
| pc_mod.pc_1__reg_p_D_AOI21X0P5H7L_Y_B0_NAND2BX0P5H7L_AN_13_Y_ICGX0P5H7L_E:E                             | **clock_gating_default** | max        | 1.047f     | 1.732         | 0.000 | 0.685 | NA        |
| icache_mod.block_valid[0]_reg_p_D_OAOI211X0P5H7L_Y_A1_NOR3X0P5H7L_C_Y_ICGX0P5H7L_E:E                    | **clock_gating_default** | max        | 1.024r     | 1.708         | 0.000 | 0.685 | NA        |
| icache_mod.block_valid[0]_reg_p_D_OAOI211X0P5H7L_Y_A1_NOR3X0P5H7L_C_1_Y_ICGX0P5H7L_E:E                  | **clock_gating_default** | max        | 1.024r     | 1.708         | 0.000 | 0.685 | NA        |
| icache_mod.miss_addr_5__reg_p:D                                                                         | core_clock               | min        | 0.064f     | -0.008        | 0.000 | 0.072 | NA        |
| icache_mod.miss_addr_28__reg_p:D                                                                        | core_clock               | min        | 0.080f     | -0.012        | 0.000 | 0.092 | NA        |
| icache_mod.miss_addr_13__reg_p:D                                                                        | core_clock               | min        | 0.082f     | -0.013        | 0.000 | 0.095 | NA        |
| icache_mod.miss_addr_31__reg_p:D                                                                        | core_clock               | min        | 0.082f     | -0.013        | 0.000 | 0.095 | NA        |
| icache_mod.miss_addr_7__reg_p:D                                                                         | core_clock               | min        | 0.082f     | -0.013        | 0.000 | 0.095 | NA        |
| icache_mod.trans_reg_p_CK_ICGX0P5H7L_ECK:E                                                              | **clock_gating_default** | min        | 0.124f     | -0.001        | 0.000 | 0.125 | NA        |
| arbiter_mod.read_busy_reg_p_D_AOI211X0P5H7L_Y_A0_NOR2X0P5H7L_B_Y_ICGX0P5H7L_E:E                         | **clock_gating_default** | min        | 0.124f     | -0.004        | 0.000 | 0.129 | NA        |
| lsu_mod.trans_r_reg_p_CK_ICGX0P5H7L_ECK:E                                                               | **clock_gating_default** | min        | 0.132f     | 0.001         | 0.000 | 0.131 | NA        |
| icache_mod.fill_count_0__reg_p_D_AOI2BB1X0P5H7L_Y_A0N_NAND3X0P5H7L_C_Y_NOR2X0P5H7L_B_1_Y_ICGX0P5H7L_E:E | **clock_gating_default** | min        | 0.153f     | -0.002        | 0.000 | 0.155 | NA        |
| icache_mod.fill_count_0__NOR3X0P5H7L_B_Y_NAND2X0P5H7L_B_Y_NOR2X0P5H7L_B_1_Y_ICGX0P5H7L_E:E              | **clock_gating_default** | min        | 0.153f     | -0.002        | 0.000 | 0.155 | NA        |
+---------------------------------------------------------------------------------------------------------+--------------------------+------------+------------+---------------+-------+-------+-----------+
+------------+------------+-------+
| Clock      | Delay Type | TNS   |
+------------+------------+-------+
| core_clock | max        | 0.000 |
| core_clock | min        | 0.000 |
+------------+------------+-------+
+-----------------------------------------------------------------------------------------------------------------------------------------------------------------------------------------+--------+-------------+------------+------------+-------------+--------+-----------------+
| Point                                                                                                                                                                                   | Fanout | Capacitance | Resistance | Transition | Delta Delay | Incr   | Path            |
+-----------------------------------------------------------------------------------------------------------------------------------------------------------------------------------------+--------+-------------+------------+------------+-------------+--------+-----------------+
| clock (port)                                                                                                                                                                            |        | 0.861       | 0.000      | 0.000      |             | 0.000  | 0.000r          |
| clock (clock net)                                                                                                                                                                       | 825    |             |            |            | NA          |        |                 |
| alu_mod.bus_in_alu_op_6__reg_p:CK (DFFQX1H7L)                                                                                                                                           |        | 0.001       | 0.000      | 0.000      |             | 0.000  | 0.000r          |
| clock core_clock (rise edge)                                                                                                                                                            |        |             |            |            |             | 0      | 0               |
| clock network delay (ideal)                                                                                                                                                             |        |             |            |            |             | 0.000  | 0.000           |
| alu_mod.bus_in_alu_op_6__reg_p:CK (DFFQX1H7L)                                                                                                                                           |        | 0.001       | 0.000      | 0.000      |             | 0.000  | 0.000r          |
| alu_mod.bus_in_alu_op_6__reg_p:Q (DFFQX1H7L)                                                                                                                                            |        | 0.002       | 0.000      | 0.037      |             | 0.092  | 0.092r          |
| alu_mod.bus_in_alu_op_6_ (net)                                                                                                                                                          | 1      |             |            |            | 0.000       |        |                 |
| alu_mod.bus_in_alu_op_6__BUFX10H7L_A:A (BUFX10H7L)                                                                                                                                      |        | 0.002       | 0.000      | 0.037      |             | 0.000  | 0.092r          |
| alu_mod.bus_in_alu_op_6__BUFX10H7L_A:Y (BUFX10H7L)                                                                                                                                      |        | 0.033       | 0.000      | 0.066      |             | 0.061  | 0.153r          |
| alu_mod.bus_in_pc_21__AO21X1H7L_A0_A1 (net)                                                                                                                                             | 18     |             |            |            | 0.000       |        |                 |
| alu_mod.bus_in_pc_21__AO21X1H7L_A0_A1_BUFX20H7L_A:A (BUFX20H7L)                                                                                                                         |        | 0.004       | 0.000      | 0.066      |             | 0.000  | 0.153r          |
| alu_mod.bus_in_pc_21__AO21X1H7L_A0_A1_BUFX20H7L_A:Y (BUFX20H7L)                                                                                                                         |        | 0.040       | 0.000      | 0.044      |             | 0.054  | 0.208r          |
| alu_mod.bus_in_pc_20__MUX2X3H7L_B_S0 (net)                                                                                                                                              | 22     |             |            |            | 0.000       |        |                 |
| alu_mod.bus_in_pc_20__MUX2X3H7L_B_S0_BUFX10H7L_A:A (BUFX10H7L)                                                                                                                          |        | 0.002       | 0.000      | 0.044      |             | 0.000  | 0.208r          |
| alu_mod.bus_in_pc_20__MUX2X3H7L_B_S0_BUFX10H7L_A:Y (BUFX10H7L)                                                                                                                          |        | 0.025       | 0.000      | 0.052      |             | 0.055  | 0.263r          |
| alu_mod.bus_in_pc_25__MUX2X3H7L_B_S0 (net)                                                                                                                                              | 24     |             |            |            | 0.000       |        |                 |
| alu_mod.bus_in_pc_27__AOI21X0P5H7L_A0_B0_NOR2BX1P4H7L_Z:B (NOR2BX1P4H7L)                                                                                                                |        | 0.001       | 0.000      | 0.052      |             | 0.000  | 0.263r          |
| alu_mod.bus_in_pc_27__AOI21X0P5H7L_A0_B0_NOR2BX1P4H7L_Z:Z (NOR2BX1P4H7L)                                                                                                                |        | 0.001       | 0.000      | 0.020      |             | 0.016  | 0.279f          |
| alu_mod.bus_in_pc_27__AOI21X0P5H7L_A0_B0 (net)                                                                                                                                          | 1      |             |            |            | 0.000       |        |                 |
| alu_mod.bus_in_pc_27__AOI21X0P5H7L_A0:B0 (AOI21X0P5H7L)                                                                                                                                 |        | 0.001       | 0.000      | 0.020      |             | 0.000  | 0.279f          |
| alu_mod.bus_in_pc_27__AOI21X0P5H7L_A0:Y (AOI21X0P5H7L)                                                                                                                                  |        | 0.001       | 0.000      | 0.052      |             | 0.035  | 0.314r          |
| alu_mod.bus_in_pc_27__AOI21X0P5H7L_A0_Y (net)                                                                                                                                           | 1      |             |            |            | 0.000       |        |                 |
| alu_mod.bus_in_pc_27__AOI21X0P5H7L_A0_Y_BUFX1P4H7L_A:A (BUFX1P4H7L)                                                                                                                     |        | 0.001       | 0.000      | 0.052      |             | 0.000  | 0.314r          |
| alu_mod.bus_in_pc_27__AOI21X0P5H7L_A0_Y_BUFX1P4H7L_A:Y (BUFX1P4H7L)                                                                                                                     |        | 0.013       | 0.000      | 0.147      |             | 0.106  | 0.420r          |
| alu_mod.bus_in_pc_27__AOI21X0P5H7L_A0_Y_BUFX1P4H7L_A_Y (net)                                                                                                                            | 13     |             |            |            | 0.000       |        |                 |
| alu_mod.bus_in_imm_28__AO21X1H7L_A1_Y_NOR3X0P5H7L_B_Y_AO211X1P4H7L_C0_A1_NOR2X0P5H7L_B:A (NOR2X0P5H7L)                                                                                  |        | 0.001       | 0.000      | 0.147      |             | 0.000  | 0.420r          |
| alu_mod.bus_in_imm_28__AO21X1H7L_A1_Y_NOR3X0P5H7L_B_Y_AO211X1P4H7L_C0_A1_NOR2X0P5H7L_B:Y (NOR2X0P5H7L)                                                                                  |        | 0.002       | 0.000      | 0.061      |             | 0.044  | 0.464f          |
| alu_mod.bus_in_imm_28__AO21X1H7L_A1_Y_NOR3X0P5H7L_B_Y_AO211X1P4H7L_C0_A1_NOR2X0P5H7L_B_Y (net)                                                                                          | 3      |             |            |            | 0.000       |        |                 |
| ex_ls_bus_alu_out_ls_30__reg_p_D_AOI21X0P5H7L_Y_A0_OAI211X1P4H7L_Y_B0_OAI211X1H7L_Y_A1_XNOR2X0P5H7L_Y_B_NAND2BX0P5H7L_Y_B_AOI2BB1X0P5H7L_Y_A0N_OR2X1P4H7L_Y:B (OR2X1P4H7L)              |        | 0.001       | 0.000      | 0.061      |             | 0.000  | 0.464f          |
| ex_ls_bus_alu_out_ls_30__reg_p_D_AOI21X0P5H7L_Y_A0_OAI211X1P4H7L_Y_B0_OAI211X1H7L_Y_A1_XNOR2X0P5H7L_Y_B_NAND2BX0P5H7L_Y_B_AOI2BB1X0P5H7L_Y_A0N_OR2X1P4H7L_Y:Y (OR2X1P4H7L)              |        | 0.002       | 0.000      | 0.026      |             | 0.064  | 0.528f          |
| ex_ls_bus_alu_out_ls_30__reg_p_D_AOI21X0P5H7L_Y_A0_OAI211X1P4H7L_Y_B0_OAI211X1H7L_Y_A1_XNOR2X0P5H7L_Y_B_NAND2BX0P5H7L_Y_B_AOI2BB1X0P5H7L_Y_A0N (net)                                    | 2      |             |            |            | 0.000       |        |                 |
| ex_ls_bus_alu_out_ls_30__reg_p_D_AOI21X0P5H7L_Y_A0_OAI211X1P4H7L_Y_B0_OAI211X1H7L_Y_A1_XNOR2X0P5H7L_Y_B_NAND2BX0P5H7L_Y_B_AOI2BB1X0P5H7L_Y_A0N_OR2X0P5H7L_B:B (OR2X0P5H7L)              |        | 0.001       | 0.000      | 0.026      |             | 0.000  | 0.528f          |
| ex_ls_bus_alu_out_ls_30__reg_p_D_AOI21X0P5H7L_Y_A0_OAI211X1P4H7L_Y_B0_OAI211X1H7L_Y_A1_XNOR2X0P5H7L_Y_B_NAND2BX0P5H7L_Y_B_AOI2BB1X0P5H7L_Y_A0N_OR2X0P5H7L_B:Y (OR2X0P5H7L)              |        | 0.003       | 0.000      | 0.044      |             | 0.065  | 0.593f          |
| ex_ls_bus_alu_out_ls_30__reg_p_D_AOI21X0P5H7L_Y_A0_OAI211X1P4H7L_Y_B0_OAI211X1H7L_Y_A1_XNOR2X0P5H7L_Y_B_NAND2BX0P5H7L_Y_B_AOI2BB1X0P5H7L_Y_A0N_OR2X0P5H7L_B_Y (net)                     | 1      |             |            |            | 0.000       |        |                 |
| ex_ls_bus_alu_out_ls_30__reg_p_D_AOI21X0P5H7L_Y_A0_OAI211X1P4H7L_Y_B0_OAI211X1H7L_Y_A1_XNOR2X0P5H7L_Y_B_NAND2BX0P5H7L_Y_B_AOI2BB1X0P5H7L_Y_A0N_OR2X0P5H7L_B_Y_NOR4X6H7L_A:A (NOR4X6H7L) |        | 0.003       | 0.000      | 0.044      |             | 0.000  | 0.593f          |
| ex_ls_bus_alu_out_ls_30__reg_p_D_AOI21X0P5H7L_Y_A0_OAI211X1P4H7L_Y_B0_OAI211X1H7L_Y_A1_XNOR2X0P5H7L_Y_B_NAND2BX0P5H7L_Y_B_AOI2BB1X0P5H7L_Y_A0N_OR2X0P5H7L_B_Y_NOR4X6H7L_A:Y (NOR4X6H7L) |        | 0.004       | 0.000      | 0.089      |             | 0.081  | 0.674r          |
| ex_ls_bus_branch_ls_reg_p_D_AOA211X1P4H7L_Y_A1_AOAI211X0P5H7L_Y_B0_NAND2X0P5H7L_Y_A_NOR2X0P5H7L_Y_A_NOR3X1H7L_Y_A (net)                                                                 | 5      |             |            |            | 0.000       |        |                 |
| ex_ls_bus_branch_ls_reg_p_D_AOA211X1P4H7L_Y_A1_AOAI211X0P5H7L_Y_B0_NAND2X0P5H7L_Y_A_NOR2X0P5H7L_Y_B_OAOI211X2H7L_Y:A0 (OAOI211X2H7L)                                                    |        | 0.001       | 0.000      | 0.089      |             | 0.000  | 0.674r          |
| ex_ls_bus_branch_ls_reg_p_D_AOA211X1P4H7L_Y_A1_AOAI211X0P5H7L_Y_B0_NAND2X0P5H7L_Y_A_NOR2X0P5H7L_Y_B_OAOI211X2H7L_Y:Y (OAOI211X2H7L)                                                     |        | 0.002       | 0.000      | 0.035      |             | 0.037  | 0.711f          |
| ex_ls_bus_branch_ls_reg_p_D_AOA211X1P4H7L_Y_A1_AOAI211X0P5H7L_Y_B0_NAND2X0P5H7L_Y_A_NOR2X0P5H7L_Y_B (net)                                                                               | 2      |             |            |            | 0.000       |        |                 |
| ex_ls_bus_branch_ls_reg_p_D_AOA211X1P4H7L_Y_A1_AOAI211X0P5H7L_Y_B0_NAND2X0P5H7L_Y_A_NOR2X0P5H7L_Y_A_OAOI211X1P4H7L_A0:A1 (OAOI211X1P4H7L)                                               |        | 0.001       | 0.000      | 0.035      |             | 0.000  | 0.711f          |
| ex_ls_bus_branch_ls_reg_p_D_AOA211X1P4H7L_Y_A1_AOAI211X0P5H7L_Y_B0_NAND2X0P5H7L_Y_A_NOR2X0P5H7L_Y_A_OAOI211X1P4H7L_A0:Y (OAOI211X1P4H7L)                                                |        | 0.002       | 0.000      | 0.095      |             | 0.079  | 0.790r          |
| ex_ls_bus_alu_out_ls_0__reg_p_D_AOI31X1P4H7L_Y_A2_OA21X0P7H7L_Y_B0_AOI221X1P4H7L_Y_A1_XNOR2X0P5H7L_Y_B (net)                                                                            | 2      |             |            |            | 0.000       |        |                 |
| alu_mod.bus_in_data_rs2_31__XNOR2X0P5H7L_A_Y_XNOR2X0P5H7L_A_Y_NAND2X0P5H7L_B_Y_AOA211X1P4H7L_C0_Y_XNOR3X3H7L_C:B (XNOR3X3H7L)                                                           |        | 0.001       | 0.000      | 0.095      |             | 0.000  | 0.790r          |
| alu_mod.bus_in_data_rs2_31__XNOR2X0P5H7L_A_Y_XNOR2X0P5H7L_A_Y_NAND2X0P5H7L_B_Y_AOA211X1P4H7L_C0_Y_XNOR3X3H7L_C:Y (XNOR3X3H7L)                                                           |        | 0.005       | 0.000      | 0.041      |             | 0.138  | 0.928r          |
| ex_ls_bus_branch_ls_NAND2X0P5H7L_A_Y_OAI31X0P5H7L_B0_A2_AOI221X1P4H7L_Y_A1 (net)                                                                                                        | 4      |             |            |            | 0.000       |        |                 |
| ex_ls_bus_alu_out_ls_0__reg_p_D_AOI31X1P4H7L_Y_A2_OA21X0P7H7L_Y_A1_OAI221X0P5H7L_Y_B0_OR2X8H7L_A:B (OR2X8H7L)                                                                           |        | 0.002       | 0.000      | 0.041      |             | 0.000  | 0.928r          |
| ex_ls_bus_alu_out_ls_0__reg_p_D_AOI31X1P4H7L_Y_A2_OA21X0P7H7L_Y_A1_OAI221X0P5H7L_Y_B0_OR2X8H7L_A:Y (OR2X8H7L)                                                                           |        | 0.002       | 0.000      | 0.014      |             | 0.031  | 0.959r          |
| ex_ls_bus_alu_out_ls_0__reg_p_D_AOI31X1P4H7L_Y_A0_AO21X1H7L_Y_A0 (net)                                                                                                                  | 3      |             |            |            | 0.000       |        |                 |
| ex_ls_bus_branch_ls_reg_p_D_AOA211X1P4H7L_Y_A1_AOAI211X0P5H7L_Y:A0 (AOAI211X0P5H7L)                                                                                                     |        | 0.001       | 0.000      | 0.014      |             | 0.000  | 0.959r          |
| ex_ls_bus_branch_ls_reg_p_D_AOA211X1P4H7L_Y_A1_AOAI211X0P5H7L_Y:Y (AOAI211X0P5H7L)                                                                                                      |        | 0.001       | 0.000      | 0.045      |             | 0.037  | 0.997f          |
| ex_ls_bus_branch_ls_reg_p_D_AOA211X1P4H7L_Y_A1 (net)                                                                                                                                    | 1      |             |            |            | 0.000       |        |                 |
| ex_ls_bus_branch_ls_reg_p_D_AOA211X1P4H7L_Y:A1 (AOA211X1P4H7L)                                                                                                                          |        | 0.001       | 0.000      | 0.045      |             | 0.000  | 0.997f          |
| ex_ls_bus_branch_ls_reg_p_D_AOA211X1P4H7L_Y:Y (AOA211X1P4H7L)                                                                                                                           |        | 0.001       | 0.000      | 0.023      |             | 0.072  | 1.069f          |
| ex_ls_bus_branch_ls_reg_p_D (net)                                                                                                                                                       | 1      |             |            |            | 0.000       |        |                 |
| ex_ls_bus_branch_ls_reg_p:D (DFFQX1H7L)                                                                                                                                                 |        | 0.001       | 0.000      | 0.023      |             | 0.000  | 1.069f          |
|                                                                                                                                                                                         |        |             |            |            |             |        |                 |
| clock (port)                                                                                                                                                                            |        | 0.676       | 0.000      | 0.000      |             | 0.000  | 0.000r          |
| clock (clock net)                                                                                                                                                                       | 825    |             |            |            | NA          |        |                 |
| ex_ls_bus_branch_ls_reg_p:CK (DFFQX1H7L)                                                                                                                                                |        | 0.001       | 0.000      | 0.000      |             | 0.000  | 0.000r          |
| clock core_clock (rise edge)                                                                                                                                                            |        |             |            |            |             | 1.769  | 1.769           |
| clock network delay (ideal)                                                                                                                                                             |        |             |            |            |             | 0.000  | 1.769           |
| ex_ls_bus_branch_ls_reg_p:CK (DFFQX1H7L)                                                                                                                                                |        |             |            |            |             |        | 1.769r          |
| library setup time                                                                                                                                                                      |        |             |            |            |             | -0.042 | 1.727           |
| clock reconvergence pessimism                                                                                                                                                           |        |             |            |            |             | 0.000  | 1.727           |
|                                                                                                                                                                                         |        |             |            |            |             |        |                 |
| path cell delay                                                                                                                                                                         |        |             |            |            |             |        | 1.069(100.000%) |
| path net delay                                                                                                                                                                          |        |             |            |            |             |        | 0.000(0.000%)   |
|                                                                                                                                                                                         |        |             |            |            |             |        |                 |
| data require time                                                                                                                                                                       |        |             |            |            |             |        | 1.727           |
| data arrival time                                                                                                                                                                       |        |             |            |            |             |        | 1.069           |
| slack (MET)                                                                                                                                                                             |        |             |            |            |             |        | 0.658           |
+-----------------------------------------------------------------------------------------------------------------------------------------------------------------------------------------+--------+-------------+------------+------------+-------------+--------+-----------------+
+--------------------------------------------------------------------------------------------------------------------------------+--------+-------------+------------+------------+-------------+--------+-----------------+
| Point                                                                                                                          | Fanout | Capacitance | Resistance | Transition | Delta Delay | Incr   | Path            |
+--------------------------------------------------------------------------------------------------------------------------------+--------+-------------+------------+------------+-------------+--------+-----------------+
| clock (port)                                                                                                                   |        | 0.861       | 0.000      | 0.000      |             | 0.000  | 0.000r          |
| clock (clock net)                                                                                                              | 825    |             |            |            | NA          |        |                 |
| de_ex_pipeline_mod.opcode_in_6__reg_p:CK (DFFQX1H7L)                                                                           |        | 0.001       | 0.000      | 0.000      |             | 0.000  | 0.000r          |
| clock core_clock (rise edge)                                                                                                   |        |             |            |            |             | 0      | 0               |
| clock network delay (ideal)                                                                                                    |        |             |            |            |             | 0.000  | 0.000           |
| de_ex_pipeline_mod.opcode_in_6__reg_p:CK (DFFQX1H7L)                                                                           |        | 0.001       | 0.000      | 0.000      |             | 0.000  | 0.000r          |
| de_ex_pipeline_mod.opcode_in_6__reg_p:Q (DFFQX1H7L)                                                                            |        | 0.001       | 0.000      | 0.023      |             | 0.082  | 0.082r          |
| de_ex_pipeline_mod.opcode_in_6_ (net)                                                                                          | 1      |             |            |            | 0.000       |        |                 |
| de_ex_pipeline_mod.opcode_in_6__BUFX3P5H7L_A:A (BUFX3P5H7L)                                                                    |        | 0.001       | 0.000      | 0.023      |             | 0.000  | 0.082r          |
| de_ex_pipeline_mod.opcode_in_6__BUFX3P5H7L_A:Y (BUFX3P5H7L)                                                                    |        | 0.015       | 0.000      | 0.080      |             | 0.067  | 0.150r          |
| de_ex_pipeline_mod.opcode_in_6__BUFX3P5H7L_A_Y (net)                                                                           | 16     |             |            |            | 0.000       |        |                 |
| de_ex_pipeline_mod.opcode_in_2__NAND4BX1P4H7L_D:C (NAND4BX1P4H7L)                                                              |        | 0.001       | 0.000      | 0.080      |             | 0.000  | 0.150r          |
| de_ex_pipeline_mod.opcode_in_2__NAND4BX1P4H7L_D:Y (NAND4BX1P4H7L)                                                              |        | 0.005       | 0.000      | 0.129      |             | 0.096  | 0.245f          |
| alu_mod.bus_in_lsu_re_AOA211X1P4H7L_A0_B0_NOR3X0P5H7L_Y_B_OAI21X0P5H7L_B0_A1 (net)                                             | 4      |             |            |            | 0.000       |        |                 |
| alu_mod.bus_in_lsu_re_AOA211X1P4H7L_A0_B0_NOR3X0P5H7L_Y_B_OAI21X0P5H7L_B0_A1_NOR3X3H7L_C:C (NOR3X3H7L)                         |        | 0.002       | 0.000      | 0.129      |             | 0.000  | 0.245f          |
| alu_mod.bus_in_lsu_re_AOA211X1P4H7L_A0_B0_NOR3X0P5H7L_Y_B_OAI21X0P5H7L_B0_A1_NOR3X3H7L_C:Y (NOR3X3H7L)                         |        | 0.007       | 0.000      | 0.146      |             | 0.115  | 0.361r          |
| decode_mod.wb_rd_4__XOR2X0P5H7L_A_B_AO22X0P7H7L_Y_A1 (net)                                                                     | 9      |             |            |            | 0.000       |        |                 |
| de_ex_pipeline_mod.opcode_in_23__AOI22X0P5H7L_B1:A1 (AOI22X0P5H7L)                                                             |        | 0.001       | 0.000      | 0.146      |             | 0.000  | 0.361r          |
| de_ex_pipeline_mod.opcode_in_23__AOI22X0P5H7L_B1:Y (AOI22X0P5H7L)                                                              |        | 0.001       | 0.000      | 0.068      |             | 0.049  | 0.409f          |
| de_ex_pipeline_mod.opcode_in_23__AOI22X0P5H7L_B1_Y (net)                                                                       | 1      |             |            |            | 0.000       |        |                 |
| de_ex_pipeline_mod.opcode_in_23__AOI22X0P5H7L_B1_Y_BUFX3H7L_A:A (BUFX3H7L)                                                     |        | 0.001       | 0.000      | 0.068      |             | 0.000  | 0.409f          |
| de_ex_pipeline_mod.opcode_in_23__AOI22X0P5H7L_B1_Y_BUFX3H7L_A:Y (BUFX3H7L)                                                     |        | 0.020       | 0.000      | 0.077      |             | 0.095  | 0.504f          |
| reg_mod.regs[9]_23__AOI211X0P5H7L_A0_C0 (net)                                                                                  | 24     |             |            |            | 0.000       |        |                 |
| decode_mod.wb_rd_4__XOR2X0P5H7L_A_B_XOR2X0P5H7L_B_1_Y_NOR3X0P5H7L_B_A_XNOR2X0P5H7L_Y:B (XNOR2X0P5H7L)                          |        | 0.001       | 0.000      | 0.077      |             | 0.000  | 0.504f          |
| decode_mod.wb_rd_4__XOR2X0P5H7L_A_B_XOR2X0P5H7L_B_1_Y_NOR3X0P5H7L_B_A_XNOR2X0P5H7L_Y:Y (XNOR2X0P5H7L)                          |        | 0.001       | 0.000      | 0.026      |             | 0.077  | 0.581f          |
| decode_mod.wb_rd_4__XOR2X0P5H7L_A_B_XOR2X0P5H7L_B_1_Y_NOR3X0P5H7L_B_A (net)                                                    | 1      |             |            |            | 0.000       |        |                 |
| decode_mod.wb_rd_4__XOR2X0P5H7L_A_B_XOR2X0P5H7L_B_1_Y_NOR3X0P5H7L_B:A (NOR3X0P5H7L)                                            |        | 0.001       | 0.000      | 0.026      |             | 0.000  | 0.581f          |
| decode_mod.wb_rd_4__XOR2X0P5H7L_A_B_XOR2X0P5H7L_B_1_Y_NOR3X0P5H7L_B:Y (NOR3X0P5H7L)                                            |        | 0.001       | 0.000      | 0.064      |             | 0.053  | 0.634r          |
| csr_mod.waddr_3__NOR4X0P5H7L_A_Y_NAND3X0P5H7L_A_Y_OR4X1P4H7L_C_Y_NOR4X6H7L_D_B_AOI22X1H7L_Y_A0_NAND3X0P5H7L_Y_A (net)          | 1      |             |            |            | 0.000       |        |                 |
| csr_mod.waddr_3__NOR4X0P5H7L_A_Y_NAND3X0P5H7L_A_Y_OR4X1P4H7L_C_Y_NOR4X6H7L_D_B_AOI22X1H7L_Y_A0_NAND3X0P5H7L_Y:A (NAND3X0P5H7L) |        | 0.001       | 0.000      | 0.064      |             | 0.000  | 0.634r          |
| csr_mod.waddr_3__NOR4X0P5H7L_A_Y_NAND3X0P5H7L_A_Y_OR4X1P4H7L_C_Y_NOR4X6H7L_D_B_AOI22X1H7L_Y_A0_NAND3X0P5H7L_Y:Y (NAND3X0P5H7L) |        | 0.001       | 0.000      | 0.042      |             | 0.038  | 0.672f          |
| csr_mod.waddr_3__NOR4X0P5H7L_A_Y_NAND3X0P5H7L_A_Y_OR4X1P4H7L_C_Y_NOR4X6H7L_D_B_AOI22X1H7L_Y_A0 (net)                           | 1      |             |            |            | 0.000       |        |                 |
| csr_mod.waddr_3__NOR4X0P5H7L_A_Y_NAND3X0P5H7L_A_Y_OR4X1P4H7L_C_Y_NOR4X6H7L_D_B_AOI22X1H7L_Y:A0 (AOI22X1H7L)                    |        | 0.001       | 0.000      | 0.042      |             | 0.000  | 0.672f          |
| csr_mod.waddr_3__NOR4X0P5H7L_A_Y_NAND3X0P5H7L_A_Y_OR4X1P4H7L_C_Y_NOR4X6H7L_D_B_AOI22X1H7L_Y:Y (AOI22X1H7L)                     |        | 0.003       | 0.000      | 0.094      |             | 0.075  | 0.747r          |
| csr_mod.waddr_3__NOR4X0P5H7L_A_Y_NAND3X0P5H7L_A_Y_OR4X1P4H7L_C_Y_NOR4X6H7L_D_B (net)                                           | 1      |             |            |            | 0.000       |        |                 |
| csr_mod.waddr_3__NOR4X0P5H7L_A_Y_NAND3X0P5H7L_A_Y_OR4X1P4H7L_C_Y_NOR4X6H7L_D:B (NOR4X6H7L)                                     |        | 0.003       | 0.000      | 0.094      |             | 0.000  | 0.747r          |
| csr_mod.waddr_3__NOR4X0P5H7L_A_Y_NAND3X0P5H7L_A_Y_OR4X1P4H7L_C_Y_NOR4X6H7L_D:Y (NOR4X6H7L)                                     |        | 0.006       | 0.000      | 0.043      |             | 0.029  | 0.776f          |
| decode_mod.valid_left_AND2X1H7L_A_B (net)                                                                                      | 5      |             |            |            | 0.000       |        |                 |
| decode_mod.valid_left_AND2X1H7L_A:B (AND2X1H7L)                                                                                |        | 0.001       | 0.000      | 0.043      |             | 0.000  | 0.776f          |
| decode_mod.valid_left_AND2X1H7L_A:Y (AND2X1H7L)                                                                                |        | 0.001       | 0.000      | 0.015      |             | 0.038  | 0.814f          |
| decode_mod.valid_left_AND2X1H7L_A_Y (net)                                                                                      | 1      |             |            |            | 0.000       |        |                 |
| decode_mod.valid_left_AND2X1H7L_A_Y_BUFX3H7L_A:A (BUFX3H7L)                                                                    |        | 0.001       | 0.000      | 0.015      |             | 0.000  | 0.814f          |
| decode_mod.valid_left_AND2X1H7L_A_Y_BUFX3H7L_A:Y (BUFX3H7L)                                                                    |        | 0.008       | 0.000      | 0.036      |             | 0.054  | 0.868f          |
| decode_mod.valid_left_AND2X1H7L_A_Y_BUFX3H7L_A_Y (net)                                                                         | 7      |             |            |            | 0.000       |        |                 |
| decode_mod.valid_left_AND2X1H7L_A_Y_BUFX3H7L_A_Y_BUFX7H7L_A:A (BUFX7H7L)                                                       |        | 0.002       | 0.000      | 0.036      |             | 0.000  | 0.868f          |
| decode_mod.valid_left_AND2X1H7L_A_Y_BUFX3H7L_A_Y_BUFX7H7L_A:Y (BUFX7H7L)                                                       |        | 0.023       | 0.000      | 0.041      |             | 0.057  | 0.926f          |
| reg_mod.regs[4]_0__AOAI211X0P5H7L_A0_Y_OAI211X1P4H7L_A1_C0 (net)                                                               | 24     |             |            |            | 0.000       |        |                 |
| de_ex_bus_pc_de_31__NAND2X0P5H7L_A_B_BUFX3P5H7L_Y:A (BUFX3P5H7L)                                                               |        | 0.001       | 0.000      | 0.041      |             | 0.000  | 0.926f          |
| de_ex_bus_pc_de_31__NAND2X0P5H7L_A_B_BUFX3P5H7L_Y:Y (BUFX3P5H7L)                                                               |        | 0.019       | 0.000      | 0.062      |             | 0.073  | 0.998f          |
| de_ex_bus_pc_de_31__NAND2X0P5H7L_A_B (net)                                                                                     | 24     |             |            |            | 0.000       |        |                 |
| de_ex_bus_pc_de_23__NAND2X0P5H7L_A:B (NAND2X0P5H7L)                                                                            |        | 0.001       | 0.000      | 0.062      |             | 0.000  | 0.998f          |
| de_ex_bus_pc_de_23__NAND2X0P5H7L_A:Y (NAND2X0P5H7L)                                                                            |        | 0.001       | 0.000      | 0.034      |             | 0.033  | 1.031r          |
| de_ex_bus_pc_de_23__NAND2X0P5H7L_A_Y (net)                                                                                     | 1      |             |            |            | 0.000       |        |                 |
| alu_mod.bus_in_pc_23__reg_p_D_AOI21X0P5H7L_Y:A0 (AOI21X0P5H7L)                                                                 |        | 0.001       | 0.000      | 0.034      |             | 0.000  | 1.031r          |
| alu_mod.bus_in_pc_23__reg_p_D_AOI21X0P5H7L_Y:Y (AOI21X0P5H7L)                                                                  |        | 0.001       | 0.000      | 0.074      |             | 0.028  | 1.059f          |
| alu_mod.bus_in_pc_23__reg_p_D (net)                                                                                            | 1      |             |            |            | 0.000       |        |                 |
| alu_mod.bus_in_pc_23__reg_p:D (DFFQX1H7L)                                                                                      |        | 0.001       | 0.000      | 0.074      |             | 0.000  | 1.059f          |
|                                                                                                                                |        |             |            |            |             |        |                 |
| clock (port)                                                                                                                   |        | 0.676       | 0.000      | 0.000      |             | 0.000  | 0.000r          |
| clock (clock net)                                                                                                              | 825    |             |            |            | NA          |        |                 |
| alu_mod.bus_in_pc_23__reg_p:CK (DFFQX1H7L)                                                                                     |        | 0.001       | 0.000      | 0.000      |             | 0.000  | 0.000r          |
| clock core_clock (rise edge)                                                                                                   |        |             |            |            |             | 1.769  | 1.769           |
| clock network delay (ideal)                                                                                                    |        |             |            |            |             | 0.000  | 1.769           |
| alu_mod.bus_in_pc_23__reg_p:CK (DFFQX1H7L)                                                                                     |        |             |            |            |             |        | 1.769r          |
| library setup time                                                                                                             |        |             |            |            |             | -0.051 | 1.718           |
| clock reconvergence pessimism                                                                                                  |        |             |            |            |             | 0.000  | 1.718           |
|                                                                                                                                |        |             |            |            |             |        |                 |
| path cell delay                                                                                                                |        |             |            |            |             |        | 1.059(100.000%) |
| path net delay                                                                                                                 |        |             |            |            |             |        | 0.000(0.000%)   |
|                                                                                                                                |        |             |            |            |             |        |                 |
| data require time                                                                                                              |        |             |            |            |             |        | 1.718           |
| data arrival time                                                                                                              |        |             |            |            |             |        | 1.059           |
| slack (MET)                                                                                                                    |        |             |            |            |             |        | 0.659           |
+--------------------------------------------------------------------------------------------------------------------------------+--------+-------------+------------+------------+-------------+--------+-----------------+
+--------------------------------------------------------------------------------------------------------------------------------+--------+-------------+------------+------------+-------------+--------+-----------------+
| Point                                                                                                                          | Fanout | Capacitance | Resistance | Transition | Delta Delay | Incr   | Path            |
+--------------------------------------------------------------------------------------------------------------------------------+--------+-------------+------------+------------+-------------+--------+-----------------+
| clock (port)                                                                                                                   |        | 0.861       | 0.000      | 0.000      |             | 0.000  | 0.000r          |
| clock (clock net)                                                                                                              | 825    |             |            |            | NA          |        |                 |
| de_ex_pipeline_mod.opcode_in_6__reg_p:CK (DFFQX1H7L)                                                                           |        | 0.001       | 0.000      | 0.000      |             | 0.000  | 0.000r          |
| clock core_clock (rise edge)                                                                                                   |        |             |            |            |             | 0      | 0               |
| clock network delay (ideal)                                                                                                    |        |             |            |            |             | 0.000  | 0.000           |
| de_ex_pipeline_mod.opcode_in_6__reg_p:CK (DFFQX1H7L)                                                                           |        | 0.001       | 0.000      | 0.000      |             | 0.000  | 0.000r          |
| de_ex_pipeline_mod.opcode_in_6__reg_p:Q (DFFQX1H7L)                                                                            |        | 0.001       | 0.000      | 0.023      |             | 0.082  | 0.082r          |
| de_ex_pipeline_mod.opcode_in_6_ (net)                                                                                          | 1      |             |            |            | 0.000       |        |                 |
| de_ex_pipeline_mod.opcode_in_6__BUFX3P5H7L_A:A (BUFX3P5H7L)                                                                    |        | 0.001       | 0.000      | 0.023      |             | 0.000  | 0.082r          |
| de_ex_pipeline_mod.opcode_in_6__BUFX3P5H7L_A:Y (BUFX3P5H7L)                                                                    |        | 0.015       | 0.000      | 0.080      |             | 0.067  | 0.150r          |
| de_ex_pipeline_mod.opcode_in_6__BUFX3P5H7L_A_Y (net)                                                                           | 16     |             |            |            | 0.000       |        |                 |
| de_ex_pipeline_mod.opcode_in_2__NAND4BX1P4H7L_D:C (NAND4BX1P4H7L)                                                              |        | 0.001       | 0.000      | 0.080      |             | 0.000  | 0.150r          |
| de_ex_pipeline_mod.opcode_in_2__NAND4BX1P4H7L_D:Y (NAND4BX1P4H7L)                                                              |        | 0.005       | 0.000      | 0.129      |             | 0.096  | 0.245f          |
| alu_mod.bus_in_lsu_re_AOA211X1P4H7L_A0_B0_NOR3X0P5H7L_Y_B_OAI21X0P5H7L_B0_A1 (net)                                             | 4      |             |            |            | 0.000       |        |                 |
| alu_mod.bus_in_lsu_re_AOA211X1P4H7L_A0_B0_NOR3X0P5H7L_Y_B_OAI21X0P5H7L_B0_A1_NOR3X3H7L_C:C (NOR3X3H7L)                         |        | 0.002       | 0.000      | 0.129      |             | 0.000  | 0.245f          |
| alu_mod.bus_in_lsu_re_AOA211X1P4H7L_A0_B0_NOR3X0P5H7L_Y_B_OAI21X0P5H7L_B0_A1_NOR3X3H7L_C:Y (NOR3X3H7L)                         |        | 0.007       | 0.000      | 0.146      |             | 0.115  | 0.361r          |
| decode_mod.wb_rd_4__XOR2X0P5H7L_A_B_AO22X0P7H7L_Y_A1 (net)                                                                     | 9      |             |            |            | 0.000       |        |                 |
| de_ex_pipeline_mod.opcode_in_23__AOI22X0P5H7L_B1:A1 (AOI22X0P5H7L)                                                             |        | 0.001       | 0.000      | 0.146      |             | 0.000  | 0.361r          |
| de_ex_pipeline_mod.opcode_in_23__AOI22X0P5H7L_B1:Y (AOI22X0P5H7L)                                                              |        | 0.001       | 0.000      | 0.068      |             | 0.049  | 0.409f          |
| de_ex_pipeline_mod.opcode_in_23__AOI22X0P5H7L_B1_Y (net)                                                                       | 1      |             |            |            | 0.000       |        |                 |
| de_ex_pipeline_mod.opcode_in_23__AOI22X0P5H7L_B1_Y_BUFX3H7L_A:A (BUFX3H7L)                                                     |        | 0.001       | 0.000      | 0.068      |             | 0.000  | 0.409f          |
| de_ex_pipeline_mod.opcode_in_23__AOI22X0P5H7L_B1_Y_BUFX3H7L_A:Y (BUFX3H7L)                                                     |        | 0.020       | 0.000      | 0.077      |             | 0.095  | 0.504f          |
| reg_mod.regs[9]_23__AOI211X0P5H7L_A0_C0 (net)                                                                                  | 24     |             |            |            | 0.000       |        |                 |
| decode_mod.wb_rd_4__XOR2X0P5H7L_A_B_XOR2X0P5H7L_B_1_Y_NOR3X0P5H7L_B_A_XNOR2X0P5H7L_Y:B (XNOR2X0P5H7L)                          |        | 0.001       | 0.000      | 0.077      |             | 0.000  | 0.504f          |
| decode_mod.wb_rd_4__XOR2X0P5H7L_A_B_XOR2X0P5H7L_B_1_Y_NOR3X0P5H7L_B_A_XNOR2X0P5H7L_Y:Y (XNOR2X0P5H7L)                          |        | 0.001       | 0.000      | 0.026      |             | 0.077  | 0.581f          |
| decode_mod.wb_rd_4__XOR2X0P5H7L_A_B_XOR2X0P5H7L_B_1_Y_NOR3X0P5H7L_B_A (net)                                                    | 1      |             |            |            | 0.000       |        |                 |
| decode_mod.wb_rd_4__XOR2X0P5H7L_A_B_XOR2X0P5H7L_B_1_Y_NOR3X0P5H7L_B:A (NOR3X0P5H7L)                                            |        | 0.001       | 0.000      | 0.026      |             | 0.000  | 0.581f          |
| decode_mod.wb_rd_4__XOR2X0P5H7L_A_B_XOR2X0P5H7L_B_1_Y_NOR3X0P5H7L_B:Y (NOR3X0P5H7L)                                            |        | 0.001       | 0.000      | 0.064      |             | 0.053  | 0.634r          |
| csr_mod.waddr_3__NOR4X0P5H7L_A_Y_NAND3X0P5H7L_A_Y_OR4X1P4H7L_C_Y_NOR4X6H7L_D_B_AOI22X1H7L_Y_A0_NAND3X0P5H7L_Y_A (net)          | 1      |             |            |            | 0.000       |        |                 |
| csr_mod.waddr_3__NOR4X0P5H7L_A_Y_NAND3X0P5H7L_A_Y_OR4X1P4H7L_C_Y_NOR4X6H7L_D_B_AOI22X1H7L_Y_A0_NAND3X0P5H7L_Y:A (NAND3X0P5H7L) |        | 0.001       | 0.000      | 0.064      |             | 0.000  | 0.634r          |
| csr_mod.waddr_3__NOR4X0P5H7L_A_Y_NAND3X0P5H7L_A_Y_OR4X1P4H7L_C_Y_NOR4X6H7L_D_B_AOI22X1H7L_Y_A0_NAND3X0P5H7L_Y:Y (NAND3X0P5H7L) |        | 0.001       | 0.000      | 0.042      |             | 0.038  | 0.672f          |
| csr_mod.waddr_3__NOR4X0P5H7L_A_Y_NAND3X0P5H7L_A_Y_OR4X1P4H7L_C_Y_NOR4X6H7L_D_B_AOI22X1H7L_Y_A0 (net)                           | 1      |             |            |            | 0.000       |        |                 |
| csr_mod.waddr_3__NOR4X0P5H7L_A_Y_NAND3X0P5H7L_A_Y_OR4X1P4H7L_C_Y_NOR4X6H7L_D_B_AOI22X1H7L_Y:A0 (AOI22X1H7L)                    |        | 0.001       | 0.000      | 0.042      |             | 0.000  | 0.672f          |
| csr_mod.waddr_3__NOR4X0P5H7L_A_Y_NAND3X0P5H7L_A_Y_OR4X1P4H7L_C_Y_NOR4X6H7L_D_B_AOI22X1H7L_Y:Y (AOI22X1H7L)                     |        | 0.003       | 0.000      | 0.094      |             | 0.075  | 0.747r          |
| csr_mod.waddr_3__NOR4X0P5H7L_A_Y_NAND3X0P5H7L_A_Y_OR4X1P4H7L_C_Y_NOR4X6H7L_D_B (net)                                           | 1      |             |            |            | 0.000       |        |                 |
| csr_mod.waddr_3__NOR4X0P5H7L_A_Y_NAND3X0P5H7L_A_Y_OR4X1P4H7L_C_Y_NOR4X6H7L_D:B (NOR4X6H7L)                                     |        | 0.003       | 0.000      | 0.094      |             | 0.000  | 0.747r          |
| csr_mod.waddr_3__NOR4X0P5H7L_A_Y_NAND3X0P5H7L_A_Y_OR4X1P4H7L_C_Y_NOR4X6H7L_D:Y (NOR4X6H7L)                                     |        | 0.006       | 0.000      | 0.043      |             | 0.029  | 0.776f          |
| decode_mod.valid_left_AND2X1H7L_A_B (net)                                                                                      | 5      |             |            |            | 0.000       |        |                 |
| decode_mod.valid_left_AND2X1H7L_A:B (AND2X1H7L)                                                                                |        | 0.001       | 0.000      | 0.043      |             | 0.000  | 0.776f          |
| decode_mod.valid_left_AND2X1H7L_A:Y (AND2X1H7L)                                                                                |        | 0.001       | 0.000      | 0.015      |             | 0.038  | 0.814f          |
| decode_mod.valid_left_AND2X1H7L_A_Y (net)                                                                                      | 1      |             |            |            | 0.000       |        |                 |
| decode_mod.valid_left_AND2X1H7L_A_Y_BUFX3H7L_A:A (BUFX3H7L)                                                                    |        | 0.001       | 0.000      | 0.015      |             | 0.000  | 0.814f          |
| decode_mod.valid_left_AND2X1H7L_A_Y_BUFX3H7L_A:Y (BUFX3H7L)                                                                    |        | 0.008       | 0.000      | 0.036      |             | 0.054  | 0.868f          |
| decode_mod.valid_left_AND2X1H7L_A_Y_BUFX3H7L_A_Y (net)                                                                         | 7      |             |            |            | 0.000       |        |                 |
| decode_mod.valid_left_AND2X1H7L_A_Y_BUFX3H7L_A_Y_BUFX7H7L_A:A (BUFX7H7L)                                                       |        | 0.002       | 0.000      | 0.036      |             | 0.000  | 0.868f          |
| decode_mod.valid_left_AND2X1H7L_A_Y_BUFX3H7L_A_Y_BUFX7H7L_A:Y (BUFX7H7L)                                                       |        | 0.023       | 0.000      | 0.041      |             | 0.057  | 0.926f          |
| reg_mod.regs[4]_0__AOAI211X0P5H7L_A0_Y_OAI211X1P4H7L_A1_C0 (net)                                                               | 24     |             |            |            | 0.000       |        |                 |
| de_ex_bus_pc_de_31__NAND2X0P5H7L_A_B_BUFX3P5H7L_Y:A (BUFX3P5H7L)                                                               |        | 0.001       | 0.000      | 0.041      |             | 0.000  | 0.926f          |
| de_ex_bus_pc_de_31__NAND2X0P5H7L_A_B_BUFX3P5H7L_Y:Y (BUFX3P5H7L)                                                               |        | 0.019       | 0.000      | 0.062      |             | 0.073  | 0.998f          |
| de_ex_bus_pc_de_31__NAND2X0P5H7L_A_B (net)                                                                                     | 24     |             |            |            | 0.000       |        |                 |
| de_ex_bus_pc_de_28__NAND2X0P5H7L_A:B (NAND2X0P5H7L)                                                                            |        | 0.001       | 0.000      | 0.062      |             | 0.000  | 0.998f          |
| de_ex_bus_pc_de_28__NAND2X0P5H7L_A:Y (NAND2X0P5H7L)                                                                            |        | 0.001       | 0.000      | 0.034      |             | 0.033  | 1.031r          |
| de_ex_bus_pc_de_28__NAND2X0P5H7L_A_Y (net)                                                                                     | 1      |             |            |            | 0.000       |        |                 |
| alu_mod.bus_in_pc_28__reg_p_D_AOI21X0P5H7L_Y:A0 (AOI21X0P5H7L)                                                                 |        | 0.001       | 0.000      | 0.034      |             | 0.000  | 1.031r          |
| alu_mod.bus_in_pc_28__reg_p_D_AOI21X0P5H7L_Y:Y (AOI21X0P5H7L)                                                                  |        | 0.001       | 0.000      | 0.074      |             | 0.028  | 1.059f          |
| alu_mod.bus_in_pc_28__reg_p_D (net)                                                                                            | 1      |             |            |            | 0.000       |        |                 |
| alu_mod.bus_in_pc_28__reg_p:D (DFFQX1H7L)                                                                                      |        | 0.001       | 0.000      | 0.074      |             | 0.000  | 1.059f          |
|                                                                                                                                |        |             |            |            |             |        |                 |
| clock (port)                                                                                                                   |        | 0.676       | 0.000      | 0.000      |             | 0.000  | 0.000r          |
| clock (clock net)                                                                                                              | 825    |             |            |            | NA          |        |                 |
| alu_mod.bus_in_pc_28__reg_p:CK (DFFQX1H7L)                                                                                     |        | 0.001       | 0.000      | 0.000      |             | 0.000  | 0.000r          |
| clock core_clock (rise edge)                                                                                                   |        |             |            |            |             | 1.769  | 1.769           |
| clock network delay (ideal)                                                                                                    |        |             |            |            |             | 0.000  | 1.769           |
| alu_mod.bus_in_pc_28__reg_p:CK (DFFQX1H7L)                                                                                     |        |             |            |            |             |        | 1.769r          |
| library setup time                                                                                                             |        |             |            |            |             | -0.051 | 1.718           |
| clock reconvergence pessimism                                                                                                  |        |             |            |            |             | 0.000  | 1.718           |
|                                                                                                                                |        |             |            |            |             |        |                 |
| path cell delay                                                                                                                |        |             |            |            |             |        | 1.059(100.000%) |
| path net delay                                                                                                                 |        |             |            |            |             |        | 0.000(0.000%)   |
|                                                                                                                                |        |             |            |            |             |        |                 |
| data require time                                                                                                              |        |             |            |            |             |        | 1.718           |
| data arrival time                                                                                                              |        |             |            |            |             |        | 1.059           |
| slack (MET)                                                                                                                    |        |             |            |            |             |        | 0.659           |
+--------------------------------------------------------------------------------------------------------------------------------+--------+-------------+------------+------------+-------------+--------+-----------------+
+--------------------------------------------------------------------------------------------------------------------------------+--------+-------------+------------+------------+-------------+--------+-----------------+
| Point                                                                                                                          | Fanout | Capacitance | Resistance | Transition | Delta Delay | Incr   | Path            |
+--------------------------------------------------------------------------------------------------------------------------------+--------+-------------+------------+------------+-------------+--------+-----------------+
| clock (port)                                                                                                                   |        | 0.861       | 0.000      | 0.000      |             | 0.000  | 0.000r          |
| clock (clock net)                                                                                                              | 825    |             |            |            | NA          |        |                 |
| de_ex_pipeline_mod.opcode_in_6__reg_p:CK (DFFQX1H7L)                                                                           |        | 0.001       | 0.000      | 0.000      |             | 0.000  | 0.000r          |
| clock core_clock (rise edge)                                                                                                   |        |             |            |            |             | 0      | 0               |
| clock network delay (ideal)                                                                                                    |        |             |            |            |             | 0.000  | 0.000           |
| de_ex_pipeline_mod.opcode_in_6__reg_p:CK (DFFQX1H7L)                                                                           |        | 0.001       | 0.000      | 0.000      |             | 0.000  | 0.000r          |
| de_ex_pipeline_mod.opcode_in_6__reg_p:Q (DFFQX1H7L)                                                                            |        | 0.001       | 0.000      | 0.023      |             | 0.082  | 0.082r          |
| de_ex_pipeline_mod.opcode_in_6_ (net)                                                                                          | 1      |             |            |            | 0.000       |        |                 |
| de_ex_pipeline_mod.opcode_in_6__BUFX3P5H7L_A:A (BUFX3P5H7L)                                                                    |        | 0.001       | 0.000      | 0.023      |             | 0.000  | 0.082r          |
| de_ex_pipeline_mod.opcode_in_6__BUFX3P5H7L_A:Y (BUFX3P5H7L)                                                                    |        | 0.015       | 0.000      | 0.080      |             | 0.067  | 0.150r          |
| de_ex_pipeline_mod.opcode_in_6__BUFX3P5H7L_A_Y (net)                                                                           | 16     |             |            |            | 0.000       |        |                 |
| de_ex_pipeline_mod.opcode_in_2__NAND4BX1P4H7L_D:C (NAND4BX1P4H7L)                                                              |        | 0.001       | 0.000      | 0.080      |             | 0.000  | 0.150r          |
| de_ex_pipeline_mod.opcode_in_2__NAND4BX1P4H7L_D:Y (NAND4BX1P4H7L)                                                              |        | 0.005       | 0.000      | 0.129      |             | 0.096  | 0.245f          |
| alu_mod.bus_in_lsu_re_AOA211X1P4H7L_A0_B0_NOR3X0P5H7L_Y_B_OAI21X0P5H7L_B0_A1 (net)                                             | 4      |             |            |            | 0.000       |        |                 |
| alu_mod.bus_in_lsu_re_AOA211X1P4H7L_A0_B0_NOR3X0P5H7L_Y_B_OAI21X0P5H7L_B0_A1_NOR3X3H7L_C:C (NOR3X3H7L)                         |        | 0.002       | 0.000      | 0.129      |             | 0.000  | 0.245f          |
| alu_mod.bus_in_lsu_re_AOA211X1P4H7L_A0_B0_NOR3X0P5H7L_Y_B_OAI21X0P5H7L_B0_A1_NOR3X3H7L_C:Y (NOR3X3H7L)                         |        | 0.007       | 0.000      | 0.146      |             | 0.115  | 0.361r          |
| decode_mod.wb_rd_4__XOR2X0P5H7L_A_B_AO22X0P7H7L_Y_A1 (net)                                                                     | 9      |             |            |            | 0.000       |        |                 |
| de_ex_pipeline_mod.opcode_in_23__AOI22X0P5H7L_B1:A1 (AOI22X0P5H7L)                                                             |        | 0.001       | 0.000      | 0.146      |             | 0.000  | 0.361r          |
| de_ex_pipeline_mod.opcode_in_23__AOI22X0P5H7L_B1:Y (AOI22X0P5H7L)                                                              |        | 0.001       | 0.000      | 0.068      |             | 0.049  | 0.409f          |
| de_ex_pipeline_mod.opcode_in_23__AOI22X0P5H7L_B1_Y (net)                                                                       | 1      |             |            |            | 0.000       |        |                 |
| de_ex_pipeline_mod.opcode_in_23__AOI22X0P5H7L_B1_Y_BUFX3H7L_A:A (BUFX3H7L)                                                     |        | 0.001       | 0.000      | 0.068      |             | 0.000  | 0.409f          |
| de_ex_pipeline_mod.opcode_in_23__AOI22X0P5H7L_B1_Y_BUFX3H7L_A:Y (BUFX3H7L)                                                     |        | 0.020       | 0.000      | 0.077      |             | 0.095  | 0.504f          |
| reg_mod.regs[9]_23__AOI211X0P5H7L_A0_C0 (net)                                                                                  | 24     |             |            |            | 0.000       |        |                 |
| decode_mod.wb_rd_4__XOR2X0P5H7L_A_B_XOR2X0P5H7L_B_1_Y_NOR3X0P5H7L_B_A_XNOR2X0P5H7L_Y:B (XNOR2X0P5H7L)                          |        | 0.001       | 0.000      | 0.077      |             | 0.000  | 0.504f          |
| decode_mod.wb_rd_4__XOR2X0P5H7L_A_B_XOR2X0P5H7L_B_1_Y_NOR3X0P5H7L_B_A_XNOR2X0P5H7L_Y:Y (XNOR2X0P5H7L)                          |        | 0.001       | 0.000      | 0.026      |             | 0.077  | 0.581f          |
| decode_mod.wb_rd_4__XOR2X0P5H7L_A_B_XOR2X0P5H7L_B_1_Y_NOR3X0P5H7L_B_A (net)                                                    | 1      |             |            |            | 0.000       |        |                 |
| decode_mod.wb_rd_4__XOR2X0P5H7L_A_B_XOR2X0P5H7L_B_1_Y_NOR3X0P5H7L_B:A (NOR3X0P5H7L)                                            |        | 0.001       | 0.000      | 0.026      |             | 0.000  | 0.581f          |
| decode_mod.wb_rd_4__XOR2X0P5H7L_A_B_XOR2X0P5H7L_B_1_Y_NOR3X0P5H7L_B:Y (NOR3X0P5H7L)                                            |        | 0.001       | 0.000      | 0.064      |             | 0.053  | 0.634r          |
| csr_mod.waddr_3__NOR4X0P5H7L_A_Y_NAND3X0P5H7L_A_Y_OR4X1P4H7L_C_Y_NOR4X6H7L_D_B_AOI22X1H7L_Y_A0_NAND3X0P5H7L_Y_A (net)          | 1      |             |            |            | 0.000       |        |                 |
| csr_mod.waddr_3__NOR4X0P5H7L_A_Y_NAND3X0P5H7L_A_Y_OR4X1P4H7L_C_Y_NOR4X6H7L_D_B_AOI22X1H7L_Y_A0_NAND3X0P5H7L_Y:A (NAND3X0P5H7L) |        | 0.001       | 0.000      | 0.064      |             | 0.000  | 0.634r          |
| csr_mod.waddr_3__NOR4X0P5H7L_A_Y_NAND3X0P5H7L_A_Y_OR4X1P4H7L_C_Y_NOR4X6H7L_D_B_AOI22X1H7L_Y_A0_NAND3X0P5H7L_Y:Y (NAND3X0P5H7L) |        | 0.001       | 0.000      | 0.042      |             | 0.038  | 0.672f          |
| csr_mod.waddr_3__NOR4X0P5H7L_A_Y_NAND3X0P5H7L_A_Y_OR4X1P4H7L_C_Y_NOR4X6H7L_D_B_AOI22X1H7L_Y_A0 (net)                           | 1      |             |            |            | 0.000       |        |                 |
| csr_mod.waddr_3__NOR4X0P5H7L_A_Y_NAND3X0P5H7L_A_Y_OR4X1P4H7L_C_Y_NOR4X6H7L_D_B_AOI22X1H7L_Y:A0 (AOI22X1H7L)                    |        | 0.001       | 0.000      | 0.042      |             | 0.000  | 0.672f          |
| csr_mod.waddr_3__NOR4X0P5H7L_A_Y_NAND3X0P5H7L_A_Y_OR4X1P4H7L_C_Y_NOR4X6H7L_D_B_AOI22X1H7L_Y:Y (AOI22X1H7L)                     |        | 0.003       | 0.000      | 0.094      |             | 0.075  | 0.747r          |
| csr_mod.waddr_3__NOR4X0P5H7L_A_Y_NAND3X0P5H7L_A_Y_OR4X1P4H7L_C_Y_NOR4X6H7L_D_B (net)                                           | 1      |             |            |            | 0.000       |        |                 |
| csr_mod.waddr_3__NOR4X0P5H7L_A_Y_NAND3X0P5H7L_A_Y_OR4X1P4H7L_C_Y_NOR4X6H7L_D:B (NOR4X6H7L)                                     |        | 0.003       | 0.000      | 0.094      |             | 0.000  | 0.747r          |
| csr_mod.waddr_3__NOR4X0P5H7L_A_Y_NAND3X0P5H7L_A_Y_OR4X1P4H7L_C_Y_NOR4X6H7L_D:Y (NOR4X6H7L)                                     |        | 0.006       | 0.000      | 0.043      |             | 0.029  | 0.776f          |
| decode_mod.valid_left_AND2X1H7L_A_B (net)                                                                                      | 5      |             |            |            | 0.000       |        |                 |
| decode_mod.valid_left_AND2X1H7L_A:B (AND2X1H7L)                                                                                |        | 0.001       | 0.000      | 0.043      |             | 0.000  | 0.776f          |
| decode_mod.valid_left_AND2X1H7L_A:Y (AND2X1H7L)                                                                                |        | 0.001       | 0.000      | 0.015      |             | 0.038  | 0.814f          |
| decode_mod.valid_left_AND2X1H7L_A_Y (net)                                                                                      | 1      |             |            |            | 0.000       |        |                 |
| decode_mod.valid_left_AND2X1H7L_A_Y_BUFX3H7L_A:A (BUFX3H7L)                                                                    |        | 0.001       | 0.000      | 0.015      |             | 0.000  | 0.814f          |
| decode_mod.valid_left_AND2X1H7L_A_Y_BUFX3H7L_A:Y (BUFX3H7L)                                                                    |        | 0.008       | 0.000      | 0.036      |             | 0.054  | 0.868f          |
| decode_mod.valid_left_AND2X1H7L_A_Y_BUFX3H7L_A_Y (net)                                                                         | 7      |             |            |            | 0.000       |        |                 |
| decode_mod.valid_left_AND2X1H7L_A_Y_BUFX3H7L_A_Y_BUFX7H7L_A:A (BUFX7H7L)                                                       |        | 0.002       | 0.000      | 0.036      |             | 0.000  | 0.868f          |
| decode_mod.valid_left_AND2X1H7L_A_Y_BUFX3H7L_A_Y_BUFX7H7L_A:Y (BUFX7H7L)                                                       |        | 0.023       | 0.000      | 0.041      |             | 0.057  | 0.926f          |
| reg_mod.regs[4]_0__AOAI211X0P5H7L_A0_Y_OAI211X1P4H7L_A1_C0 (net)                                                               | 24     |             |            |            | 0.000       |        |                 |
| de_ex_bus_pc_de_31__NAND2X0P5H7L_A_B_BUFX3P5H7L_Y:A (BUFX3P5H7L)                                                               |        | 0.001       | 0.000      | 0.041      |             | 0.000  | 0.926f          |
| de_ex_bus_pc_de_31__NAND2X0P5H7L_A_B_BUFX3P5H7L_Y:Y (BUFX3P5H7L)                                                               |        | 0.019       | 0.000      | 0.062      |             | 0.073  | 0.998f          |
| de_ex_bus_pc_de_31__NAND2X0P5H7L_A_B (net)                                                                                     | 24     |             |            |            | 0.000       |        |                 |
| de_ex_bus_pc_de_27__NAND2X0P5H7L_A:B (NAND2X0P5H7L)                                                                            |        | 0.001       | 0.000      | 0.062      |             | 0.000  | 0.998f          |
| de_ex_bus_pc_de_27__NAND2X0P5H7L_A:Y (NAND2X0P5H7L)                                                                            |        | 0.001       | 0.000      | 0.034      |             | 0.033  | 1.031r          |
| de_ex_bus_pc_de_27__NAND2X0P5H7L_A_Y (net)                                                                                     | 1      |             |            |            | 0.000       |        |                 |
| alu_mod.bus_in_pc_27__reg_p_D_AOI21X0P5H7L_Y:A0 (AOI21X0P5H7L)                                                                 |        | 0.001       | 0.000      | 0.034      |             | 0.000  | 1.031r          |
| alu_mod.bus_in_pc_27__reg_p_D_AOI21X0P5H7L_Y:Y (AOI21X0P5H7L)                                                                  |        | 0.001       | 0.000      | 0.074      |             | 0.028  | 1.059f          |
| alu_mod.bus_in_pc_27__reg_p_D (net)                                                                                            | 1      |             |            |            | 0.000       |        |                 |
| alu_mod.bus_in_pc_27__reg_p:D (DFFQX1H7L)                                                                                      |        | 0.001       | 0.000      | 0.074      |             | 0.000  | 1.059f          |
|                                                                                                                                |        |             |            |            |             |        |                 |
| clock (port)                                                                                                                   |        | 0.676       | 0.000      | 0.000      |             | 0.000  | 0.000r          |
| clock (clock net)                                                                                                              | 825    |             |            |            | NA          |        |                 |
| alu_mod.bus_in_pc_27__reg_p:CK (DFFQX1H7L)                                                                                     |        | 0.001       | 0.000      | 0.000      |             | 0.000  | 0.000r          |
| clock core_clock (rise edge)                                                                                                   |        |             |            |            |             | 1.769  | 1.769           |
| clock network delay (ideal)                                                                                                    |        |             |            |            |             | 0.000  | 1.769           |
| alu_mod.bus_in_pc_27__reg_p:CK (DFFQX1H7L)                                                                                     |        |             |            |            |             |        | 1.769r          |
| library setup time                                                                                                             |        |             |            |            |             | -0.051 | 1.718           |
| clock reconvergence pessimism                                                                                                  |        |             |            |            |             | 0.000  | 1.718           |
|                                                                                                                                |        |             |            |            |             |        |                 |
| path cell delay                                                                                                                |        |             |            |            |             |        | 1.059(100.000%) |
| path net delay                                                                                                                 |        |             |            |            |             |        | 0.000(0.000%)   |
|                                                                                                                                |        |             |            |            |             |        |                 |
| data require time                                                                                                              |        |             |            |            |             |        | 1.718           |
| data arrival time                                                                                                              |        |             |            |            |             |        | 1.059           |
| slack (MET)                                                                                                                    |        |             |            |            |             |        | 0.659           |
+--------------------------------------------------------------------------------------------------------------------------------+--------+-------------+------------+------------+-------------+--------+-----------------+
+--------------------------------------------------------------------------------------------------------------------------------+--------+-------------+------------+------------+-------------+--------+-----------------+
| Point                                                                                                                          | Fanout | Capacitance | Resistance | Transition | Delta Delay | Incr   | Path            |
+--------------------------------------------------------------------------------------------------------------------------------+--------+-------------+------------+------------+-------------+--------+-----------------+
| clock (port)                                                                                                                   |        | 0.861       | 0.000      | 0.000      |             | 0.000  | 0.000r          |
| clock (clock net)                                                                                                              | 825    |             |            |            | NA          |        |                 |
| de_ex_pipeline_mod.opcode_in_6__reg_p:CK (DFFQX1H7L)                                                                           |        | 0.001       | 0.000      | 0.000      |             | 0.000  | 0.000r          |
| clock core_clock (rise edge)                                                                                                   |        |             |            |            |             | 0      | 0               |
| clock network delay (ideal)                                                                                                    |        |             |            |            |             | 0.000  | 0.000           |
| de_ex_pipeline_mod.opcode_in_6__reg_p:CK (DFFQX1H7L)                                                                           |        | 0.001       | 0.000      | 0.000      |             | 0.000  | 0.000r          |
| de_ex_pipeline_mod.opcode_in_6__reg_p:Q (DFFQX1H7L)                                                                            |        | 0.001       | 0.000      | 0.023      |             | 0.082  | 0.082r          |
| de_ex_pipeline_mod.opcode_in_6_ (net)                                                                                          | 1      |             |            |            | 0.000       |        |                 |
| de_ex_pipeline_mod.opcode_in_6__BUFX3P5H7L_A:A (BUFX3P5H7L)                                                                    |        | 0.001       | 0.000      | 0.023      |             | 0.000  | 0.082r          |
| de_ex_pipeline_mod.opcode_in_6__BUFX3P5H7L_A:Y (BUFX3P5H7L)                                                                    |        | 0.015       | 0.000      | 0.080      |             | 0.067  | 0.150r          |
| de_ex_pipeline_mod.opcode_in_6__BUFX3P5H7L_A_Y (net)                                                                           | 16     |             |            |            | 0.000       |        |                 |
| de_ex_pipeline_mod.opcode_in_2__NAND4BX1P4H7L_D:C (NAND4BX1P4H7L)                                                              |        | 0.001       | 0.000      | 0.080      |             | 0.000  | 0.150r          |
| de_ex_pipeline_mod.opcode_in_2__NAND4BX1P4H7L_D:Y (NAND4BX1P4H7L)                                                              |        | 0.005       | 0.000      | 0.129      |             | 0.096  | 0.245f          |
| alu_mod.bus_in_lsu_re_AOA211X1P4H7L_A0_B0_NOR3X0P5H7L_Y_B_OAI21X0P5H7L_B0_A1 (net)                                             | 4      |             |            |            | 0.000       |        |                 |
| alu_mod.bus_in_lsu_re_AOA211X1P4H7L_A0_B0_NOR3X0P5H7L_Y_B_OAI21X0P5H7L_B0_A1_NOR3X3H7L_C:C (NOR3X3H7L)                         |        | 0.002       | 0.000      | 0.129      |             | 0.000  | 0.245f          |
| alu_mod.bus_in_lsu_re_AOA211X1P4H7L_A0_B0_NOR3X0P5H7L_Y_B_OAI21X0P5H7L_B0_A1_NOR3X3H7L_C:Y (NOR3X3H7L)                         |        | 0.007       | 0.000      | 0.146      |             | 0.115  | 0.361r          |
| decode_mod.wb_rd_4__XOR2X0P5H7L_A_B_AO22X0P7H7L_Y_A1 (net)                                                                     | 9      |             |            |            | 0.000       |        |                 |
| de_ex_pipeline_mod.opcode_in_23__AOI22X0P5H7L_B1:A1 (AOI22X0P5H7L)                                                             |        | 0.001       | 0.000      | 0.146      |             | 0.000  | 0.361r          |
| de_ex_pipeline_mod.opcode_in_23__AOI22X0P5H7L_B1:Y (AOI22X0P5H7L)                                                              |        | 0.001       | 0.000      | 0.068      |             | 0.049  | 0.409f          |
| de_ex_pipeline_mod.opcode_in_23__AOI22X0P5H7L_B1_Y (net)                                                                       | 1      |             |            |            | 0.000       |        |                 |
| de_ex_pipeline_mod.opcode_in_23__AOI22X0P5H7L_B1_Y_BUFX3H7L_A:A (BUFX3H7L)                                                     |        | 0.001       | 0.000      | 0.068      |             | 0.000  | 0.409f          |
| de_ex_pipeline_mod.opcode_in_23__AOI22X0P5H7L_B1_Y_BUFX3H7L_A:Y (BUFX3H7L)                                                     |        | 0.020       | 0.000      | 0.077      |             | 0.095  | 0.504f          |
| reg_mod.regs[9]_23__AOI211X0P5H7L_A0_C0 (net)                                                                                  | 24     |             |            |            | 0.000       |        |                 |
| decode_mod.wb_rd_4__XOR2X0P5H7L_A_B_XOR2X0P5H7L_B_1_Y_NOR3X0P5H7L_B_A_XNOR2X0P5H7L_Y:B (XNOR2X0P5H7L)                          |        | 0.001       | 0.000      | 0.077      |             | 0.000  | 0.504f          |
| decode_mod.wb_rd_4__XOR2X0P5H7L_A_B_XOR2X0P5H7L_B_1_Y_NOR3X0P5H7L_B_A_XNOR2X0P5H7L_Y:Y (XNOR2X0P5H7L)                          |        | 0.001       | 0.000      | 0.026      |             | 0.077  | 0.581f          |
| decode_mod.wb_rd_4__XOR2X0P5H7L_A_B_XOR2X0P5H7L_B_1_Y_NOR3X0P5H7L_B_A (net)                                                    | 1      |             |            |            | 0.000       |        |                 |
| decode_mod.wb_rd_4__XOR2X0P5H7L_A_B_XOR2X0P5H7L_B_1_Y_NOR3X0P5H7L_B:A (NOR3X0P5H7L)                                            |        | 0.001       | 0.000      | 0.026      |             | 0.000  | 0.581f          |
| decode_mod.wb_rd_4__XOR2X0P5H7L_A_B_XOR2X0P5H7L_B_1_Y_NOR3X0P5H7L_B:Y (NOR3X0P5H7L)                                            |        | 0.001       | 0.000      | 0.064      |             | 0.053  | 0.634r          |
| csr_mod.waddr_3__NOR4X0P5H7L_A_Y_NAND3X0P5H7L_A_Y_OR4X1P4H7L_C_Y_NOR4X6H7L_D_B_AOI22X1H7L_Y_A0_NAND3X0P5H7L_Y_A (net)          | 1      |             |            |            | 0.000       |        |                 |
| csr_mod.waddr_3__NOR4X0P5H7L_A_Y_NAND3X0P5H7L_A_Y_OR4X1P4H7L_C_Y_NOR4X6H7L_D_B_AOI22X1H7L_Y_A0_NAND3X0P5H7L_Y:A (NAND3X0P5H7L) |        | 0.001       | 0.000      | 0.064      |             | 0.000  | 0.634r          |
| csr_mod.waddr_3__NOR4X0P5H7L_A_Y_NAND3X0P5H7L_A_Y_OR4X1P4H7L_C_Y_NOR4X6H7L_D_B_AOI22X1H7L_Y_A0_NAND3X0P5H7L_Y:Y (NAND3X0P5H7L) |        | 0.001       | 0.000      | 0.042      |             | 0.038  | 0.672f          |
| csr_mod.waddr_3__NOR4X0P5H7L_A_Y_NAND3X0P5H7L_A_Y_OR4X1P4H7L_C_Y_NOR4X6H7L_D_B_AOI22X1H7L_Y_A0 (net)                           | 1      |             |            |            | 0.000       |        |                 |
| csr_mod.waddr_3__NOR4X0P5H7L_A_Y_NAND3X0P5H7L_A_Y_OR4X1P4H7L_C_Y_NOR4X6H7L_D_B_AOI22X1H7L_Y:A0 (AOI22X1H7L)                    |        | 0.001       | 0.000      | 0.042      |             | 0.000  | 0.672f          |
| csr_mod.waddr_3__NOR4X0P5H7L_A_Y_NAND3X0P5H7L_A_Y_OR4X1P4H7L_C_Y_NOR4X6H7L_D_B_AOI22X1H7L_Y:Y (AOI22X1H7L)                     |        | 0.003       | 0.000      | 0.094      |             | 0.075  | 0.747r          |
| csr_mod.waddr_3__NOR4X0P5H7L_A_Y_NAND3X0P5H7L_A_Y_OR4X1P4H7L_C_Y_NOR4X6H7L_D_B (net)                                           | 1      |             |            |            | 0.000       |        |                 |
| csr_mod.waddr_3__NOR4X0P5H7L_A_Y_NAND3X0P5H7L_A_Y_OR4X1P4H7L_C_Y_NOR4X6H7L_D:B (NOR4X6H7L)                                     |        | 0.003       | 0.000      | 0.094      |             | 0.000  | 0.747r          |
| csr_mod.waddr_3__NOR4X0P5H7L_A_Y_NAND3X0P5H7L_A_Y_OR4X1P4H7L_C_Y_NOR4X6H7L_D:Y (NOR4X6H7L)                                     |        | 0.006       | 0.000      | 0.043      |             | 0.029  | 0.776f          |
| decode_mod.valid_left_AND2X1H7L_A_B (net)                                                                                      | 5      |             |            |            | 0.000       |        |                 |
| decode_mod.valid_left_AND2X1H7L_A:B (AND2X1H7L)                                                                                |        | 0.001       | 0.000      | 0.043      |             | 0.000  | 0.776f          |
| decode_mod.valid_left_AND2X1H7L_A:Y (AND2X1H7L)                                                                                |        | 0.001       | 0.000      | 0.015      |             | 0.038  | 0.814f          |
| decode_mod.valid_left_AND2X1H7L_A_Y (net)                                                                                      | 1      |             |            |            | 0.000       |        |                 |
| decode_mod.valid_left_AND2X1H7L_A_Y_BUFX3H7L_A:A (BUFX3H7L)                                                                    |        | 0.001       | 0.000      | 0.015      |             | 0.000  | 0.814f          |
| decode_mod.valid_left_AND2X1H7L_A_Y_BUFX3H7L_A:Y (BUFX3H7L)                                                                    |        | 0.008       | 0.000      | 0.036      |             | 0.054  | 0.868f          |
| decode_mod.valid_left_AND2X1H7L_A_Y_BUFX3H7L_A_Y (net)                                                                         | 7      |             |            |            | 0.000       |        |                 |
| decode_mod.valid_left_AND2X1H7L_A_Y_BUFX3H7L_A_Y_BUFX7H7L_A:A (BUFX7H7L)                                                       |        | 0.002       | 0.000      | 0.036      |             | 0.000  | 0.868f          |
| decode_mod.valid_left_AND2X1H7L_A_Y_BUFX3H7L_A_Y_BUFX7H7L_A:Y (BUFX7H7L)                                                       |        | 0.023       | 0.000      | 0.041      |             | 0.057  | 0.926f          |
| reg_mod.regs[4]_0__AOAI211X0P5H7L_A0_Y_OAI211X1P4H7L_A1_C0 (net)                                                               | 24     |             |            |            | 0.000       |        |                 |
| de_ex_bus_pc_de_31__NAND2X0P5H7L_A_B_BUFX3P5H7L_Y:A (BUFX3P5H7L)                                                               |        | 0.001       | 0.000      | 0.041      |             | 0.000  | 0.926f          |
| de_ex_bus_pc_de_31__NAND2X0P5H7L_A_B_BUFX3P5H7L_Y:Y (BUFX3P5H7L)                                                               |        | 0.019       | 0.000      | 0.062      |             | 0.073  | 0.998f          |
| de_ex_bus_pc_de_31__NAND2X0P5H7L_A_B (net)                                                                                     | 24     |             |            |            | 0.000       |        |                 |
| de_ex_bus_pc_de_29__NAND2X0P5H7L_A:B (NAND2X0P5H7L)                                                                            |        | 0.001       | 0.000      | 0.062      |             | 0.000  | 0.998f          |
| de_ex_bus_pc_de_29__NAND2X0P5H7L_A:Y (NAND2X0P5H7L)                                                                            |        | 0.001       | 0.000      | 0.034      |             | 0.033  | 1.031r          |
| de_ex_bus_pc_de_29__NAND2X0P5H7L_A_Y (net)                                                                                     | 1      |             |            |            | 0.000       |        |                 |
| alu_mod.bus_in_pc_29__reg_p_D_AOI21X0P5H7L_Y:A0 (AOI21X0P5H7L)                                                                 |        | 0.001       | 0.000      | 0.034      |             | 0.000  | 1.031r          |
| alu_mod.bus_in_pc_29__reg_p_D_AOI21X0P5H7L_Y:Y (AOI21X0P5H7L)                                                                  |        | 0.001       | 0.000      | 0.074      |             | 0.028  | 1.059f          |
| alu_mod.bus_in_pc_29__reg_p_D (net)                                                                                            | 1      |             |            |            | 0.000       |        |                 |
| alu_mod.bus_in_pc_29__reg_p:D (DFFQX1H7L)                                                                                      |        | 0.001       | 0.000      | 0.074      |             | 0.000  | 1.059f          |
|                                                                                                                                |        |             |            |            |             |        |                 |
| clock (port)                                                                                                                   |        | 0.676       | 0.000      | 0.000      |             | 0.000  | 0.000r          |
| clock (clock net)                                                                                                              | 825    |             |            |            | NA          |        |                 |
| alu_mod.bus_in_pc_29__reg_p:CK (DFFQX1H7L)                                                                                     |        | 0.001       | 0.000      | 0.000      |             | 0.000  | 0.000r          |
| clock core_clock (rise edge)                                                                                                   |        |             |            |            |             | 1.769  | 1.769           |
| clock network delay (ideal)                                                                                                    |        |             |            |            |             | 0.000  | 1.769           |
| alu_mod.bus_in_pc_29__reg_p:CK (DFFQX1H7L)                                                                                     |        |             |            |            |             |        | 1.769r          |
| library setup time                                                                                                             |        |             |            |            |             | -0.051 | 1.718           |
| clock reconvergence pessimism                                                                                                  |        |             |            |            |             | 0.000  | 1.718           |
|                                                                                                                                |        |             |            |            |             |        |                 |
| path cell delay                                                                                                                |        |             |            |            |             |        | 1.059(100.000%) |
| path net delay                                                                                                                 |        |             |            |            |             |        | 0.000(0.000%)   |
|                                                                                                                                |        |             |            |            |             |        |                 |
| data require time                                                                                                              |        |             |            |            |             |        | 1.718           |
| data arrival time                                                                                                              |        |             |            |            |             |        | 1.059           |
| slack (MET)                                                                                                                    |        |             |            |            |             |        | 0.659           |
+--------------------------------------------------------------------------------------------------------------------------------+--------+-------------+------------+------------+-------------+--------+-----------------+
+----------------------------------------------------------------------------------------------------------------+--------+-------------+------------+------------+-------------+--------+-----------------+
| Point                                                                                                          | Fanout | Capacitance | Resistance | Transition | Delta Delay | Incr   | Path            |
+----------------------------------------------------------------------------------------------------------------+--------+-------------+------------+------------+-------------+--------+-----------------+
| clock (port)                                                                                                   |        | 0.861       | 0.000      | 0.000      |             | 0.000  | 0.000r          |
| clock (clock net)                                                                                              | 825    |             |            |            | NA          |        |                 |
| pc_mod.pc_5__reg_p:CK (DFFQX1H7L)                                                                              |        | 0.001       | 0.000      | 0.000      |             | 0.000  | 0.000r          |
| clock core_clock (rise edge)                                                                                   |        |             |            |            |             | 0      | 0               |
| clock network delay (ideal)                                                                                    |        |             |            |            |             | 0.000  | 0.000           |
| pc_mod.pc_5__reg_p:CK (DFFQX1H7L)                                                                              |        | 0.001       | 0.000      | 0.000      |             | 0.000  | 0.000r          |
| pc_mod.pc_5__reg_p:Q (DFFQX1H7L)                                                                               |        | 0.002       | 0.000      | 0.030      |             | 0.088  | 0.088r          |
| pc_mod.pc_5_ (net)                                                                                             | 2      |             |            |            | 0.000       |        |                 |
| pc_mod.pc_5__BUFX1P4H7L_A:A (BUFX1P4H7L)                                                                       |        | 0.001       | 0.000      | 0.030      |             | 0.000  | 0.088r          |
| pc_mod.pc_5__BUFX1P4H7L_A:Y (BUFX1P4H7L)                                                                       |        | 0.010       | 0.000      | 0.108      |             | 0.081  | 0.169r          |
| pc_mod.pc_5__BUFX1P4H7L_A_Y (net)                                                                              | 8      |             |            |            | 0.000       |        |                 |
| icache_mod.miss_addr_5__MUX2X1P4H7L_B:A (MUX2X1P4H7L)                                                          |        | 0.001       | 0.000      | 0.108      |             | 0.000  | 0.169r          |
| icache_mod.miss_addr_5__MUX2X1P4H7L_B:Y (MUX2X1P4H7L)                                                          |        | 0.002       | 0.000      | 0.038      |             | 0.067  | 0.236r          |
| icache_mod.miss_addr_5__MUX2X1P4H7L_B_Y (net)                                                                  | 1      |             |            |            | 0.000       |        |                 |
| icache_mod.miss_addr_5__MUX2X1P4H7L_B_Y_BUFX10H7L_A:A (BUFX10H7L)                                              |        | 0.002       | 0.000      | 0.038      |             | 0.000  | 0.236r          |
| icache_mod.miss_addr_5__MUX2X1P4H7L_B_Y_BUFX10H7L_A:Y (BUFX10H7L)                                              |        | 0.038       | 0.000      | 0.074      |             | 0.066  | 0.302r          |
| icache_mod.block_tag[0]_5__MUX2X0P5H7L_A_S0 (net)                                                              | 19     |             |            |            | 0.000       |        |                 |
| icache_mod.block_tag[0]_5__MUX2X0P5H7L_A_S0_BUFX10H7L_A:A (BUFX10H7L)                                          |        | 0.002       | 0.000      | 0.074      |             | 0.000  | 0.302r          |
| icache_mod.block_tag[0]_5__MUX2X0P5H7L_A_S0_BUFX10H7L_A:Y (BUFX10H7L)                                          |        | 0.028       | 0.000      | 0.058      |             | 0.063  | 0.365r          |
| icache_mod.block_tag[0]_8__MUX2X0P5H7L_A_S0 (net)                                                              | 24     |             |            |            | 0.000       |        |                 |
| icache_mod.block_tag[0]_22__MUX2X0P5H7L_A:S0 (MUX2X0P5H7L)                                                     |        | 0.002       | 0.000      | 0.058      |             | 0.000  | 0.365r          |
| icache_mod.block_tag[0]_22__MUX2X0P5H7L_A:Y (MUX2X0P5H7L)                                                      |        | 0.003       | 0.000      | 0.051      |             | 0.061  | 0.426r          |
| icache_mod.block_tag[0]_22__MUX2X0P5H7L_A_Y (net)                                                              | 3      |             |            |            | 0.000       |        |                 |
| icache_mod.block_tag[0]_12__MUX2X0P5H7L_A_Y_NAND2BX0P5H7L_B_Y_NAND3X0P5H7L_A_B_NAND2X0P5H7L_Y:B (NAND2X0P5H7L) |        | 0.001       | 0.000      | 0.051      |             | 0.000  | 0.426r          |
| icache_mod.block_tag[0]_12__MUX2X0P5H7L_A_Y_NAND2BX0P5H7L_B_Y_NAND3X0P5H7L_A_B_NAND2X0P5H7L_Y:Y (NAND2X0P5H7L) |        | 0.002       | 0.000      | 0.039      |             | 0.035  | 0.461f          |
| icache_mod.block_tag[0]_12__MUX2X0P5H7L_A_Y_NAND2BX0P5H7L_B_Y_NAND3X0P5H7L_A_B (net)                           | 2      |             |            |            | 0.000       |        |                 |
| icache_mod.block_tag[0]_4__MUX2X0P5H7L_A_Y_XOR2X0P5H7L_B_Y_NOR4BX0P5H7L_C_D_NAND2X0P5H7L_Y:A (NAND2X0P5H7L)    |        | 0.001       | 0.000      | 0.039      |             | 0.000  | 0.461f          |
| icache_mod.block_tag[0]_4__MUX2X0P5H7L_A_Y_XOR2X0P5H7L_B_Y_NOR4BX0P5H7L_C_D_NAND2X0P5H7L_Y:Y (NAND2X0P5H7L)    |        | 0.001       | 0.000      | 0.028      |             | 0.026  | 0.487r          |
| icache_mod.block_tag[0]_4__MUX2X0P5H7L_A_Y_XOR2X0P5H7L_B_Y_NOR4BX0P5H7L_C_D (net)                              | 1      |             |            |            | 0.000       |        |                 |
| icache_mod.block_tag[0]_4__MUX2X0P5H7L_A_Y_XOR2X0P5H7L_B_Y_NOR4BX0P5H7L_C:D (NOR4BX0P5H7L)                     |        | 0.001       | 0.000      | 0.028      |             | 0.000  | 0.487r          |
| icache_mod.block_tag[0]_4__MUX2X0P5H7L_A_Y_XOR2X0P5H7L_B_Y_NOR4BX0P5H7L_C:Y (NOR4BX0P5H7L)                     |        | 0.001       | 0.000      | 0.029      |             | 0.018  | 0.506f          |
| icache_mod.block_tag[0]_4__MUX2X0P5H7L_A_Y_XOR2X0P5H7L_B_Y_NOR4BX0P5H7L_C_Y (net)                              | 1      |             |            |            | 0.000       |        |                 |
| icache_mod.block_tag[0]_0__MUX2X0P5H7L_A_Y_XOR2X0P5H7L_B_Y_NOR4X0P5H7L_D_Y_NAND4X0P5H7L_B:C (NAND4X0P5H7L)     |        | 0.001       | 0.000      | 0.029      |             | 0.000  | 0.506f          |
| icache_mod.block_tag[0]_0__MUX2X0P5H7L_A_Y_XOR2X0P5H7L_B_Y_NOR4X0P5H7L_D_Y_NAND4X0P5H7L_B:Y (NAND4X0P5H7L)     |        | 0.001       | 0.000      | 0.037      |             | 0.029  | 0.535r          |
| icache_mod.block_tag[0]_17__MUX2X0P5H7L_A_Y_XOR2X0P5H7L_B_Y_NOR4X0P5H7L_C_D (net)                              | 1      |             |            |            | 0.000       |        |                 |
| icache_mod.block_tag[0]_17__MUX2X0P5H7L_A_Y_XOR2X0P5H7L_B_Y_NOR4X0P5H7L_C:D (NOR4X0P5H7L)                      |        | 0.001       | 0.000      | 0.037      |             | 0.000  | 0.535r          |
| icache_mod.block_tag[0]_17__MUX2X0P5H7L_A_Y_XOR2X0P5H7L_B_Y_NOR4X0P5H7L_C:Y (NOR4X0P5H7L)                      |        | 0.002       | 0.000      | 0.030      |             | 0.026  | 0.561f          |
| icache_mod.trans_reg_p_CK_ICGX0P5H7L_ECK_E_AOI211X0P5H7L_Y_C0 (net)                                            | 2      |             |            |            | 0.000       |        |                 |
| icache_mod.trans_reg_p_CK_ICGX0P5H7L_ECK_E_AOI211X0P5H7L_Y_C0_AOI2BB1X0P5H7L_B0:B0 (AOI2BB1X0P5H7L)            |        | 0.001       | 0.000      | 0.030      |             | 0.000  | 0.561f          |
| icache_mod.trans_reg_p_CK_ICGX0P5H7L_ECK_E_AOI211X0P5H7L_Y_C0_AOI2BB1X0P5H7L_B0:Y (AOI2BB1X0P5H7L)             |        | 0.003       | 0.000      | 0.113      |             | 0.076  | 0.637r          |
| io_master_rvalid_NAND4X0P5H7L_A_C (net)                                                                        | 4      |             |            |            | 0.000       |        |                 |
| io_master_rvalid_NAND4X0P5H7L_A:C (NAND4X0P5H7L)                                                               |        | 0.001       | 0.000      | 0.113      |             | 0.000  | 0.637r          |
| io_master_rvalid_NAND4X0P5H7L_A:Y (NAND4X0P5H7L)                                                               |        | 0.004       | 0.000      | 0.161      |             | 0.120  | 0.756f          |
| io_master_rvalid_NAND4X0P5H7L_A_Y (net)                                                                        | 5      |             |            |            | 0.000       |        |                 |
| icache_mod.fill_count_0__NOR2BX1P4H7L_AN:B (NOR2BX1P4H7L)                                                      |        | 0.001       | 0.000      | 0.161      |             | 0.000  | 0.756f          |
| icache_mod.fill_count_0__NOR2BX1P4H7L_AN:Z (NOR2BX1P4H7L)                                                      |        | 0.004       | 0.000      | 0.117      |             | 0.102  | 0.858r          |
| icache_mod.fill_count_1__reg_p_D_NOR2X0P5H7L_Y_B_XNOR2X0P5H7L_Y_B (net)                                        | 5      |             |            |            | 0.000       |        |                 |
| icache_mod.fill_count_1__NAND3X0P5H7L_B:C (NAND3X0P5H7L)                                                       |        | 0.001       | 0.000      | 0.117      |             | 0.000  | 0.858r          |
| icache_mod.fill_count_1__NAND3X0P5H7L_B:Y (NAND3X0P5H7L)                                                       |        | 0.004       | 0.000      | 0.118      |             | 0.092  | 0.949f          |
| icache_mod.block_valid[0]_reg_p_D_OAOI211X0P5H7L_Y_A1 (net)                                                    | 5      |             |            |            | 0.000       |        |                 |
| icache_mod.trans_reg_p_CK_ICGX0P5H7L_ECK_E_AOI211X0P5H7L_Y:A0 (AOI211X0P5H7L)                                  |        | 0.001       | 0.000      | 0.118      |             | 0.000  | 0.949f          |
| icache_mod.trans_reg_p_CK_ICGX0P5H7L_ECK_E_AOI211X0P5H7L_Y:Y (AOI211X0P5H7L)                                   |        | 0.001       | 0.000      | 0.089      |             | 0.090  | 1.040r          |
| icache_mod.trans_reg_p_CK_ICGX0P5H7L_ECK_E (net)                                                               | 1      |             |            |            | 0.000       |        |                 |
| icache_mod.trans_reg_p_CK_ICGX0P5H7L_ECK:E (ICGX0P5H7L)                                                        |        | 0.001       | 0.000      | 0.089      |             | 0.000  | 1.040r          |
|                                                                                                                |        |             |            |            |             |        |                 |
| clock (port)                                                                                                   |        | 0.676       | 0.000      | 0.000      |             | 0.000  | 0.000r          |
| clock (clock net)                                                                                              | 825    |             |            |            | NA          |        |                 |
| icache_mod.trans_reg_p_CK_ICGX0P5H7L_ECK:CK (ICGX0P5H7L)                                                       |        | 0.002       | 0.000      | 0.000      |             | 0.000  | 0.000r          |
| clock core_clock (rise edge)                                                                                   |        |             |            |            |             | 1.769  | 1.769           |
| clock network delay (ideal)                                                                                    |        |             |            |            |             | 0.000  | 1.769           |
| icache_mod.trans_reg_p_CK_ICGX0P5H7L_ECK:CK (ICGX0P5H7L)                                                       |        |             |            |            |             |        | 1.769r          |
| library setup time                                                                                             |        |             |            |            |             | -0.062 | 1.707           |
| clock reconvergence pessimism                                                                                  |        |             |            |            |             | 0.000  | 1.707           |
|                                                                                                                |        |             |            |            |             |        |                 |
| path cell delay                                                                                                |        |             |            |            |             |        | 1.040(100.000%) |
| path net delay                                                                                                 |        |             |            |            |             |        | 0.000(0.000%)   |
|                                                                                                                |        |             |            |            |             |        |                 |
| data require time                                                                                              |        |             |            |            |             |        | 1.707           |
| data arrival time                                                                                              |        |             |            |            |             |        | 1.040           |
| slack (MET)                                                                                                    |        |             |            |            |             |        | 0.667           |
+----------------------------------------------------------------------------------------------------------------+--------+-------------+------------+------------+-------------+--------+-----------------+
+-----------------------------------------------------------------------------------------------------------------------------------+--------+-------------+------------+------------+-------------+--------+-----------------+
| Point                                                                                                                             | Fanout | Capacitance | Resistance | Transition | Delta Delay | Incr   | Path            |
+-----------------------------------------------------------------------------------------------------------------------------------+--------+-------------+------------+------------+-------------+--------+-----------------+
| clock (port)                                                                                                                      |        | 0.861       | 0.000      | 0.000      |             | 0.000  | 0.000r          |
| clock (clock net)                                                                                                                 | 825    |             |            |            | NA          |        |                 |
| csr_mod.waddr_9__reg_p:CK (DFFQX1H7L)                                                                                             |        | 0.001       | 0.000      | 0.000      |             | 0.000  | 0.000r          |
| clock core_clock (rise edge)                                                                                                      |        |             |            |            |             | 0      | 0               |
| clock network delay (ideal)                                                                                                       |        |             |            |            |             | 0.000  | 0.000           |
| csr_mod.waddr_9__reg_p:CK (DFFQX1H7L)                                                                                             |        | 0.001       | 0.000      | 0.000      |             | 0.000  | 0.000r          |
| csr_mod.waddr_9__reg_p:Q (DFFQX1H7L)                                                                                              |        | 0.001       | 0.000      | 0.027      |             | 0.085  | 0.085r          |
| csr_mod.waddr_9_ (net)                                                                                                            | 2      |             |            |            | 0.000       |        |                 |
| csr_mod.waddr_9__NAND3BX0P5H7L_B:B (NAND3BX0P5H7L)                                                                                |        | 0.001       | 0.000      | 0.027      |             | 0.000  | 0.085r          |
| csr_mod.waddr_9__NAND3BX0P5H7L_B:Y (NAND3BX0P5H7L)                                                                                |        | 0.003       | 0.000      | 0.090      |             | 0.063  | 0.148f          |
| csr_mod.waddr_10__NOR3X0P5H7L_A_C (net)                                                                                           | 4      |             |            |            | 0.000       |        |                 |
| csr_mod.waddr_10__NOR3X0P5H7L_A:C (NOR3X0P5H7L)                                                                                   |        | 0.001       | 0.000      | 0.090      |             | 0.000  | 0.148f          |
| csr_mod.waddr_10__NOR3X0P5H7L_A:Y (NOR3X0P5H7L)                                                                                   |        | 0.001       | 0.000      | 0.102      |             | 0.084  | 0.232r          |
| csr_mod.waddr_7__OR3X1H7L_B_Y_NOR4BBX0P5H7L_C_BN (net)                                                                            | 2      |             |            |            | 0.000       |        |                 |
| csr_mod.waddr_7__OR3X1H7L_B_Y_NOR4BBX0P5H7L_C:BN (NOR4BBX0P5H7L)                                                                  |        | 0.001       | 0.000      | 0.102      |             | 0.000  | 0.232r          |
| csr_mod.waddr_7__OR3X1H7L_B_Y_NOR4BBX0P5H7L_C:Y (NOR4BBX0P5H7L)                                                                   |        | 0.004       | 0.000      | 0.295      |             | 0.215  | 0.447r          |
| csr_mod.waddr_7__OR3X1H7L_B_Y_NOR4BBX0P5H7L_C_Y (net)                                                                             | 5      |             |            |            | 0.000       |        |                 |
| csr_mod.waddr_2__NOR4X0P5H7L_A_Y_NAND2X0P5H7L_B_Y_AOI2BB1X0P5H7L_A1N:B0 (AOI2BB1X0P5H7L)                                          |        | 0.001       | 0.000      | 0.295      |             | 0.000  | 0.447r          |
| csr_mod.waddr_2__NOR4X0P5H7L_A_Y_NAND2X0P5H7L_B_Y_AOI2BB1X0P5H7L_A1N:Y (AOI2BB1X0P5H7L)                                           |        | 0.002       | 0.000      | 0.090      |             | 0.049  | 0.496f          |
| csr_mod.waddr_2__NOR4X0P5H7L_A_Y_NAND2X0P5H7L_B_Y_AOI2BB1X0P5H7L_A1N_Y (net)                                                      | 3      |             |            |            | 0.000       |        |                 |
| csr_mod.waddr_2__AOI32X0P5H7L_A0_Y_NAND2X0P5H7L_B_Y_AOAI211X0P5H7L_C0_Y_AOI211X0P5H7L_A1:A0 (AOI211X0P5H7L)                       |        | 0.001       | 0.000      | 0.090      |             | 0.000  | 0.496f          |
| csr_mod.waddr_2__AOI32X0P5H7L_A0_Y_NAND2X0P5H7L_B_Y_AOAI211X0P5H7L_C0_Y_AOI211X0P5H7L_A1:Y (AOI211X0P5H7L)                        |        | 0.002       | 0.000      | 0.147      |             | 0.120  | 0.616r          |
| csr_mod.waddr_2__AOI32X0P5H7L_A0_Y_NAND2X0P5H7L_B_Y_AOAI211X0P5H7L_C0_Y_AOI211X0P5H7L_A1_Y (net)                                  | 2      |             |            |            | 0.000       |        |                 |
| csr_mod.waddr_2__AOI32X0P5H7L_A0_Y_NAND2X0P5H7L_B_Y_AOAI211X0P5H7L_C0_Y_AOI211X0P5H7L_A1_Y_BUFX5H7L_A:A (BUFX5H7L)                |        | 0.001       | 0.000      | 0.147      |             | 0.000  | 0.616r          |
| csr_mod.waddr_2__AOI32X0P5H7L_A0_Y_NAND2X0P5H7L_B_Y_AOAI211X0P5H7L_C0_Y_AOI211X0P5H7L_A1_Y_BUFX5H7L_A:Y (BUFX5H7L)                |        | 0.020       | 0.000      | 0.079      |             | 0.084  | 0.700r          |
| csr_mod.pc_1__AOI22X0P5H7L_A0_B0 (net)                                                                                            | 24     |             |            |            | 0.000       |        |                 |
| csr_mod.waddr_2__NOR4X0P5H7L_A_Y_NAND2X0P5H7L_B_Y_OAI22X0P5H7L_A1_Y_NAND2X0P5H7L_B:A (NAND2X0P5H7L)                               |        | 0.001       | 0.000      | 0.079      |             | 0.000  | 0.700r          |
| csr_mod.waddr_2__NOR4X0P5H7L_A_Y_NAND2X0P5H7L_B_Y_OAI22X0P5H7L_A1_Y_NAND2X0P5H7L_B:Y (NAND2X0P5H7L)                               |        | 0.003       | 0.000      | 0.074      |             | 0.058  | 0.758f          |
| csr_mod.regs[2]_11__reg_p_D_NAND4X0P5H7L_Y_C_INVX0P5H7L_Y_A (net)                                                                 | 4      |             |            |            | 0.000       |        |                 |
| csr_mod.regs[2]_11__reg_p_D_NAND4X0P5H7L_Y_C_INVX0P5H7L_Y_A_NOR2X0P5H7L_B:B (NOR2X0P5H7L)                                         |        | 0.001       | 0.000      | 0.074      |             | 0.000  | 0.758f          |
| csr_mod.regs[2]_11__reg_p_D_NAND4X0P5H7L_Y_C_INVX0P5H7L_Y_A_NOR2X0P5H7L_B:Y (NOR2X0P5H7L)                                         |        | 0.002       | 0.000      | 0.087      |             | 0.068  | 0.826r          |
| csr_mod.regs[2]_11__reg_p_D_NAND4X0P5H7L_Y_A_NAND2X1P4H7L_A_B (net)                                                               | 2      |             |            |            | 0.000       |        |                 |
| csr_mod.waddr_2__NOR4X0P5H7L_A_Y_NAND2X0P5H7L_B_Y_OAI22X0P5H7L_A1_Y_OR3X1H7L_B_C_NAND2X0P5H7L_Y_A_NAND2X1P4H7L_A:B (NAND2X1P4H7L) |        | 0.001       | 0.000      | 0.087      |             | 0.000  | 0.826r          |
| csr_mod.waddr_2__NOR4X0P5H7L_A_Y_NAND2X0P5H7L_B_Y_OAI22X0P5H7L_A1_Y_OR3X1H7L_B_C_NAND2X0P5H7L_Y_A_NAND2X1P4H7L_A:Y (NAND2X1P4H7L) |        | 0.008       | 0.000      | 0.107      |             | 0.079  | 0.906f          |
| csr_mod.regs[7]_7__reg_p_D_NOR2X0P5H7L_Y_B (net)                                                                                  | 10     |             |            |            | 0.000       |        |                 |
| csr_mod.regs[7]_7__reg_p_D_NOR2X0P5H7L_Y_B_BUFX3H7L_A:A (BUFX3H7L)                                                                |        | 0.001       | 0.000      | 0.107      |             | 0.000  | 0.906f          |
| csr_mod.regs[7]_7__reg_p_D_NOR2X0P5H7L_Y_B_BUFX3H7L_A:Y (BUFX3H7L)                                                                |        | 0.020       | 0.000      | 0.076      |             | 0.105  | 1.010f          |
| csr_mod.regs[7]_9__reg_p_D_NOR2X0P5H7L_Y_B (net)                                                                                  | 24     |             |            |            | 0.000       |        |                 |
| pc_mod.pc_1__reg_p_D_AOI21X0P5H7L_Y_B0_NAND2BX0P5H7L_AN_14:B (NAND2BX0P5H7L)                                                      |        | 0.001       | 0.000      | 0.076      |             | 0.000  | 1.010f          |
| pc_mod.pc_1__reg_p_D_AOI21X0P5H7L_Y_B0_NAND2BX0P5H7L_AN_14:Y (NAND2BX0P5H7L)                                                      |        | 0.001       | 0.000      | 0.037      |             | 0.034  | 1.044r          |
| pc_mod.pc_1__reg_p_D_AOI21X0P5H7L_Y_B0_NAND2BX0P5H7L_AN_14_Y (net)                                                                | 1      |             |            |            | 0.000       |        |                 |
| pc_mod.pc_1__reg_p_D_AOI21X0P5H7L_Y_B0_NAND2BX0P5H7L_AN_14_Y_ICGX0P5H7L_E:E (ICGX0P5H7L)                                          |        | 0.001       | 0.000      | 0.037      |             | 0.000  | 1.044r          |
|                                                                                                                                   |        |             |            |            |             |        |                 |
| clock (port)                                                                                                                      |        | 0.676       | 0.000      | 0.000      |             | 0.000  | 0.000r          |
| clock (clock net)                                                                                                                 | 825    |             |            |            | NA          |        |                 |
| pc_mod.pc_1__reg_p_D_AOI21X0P5H7L_Y_B0_NAND2BX0P5H7L_AN_14_Y_ICGX0P5H7L_E:CK (ICGX0P5H7L)                                         |        | 0.002       | 0.000      | 0.000      |             | 0.000  | 0.000r          |
| clock core_clock (rise edge)                                                                                                      |        |             |            |            |             | 1.769  | 1.769           |
| clock network delay (ideal)                                                                                                       |        |             |            |            |             | 0.000  | 1.769           |
| pc_mod.pc_1__reg_p_D_AOI21X0P5H7L_Y_B0_NAND2BX0P5H7L_AN_14_Y_ICGX0P5H7L_E:CK (ICGX0P5H7L)                                         |        |             |            |            |             |        | 1.769r          |
| library setup time                                                                                                                |        |             |            |            |             | -0.054 | 1.715           |
| clock reconvergence pessimism                                                                                                     |        |             |            |            |             | 0.000  | 1.715           |
|                                                                                                                                   |        |             |            |            |             |        |                 |
| path cell delay                                                                                                                   |        |             |            |            |             |        | 1.044(100.000%) |
| path net delay                                                                                                                    |        |             |            |            |             |        | 0.000(0.000%)   |
|                                                                                                                                   |        |             |            |            |             |        |                 |
| data require time                                                                                                                 |        |             |            |            |             |        | 1.715           |
| data arrival time                                                                                                                 |        |             |            |            |             |        | 1.044           |
| slack (MET)                                                                                                                       |        |             |            |            |             |        | 0.671           |
+-----------------------------------------------------------------------------------------------------------------------------------+--------+-------------+------------+------------+-------------+--------+-----------------+
+----------------------------------------------------------------------------------------------------------------------------+--------+-------------+------------+------------+-------------+--------+-----------------+
| Point                                                                                                                      | Fanout | Capacitance | Resistance | Transition | Delta Delay | Incr   | Path            |
+----------------------------------------------------------------------------------------------------------------------------+--------+-------------+------------+------------+-------------+--------+-----------------+
| clock (port)                                                                                                               |        | 0.861       | 0.000      | 0.000      |             | 0.000  | 0.000r          |
| clock (clock net)                                                                                                          | 825    |             |            |            | NA          |        |                 |
| csr_mod.waddr_9__reg_p:CK (DFFQX1H7L)                                                                                      |        | 0.001       | 0.000      | 0.000      |             | 0.000  | 0.000r          |
| clock core_clock (rise edge)                                                                                               |        |             |            |            |             | 0      | 0               |
| clock network delay (ideal)                                                                                                |        |             |            |            |             | 0.000  | 0.000           |
| csr_mod.waddr_9__reg_p:CK (DFFQX1H7L)                                                                                      |        | 0.001       | 0.000      | 0.000      |             | 0.000  | 0.000r          |
| csr_mod.waddr_9__reg_p:Q (DFFQX1H7L)                                                                                       |        | 0.001       | 0.000      | 0.027      |             | 0.085  | 0.085r          |
| csr_mod.waddr_9_ (net)                                                                                                     | 2      |             |            |            | 0.000       |        |                 |
| csr_mod.waddr_9__NAND3BX0P5H7L_B:B (NAND3BX0P5H7L)                                                                         |        | 0.001       | 0.000      | 0.027      |             | 0.000  | 0.085r          |
| csr_mod.waddr_9__NAND3BX0P5H7L_B:Y (NAND3BX0P5H7L)                                                                         |        | 0.003       | 0.000      | 0.090      |             | 0.063  | 0.148f          |
| csr_mod.waddr_10__NOR3X0P5H7L_A_C (net)                                                                                    | 4      |             |            |            | 0.000       |        |                 |
| csr_mod.waddr_10__NOR3X0P5H7L_A:C (NOR3X0P5H7L)                                                                            |        | 0.001       | 0.000      | 0.090      |             | 0.000  | 0.148f          |
| csr_mod.waddr_10__NOR3X0P5H7L_A:Y (NOR3X0P5H7L)                                                                            |        | 0.001       | 0.000      | 0.102      |             | 0.084  | 0.232r          |
| csr_mod.waddr_7__OR3X1H7L_B_Y_NOR4BBX0P5H7L_C_BN (net)                                                                     | 2      |             |            |            | 0.000       |        |                 |
| csr_mod.waddr_7__OR3X1H7L_B_Y_NOR4BBX0P5H7L_C:BN (NOR4BBX0P5H7L)                                                           |        | 0.001       | 0.000      | 0.102      |             | 0.000  | 0.232r          |
| csr_mod.waddr_7__OR3X1H7L_B_Y_NOR4BBX0P5H7L_C:Y (NOR4BBX0P5H7L)                                                            |        | 0.004       | 0.000      | 0.295      |             | 0.215  | 0.447r          |
| csr_mod.waddr_7__OR3X1H7L_B_Y_NOR4BBX0P5H7L_C_Y (net)                                                                      | 5      |             |            |            | 0.000       |        |                 |
| csr_mod.waddr_2__NOR4X0P5H7L_A_Y_NAND2X0P5H7L_B_Y_AOI2BB1X0P5H7L_A1N:B0 (AOI2BB1X0P5H7L)                                   |        | 0.001       | 0.000      | 0.295      |             | 0.000  | 0.447r          |
| csr_mod.waddr_2__NOR4X0P5H7L_A_Y_NAND2X0P5H7L_B_Y_AOI2BB1X0P5H7L_A1N:Y (AOI2BB1X0P5H7L)                                    |        | 0.002       | 0.000      | 0.090      |             | 0.049  | 0.496f          |
| csr_mod.waddr_2__NOR4X0P5H7L_A_Y_NAND2X0P5H7L_B_Y_AOI2BB1X0P5H7L_A1N_Y (net)                                               | 3      |             |            |            | 0.000       |        |                 |
| csr_mod.waddr_2__AOI32X0P5H7L_A0_Y_NAND2X0P5H7L_B_Y_AOAI211X0P5H7L_C0_Y_AOI211X0P5H7L_A1:A0 (AOI211X0P5H7L)                |        | 0.001       | 0.000      | 0.090      |             | 0.000  | 0.496f          |
| csr_mod.waddr_2__AOI32X0P5H7L_A0_Y_NAND2X0P5H7L_B_Y_AOAI211X0P5H7L_C0_Y_AOI211X0P5H7L_A1:Y (AOI211X0P5H7L)                 |        | 0.002       | 0.000      | 0.147      |             | 0.120  | 0.616r          |
| csr_mod.waddr_2__AOI32X0P5H7L_A0_Y_NAND2X0P5H7L_B_Y_AOAI211X0P5H7L_C0_Y_AOI211X0P5H7L_A1_Y (net)                           | 2      |             |            |            | 0.000       |        |                 |
| csr_mod.waddr_2__AOI32X0P5H7L_A0_Y_NAND2X0P5H7L_B_Y_AOAI211X0P5H7L_C0_Y_AOI211X0P5H7L_A1_Y_NAND4X1P4H7L_D:D (NAND4X1P4H7L) |        | 0.001       | 0.000      | 0.147      |             | 0.000  | 0.616r          |
| csr_mod.waddr_2__AOI32X0P5H7L_A0_Y_NAND2X0P5H7L_B_Y_AOAI211X0P5H7L_C0_Y_AOI211X0P5H7L_A1_Y_NAND4X1P4H7L_D:Y (NAND4X1P4H7L) |        | 0.008       | 0.000      | 0.206      |             | 0.136  | 0.752f          |
| csr_mod.regs[8]_8__reg_p_D_NOR2X0P5H7L_Y_A (net)                                                                           | 11     |             |            |            | 0.000       |        |                 |
| csr_mod.regs[2]_11__reg_p_D_NAND4X0P5H7L_Y_A_NOR2BX1P4H7L_Z:AN (NOR2BX1P4H7L)                                              |        | 0.001       | 0.000      | 0.206      |             | 0.000  | 0.752f          |
| csr_mod.regs[2]_11__reg_p_D_NAND4X0P5H7L_Y_A_NOR2BX1P4H7L_Z:Z (NOR2BX1P4H7L)                                               |        | 0.004       | 0.000      | 0.056      |             | 0.081  | 0.833f          |
| csr_mod.regs[2]_11__reg_p_D_NAND4X0P5H7L_Y_A (net)                                                                         | 4      |             |            |            | 0.000       |        |                 |
| csr_mod.waddr_2__NOR4X0P5H7L_A_Y_NAND2X0P5H7L_B_Y_OAI22X0P5H7L_A1_Y_NOR2X0P5H7L_B_Y_OAI21X0P7H7L_A1:B0 (OAI21X0P7H7L)      |        | 0.001       | 0.000      | 0.056      |             | 0.000  | 0.833f          |
| csr_mod.waddr_2__NOR4X0P5H7L_A_Y_NAND2X0P5H7L_B_Y_OAI22X0P5H7L_A1_Y_NOR2X0P5H7L_B_Y_OAI21X0P7H7L_A1:Y (OAI21X0P7H7L)       |        | 0.006       | 0.000      | 0.196      |             | 0.073  | 0.906r          |
| csr_mod.regs[1]_9__reg_p_D_NOR2X0P5H7L_Y_A (net)                                                                           | 9      |             |            |            | 0.000       |        |                 |
| csr_mod.regs[1]_9__reg_p_D_NOR2X0P5H7L_Y_A_BUFX3H7L_A:A (BUFX3H7L)                                                         |        | 0.001       | 0.000      | 0.196      |             | 0.000  | 0.906r          |
| csr_mod.regs[1]_9__reg_p_D_NOR2X0P5H7L_Y_A_BUFX3H7L_A:Y (BUFX3H7L)                                                         |        | 0.017       | 0.000      | 0.106      |             | 0.109  | 1.015r          |
| csr_mod.regs[1]_3__reg_p_D_NOR2X0P5H7L_Y_B (net)                                                                           | 24     |             |            |            | 0.000       |        |                 |
| pc_mod.pc_1__reg_p_D_AOI21X0P5H7L_Y_B0_NAND2BX0P5H7L_AN_13:B (NAND2BX0P5H7L)                                               |        | 0.001       | 0.000      | 0.106      |             | 0.000  | 1.015r          |
| pc_mod.pc_1__reg_p_D_AOI21X0P5H7L_Y_B0_NAND2BX0P5H7L_AN_13:Y (NAND2BX0P5H7L)                                               |        | 0.001       | 0.000      | 0.044      |             | 0.032  | 1.047f          |
| pc_mod.pc_1__reg_p_D_AOI21X0P5H7L_Y_B0_NAND2BX0P5H7L_AN_13_Y (net)                                                         | 1      |             |            |            | 0.000       |        |                 |
| pc_mod.pc_1__reg_p_D_AOI21X0P5H7L_Y_B0_NAND2BX0P5H7L_AN_13_Y_ICGX0P5H7L_E:E (ICGX0P5H7L)                                   |        | 0.001       | 0.000      | 0.044      |             | 0.000  | 1.047f          |
|                                                                                                                            |        |             |            |            |             |        |                 |
| clock (port)                                                                                                               |        | 0.676       | 0.000      | 0.000      |             | 0.000  | 0.000r          |
| clock (clock net)                                                                                                          | 825    |             |            |            | NA          |        |                 |
| pc_mod.pc_1__reg_p_D_AOI21X0P5H7L_Y_B0_NAND2BX0P5H7L_AN_13_Y_ICGX0P5H7L_E:CK (ICGX0P5H7L)                                  |        | 0.002       | 0.000      | 0.000      |             | 0.000  | 0.000r          |
| clock core_clock (rise edge)                                                                                               |        |             |            |            |             | 1.769  | 1.769           |
| clock network delay (ideal)                                                                                                |        |             |            |            |             | 0.000  | 1.769           |
| pc_mod.pc_1__reg_p_D_AOI21X0P5H7L_Y_B0_NAND2BX0P5H7L_AN_13_Y_ICGX0P5H7L_E:CK (ICGX0P5H7L)                                  |        |             |            |            |             |        | 1.769r          |
| library setup time                                                                                                         |        |             |            |            |             | -0.037 | 1.732           |
| clock reconvergence pessimism                                                                                              |        |             |            |            |             | 0.000  | 1.732           |
|                                                                                                                            |        |             |            |            |             |        |                 |
| path cell delay                                                                                                            |        |             |            |            |             |        | 1.047(100.000%) |
| path net delay                                                                                                             |        |             |            |            |             |        | 0.000(0.000%)   |
|                                                                                                                            |        |             |            |            |             |        |                 |
| data require time                                                                                                          |        |             |            |            |             |        | 1.732           |
| data arrival time                                                                                                          |        |             |            |            |             |        | 1.047           |
| slack (MET)                                                                                                                |        |             |            |            |             |        | 0.685           |
+----------------------------------------------------------------------------------------------------------------------------+--------+-------------+------------+------------+-------------+--------+-----------------+
+----------------------------------------------------------------------------------------------------------------+--------+-------------+------------+------------+-------------+--------+-----------------+
| Point                                                                                                          | Fanout | Capacitance | Resistance | Transition | Delta Delay | Incr   | Path            |
+----------------------------------------------------------------------------------------------------------------+--------+-------------+------------+------------+-------------+--------+-----------------+
| clock (port)                                                                                                   |        | 0.861       | 0.000      | 0.000      |             | 0.000  | 0.000r          |
| clock (clock net)                                                                                              | 825    |             |            |            | NA          |        |                 |
| pc_mod.pc_5__reg_p:CK (DFFQX1H7L)                                                                              |        | 0.001       | 0.000      | 0.000      |             | 0.000  | 0.000r          |
| clock core_clock (rise edge)                                                                                   |        |             |            |            |             | 0      | 0               |
| clock network delay (ideal)                                                                                    |        |             |            |            |             | 0.000  | 0.000           |
| pc_mod.pc_5__reg_p:CK (DFFQX1H7L)                                                                              |        | 0.001       | 0.000      | 0.000      |             | 0.000  | 0.000r          |
| pc_mod.pc_5__reg_p:Q (DFFQX1H7L)                                                                               |        | 0.002       | 0.000      | 0.030      |             | 0.088  | 0.088r          |
| pc_mod.pc_5_ (net)                                                                                             | 2      |             |            |            | 0.000       |        |                 |
| pc_mod.pc_5__BUFX1P4H7L_A:A (BUFX1P4H7L)                                                                       |        | 0.001       | 0.000      | 0.030      |             | 0.000  | 0.088r          |
| pc_mod.pc_5__BUFX1P4H7L_A:Y (BUFX1P4H7L)                                                                       |        | 0.010       | 0.000      | 0.108      |             | 0.081  | 0.169r          |
| pc_mod.pc_5__BUFX1P4H7L_A_Y (net)                                                                              | 8      |             |            |            | 0.000       |        |                 |
| icache_mod.miss_addr_5__MUX2X1P4H7L_B:A (MUX2X1P4H7L)                                                          |        | 0.001       | 0.000      | 0.108      |             | 0.000  | 0.169r          |
| icache_mod.miss_addr_5__MUX2X1P4H7L_B:Y (MUX2X1P4H7L)                                                          |        | 0.002       | 0.000      | 0.038      |             | 0.067  | 0.236r          |
| icache_mod.miss_addr_5__MUX2X1P4H7L_B_Y (net)                                                                  | 1      |             |            |            | 0.000       |        |                 |
| icache_mod.miss_addr_5__MUX2X1P4H7L_B_Y_BUFX10H7L_A:A (BUFX10H7L)                                              |        | 0.002       | 0.000      | 0.038      |             | 0.000  | 0.236r          |
| icache_mod.miss_addr_5__MUX2X1P4H7L_B_Y_BUFX10H7L_A:Y (BUFX10H7L)                                              |        | 0.038       | 0.000      | 0.074      |             | 0.066  | 0.302r          |
| icache_mod.block_tag[0]_5__MUX2X0P5H7L_A_S0 (net)                                                              | 19     |             |            |            | 0.000       |        |                 |
| icache_mod.block_tag[0]_5__MUX2X0P5H7L_A_S0_BUFX10H7L_A:A (BUFX10H7L)                                          |        | 0.002       | 0.000      | 0.074      |             | 0.000  | 0.302r          |
| icache_mod.block_tag[0]_5__MUX2X0P5H7L_A_S0_BUFX10H7L_A:Y (BUFX10H7L)                                          |        | 0.028       | 0.000      | 0.058      |             | 0.063  | 0.365r          |
| icache_mod.block_tag[0]_8__MUX2X0P5H7L_A_S0 (net)                                                              | 24     |             |            |            | 0.000       |        |                 |
| icache_mod.block_tag[0]_22__MUX2X0P5H7L_A:S0 (MUX2X0P5H7L)                                                     |        | 0.002       | 0.000      | 0.058      |             | 0.000  | 0.365r          |
| icache_mod.block_tag[0]_22__MUX2X0P5H7L_A:Y (MUX2X0P5H7L)                                                      |        | 0.003       | 0.000      | 0.051      |             | 0.061  | 0.426r          |
| icache_mod.block_tag[0]_22__MUX2X0P5H7L_A_Y (net)                                                              | 3      |             |            |            | 0.000       |        |                 |
| icache_mod.block_tag[0]_12__MUX2X0P5H7L_A_Y_NAND2BX0P5H7L_B_Y_NAND3X0P5H7L_A_B_NAND2X0P5H7L_Y:B (NAND2X0P5H7L) |        | 0.001       | 0.000      | 0.051      |             | 0.000  | 0.426r          |
| icache_mod.block_tag[0]_12__MUX2X0P5H7L_A_Y_NAND2BX0P5H7L_B_Y_NAND3X0P5H7L_A_B_NAND2X0P5H7L_Y:Y (NAND2X0P5H7L) |        | 0.002       | 0.000      | 0.039      |             | 0.035  | 0.461f          |
| icache_mod.block_tag[0]_12__MUX2X0P5H7L_A_Y_NAND2BX0P5H7L_B_Y_NAND3X0P5H7L_A_B (net)                           | 2      |             |            |            | 0.000       |        |                 |
| icache_mod.block_tag[0]_4__MUX2X0P5H7L_A_Y_XOR2X0P5H7L_B_Y_NOR4BX0P5H7L_C_D_NAND2X0P5H7L_Y:A (NAND2X0P5H7L)    |        | 0.001       | 0.000      | 0.039      |             | 0.000  | 0.461f          |
| icache_mod.block_tag[0]_4__MUX2X0P5H7L_A_Y_XOR2X0P5H7L_B_Y_NOR4BX0P5H7L_C_D_NAND2X0P5H7L_Y:Y (NAND2X0P5H7L)    |        | 0.001       | 0.000      | 0.028      |             | 0.026  | 0.487r          |
| icache_mod.block_tag[0]_4__MUX2X0P5H7L_A_Y_XOR2X0P5H7L_B_Y_NOR4BX0P5H7L_C_D (net)                              | 1      |             |            |            | 0.000       |        |                 |
| icache_mod.block_tag[0]_4__MUX2X0P5H7L_A_Y_XOR2X0P5H7L_B_Y_NOR4BX0P5H7L_C:D (NOR4BX0P5H7L)                     |        | 0.001       | 0.000      | 0.028      |             | 0.000  | 0.487r          |
| icache_mod.block_tag[0]_4__MUX2X0P5H7L_A_Y_XOR2X0P5H7L_B_Y_NOR4BX0P5H7L_C:Y (NOR4BX0P5H7L)                     |        | 0.001       | 0.000      | 0.029      |             | 0.018  | 0.506f          |
| icache_mod.block_tag[0]_4__MUX2X0P5H7L_A_Y_XOR2X0P5H7L_B_Y_NOR4BX0P5H7L_C_Y (net)                              | 1      |             |            |            | 0.000       |        |                 |
| icache_mod.block_tag[0]_0__MUX2X0P5H7L_A_Y_XOR2X0P5H7L_B_Y_NOR4X0P5H7L_D_Y_NAND4X0P5H7L_B:C (NAND4X0P5H7L)     |        | 0.001       | 0.000      | 0.029      |             | 0.000  | 0.506f          |
| icache_mod.block_tag[0]_0__MUX2X0P5H7L_A_Y_XOR2X0P5H7L_B_Y_NOR4X0P5H7L_D_Y_NAND4X0P5H7L_B:Y (NAND4X0P5H7L)     |        | 0.001       | 0.000      | 0.037      |             | 0.029  | 0.535r          |
| icache_mod.block_tag[0]_17__MUX2X0P5H7L_A_Y_XOR2X0P5H7L_B_Y_NOR4X0P5H7L_C_D (net)                              | 1      |             |            |            | 0.000       |        |                 |
| icache_mod.block_tag[0]_17__MUX2X0P5H7L_A_Y_XOR2X0P5H7L_B_Y_NOR4X0P5H7L_C:D (NOR4X0P5H7L)                      |        | 0.001       | 0.000      | 0.037      |             | 0.000  | 0.535r          |
| icache_mod.block_tag[0]_17__MUX2X0P5H7L_A_Y_XOR2X0P5H7L_B_Y_NOR4X0P5H7L_C:Y (NOR4X0P5H7L)                      |        | 0.002       | 0.000      | 0.030      |             | 0.026  | 0.561f          |
| icache_mod.trans_reg_p_CK_ICGX0P5H7L_ECK_E_AOI211X0P5H7L_Y_C0 (net)                                            | 2      |             |            |            | 0.000       |        |                 |
| icache_mod.trans_reg_p_CK_ICGX0P5H7L_ECK_E_AOI211X0P5H7L_Y_C0_AOI2BB1X0P5H7L_B0:B0 (AOI2BB1X0P5H7L)            |        | 0.001       | 0.000      | 0.030      |             | 0.000  | 0.561f          |
| icache_mod.trans_reg_p_CK_ICGX0P5H7L_ECK_E_AOI211X0P5H7L_Y_C0_AOI2BB1X0P5H7L_B0:Y (AOI2BB1X0P5H7L)             |        | 0.003       | 0.000      | 0.113      |             | 0.076  | 0.637r          |
| io_master_rvalid_NAND4X0P5H7L_A_C (net)                                                                        | 4      |             |            |            | 0.000       |        |                 |
| io_master_rvalid_NAND4X0P5H7L_A:C (NAND4X0P5H7L)                                                               |        | 0.001       | 0.000      | 0.113      |             | 0.000  | 0.637r          |
| io_master_rvalid_NAND4X0P5H7L_A:Y (NAND4X0P5H7L)                                                               |        | 0.004       | 0.000      | 0.161      |             | 0.120  | 0.756f          |
| io_master_rvalid_NAND4X0P5H7L_A_Y (net)                                                                        | 5      |             |            |            | 0.000       |        |                 |
| icache_mod.fill_count_0__NOR2BX1P4H7L_AN:B (NOR2BX1P4H7L)                                                      |        | 0.001       | 0.000      | 0.161      |             | 0.000  | 0.756f          |
| icache_mod.fill_count_0__NOR2BX1P4H7L_AN:Z (NOR2BX1P4H7L)                                                      |        | 0.004       | 0.000      | 0.117      |             | 0.102  | 0.858r          |
| icache_mod.fill_count_1__reg_p_D_NOR2X0P5H7L_Y_B_XNOR2X0P5H7L_Y_B (net)                                        | 5      |             |            |            | 0.000       |        |                 |
| icache_mod.fill_count_1__NAND3X0P5H7L_B:C (NAND3X0P5H7L)                                                       |        | 0.001       | 0.000      | 0.117      |             | 0.000  | 0.858r          |
| icache_mod.fill_count_1__NAND3X0P5H7L_B:Y (NAND3X0P5H7L)                                                       |        | 0.004       | 0.000      | 0.118      |             | 0.092  | 0.949f          |
| icache_mod.block_valid[0]_reg_p_D_OAOI211X0P5H7L_Y_A1 (net)                                                    | 5      |             |            |            | 0.000       |        |                 |
| icache_mod.block_valid[0]_reg_p_D_OAOI211X0P5H7L_Y_A1_NOR3X0P5H7L_C:C (NOR3X0P5H7L)                            |        | 0.001       | 0.000      | 0.118      |             | 0.000  | 0.949f          |
| icache_mod.block_valid[0]_reg_p_D_OAOI211X0P5H7L_Y_A1_NOR3X0P5H7L_C:Y (NOR3X0P5H7L)                            |        | 0.001       | 0.000      | 0.083      |             | 0.074  | 1.024r          |
| icache_mod.block_valid[0]_reg_p_D_OAOI211X0P5H7L_Y_A1_NOR3X0P5H7L_C_Y (net)                                    | 1      |             |            |            | 0.000       |        |                 |
| icache_mod.block_valid[0]_reg_p_D_OAOI211X0P5H7L_Y_A1_NOR3X0P5H7L_C_Y_ICGX0P5H7L_E:E (ICGX0P5H7L)              |        | 0.001       | 0.000      | 0.083      |             | 0.000  | 1.024r          |
|                                                                                                                |        |             |            |            |             |        |                 |
| clock (port)                                                                                                   |        | 0.676       | 0.000      | 0.000      |             | 0.000  | 0.000r          |
| clock (clock net)                                                                                              | 825    |             |            |            | NA          |        |                 |
| icache_mod.block_valid[0]_reg_p_D_OAOI211X0P5H7L_Y_A1_NOR3X0P5H7L_C_Y_ICGX0P5H7L_E:CK (ICGX0P5H7L)             |        | 0.002       | 0.000      | 0.000      |             | 0.000  | 0.000r          |
| clock core_clock (rise edge)                                                                                   |        |             |            |            |             | 1.769  | 1.769           |
| clock network delay (ideal)                                                                                    |        |             |            |            |             | 0.000  | 1.769           |
| icache_mod.block_valid[0]_reg_p_D_OAOI211X0P5H7L_Y_A1_NOR3X0P5H7L_C_Y_ICGX0P5H7L_E:CK (ICGX0P5H7L)             |        |             |            |            |             |        | 1.769r          |
| library setup time                                                                                             |        |             |            |            |             | -0.061 | 1.708           |
| clock reconvergence pessimism                                                                                  |        |             |            |            |             | 0.000  | 1.708           |
|                                                                                                                |        |             |            |            |             |        |                 |
| path cell delay                                                                                                |        |             |            |            |             |        | 1.024(100.000%) |
| path net delay                                                                                                 |        |             |            |            |             |        | 0.000(0.000%)   |
|                                                                                                                |        |             |            |            |             |        |                 |
| data require time                                                                                              |        |             |            |            |             |        | 1.708           |
| data arrival time                                                                                              |        |             |            |            |             |        | 1.024           |
| slack (MET)                                                                                                    |        |             |            |            |             |        | 0.685           |
+----------------------------------------------------------------------------------------------------------------+--------+-------------+------------+------------+-------------+--------+-----------------+
+----------------------------------------------------------------------------------------------------------------+--------+-------------+------------+------------+-------------+--------+-----------------+
| Point                                                                                                          | Fanout | Capacitance | Resistance | Transition | Delta Delay | Incr   | Path            |
+----------------------------------------------------------------------------------------------------------------+--------+-------------+------------+------------+-------------+--------+-----------------+
| clock (port)                                                                                                   |        | 0.861       | 0.000      | 0.000      |             | 0.000  | 0.000r          |
| clock (clock net)                                                                                              | 825    |             |            |            | NA          |        |                 |
| pc_mod.pc_5__reg_p:CK (DFFQX1H7L)                                                                              |        | 0.001       | 0.000      | 0.000      |             | 0.000  | 0.000r          |
| clock core_clock (rise edge)                                                                                   |        |             |            |            |             | 0      | 0               |
| clock network delay (ideal)                                                                                    |        |             |            |            |             | 0.000  | 0.000           |
| pc_mod.pc_5__reg_p:CK (DFFQX1H7L)                                                                              |        | 0.001       | 0.000      | 0.000      |             | 0.000  | 0.000r          |
| pc_mod.pc_5__reg_p:Q (DFFQX1H7L)                                                                               |        | 0.002       | 0.000      | 0.030      |             | 0.088  | 0.088r          |
| pc_mod.pc_5_ (net)                                                                                             | 2      |             |            |            | 0.000       |        |                 |
| pc_mod.pc_5__BUFX1P4H7L_A:A (BUFX1P4H7L)                                                                       |        | 0.001       | 0.000      | 0.030      |             | 0.000  | 0.088r          |
| pc_mod.pc_5__BUFX1P4H7L_A:Y (BUFX1P4H7L)                                                                       |        | 0.010       | 0.000      | 0.108      |             | 0.081  | 0.169r          |
| pc_mod.pc_5__BUFX1P4H7L_A_Y (net)                                                                              | 8      |             |            |            | 0.000       |        |                 |
| icache_mod.miss_addr_5__MUX2X1P4H7L_B:A (MUX2X1P4H7L)                                                          |        | 0.001       | 0.000      | 0.108      |             | 0.000  | 0.169r          |
| icache_mod.miss_addr_5__MUX2X1P4H7L_B:Y (MUX2X1P4H7L)                                                          |        | 0.002       | 0.000      | 0.038      |             | 0.067  | 0.236r          |
| icache_mod.miss_addr_5__MUX2X1P4H7L_B_Y (net)                                                                  | 1      |             |            |            | 0.000       |        |                 |
| icache_mod.miss_addr_5__MUX2X1P4H7L_B_Y_BUFX10H7L_A:A (BUFX10H7L)                                              |        | 0.002       | 0.000      | 0.038      |             | 0.000  | 0.236r          |
| icache_mod.miss_addr_5__MUX2X1P4H7L_B_Y_BUFX10H7L_A:Y (BUFX10H7L)                                              |        | 0.038       | 0.000      | 0.074      |             | 0.066  | 0.302r          |
| icache_mod.block_tag[0]_5__MUX2X0P5H7L_A_S0 (net)                                                              | 19     |             |            |            | 0.000       |        |                 |
| icache_mod.block_tag[0]_5__MUX2X0P5H7L_A_S0_BUFX10H7L_A:A (BUFX10H7L)                                          |        | 0.002       | 0.000      | 0.074      |             | 0.000  | 0.302r          |
| icache_mod.block_tag[0]_5__MUX2X0P5H7L_A_S0_BUFX10H7L_A:Y (BUFX10H7L)                                          |        | 0.028       | 0.000      | 0.058      |             | 0.063  | 0.365r          |
| icache_mod.block_tag[0]_8__MUX2X0P5H7L_A_S0 (net)                                                              | 24     |             |            |            | 0.000       |        |                 |
| icache_mod.block_tag[0]_22__MUX2X0P5H7L_A:S0 (MUX2X0P5H7L)                                                     |        | 0.002       | 0.000      | 0.058      |             | 0.000  | 0.365r          |
| icache_mod.block_tag[0]_22__MUX2X0P5H7L_A:Y (MUX2X0P5H7L)                                                      |        | 0.003       | 0.000      | 0.051      |             | 0.061  | 0.426r          |
| icache_mod.block_tag[0]_22__MUX2X0P5H7L_A_Y (net)                                                              | 3      |             |            |            | 0.000       |        |                 |
| icache_mod.block_tag[0]_12__MUX2X0P5H7L_A_Y_NAND2BX0P5H7L_B_Y_NAND3X0P5H7L_A_B_NAND2X0P5H7L_Y:B (NAND2X0P5H7L) |        | 0.001       | 0.000      | 0.051      |             | 0.000  | 0.426r          |
| icache_mod.block_tag[0]_12__MUX2X0P5H7L_A_Y_NAND2BX0P5H7L_B_Y_NAND3X0P5H7L_A_B_NAND2X0P5H7L_Y:Y (NAND2X0P5H7L) |        | 0.002       | 0.000      | 0.039      |             | 0.035  | 0.461f          |
| icache_mod.block_tag[0]_12__MUX2X0P5H7L_A_Y_NAND2BX0P5H7L_B_Y_NAND3X0P5H7L_A_B (net)                           | 2      |             |            |            | 0.000       |        |                 |
| icache_mod.block_tag[0]_4__MUX2X0P5H7L_A_Y_XOR2X0P5H7L_B_Y_NOR4BX0P5H7L_C_D_NAND2X0P5H7L_Y:A (NAND2X0P5H7L)    |        | 0.001       | 0.000      | 0.039      |             | 0.000  | 0.461f          |
| icache_mod.block_tag[0]_4__MUX2X0P5H7L_A_Y_XOR2X0P5H7L_B_Y_NOR4BX0P5H7L_C_D_NAND2X0P5H7L_Y:Y (NAND2X0P5H7L)    |        | 0.001       | 0.000      | 0.028      |             | 0.026  | 0.487r          |
| icache_mod.block_tag[0]_4__MUX2X0P5H7L_A_Y_XOR2X0P5H7L_B_Y_NOR4BX0P5H7L_C_D (net)                              | 1      |             |            |            | 0.000       |        |                 |
| icache_mod.block_tag[0]_4__MUX2X0P5H7L_A_Y_XOR2X0P5H7L_B_Y_NOR4BX0P5H7L_C:D (NOR4BX0P5H7L)                     |        | 0.001       | 0.000      | 0.028      |             | 0.000  | 0.487r          |
| icache_mod.block_tag[0]_4__MUX2X0P5H7L_A_Y_XOR2X0P5H7L_B_Y_NOR4BX0P5H7L_C:Y (NOR4BX0P5H7L)                     |        | 0.001       | 0.000      | 0.029      |             | 0.018  | 0.506f          |
| icache_mod.block_tag[0]_4__MUX2X0P5H7L_A_Y_XOR2X0P5H7L_B_Y_NOR4BX0P5H7L_C_Y (net)                              | 1      |             |            |            | 0.000       |        |                 |
| icache_mod.block_tag[0]_0__MUX2X0P5H7L_A_Y_XOR2X0P5H7L_B_Y_NOR4X0P5H7L_D_Y_NAND4X0P5H7L_B:C (NAND4X0P5H7L)     |        | 0.001       | 0.000      | 0.029      |             | 0.000  | 0.506f          |
| icache_mod.block_tag[0]_0__MUX2X0P5H7L_A_Y_XOR2X0P5H7L_B_Y_NOR4X0P5H7L_D_Y_NAND4X0P5H7L_B:Y (NAND4X0P5H7L)     |        | 0.001       | 0.000      | 0.037      |             | 0.029  | 0.535r          |
| icache_mod.block_tag[0]_17__MUX2X0P5H7L_A_Y_XOR2X0P5H7L_B_Y_NOR4X0P5H7L_C_D (net)                              | 1      |             |            |            | 0.000       |        |                 |
| icache_mod.block_tag[0]_17__MUX2X0P5H7L_A_Y_XOR2X0P5H7L_B_Y_NOR4X0P5H7L_C:D (NOR4X0P5H7L)                      |        | 0.001       | 0.000      | 0.037      |             | 0.000  | 0.535r          |
| icache_mod.block_tag[0]_17__MUX2X0P5H7L_A_Y_XOR2X0P5H7L_B_Y_NOR4X0P5H7L_C:Y (NOR4X0P5H7L)                      |        | 0.002       | 0.000      | 0.030      |             | 0.026  | 0.561f          |
| icache_mod.trans_reg_p_CK_ICGX0P5H7L_ECK_E_AOI211X0P5H7L_Y_C0 (net)                                            | 2      |             |            |            | 0.000       |        |                 |
| icache_mod.trans_reg_p_CK_ICGX0P5H7L_ECK_E_AOI211X0P5H7L_Y_C0_AOI2BB1X0P5H7L_B0:B0 (AOI2BB1X0P5H7L)            |        | 0.001       | 0.000      | 0.030      |             | 0.000  | 0.561f          |
| icache_mod.trans_reg_p_CK_ICGX0P5H7L_ECK_E_AOI211X0P5H7L_Y_C0_AOI2BB1X0P5H7L_B0:Y (AOI2BB1X0P5H7L)             |        | 0.003       | 0.000      | 0.113      |             | 0.076  | 0.637r          |
| io_master_rvalid_NAND4X0P5H7L_A_C (net)                                                                        | 4      |             |            |            | 0.000       |        |                 |
| io_master_rvalid_NAND4X0P5H7L_A:C (NAND4X0P5H7L)                                                               |        | 0.001       | 0.000      | 0.113      |             | 0.000  | 0.637r          |
| io_master_rvalid_NAND4X0P5H7L_A:Y (NAND4X0P5H7L)                                                               |        | 0.004       | 0.000      | 0.161      |             | 0.120  | 0.756f          |
| io_master_rvalid_NAND4X0P5H7L_A_Y (net)                                                                        | 5      |             |            |            | 0.000       |        |                 |
| icache_mod.fill_count_0__NOR2BX1P4H7L_AN:B (NOR2BX1P4H7L)                                                      |        | 0.001       | 0.000      | 0.161      |             | 0.000  | 0.756f          |
| icache_mod.fill_count_0__NOR2BX1P4H7L_AN:Z (NOR2BX1P4H7L)                                                      |        | 0.004       | 0.000      | 0.117      |             | 0.102  | 0.858r          |
| icache_mod.fill_count_1__reg_p_D_NOR2X0P5H7L_Y_B_XNOR2X0P5H7L_Y_B (net)                                        | 5      |             |            |            | 0.000       |        |                 |
| icache_mod.fill_count_1__NAND3X0P5H7L_B:C (NAND3X0P5H7L)                                                       |        | 0.001       | 0.000      | 0.117      |             | 0.000  | 0.858r          |
| icache_mod.fill_count_1__NAND3X0P5H7L_B:Y (NAND3X0P5H7L)                                                       |        | 0.004       | 0.000      | 0.118      |             | 0.092  | 0.949f          |
| icache_mod.block_valid[0]_reg_p_D_OAOI211X0P5H7L_Y_A1 (net)                                                    | 5      |             |            |            | 0.000       |        |                 |
| icache_mod.block_valid[0]_reg_p_D_OAOI211X0P5H7L_Y_A1_NOR3X0P5H7L_C_1:C (NOR3X0P5H7L)                          |        | 0.001       | 0.000      | 0.118      |             | 0.000  | 0.949f          |
| icache_mod.block_valid[0]_reg_p_D_OAOI211X0P5H7L_Y_A1_NOR3X0P5H7L_C_1:Y (NOR3X0P5H7L)                          |        | 0.001       | 0.000      | 0.083      |             | 0.074  | 1.024r          |
| icache_mod.block_valid[0]_reg_p_D_OAOI211X0P5H7L_Y_A1_NOR3X0P5H7L_C_1_Y (net)                                  | 1      |             |            |            | 0.000       |        |                 |
| icache_mod.block_valid[0]_reg_p_D_OAOI211X0P5H7L_Y_A1_NOR3X0P5H7L_C_1_Y_ICGX0P5H7L_E:E (ICGX0P5H7L)            |        | 0.001       | 0.000      | 0.083      |             | 0.000  | 1.024r          |
|                                                                                                                |        |             |            |            |             |        |                 |
| clock (port)                                                                                                   |        | 0.676       | 0.000      | 0.000      |             | 0.000  | 0.000r          |
| clock (clock net)                                                                                              | 825    |             |            |            | NA          |        |                 |
| icache_mod.block_valid[0]_reg_p_D_OAOI211X0P5H7L_Y_A1_NOR3X0P5H7L_C_1_Y_ICGX0P5H7L_E:CK (ICGX0P5H7L)           |        | 0.002       | 0.000      | 0.000      |             | 0.000  | 0.000r          |
| clock core_clock (rise edge)                                                                                   |        |             |            |            |             | 1.769  | 1.769           |
| clock network delay (ideal)                                                                                    |        |             |            |            |             | 0.000  | 1.769           |
| icache_mod.block_valid[0]_reg_p_D_OAOI211X0P5H7L_Y_A1_NOR3X0P5H7L_C_1_Y_ICGX0P5H7L_E:CK (ICGX0P5H7L)           |        |             |            |            |             |        | 1.769r          |
| library setup time                                                                                             |        |             |            |            |             | -0.061 | 1.708           |
| clock reconvergence pessimism                                                                                  |        |             |            |            |             | 0.000  | 1.708           |
|                                                                                                                |        |             |            |            |             |        |                 |
| path cell delay                                                                                                |        |             |            |            |             |        | 1.024(100.000%) |
| path net delay                                                                                                 |        |             |            |            |             |        | 0.000(0.000%)   |
|                                                                                                                |        |             |            |            |             |        |                 |
| data require time                                                                                              |        |             |            |            |             |        | 1.708           |
| data arrival time                                                                                              |        |             |            |            |             |        | 1.024           |
| slack (MET)                                                                                                    |        |             |            |            |             |        | 0.685           |
+----------------------------------------------------------------------------------------------------------------+--------+-------------+------------+------------+-------------+--------+-----------------+
+------------------------------------------------------------------------------------------------+--------+-------------+------------+------------+-------------+--------+-----------------+
| Point                                                                                          | Fanout | Capacitance | Resistance | Transition | Delta Delay | Incr   | Path            |
+------------------------------------------------------------------------------------------------+--------+-------------+------------+------------+-------------+--------+-----------------+
| clock (port)                                                                                   |        | 0.676       | 0.000      | 0.000      |             | 0.000  | 0.000r          |
| clock (clock net)                                                                              | 825    |             |            |            | NA          |        |                 |
| pc_mod.pc_5__reg_p:CK (DFFQX1H7L)                                                              |        | 0.001       | 0.000      | 0.000      |             | 0.000  | 0.000r          |
| clock core_clock (rise edge)                                                                   |        |             |            |            |             | 0      | 0               |
| clock network delay (ideal)                                                                    |        |             |            |            |             | 0.000  | 0.000           |
| pc_mod.pc_5__reg_p:CK (DFFQX1H7L)                                                              |        | 0.001       | 0.000      | 0.000      |             | 0.000  | 0.000r          |
| pc_mod.pc_5__reg_p:Q (DFFQX1H7L)                                                               |        | 0.001       | 0.000      | 0.027      |             | 0.064  | 0.064f          |
| pc_mod.pc_5_ (net)                                                                             | 2      |             |            |            | 0.000       |        |                 |
| icache_mod.miss_addr_5__reg_p:D (DFFQX1H7L)                                                    |        | 0.001       | 0.000      | 0.027      |             | 0.000  | 0.064f          |
|                                                                                                |        |             |            |            |             |        |                 |
| clock (port)                                                                                   |        | 0.861       | 0.000      | 0.000      |             | 0.000  | 0.000r          |
| clock (clock net)                                                                              | 825    |             |            |            | NA          |        |                 |
| arbiter_mod.read_busy_reg_p_D_AOI211X0P5H7L_Y_A0_NOR2X0P5H7L_B_Y_ICGX0P5H7L_E:CK (ICGX0P5H7L)  |        | 0.002       | 0.000      | 0.000      |             | 0.000  | 0.000r          |
| arbiter_mod.read_busy_reg_p_D_AOI211X0P5H7L_Y_A0_NOR2X0P5H7L_B_Y_ICGX0P5H7L_E:ECK (ICGX0P5H7L) |        | 0.031       | 0.000      | 0.000      |             | 0.000  | 0.000r          |
| icache_mod.burst_reg_reg_p_CK (clock net)                                                      | 31     |             |            |            | NA          |        |                 |
| icache_mod.miss_addr_5__reg_p:CK (DFFQX1H7L)                                                   |        | 0.001       | 0.000      | 0.000      |             | 0.000  | 0.000r          |
| clock core_clock (rise edge)                                                                   |        |             |            |            |             | 0      | 0               |
| clock network delay (ideal)                                                                    |        |             |            |            |             | 0.000  | 0.000           |
| icache_mod.miss_addr_5__reg_p:CK (DFFQX1H7L)                                                   |        |             |            |            |             |        | 0.000r          |
| library hold time                                                                              |        |             |            |            |             | -0.008 | -0.008          |
| clock reconvergence pessimism                                                                  |        |             |            |            |             | -0.000 | -0.008          |
|                                                                                                |        |             |            |            |             |        |                 |
| path cell delay                                                                                |        |             |            |            |             |        | 0.064(100.000%) |
| path net delay                                                                                 |        |             |            |            |             |        | 0.000(0.000%)   |
|                                                                                                |        |             |            |            |             |        |                 |
| data require time                                                                              |        |             |            |            |             |        | -0.008          |
| data arrival time                                                                              |        |             |            |            |             |        | 0.064           |
| slack (MET)                                                                                    |        |             |            |            |             |        | 0.072           |
+------------------------------------------------------------------------------------------------+--------+-------------+------------+------------+-------------+--------+-----------------+
+------------------------------------------------------------------------------------------------+--------+-------------+------------+------------+-------------+--------+-----------------+
| Point                                                                                          | Fanout | Capacitance | Resistance | Transition | Delta Delay | Incr   | Path            |
+------------------------------------------------------------------------------------------------+--------+-------------+------------+------------+-------------+--------+-----------------+
| clock (port)                                                                                   |        | 0.676       | 0.000      | 0.000      |             | 0.000  | 0.000r          |
| clock (clock net)                                                                              | 825    |             |            |            | NA          |        |                 |
| pc_mod.pc_28__reg_p:CK (DFFQX1H7L)                                                             |        | 0.001       | 0.000      | 0.000      |             | 0.000  | 0.000r          |
| clock core_clock (rise edge)                                                                   |        |             |            |            |             | 0      | 0               |
| clock network delay (ideal)                                                                    |        |             |            |            |             | 0.000  | 0.000           |
| pc_mod.pc_28__reg_p:CK (DFFQX1H7L)                                                             |        | 0.001       | 0.000      | 0.000      |             | 0.000  | 0.000r          |
| pc_mod.pc_28__reg_p:Q (DFFQX1H7L)                                                              |        | 0.004       | 0.000      | 0.043      |             | 0.080  | 0.080f          |
| pc_mod.pc_28_ (net)                                                                            | 6      |             |            |            | 0.000       |        |                 |
| icache_mod.miss_addr_28__reg_p:D (DFFQX1H7L)                                                   |        | 0.001       | 0.000      | 0.043      |             | 0.000  | 0.080f          |
|                                                                                                |        |             |            |            |             |        |                 |
| clock (port)                                                                                   |        | 0.861       | 0.000      | 0.000      |             | 0.000  | 0.000r          |
| clock (clock net)                                                                              | 825    |             |            |            | NA          |        |                 |
| arbiter_mod.read_busy_reg_p_D_AOI211X0P5H7L_Y_A0_NOR2X0P5H7L_B_Y_ICGX0P5H7L_E:CK (ICGX0P5H7L)  |        | 0.002       | 0.000      | 0.000      |             | 0.000  | 0.000r          |
| arbiter_mod.read_busy_reg_p_D_AOI211X0P5H7L_Y_A0_NOR2X0P5H7L_B_Y_ICGX0P5H7L_E:ECK (ICGX0P5H7L) |        | 0.031       | 0.000      | 0.000      |             | 0.000  | 0.000r          |
| icache_mod.burst_reg_reg_p_CK (clock net)                                                      | 31     |             |            |            | NA          |        |                 |
| icache_mod.miss_addr_28__reg_p:CK (DFFQX1H7L)                                                  |        | 0.001       | 0.000      | 0.000      |             | 0.000  | 0.000r          |
| clock core_clock (rise edge)                                                                   |        |             |            |            |             | 0      | 0               |
| clock network delay (ideal)                                                                    |        |             |            |            |             | 0.000  | 0.000           |
| icache_mod.miss_addr_28__reg_p:CK (DFFQX1H7L)                                                  |        |             |            |            |             |        | 0.000r          |
| library hold time                                                                              |        |             |            |            |             | -0.012 | -0.012          |
| clock reconvergence pessimism                                                                  |        |             |            |            |             | -0.000 | -0.012          |
|                                                                                                |        |             |            |            |             |        |                 |
| path cell delay                                                                                |        |             |            |            |             |        | 0.080(100.000%) |
| path net delay                                                                                 |        |             |            |            |             |        | 0.000(0.000%)   |
|                                                                                                |        |             |            |            |             |        |                 |
| data require time                                                                              |        |             |            |            |             |        | -0.012          |
| data arrival time                                                                              |        |             |            |            |             |        | 0.080           |
| slack (MET)                                                                                    |        |             |            |            |             |        | 0.092           |
+------------------------------------------------------------------------------------------------+--------+-------------+------------+------------+-------------+--------+-----------------+
+------------------------------------------------------------------------------------------------+--------+-------------+------------+------------+-------------+--------+-----------------+
| Point                                                                                          | Fanout | Capacitance | Resistance | Transition | Delta Delay | Incr   | Path            |
+------------------------------------------------------------------------------------------------+--------+-------------+------------+------------+-------------+--------+-----------------+
| clock (port)                                                                                   |        | 0.676       | 0.000      | 0.000      |             | 0.000  | 0.000r          |
| clock (clock net)                                                                              | 825    |             |            |            | NA          |        |                 |
| pc_mod.pc_13__reg_p:CK (DFFQX1H7L)                                                             |        | 0.001       | 0.000      | 0.000      |             | 0.000  | 0.000r          |
| clock core_clock (rise edge)                                                                   |        |             |            |            |             | 0      | 0               |
| clock network delay (ideal)                                                                    |        |             |            |            |             | 0.000  | 0.000           |
| pc_mod.pc_13__reg_p:CK (DFFQX1H7L)                                                             |        | 0.001       | 0.000      | 0.000      |             | 0.000  | 0.000r          |
| pc_mod.pc_13__reg_p:Q (DFFQX1H7L)                                                              |        | 0.005       | 0.000      | 0.046      |             | 0.082  | 0.082f          |
| pc_mod.pc_13_ (net)                                                                            | 6      |             |            |            | 0.000       |        |                 |
| icache_mod.miss_addr_13__reg_p:D (DFFQX1H7L)                                                   |        | 0.001       | 0.000      | 0.046      |             | 0.000  | 0.082f          |
|                                                                                                |        |             |            |            |             |        |                 |
| clock (port)                                                                                   |        | 0.861       | 0.000      | 0.000      |             | 0.000  | 0.000r          |
| clock (clock net)                                                                              | 825    |             |            |            | NA          |        |                 |
| arbiter_mod.read_busy_reg_p_D_AOI211X0P5H7L_Y_A0_NOR2X0P5H7L_B_Y_ICGX0P5H7L_E:CK (ICGX0P5H7L)  |        | 0.002       | 0.000      | 0.000      |             | 0.000  | 0.000r          |
| arbiter_mod.read_busy_reg_p_D_AOI211X0P5H7L_Y_A0_NOR2X0P5H7L_B_Y_ICGX0P5H7L_E:ECK (ICGX0P5H7L) |        | 0.031       | 0.000      | 0.000      |             | 0.000  | 0.000r          |
| icache_mod.burst_reg_reg_p_CK (clock net)                                                      | 31     |             |            |            | NA          |        |                 |
| icache_mod.miss_addr_13__reg_p:CK (DFFQX1H7L)                                                  |        | 0.001       | 0.000      | 0.000      |             | 0.000  | 0.000r          |
| clock core_clock (rise edge)                                                                   |        |             |            |            |             | 0      | 0               |
| clock network delay (ideal)                                                                    |        |             |            |            |             | 0.000  | 0.000           |
| icache_mod.miss_addr_13__reg_p:CK (DFFQX1H7L)                                                  |        |             |            |            |             |        | 0.000r          |
| library hold time                                                                              |        |             |            |            |             | -0.013 | -0.013          |
| clock reconvergence pessimism                                                                  |        |             |            |            |             | -0.000 | -0.013          |
|                                                                                                |        |             |            |            |             |        |                 |
| path cell delay                                                                                |        |             |            |            |             |        | 0.082(100.000%) |
| path net delay                                                                                 |        |             |            |            |             |        | 0.000(0.000%)   |
|                                                                                                |        |             |            |            |             |        |                 |
| data require time                                                                              |        |             |            |            |             |        | -0.013          |
| data arrival time                                                                              |        |             |            |            |             |        | 0.082           |
| slack (MET)                                                                                    |        |             |            |            |             |        | 0.095           |
+------------------------------------------------------------------------------------------------+--------+-------------+------------+------------+-------------+--------+-----------------+
+------------------------------------------------------------------------------------------------+--------+-------------+------------+------------+-------------+--------+-----------------+
| Point                                                                                          | Fanout | Capacitance | Resistance | Transition | Delta Delay | Incr   | Path            |
+------------------------------------------------------------------------------------------------+--------+-------------+------------+------------+-------------+--------+-----------------+
| clock (port)                                                                                   |        | 0.676       | 0.000      | 0.000      |             | 0.000  | 0.000r          |
| clock (clock net)                                                                              | 825    |             |            |            | NA          |        |                 |
| pc_mod.pc_31__reg_p:CK (DFFQX1H7L)                                                             |        | 0.001       | 0.000      | 0.000      |             | 0.000  | 0.000r          |
| clock core_clock (rise edge)                                                                   |        |             |            |            |             | 0      | 0               |
| clock network delay (ideal)                                                                    |        |             |            |            |             | 0.000  | 0.000           |
| pc_mod.pc_31__reg_p:CK (DFFQX1H7L)                                                             |        | 0.001       | 0.000      | 0.000      |             | 0.000  | 0.000r          |
| pc_mod.pc_31__reg_p:Q (DFFQX1H7L)                                                              |        | 0.005       | 0.000      | 0.046      |             | 0.082  | 0.082f          |
| pc_mod.pc_31_ (net)                                                                            | 6      |             |            |            | 0.000       |        |                 |
| icache_mod.miss_addr_31__reg_p:D (DFFQX1H7L)                                                   |        | 0.001       | 0.000      | 0.046      |             | 0.000  | 0.082f          |
|                                                                                                |        |             |            |            |             |        |                 |
| clock (port)                                                                                   |        | 0.861       | 0.000      | 0.000      |             | 0.000  | 0.000r          |
| clock (clock net)                                                                              | 825    |             |            |            | NA          |        |                 |
| arbiter_mod.read_busy_reg_p_D_AOI211X0P5H7L_Y_A0_NOR2X0P5H7L_B_Y_ICGX0P5H7L_E:CK (ICGX0P5H7L)  |        | 0.002       | 0.000      | 0.000      |             | 0.000  | 0.000r          |
| arbiter_mod.read_busy_reg_p_D_AOI211X0P5H7L_Y_A0_NOR2X0P5H7L_B_Y_ICGX0P5H7L_E:ECK (ICGX0P5H7L) |        | 0.031       | 0.000      | 0.000      |             | 0.000  | 0.000r          |
| icache_mod.burst_reg_reg_p_CK (clock net)                                                      | 31     |             |            |            | NA          |        |                 |
| icache_mod.miss_addr_31__reg_p:CK (DFFQX1H7L)                                                  |        | 0.001       | 0.000      | 0.000      |             | 0.000  | 0.000r          |
| clock core_clock (rise edge)                                                                   |        |             |            |            |             | 0      | 0               |
| clock network delay (ideal)                                                                    |        |             |            |            |             | 0.000  | 0.000           |
| icache_mod.miss_addr_31__reg_p:CK (DFFQX1H7L)                                                  |        |             |            |            |             |        | 0.000r          |
| library hold time                                                                              |        |             |            |            |             | -0.013 | -0.013          |
| clock reconvergence pessimism                                                                  |        |             |            |            |             | -0.000 | -0.013          |
|                                                                                                |        |             |            |            |             |        |                 |
| path cell delay                                                                                |        |             |            |            |             |        | 0.082(100.000%) |
| path net delay                                                                                 |        |             |            |            |             |        | 0.000(0.000%)   |
|                                                                                                |        |             |            |            |             |        |                 |
| data require time                                                                              |        |             |            |            |             |        | -0.013          |
| data arrival time                                                                              |        |             |            |            |             |        | 0.082           |
| slack (MET)                                                                                    |        |             |            |            |             |        | 0.095           |
+------------------------------------------------------------------------------------------------+--------+-------------+------------+------------+-------------+--------+-----------------+
+------------------------------------------------------------------------------------------------+--------+-------------+------------+------------+-------------+--------+-----------------+
| Point                                                                                          | Fanout | Capacitance | Resistance | Transition | Delta Delay | Incr   | Path            |
+------------------------------------------------------------------------------------------------+--------+-------------+------------+------------+-------------+--------+-----------------+
| clock (port)                                                                                   |        | 0.676       | 0.000      | 0.000      |             | 0.000  | 0.000r          |
| clock (clock net)                                                                              | 825    |             |            |            | NA          |        |                 |
| pc_mod.pc_7__reg_p:CK (DFFQX1H7L)                                                              |        | 0.001       | 0.000      | 0.000      |             | 0.000  | 0.000r          |
| clock core_clock (rise edge)                                                                   |        |             |            |            |             | 0      | 0               |
| clock network delay (ideal)                                                                    |        |             |            |            |             | 0.000  | 0.000           |
| pc_mod.pc_7__reg_p:CK (DFFQX1H7L)                                                              |        | 0.001       | 0.000      | 0.000      |             | 0.000  | 0.000r          |
| pc_mod.pc_7__reg_p:Q (DFFQX1H7L)                                                               |        | 0.005       | 0.000      | 0.046      |             | 0.082  | 0.082f          |
| pc_mod.pc_7_ (net)                                                                             | 6      |             |            |            | 0.000       |        |                 |
| icache_mod.miss_addr_7__reg_p:D (DFFQX1H7L)                                                    |        | 0.001       | 0.000      | 0.046      |             | 0.000  | 0.082f          |
|                                                                                                |        |             |            |            |             |        |                 |
| clock (port)                                                                                   |        | 0.861       | 0.000      | 0.000      |             | 0.000  | 0.000r          |
| clock (clock net)                                                                              | 825    |             |            |            | NA          |        |                 |
| arbiter_mod.read_busy_reg_p_D_AOI211X0P5H7L_Y_A0_NOR2X0P5H7L_B_Y_ICGX0P5H7L_E:CK (ICGX0P5H7L)  |        | 0.002       | 0.000      | 0.000      |             | 0.000  | 0.000r          |
| arbiter_mod.read_busy_reg_p_D_AOI211X0P5H7L_Y_A0_NOR2X0P5H7L_B_Y_ICGX0P5H7L_E:ECK (ICGX0P5H7L) |        | 0.031       | 0.000      | 0.000      |             | 0.000  | 0.000r          |
| icache_mod.burst_reg_reg_p_CK (clock net)                                                      | 31     |             |            |            | NA          |        |                 |
| icache_mod.miss_addr_7__reg_p:CK (DFFQX1H7L)                                                   |        | 0.001       | 0.000      | 0.000      |             | 0.000  | 0.000r          |
| clock core_clock (rise edge)                                                                   |        |             |            |            |             | 0      | 0               |
| clock network delay (ideal)                                                                    |        |             |            |            |             | 0.000  | 0.000           |
| icache_mod.miss_addr_7__reg_p:CK (DFFQX1H7L)                                                   |        |             |            |            |             |        | 0.000r          |
| library hold time                                                                              |        |             |            |            |             | -0.013 | -0.013          |
| clock reconvergence pessimism                                                                  |        |             |            |            |             | -0.000 | -0.013          |
|                                                                                                |        |             |            |            |             |        |                 |
| path cell delay                                                                                |        |             |            |            |             |        | 0.082(100.000%) |
| path net delay                                                                                 |        |             |            |            |             |        | 0.000(0.000%)   |
|                                                                                                |        |             |            |            |             |        |                 |
| data require time                                                                              |        |             |            |            |             |        | -0.013          |
| data arrival time                                                                              |        |             |            |            |             |        | 0.082           |
| slack (MET)                                                                                    |        |             |            |            |             |        | 0.095           |
+------------------------------------------------------------------------------------------------+--------+-------------+------------+------------+-------------+--------+-----------------+
+-----------------------------------------------------------------------------------------------+--------+-------------+------------+------------+-------------+--------+-----------------+
| Point                                                                                         | Fanout | Capacitance | Resistance | Transition | Delta Delay | Incr   | Path            |
+-----------------------------------------------------------------------------------------------+--------+-------------+------------+------------+-------------+--------+-----------------+
| clock (port)                                                                                  |        | 0.676       | 0.000      | 0.000      |             | 0.000  | 0.000r          |
| clock (clock net)                                                                             | 825    |             |            |            | NA          |        |                 |
| icache_mod.state_0__reg_p:CK (DFFQX1H7L)                                                      |        | 0.001       | 0.000      | 0.000      |             | 0.000  | 0.000r          |
| clock core_clock (rise edge)                                                                  |        |             |            |            |             | 0      | 0               |
| clock network delay (ideal)                                                                   |        |             |            |            |             | 0.000  | 0.000           |
| icache_mod.state_0__reg_p:CK (DFFQX1H7L)                                                      |        | 0.001       | 0.000      | 0.000      |             | 0.000  | 0.000r          |
| icache_mod.state_0__reg_p:Q (DFFQX1H7L)                                                       |        | 0.003       | 0.000      | 0.035      |             | 0.072  | 0.072f          |
| icache_mod.state_0_ (net)                                                                     | 5      |             |            |            | 0.000       |        |                 |
| icache_mod.trans_reg_p_CK_ICGX0P5H7L_ECK_E_AOI211X0P5H7L_Y_A1_NAND2X0P5H7L_Y:A (NAND2X0P5H7L) |        | 0.001       | 0.000      | 0.035      |             | 0.000  | 0.072f          |
| icache_mod.trans_reg_p_CK_ICGX0P5H7L_ECK_E_AOI211X0P5H7L_Y_A1_NAND2X0P5H7L_Y:Y (NAND2X0P5H7L) |        | 0.001       | 0.000      | 0.022      |             | 0.023  | 0.096r          |
| icache_mod.trans_reg_p_CK_ICGX0P5H7L_ECK_E_AOI211X0P5H7L_Y_A1 (net)                           | 1      |             |            |            | 0.000       |        |                 |
| icache_mod.trans_reg_p_CK_ICGX0P5H7L_ECK_E_AOI211X0P5H7L_Y:A1 (AOI211X0P5H7L)                 |        | 0.001       | 0.000      | 0.022      |             | 0.000  | 0.096r          |
| icache_mod.trans_reg_p_CK_ICGX0P5H7L_ECK_E_AOI211X0P5H7L_Y:Y (AOI211X0P5H7L)                  |        | 0.001       | 0.000      | 0.016      |             | 0.028  | 0.124f          |
| icache_mod.trans_reg_p_CK_ICGX0P5H7L_ECK_E (net)                                              | 1      |             |            |            | 0.000       |        |                 |
| icache_mod.trans_reg_p_CK_ICGX0P5H7L_ECK:E (ICGX0P5H7L)                                       |        | 0.001       | 0.000      | 0.016      |             | 0.000  | 0.124f          |
|                                                                                               |        |             |            |            |             |        |                 |
| clock (port)                                                                                  |        | 0.861       | 0.000      | 0.000      |             | 0.000  | 0.000r          |
| clock (clock net)                                                                             | 825    |             |            |            | NA          |        |                 |
| icache_mod.trans_reg_p_CK_ICGX0P5H7L_ECK:CK (ICGX0P5H7L)                                      |        | 0.002       | 0.000      | 0.000      |             | 0.000  | 0.000r          |
| clock core_clock (rise edge)                                                                  |        |             |            |            |             | 0      | 0               |
| clock network delay (ideal)                                                                   |        |             |            |            |             | 0.000  | 0.000           |
| icache_mod.trans_reg_p_CK_ICGX0P5H7L_ECK:CK (ICGX0P5H7L)                                      |        |             |            |            |             |        | 0.000r          |
| library hold time                                                                             |        |             |            |            |             | -0.001 | -0.001          |
| clock reconvergence pessimism                                                                 |        |             |            |            |             | -0.000 | -0.001          |
|                                                                                               |        |             |            |            |             |        |                 |
| path cell delay                                                                               |        |             |            |            |             |        | 0.124(100.000%) |
| path net delay                                                                                |        |             |            |            |             |        | 0.000(0.000%)   |
|                                                                                               |        |             |            |            |             |        |                 |
| data require time                                                                             |        |             |            |            |             |        | -0.001          |
| data arrival time                                                                             |        |             |            |            |             |        | 0.124           |
| slack (MET)                                                                                   |        |             |            |            |             |        | 0.125           |
+-----------------------------------------------------------------------------------------------+--------+-------------+------------+------------+-------------+--------+-----------------+
+-----------------------------------------------------------------------------------------------+--------+-------------+------------+------------+-------------+--------+-----------------+
| Point                                                                                         | Fanout | Capacitance | Resistance | Transition | Delta Delay | Incr   | Path            |
+-----------------------------------------------------------------------------------------------+--------+-------------+------------+------------+-------------+--------+-----------------+
| clock (port)                                                                                  |        | 0.676       | 0.000      | 0.000      |             | 0.000  | 0.000r          |
| clock (clock net)                                                                             | 825    |             |            |            | NA          |        |                 |
| icache_mod.state_0__reg_p:CK (DFFQX1H7L)                                                      |        | 0.001       | 0.000      | 0.000      |             | 0.000  | 0.000r          |
| clock core_clock (rise edge)                                                                  |        |             |            |            |             | 0      | 0               |
| clock network delay (ideal)                                                                   |        |             |            |            |             | 0.000  | 0.000           |
| icache_mod.state_0__reg_p:CK (DFFQX1H7L)                                                      |        | 0.001       | 0.000      | 0.000      |             | 0.000  | 0.000r          |
| icache_mod.state_0__reg_p:Q (DFFQX1H7L)                                                       |        | 0.003       | 0.000      | 0.035      |             | 0.072  | 0.072f          |
| icache_mod.state_0_ (net)                                                                     | 5      |             |            |            | 0.000       |        |                 |
| arbiter_mod.read_busy_reg_p_D_AOI211X0P5H7L_Y_A0_NAND2X0P5H7L_Y:A (NAND2X0P5H7L)              |        | 0.001       | 0.000      | 0.035      |             | 0.000  | 0.072f          |
| arbiter_mod.read_busy_reg_p_D_AOI211X0P5H7L_Y_A0_NAND2X0P5H7L_Y:Y (NAND2X0P5H7L)              |        | 0.002       | 0.000      | 0.040      |             | 0.035  | 0.107r          |
| arbiter_mod.read_busy_reg_p_D_AOI211X0P5H7L_Y_A0 (net)                                        | 3      |             |            |            | 0.000       |        |                 |
| arbiter_mod.read_busy_reg_p_D_AOI211X0P5H7L_Y_A0_NOR2X0P5H7L_B:B (NOR2X0P5H7L)                |        | 0.001       | 0.000      | 0.040      |             | 0.000  | 0.107r          |
| arbiter_mod.read_busy_reg_p_D_AOI211X0P5H7L_Y_A0_NOR2X0P5H7L_B:Y (NOR2X0P5H7L)                |        | 0.001       | 0.000      | 0.019      |             | 0.017  | 0.124f          |
| arbiter_mod.read_busy_reg_p_D_AOI211X0P5H7L_Y_A0_NOR2X0P5H7L_B_Y (net)                        | 1      |             |            |            | 0.000       |        |                 |
| arbiter_mod.read_busy_reg_p_D_AOI211X0P5H7L_Y_A0_NOR2X0P5H7L_B_Y_ICGX0P5H7L_E:E (ICGX0P5H7L)  |        | 0.001       | 0.000      | 0.019      |             | 0.000  | 0.124f          |
|                                                                                               |        |             |            |            |             |        |                 |
| clock (port)                                                                                  |        | 0.861       | 0.000      | 0.000      |             | 0.000  | 0.000r          |
| clock (clock net)                                                                             | 825    |             |            |            | NA          |        |                 |
| arbiter_mod.read_busy_reg_p_D_AOI211X0P5H7L_Y_A0_NOR2X0P5H7L_B_Y_ICGX0P5H7L_E:CK (ICGX0P5H7L) |        | 0.002       | 0.000      | 0.000      |             | 0.000  | 0.000r          |
| clock core_clock (rise edge)                                                                  |        |             |            |            |             | 0      | 0               |
| clock network delay (ideal)                                                                   |        |             |            |            |             | 0.000  | 0.000           |
| arbiter_mod.read_busy_reg_p_D_AOI211X0P5H7L_Y_A0_NOR2X0P5H7L_B_Y_ICGX0P5H7L_E:CK (ICGX0P5H7L) |        |             |            |            |             |        | 0.000r          |
| library hold time                                                                             |        |             |            |            |             | -0.004 | -0.004          |
| clock reconvergence pessimism                                                                 |        |             |            |            |             | -0.000 | -0.004          |
|                                                                                               |        |             |            |            |             |        |                 |
| path cell delay                                                                               |        |             |            |            |             |        | 0.124(100.000%) |
| path net delay                                                                                |        |             |            |            |             |        | 0.000(0.000%)   |
|                                                                                               |        |             |            |            |             |        |                 |
| data require time                                                                             |        |             |            |            |             |        | -0.004          |
| data arrival time                                                                             |        |             |            |            |             |        | 0.124           |
| slack (MET)                                                                                   |        |             |            |            |             |        | 0.129           |
+-----------------------------------------------------------------------------------------------+--------+-------------+------------+------------+-------------+--------+-----------------+
+-------------------------------------------------------------+--------+-------------+------------+------------+-------------+--------+-----------------+
| Point                                                       | Fanout | Capacitance | Resistance | Transition | Delta Delay | Incr   | Path            |
+-------------------------------------------------------------+--------+-------------+------------+------------+-------------+--------+-----------------+
| clock (port)                                                |        | 0.676       | 0.000      | 0.000      |             | 0.000  | 0.000r          |
| clock (clock net)                                           | 825    |             |            |            | NA          |        |                 |
| lsu_mod.lsu_r_0__reg_p:CK (DFFQX1H7L)                       |        | 0.001       | 0.000      | 0.000      |             | 0.000  | 0.000r          |
| clock core_clock (rise edge)                                |        |             |            |            |             | 0      | 0               |
| clock network delay (ideal)                                 |        |             |            |            |             | 0.000  | 0.000           |
| lsu_mod.lsu_r_0__reg_p:CK (DFFQX1H7L)                       |        | 0.001       | 0.000      | 0.000      |             | 0.000  | 0.000r          |
| lsu_mod.lsu_r_0__reg_p:Q (DFFQX1H7L)                        |        | 0.002       | 0.000      | 0.030      |             | 0.067  | 0.067f          |
| lsu_mod.lsu_r_0_ (net)                                      | 3      |             |            |            | 0.000       |        |                 |
| lsu_mod.trans_r_reg_p_D_AOA211X1P4H7L_A1:A0 (AOA211X1P4H7L) |        | 0.001       | 0.000      | 0.030      |             | 0.000  | 0.067f          |
| lsu_mod.trans_r_reg_p_D_AOA211X1P4H7L_A1:Y (AOA211X1P4H7L)  |        | 0.001       | 0.000      | 0.013      |             | 0.065  | 0.132f          |
| lsu_mod.trans_r_reg_p_CK_ICGX0P5H7L_ECK_E (net)             | 1      |             |            |            | 0.000       |        |                 |
| lsu_mod.trans_r_reg_p_CK_ICGX0P5H7L_ECK:E (ICGX0P5H7L)      |        | 0.001       | 0.000      | 0.013      |             | 0.000  | 0.132f          |
|                                                             |        |             |            |            |             |        |                 |
| clock (port)                                                |        | 0.861       | 0.000      | 0.000      |             | 0.000  | 0.000r          |
| clock (clock net)                                           | 825    |             |            |            | NA          |        |                 |
| lsu_mod.trans_r_reg_p_CK_ICGX0P5H7L_ECK:CK (ICGX0P5H7L)     |        | 0.002       | 0.000      | 0.000      |             | 0.000  | 0.000r          |
| clock core_clock (rise edge)                                |        |             |            |            |             | 0      | 0               |
| clock network delay (ideal)                                 |        |             |            |            |             | 0.000  | 0.000           |
| lsu_mod.trans_r_reg_p_CK_ICGX0P5H7L_ECK:CK (ICGX0P5H7L)     |        |             |            |            |             |        | 0.000r          |
| library hold time                                           |        |             |            |            |             | 0.001  | 0.001           |
| clock reconvergence pessimism                               |        |             |            |            |             | -0.000 | 0.001           |
|                                                             |        |             |            |            |             |        |                 |
| path cell delay                                             |        |             |            |            |             |        | 0.132(100.000%) |
| path net delay                                              |        |             |            |            |             |        | 0.000(0.000%)   |
|                                                             |        |             |            |            |             |        |                 |
| data require time                                           |        |             |            |            |             |        | 0.001           |
| data arrival time                                           |        |             |            |            |             |        | 0.132           |
| slack (MET)                                                 |        |             |            |            |             |        | 0.131           |
+-------------------------------------------------------------+--------+-------------+------------+------------+-------------+--------+-----------------+
+-----------------------------------------------------------------------------------------------------------------------+--------+-------------+------------+------------+-------------+--------+-----------------+
| Point                                                                                                                 | Fanout | Capacitance | Resistance | Transition | Delta Delay | Incr   | Path            |
+-----------------------------------------------------------------------------------------------------------------------+--------+-------------+------------+------------+-------------+--------+-----------------+
| clock (port)                                                                                                          |        | 0.676       | 0.000      | 0.000      |             | 0.000  | 0.000r          |
| clock (clock net)                                                                                                     | 825    |             |            |            | NA          |        |                 |
| icache_mod.fill_count_1__reg_p:CK (DFFQX1H7L)                                                                         |        | 0.001       | 0.000      | 0.000      |             | 0.000  | 0.000r          |
| clock core_clock (rise edge)                                                                                          |        |             |            |            |             | 0      | 0               |
| clock network delay (ideal)                                                                                           |        |             |            |            |             | 0.000  | 0.000           |
| icache_mod.fill_count_1__reg_p:CK (DFFQX1H7L)                                                                         |        | 0.001       | 0.000      | 0.000      |             | 0.000  | 0.000r          |
| icache_mod.fill_count_1__reg_p:Q (DFFQX1H7L)                                                                          |        | 0.004       | 0.000      | 0.045      |             | 0.081  | 0.081f          |
| icache_mod.fill_count_1_ (net)                                                                                        | 7      |             |            |            | 0.000       |        |                 |
| icache_mod.fill_count_1__NAND2BX0P5H7L_B:B (NAND2BX0P5H7L)                                                            |        | 0.001       | 0.000      | 0.045      |             | 0.000  | 0.081f          |
| icache_mod.fill_count_1__NAND2BX0P5H7L_B:Y (NAND2BX0P5H7L)                                                            |        | 0.003       | 0.000      | 0.064      |             | 0.051  | 0.132r          |
| icache_mod.fill_count_0__reg_p_D_AOI2BB1X0P5H7L_Y_A0N_NAND3X0P5H7L_C_1_Y_NOR2X0P5H7L_B_A (net)                        | 6      |             |            |            | 0.000       |        |                 |
| icache_mod.fill_count_0__reg_p_D_AOI2BB1X0P5H7L_Y_A0N_NAND3X0P5H7L_C_Y_NOR2X0P5H7L_B_1:A (NOR2X0P5H7L)                |        | 0.001       | 0.000      | 0.064      |             | 0.000  | 0.132r          |
| icache_mod.fill_count_0__reg_p_D_AOI2BB1X0P5H7L_Y_A0N_NAND3X0P5H7L_C_Y_NOR2X0P5H7L_B_1:Y (NOR2X0P5H7L)                |        | 0.001       | 0.000      | 0.017      |             | 0.021  | 0.153f          |
| icache_mod.fill_count_0__reg_p_D_AOI2BB1X0P5H7L_Y_A0N_NAND3X0P5H7L_C_Y_NOR2X0P5H7L_B_1_Y (net)                        | 1      |             |            |            | 0.000       |        |                 |
| icache_mod.fill_count_0__reg_p_D_AOI2BB1X0P5H7L_Y_A0N_NAND3X0P5H7L_C_Y_NOR2X0P5H7L_B_1_Y_ICGX0P5H7L_E:E (ICGX0P5H7L)  |        | 0.001       | 0.000      | 0.017      |             | 0.000  | 0.153f          |
|                                                                                                                       |        |             |            |            |             |        |                 |
| clock (port)                                                                                                          |        | 0.861       | 0.000      | 0.000      |             | 0.000  | 0.000r          |
| clock (clock net)                                                                                                     | 825    |             |            |            | NA          |        |                 |
| icache_mod.fill_count_0__reg_p_D_AOI2BB1X0P5H7L_Y_A0N_NAND3X0P5H7L_C_Y_NOR2X0P5H7L_B_1_Y_ICGX0P5H7L_E:CK (ICGX0P5H7L) |        | 0.002       | 0.000      | 0.000      |             | 0.000  | 0.000r          |
| clock core_clock (rise edge)                                                                                          |        |             |            |            |             | 0      | 0               |
| clock network delay (ideal)                                                                                           |        |             |            |            |             | 0.000  | 0.000           |
| icache_mod.fill_count_0__reg_p_D_AOI2BB1X0P5H7L_Y_A0N_NAND3X0P5H7L_C_Y_NOR2X0P5H7L_B_1_Y_ICGX0P5H7L_E:CK (ICGX0P5H7L) |        |             |            |            |             |        | 0.000r          |
| library hold time                                                                                                     |        |             |            |            |             | -0.002 | -0.002          |
| clock reconvergence pessimism                                                                                         |        |             |            |            |             | -0.000 | -0.002          |
|                                                                                                                       |        |             |            |            |             |        |                 |
| path cell delay                                                                                                       |        |             |            |            |             |        | 0.153(100.000%) |
| path net delay                                                                                                        |        |             |            |            |             |        | 0.000(0.000%)   |
|                                                                                                                       |        |             |            |            |             |        |                 |
| data require time                                                                                                     |        |             |            |            |             |        | -0.002          |
| data arrival time                                                                                                     |        |             |            |            |             |        | 0.153           |
| slack (MET)                                                                                                           |        |             |            |            |             |        | 0.155           |
+-----------------------------------------------------------------------------------------------------------------------+--------+-------------+------------+------------+-------------+--------+-----------------+
+----------------------------------------------------------------------------------------------------------+--------+-------------+------------+------------+-------------+--------+-----------------+
| Point                                                                                                    | Fanout | Capacitance | Resistance | Transition | Delta Delay | Incr   | Path            |
+----------------------------------------------------------------------------------------------------------+--------+-------------+------------+------------+-------------+--------+-----------------+
| clock (port)                                                                                             |        | 0.676       | 0.000      | 0.000      |             | 0.000  | 0.000r          |
| clock (clock net)                                                                                        | 825    |             |            |            | NA          |        |                 |
| icache_mod.fill_count_1__reg_p:CK (DFFQX1H7L)                                                            |        | 0.001       | 0.000      | 0.000      |             | 0.000  | 0.000r          |
| clock core_clock (rise edge)                                                                             |        |             |            |            |             | 0      | 0               |
| clock network delay (ideal)                                                                              |        |             |            |            |             | 0.000  | 0.000           |
| icache_mod.fill_count_1__reg_p:CK (DFFQX1H7L)                                                            |        | 0.001       | 0.000      | 0.000      |             | 0.000  | 0.000r          |
| icache_mod.fill_count_1__reg_p:Q (DFFQX1H7L)                                                             |        | 0.004       | 0.000      | 0.045      |             | 0.081  | 0.081f          |
| icache_mod.fill_count_1_ (net)                                                                           | 7      |             |            |            | 0.000       |        |                 |
| icache_mod.fill_count_1__NAND2BX0P5H7L_B:B (NAND2BX0P5H7L)                                               |        | 0.001       | 0.000      | 0.045      |             | 0.000  | 0.081f          |
| icache_mod.fill_count_1__NAND2BX0P5H7L_B:Y (NAND2BX0P5H7L)                                               |        | 0.003       | 0.000      | 0.064      |             | 0.051  | 0.132r          |
| icache_mod.fill_count_0__reg_p_D_AOI2BB1X0P5H7L_Y_A0N_NAND3X0P5H7L_C_1_Y_NOR2X0P5H7L_B_A (net)           | 6      |             |            |            | 0.000       |        |                 |
| icache_mod.fill_count_0__NOR3X0P5H7L_B_Y_NAND2X0P5H7L_B_Y_NOR2X0P5H7L_B_1:A (NOR2X0P5H7L)                |        | 0.001       | 0.000      | 0.064      |             | 0.000  | 0.132r          |
| icache_mod.fill_count_0__NOR3X0P5H7L_B_Y_NAND2X0P5H7L_B_Y_NOR2X0P5H7L_B_1:Y (NOR2X0P5H7L)                |        | 0.001       | 0.000      | 0.017      |             | 0.021  | 0.153f          |
| icache_mod.fill_count_0__NOR3X0P5H7L_B_Y_NAND2X0P5H7L_B_Y_NOR2X0P5H7L_B_1_Y (net)                        | 1      |             |            |            | 0.000       |        |                 |
| icache_mod.fill_count_0__NOR3X0P5H7L_B_Y_NAND2X0P5H7L_B_Y_NOR2X0P5H7L_B_1_Y_ICGX0P5H7L_E:E (ICGX0P5H7L)  |        | 0.001       | 0.000      | 0.017      |             | 0.000  | 0.153f          |
|                                                                                                          |        |             |            |            |             |        |                 |
| clock (port)                                                                                             |        | 0.861       | 0.000      | 0.000      |             | 0.000  | 0.000r          |
| clock (clock net)                                                                                        | 825    |             |            |            | NA          |        |                 |
| icache_mod.fill_count_0__NOR3X0P5H7L_B_Y_NAND2X0P5H7L_B_Y_NOR2X0P5H7L_B_1_Y_ICGX0P5H7L_E:CK (ICGX0P5H7L) |        | 0.002       | 0.000      | 0.000      |             | 0.000  | 0.000r          |
| clock core_clock (rise edge)                                                                             |        |             |            |            |             | 0      | 0               |
| clock network delay (ideal)                                                                              |        |             |            |            |             | 0.000  | 0.000           |
| icache_mod.fill_count_0__NOR3X0P5H7L_B_Y_NAND2X0P5H7L_B_Y_NOR2X0P5H7L_B_1_Y_ICGX0P5H7L_E:CK (ICGX0P5H7L) |        |             |            |            |             |        | 0.000r          |
| library hold time                                                                                        |        |             |            |            |             | -0.002 | -0.002          |
| clock reconvergence pessimism                                                                            |        |             |            |            |             | -0.000 | -0.002          |
|                                                                                                          |        |             |            |            |             |        |                 |
| path cell delay                                                                                          |        |             |            |            |             |        | 0.153(100.000%) |
| path net delay                                                                                           |        |             |            |            |             |        | 0.000(0.000%)   |
|                                                                                                          |        |             |            |            |             |        |                 |
| data require time                                                                                        |        |             |            |            |             |        | -0.002          |
| data arrival time                                                                                        |        |             |            |            |             |        | 0.153           |
| slack (MET)                                                                                              |        |             |            |            |             |        | 0.155           |
+----------------------------------------------------------------------------------------------------------+--------+-------------+------------+------------+-------------+--------+-----------------+
